# Unity To Godot 4.7 OBJ
mtllib SM_Left_Wheel.mtl
o Left_Wheel
v -0.0217205 -0.008658406 -0.004554915
v -0.0217076 -0.002594351 -0.007066501
v -0.06407013 -0.008658406 -0.004765897
v -0.0217076 -0.002594351 -0.007066501
v -0.06405778 -0.002594351 -0.007277483
v -0.0217205 0.003469703 -0.004554915
v -0.06407013 0.003469703 -0.004765897
v 0.01030165 0.3297385 -0.02464929
v 0.01538599 0.3174881 -0.02370548
v 0.01514863 0.3174881 0.02387886
v 0.01005532 0.3297385 0.02477105
v 0.009811794 0.3223726 0.0736398
v 0.01491408 0.310396 0.07093126
v 0.01468739 0.2963702 0.1164019
v 0.009576684 0.3078053 0.1208645
v 0.009354479 0.2863626 0.1653907
v 0.0144736 0.2757237 0.1592733
v 0.009150792 0.2585229 0.2062236
v 0.01427777 0.2489182 0.1985895
v 0.008970671 0.2249081 0.2424514
v 0.01410382 0.2165523 0.2334712
v 0.008816923 0.1862692 0.2732643
v 0.01395569 0.1793489 0.2631394
v 0.008693476 0.1434693 0.2979745
v 0.01383729 0.1381392 0.2869316
v 0.008603697 0.09746451 0.3160297
v 0.01375088 0.09384359 0.3043163
v 0.01369813 0.0474522 0.3149047
v 0.008548707 0.04928314 0.3270266
v 0.01368017 2.805614E-07 0.3184605
v 0.008530751 2.805614E-07 0.3307199
v 0.01369813 -0.0474522 0.3149047
v 0.008548707 -0.04928314 0.3270266
v 0.01375088 -0.09384359 0.3043163
v 0.008603697 -0.09746508 0.3160297
v 0.01383729 -0.1381392 0.2869316
v 0.008693476 -0.1434693 0.2979745
v 0.01395569 -0.1793492 0.2631394
v 0.008816923 -0.1862695 0.2732643
v 0.008970671 -0.2249078 0.2424508
v 0.01410382 -0.2165522 0.2334712
v 0.009150792 -0.2585225 0.2062236
v 0.01427777 -0.2489183 0.1985895
v 0.0144736 -0.2757237 0.1592733
v 0.009354479 -0.2863626 0.1653907
v 0.009576684 -0.3078053 0.1208645
v 0.01468739 -0.2963697 0.1164013
v 0.009811794 -0.3223726 0.0736398
v 0.01491408 -0.3103955 0.07093126
v 0.01514863 -0.3174881 0.0238783
v 0.01005532 -0.329738 0.02477105
v 0.01538599 0.3174881 -0.02370548
v 0.01029268 0.3052377 -0.02281273
v 0.01006486 0.3052377 0.02293505
v 0.01514863 0.3174881 0.02387886
v 0.01491408 0.310396 0.07093126
v 0.009839289 0.2984189 0.06817222
v 0.01468739 0.2963702 0.1164019
v 0.009621574 0.2849344 0.1118882
v 0.0144736 0.2757237 0.1592733
v 0.009415641 0.2650847 0.153106
v 0.009227665 0.2393136 0.1909049
v 0.01427777 0.2489182 0.1985895
v 0.009060451 0.2081965 0.2244404
v 0.01410382 0.2165523 0.2334712
v 0.008917925 0.1724288 0.252964
v 0.01395569 0.1793489 0.2631394
v 0.008804018 0.1328091 0.2758382
v 0.01383729 0.1381392 0.2869316
v 0.01375088 0.09384359 0.3043163
v 0.008720971 0.09022266 0.2925518
v 0.008669909 0.04562125 0.3027322
v 0.01369813 0.0474522 0.3149047
v 0.008653075 2.805614E-07 0.3061506
v 0.01368017 2.805614E-07 0.3184605
v 0.01369813 -0.0474522 0.3149047
v 0.008669909 -0.04562125 0.3027317
v 0.01375088 -0.09384359 0.3043163
v 0.008720971 -0.09022266 0.2925518
v 0.01383729 -0.1381392 0.2869316
v 0.008804018 -0.1328091 0.2758382
v 0.008917925 -0.1724288 0.252964
v 0.01395569 -0.1793492 0.2631394
v 0.009060451 -0.2081965 0.2244404
v 0.01410382 -0.2165522 0.2334712
v 0.01427777 -0.2489183 0.1985895
v 0.009227665 -0.2393136 0.1909049
v 0.0144736 -0.2757237 0.1592733
v 0.009415641 -0.2650848 0.153106
v 0.01468739 -0.2963697 0.1164013
v 0.009621012 -0.284934 0.1118882
v 0.01491408 -0.3103955 0.07093126
v 0.009839289 -0.2984189 0.06817222
v 0.01006486 -0.3052371 0.02293505
v 0.01514863 -0.3174881 0.0238783
v -0.01450446 0.3052377 0.02281273
v -0.01427665 0.3052377 -0.02293562
v -0.01936042 0.3174881 -0.02387886
v -0.01959778 0.3174881 0.02370548
v -0.01983233 0.310396 0.07075843
v -0.01473004 0.2984189 0.06804989
v -0.02005902 0.2963702 0.1162285
v -0.01494775 0.2849344 0.1117658
v -0.02027281 0.2757237 0.1591005
v -0.01515368 0.2650848 0.1529837
v -0.01534166 0.2393136 0.1907826
v -0.02046864 0.2489182 0.1984161
v -0.01550887 0.2081965 0.2243181
v -0.02064259 0.2165523 0.2332983
v -0.0156514 0.1724288 0.2528417
v -0.02079016 0.1793489 0.2629666
v -0.01576531 0.1328091 0.2757158
v -0.02090912 0.1381392 0.2867588
v -0.01584835 0.09022266 0.2924294
v -0.02099553 0.09384359 0.3041429
v -0.01589942 0.04562125 0.3026094
v -0.02104828 0.0474522 0.3147313
v -0.01591625 2.805614E-07 0.3060283
v -0.02106624 2.805614E-07 0.3182877
v -0.01589942 -0.04562125 0.3026094
v -0.02104828 -0.0474522 0.3147313
v -0.01584835 -0.09022266 0.2924294
v -0.02099553 -0.09384359 0.3041429
v -0.02090912 -0.1381392 0.2867582
v -0.01576531 -0.1328091 0.2757158
v -0.0156514 -0.1724288 0.2528417
v -0.02079016 -0.1793492 0.262966
v -0.01550887 -0.2081965 0.2243181
v -0.02064259 -0.2165522 0.2332978
v -0.01534166 -0.2393136 0.190782
v -0.02046864 -0.2489183 0.1984161
v -0.02027281 -0.2757237 0.1591005
v -0.01515368 -0.2650848 0.1529831
v -0.02005902 -0.2963697 0.1162285
v -0.01494775 -0.284934 0.1117658
v -0.01983233 -0.3103955 0.07075787
v -0.01473004 -0.2984189 0.06804989
v -0.01450446 -0.3052371 0.02281273
v -0.01959778 -0.3174881 0.02370548
v -0.01959778 0.3174881 0.02370548
v -0.01936042 0.3174881 -0.02387886
v -0.01426767 0.3297385 -0.02477161
v -0.014514 0.3297385 0.02464872
v -0.01475753 0.3223726 0.07351691
v -0.01983233 0.310396 0.07075843
v -0.02005902 0.2963702 0.1162285
v -0.01499264 0.3078053 0.1207421
v -0.01521485 0.2863626 0.1652684
v -0.02027281 0.2757237 0.1591005
v -0.01541797 0.2585229 0.2061013
v -0.02046864 0.2489182 0.1984161
v -0.01559865 0.2249081 0.242329
v -0.02064259 0.2165523 0.2332983
v -0.0157524 0.1862692 0.273142
v -0.02079016 0.1793489 0.2629666
v -0.01587529 0.1434693 0.2978522
v -0.02090912 0.1381392 0.2867588
v -0.01596563 0.09746451 0.3159074
v -0.02099553 0.09384359 0.3041429
v -0.02104828 0.0474522 0.3147313
v -0.01602062 0.04928314 0.3269043
v -0.02106624 2.805614E-07 0.3182877
v -0.01603857 2.805614E-07 0.3305976
v -0.02104828 -0.0474522 0.3147313
v -0.01602062 -0.04928314 0.3269043
v -0.02099553 -0.09384359 0.3041429
v -0.01596563 -0.09746508 0.3159074
v -0.02090912 -0.1381392 0.2867582
v -0.01587585 -0.1434693 0.2978522
v -0.02079016 -0.1793492 0.262966
v -0.0157524 -0.1862695 0.2731414
v -0.01559865 -0.2249078 0.2423285
v -0.02064259 -0.2165522 0.2332978
v -0.01541797 -0.2585225 0.2061007
v -0.02046864 -0.2489183 0.1984161
v -0.02027281 -0.2757237 0.1591005
v -0.01521485 -0.2863626 0.1652678
v -0.01499264 -0.3078053 0.1207416
v -0.02005902 -0.2963697 0.1162285
v -0.01475753 -0.3223726 0.07351691
v -0.01983233 -0.3103955 0.07075787
v -0.01959778 -0.3174881 0.02370548
v -0.014514 -0.329738 0.02464872
v 0.01030165 0.3297385 -0.02464929
v -0.001981886 0.3316042 -0.02485017
v 0.01054574 0.3223726 -0.07351747
v -0.001737236 0.3241968 -0.07399499
v 0.01078085 0.3078053 -0.1207421
v -0.01402358 0.3223726 -0.0736398
v -0.01426767 0.3297385 -0.02477161
v -0.01378847 0.3078053 -0.1208645
v -0.001500442 0.3095476 -0.1214867
v 0.01100306 0.2863626 -0.1652684
v -0.01356627 0.2863626 -0.1653908
v -0.001277116 0.2879831 -0.1662652
v 0.01120618 0.2585228 -0.2061013
v -0.01336314 0.2585228 -0.2062238
v -0.001072306 0.2599857 -0.2073292
v 0.01138687 0.224908 -0.242329
v -0.01318246 0.224908 -0.2424514
v -0.0008910631 0.2261808 -0.2437619
v -0.0007367543 0.1873232 -0.2747494
v 0.01154061 0.1862692 -0.273142
v -0.01302871 0.1862692 -0.2732645
v -0.0006127461 0.1442812 -0.2995995
v 0.0116635 0.1434693 -0.2978522
v -0.01290582 0.1434693 -0.2979745
v -0.0005218443 0.0980161 -0.3177569
v 0.01175384 0.09746451 -0.3159074
v -0.01281548 0.09746451 -0.3160297
v -0.0004668542 0.04956146 -0.328816
v 0.01180827 0.04928258 -0.3269043
v -0.0004483371 2.805614E-07 -0.3325301
v -0.01276106 0.04928258 -0.3270272
v 0.01182679 2.805614E-07 -0.3305976
v -0.01274254 2.805614E-07 -0.3307199
v 0.01180827 -0.04928258 -0.3269043
v -0.01276106 -0.04928258 -0.3270272
v -0.0004668542 -0.04956146 -0.328816
v 0.01175384 -0.09746451 -0.3159074
v -0.01281548 -0.09746451 -0.3160297
v -0.0005218443 -0.0980161 -0.3177569
v 0.0116635 -0.1434693 -0.2978522
v -0.01290582 -0.1434693 -0.2979745
v -0.0006127461 -0.1442812 -0.2995995
v 0.01154061 -0.1862689 -0.273142
v -0.01302871 -0.1862689 -0.2732645
v -0.0007367543 -0.1873233 -0.2747492
v 0.01138687 -0.2249078 -0.2423289
v -0.01318246 -0.2249078 -0.2424514
v -0.0008910631 -0.2261805 -0.2437618
v -0.001072306 -0.2599853 -0.2073292
v 0.01120618 -0.2585225 -0.2061013
v -0.01336314 -0.2585225 -0.2062237
v -0.001277116 -0.2879831 -0.1662651
v 0.01100306 -0.2863626 -0.1652683
v -0.01356627 -0.2863626 -0.1653907
v -0.001500442 -0.3095471 -0.1214867
v 0.01078085 -0.3078053 -0.1207421
v -0.01378847 -0.3078053 -0.1208645
v -0.001737236 -0.3241968 -0.07399499
v 0.01054518 -0.3223726 -0.07351747
v -0.001981886 -0.3316042 -0.02485017
v -0.01402414 -0.3223726 -0.0736398
v 0.01030165 -0.329738 -0.02464929
v -0.01426767 -0.329738 -0.02477161
v 0.01005532 -0.329738 0.02477105
v -0.014514 -0.329738 0.02464872
v -0.002229902 -0.3316042 0.0248496
v 0.01538599 0.3174881 -0.02370548
v 0.01030165 0.3297385 -0.02464929
v 0.01054574 0.3223726 -0.07351747
v 0.01562054 0.310396 -0.07075843
v 0.01078085 0.3078053 -0.1207421
v 0.01584723 0.2963702 -0.1162285
v 0.01606046 0.2757236 -0.1591005
v 0.01100306 0.2863626 -0.1652684
v 0.01625685 0.2489181 -0.1984166
v 0.01120618 0.2585228 -0.2061013
v 0.01643024 0.2165522 -0.2332983
v 0.01138687 0.224908 -0.242329
v 0.01657837 0.1793489 -0.2629666
v 0.01154061 0.1862692 -0.273142
v 0.0116635 0.1434693 -0.2978522
v 0.01669677 0.1381392 -0.2867588
v 0.01678374 0.09384359 -0.3041435
v 0.01175384 0.09746451 -0.3159074
v 0.01683649 0.04745163 -0.3147318
v 0.01180827 0.04928258 -0.3269043
v 0.01685389 2.805614E-07 -0.3182877
v 0.01182679 2.805614E-07 -0.3305976
v 0.01683649 -0.04745163 -0.3147318
v 0.01180827 -0.04928258 -0.3269043
v 0.01678374 -0.09384359 -0.3041435
v 0.01175384 -0.09746451 -0.3159074
v 0.01669677 -0.1381392 -0.2867588
v 0.0116635 -0.1434693 -0.2978522
v 0.01657837 -0.1793486 -0.2629665
v 0.01154061 -0.1862689 -0.273142
v 0.01643024 -0.2165522 -0.2332983
v 0.01138687 -0.2249078 -0.2423289
v 0.01625685 -0.2489177 -0.1984165
v 0.01120618 -0.2585225 -0.2061013
v 0.01606046 -0.2757232 -0.1591005
v 0.01100306 -0.2863626 -0.1652683
v 0.01584723 -0.2963697 -0.1162285
v 0.01078085 -0.3078053 -0.1207421
v 0.01054518 -0.3223726 -0.07351747
v 0.01562054 -0.3103955 -0.07075843
v 0.01030165 -0.329738 -0.02464929
v 0.01538599 -0.3174875 -0.02370548
v 0.01514863 -0.3174881 0.0238783
v 0.01005532 -0.329738 0.02477105
v 0.01029268 0.3052377 -0.02281273
v 0.01538599 0.3174881 -0.02370548
v 0.01051825 0.2984189 -0.06805045
v 0.01562054 0.310396 -0.07075843
v 0.01073596 0.2849344 -0.1117658
v 0.01584723 0.2963702 -0.1162285
v 0.01606046 0.2757236 -0.1591005
v 0.01094134 0.2650847 -0.1529837
v 0.01625685 0.2489181 -0.1984166
v 0.01112987 0.2393135 -0.1907826
v 0.01643024 0.2165522 -0.2332983
v 0.01129709 0.2081964 -0.2243183
v 0.01143961 0.1724288 -0.2528419
v 0.01657837 0.1793489 -0.2629666
v 0.01669677 0.1381392 -0.2867588
v 0.01155352 0.1328091 -0.275716
v 0.01163657 0.09022266 -0.2924294
v 0.01678374 0.09384359 -0.3041435
v 0.01168763 0.04562069 -0.3026094
v 0.01683649 0.04745163 -0.3147318
v 0.01170446 2.805614E-07 -0.3060283
v 0.01685389 2.805614E-07 -0.3182877
v 0.01168763 -0.04562069 -0.3026094
v 0.01683649 -0.04745163 -0.3147318
v 0.01678374 -0.09384359 -0.3041435
v 0.01163657 -0.09022266 -0.2924294
v 0.01669677 -0.1381392 -0.2867588
v 0.01155352 -0.1328091 -0.2757159
v 0.01657837 -0.1793486 -0.2629665
v 0.01143905 -0.1724283 -0.2528419
v 0.01643024 -0.2165522 -0.2332983
v 0.01129709 -0.2081965 -0.2243183
v 0.01625685 -0.2489177 -0.1984165
v 0.01112987 -0.239313 -0.1907825
v 0.01606046 -0.2757232 -0.1591005
v 0.01094134 -0.2650842 -0.1529837
v 0.01584723 -0.2963697 -0.1162285
v 0.01073596 -0.284934 -0.1117658
v 0.01051825 -0.2984189 -0.06805045
v 0.01562054 -0.3103955 -0.07075843
v 0.01029268 -0.3052371 -0.02281329
v 0.01538599 -0.3174875 -0.02370548
v 0.01006486 -0.3052371 0.02293505
v 0.01514863 -0.3174881 0.0238783
v -0.01936042 0.3174881 -0.02387886
v -0.01427665 0.3052377 -0.02293562
v -0.01405108 0.2984189 -0.06817278
v -0.01912587 0.310396 -0.07093182
v -0.01383336 0.2849344 -0.1118882
v -0.01889918 0.2963702 -0.1164019
v -0.01868539 0.2757236 -0.1592739
v -0.01362799 0.2650847 -0.153106
v -0.01848956 0.2489181 -0.1985898
v -0.01343945 0.2393136 -0.1909051
v -0.01831561 0.2165522 -0.2334715
v -0.01327224 0.2081964 -0.2244408
v -0.01312971 0.1724288 -0.2529644
v -0.01816804 0.1793489 -0.2631398
v -0.0130158 0.1328091 -0.2758385
v -0.01804908 0.1381392 -0.2869321
v -0.01293276 0.09022266 -0.2925523
v -0.01796266 0.09384359 -0.3043163
v -0.0128817 0.04562069 -0.3027322
v -0.01790992 0.04745163 -0.3149047
v -0.01286486 2.805614E-07 -0.3061506
v -0.01789196 2.805614E-07 -0.3184611
v -0.0128817 -0.04562069 -0.3027322
v -0.01790992 -0.04745163 -0.3149047
v -0.01796266 -0.09384359 -0.3043163
v -0.01293276 -0.09022266 -0.2925523
v -0.01804908 -0.1381392 -0.2869321
v -0.0130158 -0.1328091 -0.2758384
v -0.01816804 -0.1793486 -0.2631397
v -0.01312971 -0.1724283 -0.2529643
v -0.01831561 -0.2165522 -0.2334714
v -0.01327224 -0.2081965 -0.2244408
v -0.01848956 -0.2489177 -0.1985897
v -0.01343945 -0.239313 -0.190905
v -0.01868539 -0.2757232 -0.1592739
v -0.01362799 -0.2650842 -0.153106
v -0.01889918 -0.2963697 -0.1164019
v -0.01383336 -0.284934 -0.1118882
v -0.01405108 -0.2984189 -0.06817278
v -0.01912587 -0.3103955 -0.07093182
v -0.01427665 -0.3052371 -0.02293562
v -0.01936042 -0.3174875 -0.02387886
v -0.01450446 -0.3052371 0.02281273
v -0.01959778 -0.3174881 0.02370548
v -0.01402358 0.3223726 -0.0736398
v -0.01426767 0.3297385 -0.02477161
v -0.01936042 0.3174881 -0.02387886
v -0.01912587 0.310396 -0.07093182
v -0.01378847 0.3078053 -0.1208645
v -0.01889918 0.2963702 -0.1164019
v -0.01868539 0.2757236 -0.1592739
v -0.01356627 0.2863626 -0.1653908
v -0.01848956 0.2489181 -0.1985898
v -0.01336314 0.2585228 -0.2062238
v -0.01831561 0.2165522 -0.2334715
v -0.01318246 0.224908 -0.2424514
v -0.01816804 0.1793489 -0.2631398
v -0.01302871 0.1862692 -0.2732645
v -0.01290582 0.1434693 -0.2979745
v -0.01804908 0.1381392 -0.2869321
v -0.01796266 0.09384359 -0.3043163
v -0.01281548 0.09746451 -0.3160297
v -0.01790992 0.04745163 -0.3149047
v -0.01276106 0.04928258 -0.3270272
v -0.01789196 2.805614E-07 -0.3184611
v -0.01274254 2.805614E-07 -0.3307199
v -0.01790992 -0.04745163 -0.3149047
v -0.01276106 -0.04928258 -0.3270272
v -0.01796266 -0.09384359 -0.3043163
v -0.01281548 -0.09746451 -0.3160297
v -0.01804908 -0.1381392 -0.2869321
v -0.01290582 -0.1434693 -0.2979745
v -0.01816804 -0.1793486 -0.2631397
v -0.01302871 -0.1862689 -0.2732645
v -0.01831561 -0.2165522 -0.2334714
v -0.01318246 -0.2249078 -0.2424514
v -0.01848956 -0.2489177 -0.1985897
v -0.01336314 -0.2585225 -0.2062237
v -0.01868539 -0.2757232 -0.1592739
v -0.01356627 -0.2863626 -0.1653907
v -0.01889918 -0.2963697 -0.1164019
v -0.01378847 -0.3078053 -0.1208645
v -0.01402414 -0.3223726 -0.0736398
v -0.01912587 -0.3103955 -0.07093182
v -0.01426767 -0.329738 -0.02477161
v -0.01936042 -0.3174875 -0.02387886
v -0.01959778 -0.3174881 0.02370548
v -0.014514 -0.329738 0.02464872
v 0.01005532 -0.329738 0.02477105
v -0.002229902 -0.3316042 0.0248496
v 0.009811794 -0.3223726 0.0736398
v -0.002474552 -0.3241968 0.07399443
v 0.009576684 -0.3078053 0.1208645
v -0.01475753 -0.3223726 0.07351691
v -0.014514 -0.329738 0.02464872
v -0.01499264 -0.3078053 0.1207416
v -0.002711345 -0.3095471 0.1214867
v 0.009354479 -0.2863626 0.1653907
v -0.01521485 -0.2863626 0.1652678
v -0.002934672 -0.2879831 0.1662649
v 0.009150792 -0.2585225 0.2062236
v -0.01541797 -0.2585225 0.2061007
v -0.003139482 -0.2599859 0.207329
v 0.008970671 -0.2249078 0.2424508
v -0.01559865 -0.2249078 0.2423285
v -0.003321286 -0.226181 0.2437616
v -0.003475595 -0.1873233 0.274749
v 0.008816923 -0.1862695 0.2732643
v -0.0157524 -0.1862695 0.2731414
v -0.003599603 -0.1442812 0.2995989
v 0.008693476 -0.1434693 0.2979745
v -0.01587585 -0.1434693 0.2978522
v -0.003689944 -0.09801666 0.3177563
v 0.008603697 -0.09746508 0.3160297
v -0.01596563 -0.09746508 0.3159074
v -0.003744934 -0.04956202 0.328816
v 0.008548707 -0.04928314 0.3270266
v -0.003763451 2.805614E-07 0.3325301
v -0.01602062 -0.04928314 0.3269043
v 0.008530751 2.805614E-07 0.3307199
v -0.01603857 2.805614E-07 0.3305976
v 0.008548707 0.04928314 0.3270266
v -0.01602062 0.04928314 0.3269043
v -0.003744934 0.04956202 0.328816
v 0.008603697 0.09746451 0.3160297
v -0.01596563 0.09746451 0.3159074
v -0.003689944 0.0980161 0.3177569
v 0.008693476 0.1434693 0.2979745
v -0.01587529 0.1434693 0.2978522
v -0.003599603 0.1442812 0.2995995
v 0.008816923 0.1862692 0.2732643
v -0.0157524 0.1862692 0.273142
v -0.003475595 0.1873233 0.274749
v 0.008970671 0.2249081 0.2424514
v -0.01559865 0.2249081 0.242329
v -0.003321286 0.2261809 0.2437616
v -0.003139482 0.2599859 0.207329
v 0.009150792 0.2585229 0.2062236
v -0.01541797 0.2585229 0.2061013
v -0.002934672 0.2879831 0.1662649
v 0.009354479 0.2863626 0.1653907
v -0.01521485 0.2863626 0.1652684
v -0.002711345 0.3095476 0.1214867
v 0.009576684 0.3078053 0.1208645
v -0.01499264 0.3078053 0.1207421
v -0.002474552 0.3241968 0.07399499
v 0.009811794 0.3223726 0.0736398
v -0.002229902 0.3316042 0.02485017
v -0.01475753 0.3223726 0.07351691
v 0.01005532 0.3297385 0.02477105
v -0.014514 0.3297385 0.02464872
v 0.01030165 0.3297385 -0.02464929
v -0.01426767 0.3297385 -0.02477161
v -0.001981886 0.3316042 -0.02485017
v 0.01270214 0.01158747 7.378765E-05
v 0.01266286 0.009046703 0.007891912
v -0.01691393 0.01158747 -7.378765E-05
v -0.01695264 0.009046703 0.007744337
v 0.01263873 0.002396275 0.0127243
v -0.01697677 0.002396275 0.01257673
v 0.01263873 -0.005824736 0.0127243
v -0.01697677 -0.005824736 0.01257673
v 0.01266286 -0.01247573 0.007891912
v -0.01695264 -0.01247573 0.007744337
v 0.01270214 -0.01501593 7.378765E-05
v -0.01691393 -0.01501593 -7.378765E-05
v 0.01274086 -0.01247573 -0.007744898
v -0.01687465 -0.01247573 -0.007892474
v -0.01685052 -0.005824736 -0.0127243
v 0.01276498 -0.005824736 -0.01257673
v 0.01276498 0.002396275 -0.01257673
v -0.01685052 0.002396275 -0.0127243
v 0.01274086 0.009046703 -0.007744898
v -0.01687465 0.009046703 -0.007892474
v 0.01270214 0.01158747 7.378765E-05
v -0.01691393 0.01158747 -7.378765E-05
v 0.01351184 0.01566739 7.771551E-05
v 0.01270214 0.01158747 7.378765E-05
v 0.01274086 0.009046703 -0.007744898
v 0.01356234 0.01234779 -0.01013921
v 0.01486134 0.01688447 8.444898E-05
v 0.01491577 0.01333256 -0.01084791
v 0.01276498 0.002396275 -0.01257673
v 0.01494943 0.004033071 -0.01760383
v 0.01359432 0.003657118 -0.01645296
v 0.01359432 -0.007085579 -0.01645296
v 0.01276498 -0.005824736 -0.01257673
v 0.01494943 -0.007462092 -0.01760383
v 0.01274086 -0.01247573 -0.007744898
v 0.01491577 -0.01676158 -0.01084735
v 0.01356234 -0.01577681 -0.01013865
v 0.01270214 -0.01501593 7.378765E-05
v 0.01486134 -0.02031349 8.444898E-05
v 0.01351184 -0.01909641 7.771551E-05
v 0.01346077 -0.01577681 0.01029464
v 0.01266286 -0.01247573 0.007891912
v 0.01480691 -0.01676158 0.0110168
v 0.01342935 -0.007085579 0.01660839
v 0.01263873 -0.005824736 0.0127243
v 0.01477324 -0.007461531 0.01777272
v 0.01263873 0.002396275 0.0127243
v 0.01342935 0.003657118 0.01660839
v 0.01477324 0.004033071 0.01777272
v 0.01480691 0.01333256 0.0110168
v 0.01346077 0.01234779 0.01029464
v 0.01486134 0.01688447 8.444898E-05
v 0.01266286 0.009046703 0.007891912
v 0.01351184 0.01566739 7.771551E-05
v 0.01270214 0.01158747 7.378765E-05
v -0.01772363 0.01566739 -7.771551E-05
v -0.01691393 0.01158747 -7.378765E-05
v -0.01695264 0.009046703 0.007744337
v -0.01777469 0.01234779 0.01013865
v -0.01907313 0.01688447 -8.444898E-05
v -0.01912756 0.01333256 0.01084735
v -0.01697677 0.002396275 0.01257673
v -0.01780611 0.003657118 0.01645296
v -0.01780611 -0.007085579 0.01645296
v -0.01916122 0.004033071 0.01760383
v -0.01697677 -0.005824736 0.01257673
v -0.01916122 -0.007461531 0.01760383
v -0.01695264 -0.01247573 0.007744337
v -0.01912756 -0.01676158 0.01084735
v -0.01777469 -0.01577681 0.01013865
v -0.01691393 -0.01501593 -7.378765E-05
v -0.01907313 -0.02031349 -8.444898E-05
v -0.01772363 -0.01909641 -7.771551E-05
v -0.01687465 -0.01247573 -0.007892474
v -0.01767256 -0.01577681 -0.01029464
v -0.0190187 -0.01676158 -0.0110168
v -0.01685052 -0.005824736 -0.0127243
v -0.01764114 -0.007085579 -0.01660896
v -0.01898503 -0.007462092 -0.01777329
v -0.01685052 0.002396275 -0.0127243
v -0.01764114 0.003657118 -0.01660896
v -0.01898503 0.004033071 -0.01777329
v -0.01767256 0.01234779 -0.01029464
v -0.0190187 0.01333256 -0.0110168
v -0.01907313 0.01688447 -8.444898E-05
v -0.01687465 0.009046703 -0.007892474
v -0.01772363 0.01566739 -7.771551E-05
v -0.01691393 0.01158747 -7.378765E-05
v -0.03355627 -0.002299762 -0.001957477
v -0.03355627 -0.00112926 -0.001957477
v -0.03355964 -0.0001826455 -0.001270102
v -0.03355964 -0.003246376 -0.001270102
v -0.03356525 -0.003607739 -0.0001568338
v -0.03356525 0.0001792788 -0.0001568338
v -0.03357086 -0.0001826455 0.0009558728
v -0.03357086 -0.003246376 0.0009558728
v -0.03357422 -0.002299762 0.001643809
v -0.03357422 -0.00112926 0.001643809
v 0.02934448 -0.002299762 0.001957477
v 0.02934448 -0.00112926 0.001957477
v 0.02934785 -0.0001826455 0.001269541
v 0.02934785 -0.003246376 0.001269541
v 0.02935346 -0.003607739 0.0001568338
v 0.02935346 0.0001792788 0.0001568338
v 0.02935907 -0.0001826455 -0.0009564339
v 0.02935907 -0.003246376 -0.0009564339
v 0.02936244 -0.002299762 -0.00164437
v 0.02936244 -0.00112926 -0.00164437
v -0.02520844 0.01333256 0.01081705
v -0.02515402 0.01688447 -0.0001147496
v -0.01907313 0.01688447 -8.444898E-05
v -0.01912756 0.01333256 0.01084735
v -0.01916122 0.004033071 0.01760383
v -0.02524211 0.004033071 0.01757353
v -0.01916122 -0.007461531 0.01760383
v -0.02524211 -0.007461531 0.01757353
v -0.01912756 -0.01676158 0.01084735
v -0.02520844 -0.01676158 0.01081705
v -0.01907313 -0.02031349 -8.444898E-05
v -0.02515402 -0.02031349 -0.0001147496
v -0.0190187 -0.01676158 -0.0110168
v -0.02509959 -0.01676158 -0.01104711
v -0.01898503 -0.007462092 -0.01777329
v -0.02506592 -0.007462092 -0.01780359
v -0.01898503 0.004033071 -0.01777329
v -0.02506592 0.004033071 -0.01780359
v -0.0190187 0.01333256 -0.0110168
v -0.02509959 0.01333256 -0.01104711
v -0.02515402 0.01688447 -0.0001147496
v -0.01907313 0.01688447 -8.444898E-05
v 0.0209961 0.01333256 -0.01081761
v 0.02094167 0.01688447 0.0001147496
v 0.01486134 0.01688447 8.444898E-05
v 0.01491577 0.01333256 -0.01084791
v 0.01494943 0.004033071 -0.01760383
v 0.02102976 0.004033071 -0.01757353
v 0.01494943 -0.007462092 -0.01760383
v 0.02102976 -0.007462092 -0.01757353
v 0.01491577 -0.01676158 -0.01084735
v 0.0209961 -0.01676158 -0.01081705
v 0.01486134 -0.02031349 8.444898E-05
v 0.02094167 -0.02031349 0.0001147496
v 0.01480691 -0.01676158 0.0110168
v 0.02088724 -0.01676158 0.01104711
v 0.01477324 -0.007461531 0.01777272
v 0.02085357 -0.007461531 0.01780359
v 0.01477324 0.004033071 0.01777272
v 0.02085357 0.004033071 0.01780302
v 0.01480691 0.01333256 0.0110168
v 0.02088724 0.01333256 0.01104711
v 0.02094167 0.01688447 0.0001147496
v 0.01486134 0.01688447 8.444898E-05
v -0.02661967 0.02341594 0.01813689
v -0.02652821 0.02934925 -0.0001214831
v -0.02555073 0.02934925 -0.0001169941
v -0.02564163 0.02341594 0.01814194
v -0.0256983 0.007884618 0.02942612
v -0.02667578 0.007884618 0.02942107
v -0.0256983 -0.01131364 0.02942612
v -0.02667578 -0.01131364 0.02942107
v -0.02564163 -0.02684552 0.01814138
v -0.02661967 -0.02684552 0.01813689
v -0.02555073 -0.03277771 -0.0001169941
v -0.02652821 -0.03277771 -0.0001220442
v -0.02545983 -0.02684552 -0.01837537
v -0.0264373 -0.02684552 -0.01838042
v -0.02540371 -0.01131364 -0.02965955
v -0.02638119 -0.01131364 -0.0296646
v -0.02540371 0.007884056 -0.02965955
v -0.02638119 0.007884618 -0.0296646
v -0.02545983 0.0234165 -0.01837593
v -0.0264373 0.0234165 -0.01838042
v -0.02555073 0.02934925 -0.0001169941
v -0.02652821 0.02934925 -0.0001214831
v 0.02231642 0.02934925 0.0001214831
v 0.02133894 0.02934925 0.0001169941
v 0.02142984 0.0234165 -0.01814194
v 0.02240732 0.0234165 -0.01813689
v 0.02148595 0.007884618 -0.02942612
v 0.02246399 0.007884618 -0.02942107
v 0.02148595 -0.01131364 -0.02942612
v 0.02246399 -0.01131364 -0.02942107
v 0.02142984 -0.02684552 -0.01814194
v 0.02240732 -0.02684552 -0.01813689
v 0.02133894 -0.03277771 0.0001169941
v 0.02231642 -0.03277771 0.0001214831
v 0.02124804 -0.02684552 0.01837537
v 0.02222552 -0.02684552 0.01837986
v 0.02119137 -0.01131364 0.02965955
v 0.0221694 -0.01131364 0.0296646
v 0.02119137 0.007884618 0.02965955
v 0.0221694 0.007884618 0.0296646
v 0.02124804 0.0234165 0.01837537
v 0.02222552 0.0234165 0.01838042
v 0.02133894 0.02934925 0.0001169941
v 0.02231642 0.02934925 0.0001214831
v -0.02697542 0.01212614 0.009932155
v -0.02997911 0.01173168 -0.0001388779
v -0.02692548 0.01539356 -0.0001237276
v -0.03001839 0.009163978 0.007764537
v -0.02700684 0.003572389 0.01614659
v -0.03244468 0.006508744 -0.0001512226
v -0.03004252 0.002440604 0.01264911
v -0.02700684 -0.007000849 0.01614659
v -0.03246881 0.004938161 0.004682289
v -0.03356525 0.0001792788 -0.0001568338
v -0.03357086 -0.0001826455 0.0009558728
v -0.03357422 -0.00112926 0.001643809
v -0.0324834 0.0008268145 0.007669147
v -0.0324834 -0.004255275 0.007669147
v -0.03357422 -0.002299762 0.001643809
v -0.03004252 -0.005869626 0.01264911
v -0.02697542 -0.01555517 0.009932155
v -0.03001839 -0.01259244 0.007764537
v -0.02692548 -0.01882258 -0.0001237276
v -0.03246881 -0.008367183 0.004682289
v -0.03357086 -0.003246376 0.0009558728
v -0.02997911 -0.0151607 -0.0001388779
v -0.02687554 -0.01555517 -0.01017961
v -0.03244468 -0.009937766 -0.0001512226
v -0.03356525 -0.003607739 -0.0001568338
v -0.03355964 -0.003246376 -0.001270102
v -0.02993927 -0.01259244 -0.008042293
v -0.02684412 -0.007001411 -0.01639461
v -0.03242056 -0.008367183 -0.004984735
v -0.03355627 -0.002299762 -0.001957477
v -0.02991514 -0.005869626 -0.01292687
v -0.02684412 0.003572389 -0.01639461
v -0.0324054 -0.004255275 -0.007971591
v -0.03355627 -0.00112926 -0.001957477
v -0.02991514 0.002440604 -0.01292687
v -0.0324054 0.0008268145 -0.007971591
v -0.03355964 -0.0001826455 -0.001270102
v -0.03242056 0.004938161 -0.004984735
v -0.03356525 0.0001792788 -0.0001568338
v -0.03244468 0.006508744 -0.0001512226
v -0.02997911 0.01173168 -0.0001388779
v -0.02993927 0.009163978 -0.008042293
v -0.02687554 0.01212614 -0.01017961
v -0.02692548 0.01539356 -0.0001237276
v 0.02276363 0.01212614 -0.009932155
v 0.02576676 0.01173168 0.0001388779
v 0.02271369 0.01539356 0.0001237276
v 0.02580604 0.009163978 -0.007764537
v 0.02279449 0.003572389 -0.01614715
v 0.02823234 0.006508744 0.0001512226
v 0.02583073 0.002440604 -0.01264911
v 0.02279449 -0.007001411 -0.01614715
v 0.02825646 0.004938161 -0.004682289
v 0.02935346 0.0001792788 0.0001568338
v 0.02935907 -0.0001826455 -0.0009564339
v 0.02936244 -0.00112926 -0.00164437
v 0.02827161 0.0008268145 -0.007669147
v 0.02827161 -0.004255275 -0.007669147
v 0.02936244 -0.002299762 -0.00164437
v 0.02583073 -0.005869626 -0.01264911
v 0.02825646 -0.008367183 -0.004682289
v 0.02935907 -0.003246376 -0.0009564339
v 0.02580604 -0.01259244 -0.007764537
v 0.02276363 -0.01555517 -0.009932155
v 0.02823234 -0.009937766 0.0001512226
v 0.02935346 -0.003607739 0.0001568338
v 0.02934785 -0.003246376 0.001269541
v 0.02576676 -0.0151607 0.0001388779
v 0.02271369 -0.01882258 0.0001237276
v 0.02820821 -0.008367183 0.004984735
v 0.02934448 -0.002299762 0.001957477
v 0.02572748 -0.01259244 0.008042293
v 0.02266319 -0.01555517 0.01017961
v 0.02819362 -0.004255275 0.007971591
v 0.02934448 -0.00112926 0.001957477
v 0.02570335 -0.005869626 0.01292687
v 0.02263233 -0.007000849 0.01639405
v 0.02570335 0.002440604 0.01292687
v 0.02263233 0.003572389 0.01639405
v 0.02819362 0.0008268145 0.007971591
v 0.02820821 0.004938161 0.004984735
v 0.02934785 -0.0001826455 0.001269541
v 0.02935346 0.0001792788 0.0001568338
v 0.02823234 0.006508744 0.0001512226
v 0.02572748 0.009163978 0.008042293
v 0.02266319 0.01212614 0.01017961
v 0.02576676 0.01173168 0.0001388779
v 0.02271369 0.01539356 0.0001237276
v 0.01434847 0.3086358 0.02321281
v 0.009406663 0.2967271 0.02229594
v 0.009187264 0.2900985 0.06627169
v 0.01412066 0.3017413 0.06895386
v 0.008975721 0.27699 0.1087683
v 0.01390014 0.2881066 0.1131563
v 0.008775962 0.2576938 0.148837
v 0.01369252 0.2680361 0.1548326
v 0.01350174 0.241978 0.1930524
v 0.008592474 0.2326411 0.1855821
v 0.00843031 0.2023916 0.2181828
v 0.01333284 0.2105145 0.2269621
v 0.01318919 0.1743484 0.2558027
v 0.008291712 0.1676211 0.2459113
v 0.01307416 0.1342876 0.2789316
v 0.008181171 0.1291062 0.2681474
v 0.008099808 0.08770715 0.2843953
v 0.01298943 0.09122707 0.2958315
v 0.00805043 0.04434919 0.2942913
v 0.01293837 0.04612907 0.3061248
v 0.01292098 2.805614E-07 0.3095818
v 0.008034157 2.805614E-07 0.2976148
v 0.01293837 -0.04612907 0.3061248
v 0.00805043 -0.04434919 0.2942913
v 0.01298943 -0.09122707 0.2958315
v 0.008099808 -0.08770715 0.2843953
v 0.0130736 -0.1342876 0.2789316
v 0.008181171 -0.1291062 0.2681474
v 0.01318919 -0.1743484 0.2558027
v 0.008291712 -0.1676211 0.2459113
v 0.01333284 -0.2105145 0.2269616
v 0.008429748 -0.2023917 0.2181828
v 0.01350174 -0.2419778 0.1930524
v 0.008592474 -0.2326412 0.1855821
v 0.01369252 -0.2680357 0.1548326
v 0.0087754 -0.2576937 0.148837
v 0.01390014 -0.2881066 0.1131563
v 0.00897516 -0.2769896 0.1087683
v 0.01412066 -0.3017413 0.06895386
v 0.009187264 -0.2900985 0.06627169
v 0.01434847 -0.3086358 0.02321281
v 0.009406663 -0.2967271 0.02229537
v 0.009406663 0.2967271 0.02229594
v -0.002535714 0.2974403 0.02228976
v 0.009187264 0.2900985 0.06627169
v -0.002755674 0.290796 0.06637157
v 0.008975721 0.27699 0.1087683
v -0.01469693 0.2900985 0.06615274
v -0.01447753 0.2967271 0.02217641
v -0.01490903 0.27699 0.1086494
v -0.00296834 0.2776559 0.1089703
v 0.008775962 0.2576938 0.148837
v -0.01510879 0.2576938 0.148718
v -0.0031681 0.2583134 0.1491355
v 0.008592474 0.2326411 0.1855821
v -0.01529172 0.2326412 0.1854632
v -0.003351587 0.2332005 0.1859687
v 0.00843031 0.2023916 0.2181828
v -0.01545445 0.2023917 0.2180638
v -0.003514874 0.2028783 0.218648
v -0.003653471 0.168024 0.2464426
v 0.008291712 0.1676211 0.2459113
v -0.01559248 0.1676211 0.2457923
v -0.003764573 0.1294165 0.2687327
v 0.008181171 0.1291062 0.2681474
v -0.01570302 0.1291062 0.2680285
v -0.003845375 0.08791813 0.2850192
v 0.008099808 0.08770715 0.2843953
v -0.01578439 0.08770715 0.2842763
v -0.003895315 0.0444558 0.2949394
v 0.00805043 0.04434919 0.2942913
v -0.003911587 2.805614E-07 0.2982707
v -0.01583377 0.04434919 0.2941723
v 0.008034157 2.805614E-07 0.2976148
v -0.01585004 2.805614E-07 0.2974958
v 0.00805043 -0.04434919 0.2942913
v -0.01583377 -0.04434919 0.2941723
v -0.003895315 -0.0444558 0.2949394
v 0.008099808 -0.08770715 0.2843953
v -0.01578439 -0.08770715 0.2842763
v -0.003845936 -0.08791813 0.2850192
v 0.008181171 -0.1291062 0.2681474
v -0.01570358 -0.1291062 0.2680285
v -0.003764573 -0.1294165 0.2687327
v 0.008291712 -0.1676211 0.2459113
v -0.01559248 -0.1676211 0.2457923
v -0.003653471 -0.168024 0.2464426
v 0.008429748 -0.2023917 0.2181828
v -0.01545445 -0.2023917 0.2180638
v -0.003514874 -0.2028782 0.2186474
v -0.003352148 -0.2332001 0.1859687
v 0.008592474 -0.2326412 0.1855821
v -0.01529172 -0.2326412 0.1854632
v -0.0031681 -0.2583132 0.1491349
v 0.0087754 -0.2576937 0.148837
v -0.01510879 -0.2576937 0.148718
v -0.00296834 -0.2776557 0.1089703
v 0.00897516 -0.2769896 0.1087683
v -0.01490903 -0.2769896 0.1086494
v -0.002755674 -0.290796 0.06637102
v 0.009187264 -0.2900985 0.06627169
v -0.01469693 -0.2900985 0.06615274
v -0.002536275 -0.2974403 0.02228976
v 0.009406663 -0.2967271 0.02229537
v -0.01447809 -0.2967271 0.02217641
v -0.01447753 0.2967271 0.02217641
v -0.01942888 0.3086358 0.02304447
v -0.0196567 0.3017413 0.06878553
v -0.01469693 0.2900985 0.06615274
v -0.01987722 0.2881066 0.112988
v -0.01490903 0.27699 0.1086494
v -0.02008483 0.2680361 0.1546642
v -0.01510879 0.2576938 0.148718
v -0.01529172 0.2326412 0.1854632
v -0.02027561 0.241978 0.192884
v -0.01545445 0.2023917 0.2180638
v -0.02044451 0.2105145 0.2267932
v -0.01559248 0.1676211 0.2457923
v -0.02058816 0.1743484 0.2556344
v -0.02070375 0.1342876 0.2787633
v -0.01570302 0.1291062 0.2680285
v -0.01578439 0.08770715 0.2842763
v -0.02078792 0.09122707 0.2956632
v -0.01583377 0.04434919 0.2941723
v -0.02083898 0.04612907 0.3059564
v -0.02085637 2.805614E-07 0.309413
v -0.01585004 2.805614E-07 0.2974958
v -0.01583377 -0.04434919 0.2941723
v -0.02083898 -0.04612907 0.3059564
v -0.01578439 -0.08770715 0.2842763
v -0.02078792 -0.09122707 0.2956632
v -0.01570358 -0.1291062 0.2680285
v -0.02070375 -0.1342876 0.2787633
v -0.01559248 -0.1676211 0.2457923
v -0.02058816 -0.1743484 0.2556344
v -0.02044451 -0.2105145 0.2267932
v -0.01545445 -0.2023917 0.2180638
v -0.02027561 -0.2419778 0.192884
v -0.01529172 -0.2326412 0.1854632
v -0.02008483 -0.2680357 0.1546642
v -0.01510879 -0.2576937 0.148718
v -0.01987722 -0.2881066 0.1129874
v -0.01490903 -0.2769896 0.1086494
v -0.0196567 -0.3017413 0.06878497
v -0.01469693 -0.2900985 0.06615274
v -0.01447809 -0.2967271 0.02217641
v -0.01942888 -0.3086358 0.02304447
v 0.009406663 0.2967271 0.02229594
v 0.01434847 0.3086358 0.02321281
v 0.01457909 0.3086358 -0.02304447
v 0.009628307 0.2967271 -0.02217698
v 0.009847145 0.2900985 -0.06615274
v 0.01480691 0.3017413 -0.06878553
v 0.01502743 0.2881066 -0.112988
v 0.01005925 0.27699 -0.1086499
v 0.01523505 0.2680361 -0.1546648
v 0.01025901 0.2576938 -0.1487186
v 0.01542583 0.2419779 -0.1928845
v 0.01044193 0.232641 -0.1854634
v 0.01559473 0.2105144 -0.2267937
v 0.01060466 0.2023916 -0.2180642
v 0.01573837 0.1743483 -0.2556348
v 0.0107427 0.1676211 -0.2457925
v 0.01585397 0.1342876 -0.2787633
v 0.0108538 0.1291062 -0.2680288
v 0.01593813 0.09122707 -0.2956632
v 0.0109346 0.08770715 -0.2842763
v 0.01098398 0.04434919 -0.2941723
v 0.0159892 0.04612907 -0.3059564
v 0.01600659 2.805614E-07 -0.3094135
v 0.01100025 2.805614E-07 -0.2974958
v 0.01098398 -0.04434862 -0.2941723
v 0.0159892 -0.0461285 -0.3059564
v 0.01593813 -0.09122707 -0.2956632
v 0.0109346 -0.08770715 -0.2842763
v 0.01585397 -0.1342876 -0.2787633
v 0.0108538 -0.1291062 -0.2680287
v 0.0107427 -0.1676206 -0.2457924
v 0.01573837 -0.1743484 -0.2556347
v 0.01060466 -0.2023911 -0.2180641
v 0.01559473 -0.2105145 -0.2267937
v 0.01044193 -0.2326407 -0.1854633
v 0.01542583 -0.2419778 -0.1928844
v 0.01025901 -0.2576937 -0.148718
v 0.01523505 -0.2680357 -0.1546648
v 0.01005925 -0.2769896 -0.1086499
v 0.01502743 -0.2881066 -0.112988
v 0.01480691 -0.3017413 -0.06878553
v 0.009847145 -0.2900985 -0.06615274
v 0.01457909 -0.3086358 -0.02304503
v 0.009628307 -0.2967271 -0.02217698
v 0.009406663 -0.2967271 0.02229537
v 0.01434847 -0.3086358 0.02321281
v -0.002535714 0.2974403 0.02228976
v 0.009406663 0.2967271 0.02229594
v 0.009628307 0.2967271 -0.02217698
v -0.00231351 0.2974403 -0.02228976
v -0.01447753 0.2967271 0.02217641
v -0.01425645 0.2967271 -0.02229594
v 0.009847145 0.2900985 -0.06615274
v -0.01403705 0.2900985 -0.06627169
v -0.00209411 0.290796 -0.06637157
v 0.01005925 0.27699 -0.1086499
v -0.01382494 0.27699 -0.1087689
v -0.001881445 0.2776559 -0.1089709
v 0.01025901 0.2576938 -0.1487186
v -0.01362519 0.2576938 -0.1488376
v -0.001681685 0.2583133 -0.1491355
v 0.01044193 0.232641 -0.1854634
v -0.01344226 0.2326411 -0.1855825
v -0.001497637 0.2332004 -0.185969
v 0.01060466 0.2023916 -0.2180642
v -0.01327953 0.2023916 -0.2181833
v -0.001334911 0.2028782 -0.2186481
v -0.001196314 0.168024 -0.2464431
v 0.0107427 0.1676211 -0.2457925
v -0.0131415 0.1676211 -0.2459116
v -0.001085212 0.1294165 -0.2687328
v 0.0108538 0.1291062 -0.2680288
v -0.01303096 0.1291062 -0.2681478
v -0.00100441 0.08791813 -0.2850198
v 0.0109346 0.08770715 -0.2842763
v -0.01294959 0.08770715 -0.2843953
v -0.00095447 0.0444558 -0.2949394
v 0.01098398 0.04434919 -0.2941723
v -0.0009381974 2.805614E-07 -0.2982707
v -0.01290021 0.04434919 -0.2942918
v 0.01100025 2.805614E-07 -0.2974958
v -0.01288394 2.805614E-07 -0.2976148
v 0.01098398 -0.04434862 -0.2941723
v -0.01290021 -0.04434862 -0.2942918
v -0.00095447 -0.04445524 -0.2949394
v 0.0109346 -0.08770715 -0.2842763
v -0.01294959 -0.08770715 -0.2843953
v -0.00100441 -0.08791813 -0.2850198
v 0.0108538 -0.1291062 -0.2680287
v -0.01303096 -0.1291062 -0.2681477
v -0.001085212 -0.1294165 -0.2687327
v 0.0107427 -0.1676206 -0.2457924
v -0.0131415 -0.1676206 -0.2459115
v -0.001196314 -0.168024 -0.246443
v 0.01060466 -0.2023911 -0.2180641
v -0.01328009 -0.2023917 -0.2181832
v -0.001334911 -0.2028782 -0.218648
v -0.001498198 -0.2332001 -0.1859689
v 0.01044193 -0.2326407 -0.1854633
v -0.01344226 -0.2326407 -0.1855824
v -0.001681685 -0.2583132 -0.1491355
v 0.01025901 -0.2576937 -0.148718
v -0.01362575 -0.2576937 -0.1488376
v -0.001882006 -0.2776557 -0.1089709
v 0.01005925 -0.2769896 -0.1086499
v -0.01382494 -0.2769896 -0.1087689
v -0.00209411 -0.290796 -0.06637157
v 0.009847145 -0.2900985 -0.06615274
v -0.01403705 -0.2900985 -0.06627169
v -0.00231407 -0.2974403 -0.02228976
v -0.01425645 -0.2967271 -0.02229594
v -0.01447809 -0.2967271 0.02217641
v 0.009628307 -0.2967271 -0.02217698
v -0.002536275 -0.2974403 0.02228976
v 0.009406663 -0.2967271 0.02229537
v -0.01942888 0.3086358 0.02304447
v -0.01447753 0.2967271 0.02217641
v -0.01425645 0.2967271 -0.02229594
v -0.01919826 0.3086358 -0.02321337
v -0.01403705 0.2900985 -0.06627169
v -0.01897044 0.3017413 -0.06895386
v -0.01382494 0.27699 -0.1087689
v -0.01874992 0.2881066 -0.1131563
v -0.0185423 0.2680361 -0.1548332
v -0.01362519 0.2576938 -0.1488376
v -0.01835152 0.2419779 -0.1930529
v -0.01344226 0.2326411 -0.1855825
v -0.01327953 0.2023916 -0.2181833
v -0.01818262 0.2105144 -0.2269621
v -0.01803898 0.1743483 -0.2558032
v -0.0131415 0.1676211 -0.2459116
v -0.01792338 0.1342876 -0.2789316
v -0.01303096 0.1291062 -0.2681478
v -0.01783922 0.09122707 -0.2958315
v -0.01294959 0.08770715 -0.2843953
v -0.01290021 0.04434919 -0.2942918
v -0.01778816 0.04612907 -0.3061253
v -0.01777076 2.805614E-07 -0.3095818
v -0.01288394 2.805614E-07 -0.2976148
v -0.01290021 -0.04434862 -0.2942918
v -0.01778816 -0.0461285 -0.3061248
v -0.01783978 -0.09122707 -0.2958315
v -0.01294959 -0.08770715 -0.2843953
v -0.01792395 -0.1342876 -0.2789316
v -0.01303096 -0.1291062 -0.2681477
v -0.0131415 -0.1676206 -0.2459115
v -0.01803898 -0.1743484 -0.255803
v -0.01328009 -0.2023917 -0.2181832
v -0.01818262 -0.2105145 -0.226962
v -0.01835208 -0.2419778 -0.1930527
v -0.01344226 -0.2326407 -0.1855824
v -0.01362575 -0.2576937 -0.1488376
v -0.0185423 -0.2680357 -0.1548332
v -0.01382494 -0.2769896 -0.1087689
v -0.01874992 -0.2881066 -0.1131563
v -0.01897044 -0.3017413 -0.06895386
v -0.01403705 -0.2900985 -0.06627169
v -0.01919826 -0.3086358 -0.02321337
v -0.01425645 -0.2967271 -0.02229594
v -0.01942888 -0.3086358 0.02304447
v -0.01447809 -0.2967271 0.02217641
v -0.0196567 0.3017413 0.06878553
v -0.01942888 0.3086358 0.02304447
v 0.01434847 0.3086358 0.02321281
v 0.01412066 0.3017413 0.06895386
v 0.01390014 0.2881066 0.1131563
v -0.01987722 0.2881066 0.112988
v 0.01369252 0.2680361 0.1548326
v -0.02008483 0.2680361 0.1546642
v -0.02027561 0.241978 0.192884
v 0.01350174 0.241978 0.1930524
v 0.01333284 0.2105145 0.2269621
v -0.02044451 0.2105145 0.2267932
v 0.01318919 0.1743484 0.2558027
v -0.02058816 0.1743484 0.2556344
v -0.02070375 0.1342876 0.2787633
v 0.01307416 0.1342876 0.2789316
v -0.02078792 0.09122707 0.2956632
v 0.01298943 0.09122707 0.2958315
v 0.01293837 0.04612907 0.3061248
v -0.02083898 0.04612907 0.3059564
v 0.01292098 2.805614E-07 0.3095818
v -0.02085637 2.805614E-07 0.309413
v -0.02083898 -0.04612907 0.3059564
v 0.01293837 -0.04612907 0.3061248
v 0.01298943 -0.09122707 0.2958315
v -0.02078792 -0.09122707 0.2956632
v 0.0130736 -0.1342876 0.2789316
v -0.02070375 -0.1342876 0.2787633
v 0.01318919 -0.1743484 0.2558027
v -0.02058816 -0.1743484 0.2556344
v 0.01333284 -0.2105145 0.2269616
v -0.02044451 -0.2105145 0.2267932
v -0.02027561 -0.2419778 0.192884
v 0.01350174 -0.2419778 0.1930524
v 0.01369252 -0.2680357 0.1548326
v -0.02008483 -0.2680357 0.1546642
v -0.01987722 -0.2881066 0.1129874
v 0.01390014 -0.2881066 0.1131563
v -0.0196567 -0.3017413 0.06878497
v 0.01412066 -0.3017413 0.06895386
v 0.01434847 -0.3086358 0.02321281
v -0.01942888 -0.3086358 0.02304447
v 0.01457909 0.3086358 -0.02304447
v 0.01434847 0.3086358 0.02321281
v -0.01942888 0.3086358 0.02304447
v -0.01919826 0.3086358 -0.02321337
v 0.01480691 0.3017413 -0.06878553
v -0.01897044 0.3017413 -0.06895386
v 0.01502743 0.2881066 -0.112988
v -0.01874992 0.2881066 -0.1131563
v -0.0185423 0.2680361 -0.1548332
v 0.01523505 0.2680361 -0.1546648
v 0.01542583 0.2419779 -0.1928845
v -0.01835152 0.2419779 -0.1930529
v 0.01559473 0.2105144 -0.2267937
v -0.01818262 0.2105144 -0.2269621
v -0.01803898 0.1743483 -0.2558032
v 0.01573837 0.1743483 -0.2556348
v 0.01585397 0.1342876 -0.2787633
v -0.01792338 0.1342876 -0.2789316
v 0.01593813 0.09122707 -0.2956632
v -0.01783922 0.09122707 -0.2958315
v -0.01778816 0.04612907 -0.3061253
v 0.0159892 0.04612907 -0.3059564
v -0.01777076 2.805614E-07 -0.3095818
v 0.01600659 2.805614E-07 -0.3094135
v 0.0159892 -0.0461285 -0.3059564
v -0.01778816 -0.0461285 -0.3061248
v 0.01593813 -0.09122707 -0.2956632
v -0.01783978 -0.09122707 -0.2958315
v -0.01792395 -0.1342876 -0.2789316
v 0.01585397 -0.1342876 -0.2787633
v -0.01803898 -0.1743484 -0.255803
v 0.01573837 -0.1743484 -0.2556347
v 0.01559473 -0.2105145 -0.2267937
v -0.01818262 -0.2105145 -0.226962
v 0.01542583 -0.2419778 -0.1928844
v -0.01835208 -0.2419778 -0.1930527
v -0.0185423 -0.2680357 -0.1548332
v 0.01523505 -0.2680357 -0.1546648
v 0.01502743 -0.2881066 -0.112988
v -0.01874992 -0.2881066 -0.1131563
v -0.01897044 -0.3017413 -0.06895386
v 0.01480691 -0.3017413 -0.06878553
v -0.01919826 -0.3086358 -0.02321337
v 0.01457909 -0.3086358 -0.02304503
v 0.01434847 -0.3086358 0.02321281
v -0.01942888 -0.3086358 0.02304447
v 0.04983164 -0.2817148 0.0203191
v 0.04763147 -0.2764133 0.0199106
v 0.04742835 -0.2702831 0.06058247
v 0.04962458 -0.2754661 0.06177654
v 0.04723252 -0.2581589 0.09988688
v 0.05514715 -0.283911 0.02050988
v 0.04942538 -0.263108 0.1018402
v 0.04704791 -0.2403124 0.1369446
v 0.05493898 -0.277613 0.06229333
v 0.04923685 -0.2449169 0.1396144
v 0.04687845 -0.2171419 0.170929
v 0.06025786 -0.2754661 0.06182985
v 0.06046435 -0.2817148 0.02037184
v 0.05473753 -0.2651583 0.1026712
v 0.04906402 -0.2212987 0.1742553
v 0.04672807 -0.1891655 0.2010809
v 0.06246588 -0.2702831 0.06065766
v 0.062669 -0.2764133 0.01998579
v 0.06227005 -0.2581589 0.0999615
v 0.0600581 -0.263108 0.1018929
v 0.06208543 -0.2403124 0.1370197
v 0.05987012 -0.2449169 0.1396671
v 0.06191598 -0.2171419 0.1710042
v 0.05454788 -0.2468242 0.1407417
v 0.0596973 -0.2212987 0.174308
v 0.0617656 -0.1891655 0.2011555
v 0.05437393 -0.2230208 0.1756547
v 0.05954411 -0.1927813 0.2050419
v 0.04891084 -0.1927813 0.2049891
v 0.05941393 -0.1600022 0.2311823
v 0.06163766 -0.1570069 0.2268005
v 0.05421962 -0.1942795 0.2066298
v 0.05408831 -0.1612423 0.2329757
v 0.04878065 -0.1600022 0.2311296
v 0.04660013 -0.1570069 0.2267259
v 0.05930956 -0.1236925 0.2521453
v 0.06153554 -0.1213857 0.2473662
v 0.06146035 -0.08309696 0.2623931
v 0.05398282 -0.1246481 0.2541031
v 0.04867629 -0.1236925 0.2520926
v 0.04649801 -0.1213857 0.2472916
v 0.04642281 -0.08309696 0.2623185
v 0.05390595 -0.08531339 0.2695407
v 0.05923269 -0.08466418 0.2674628
v 0.04859997 -0.08466418 0.2674095
v 0.05918668 -0.04378862 0.2767921
v 0.06141489 -0.04299632 0.2715462
v 0.05385881 -0.04411688 0.2789434
v 0.0538431 -0.001979361 0.2821009
v 0.0485534 -0.04378862 0.2767393
v 0.04637736 -0.04299632 0.271471
v 0.05917097 -0.001979361 0.2799254
v 0.06139974 -0.001979361 0.2746194
v 0.06141489 0.0390376 0.2715462
v 0.04853769 -0.001979361 0.2798721
v 0.04636221 -0.001979361 0.2745448
v 0.04637736 0.0390376 0.271471
v 0.05918668 0.03983046 0.2767921
v 0.06146035 0.07913824 0.2623931
v 0.0485534 0.03983046 0.2767393
v 0.04642281 0.07913824 0.2623185
v 0.05923269 0.08070546 0.2674628
v 0.06153554 0.117427 0.2473662
v 0.05385881 0.04015816 0.2789434
v 0.04859997 0.08070546 0.2674095
v 0.04649801 0.117427 0.247291
v 0.05930956 0.1197338 0.2521453
v 0.06163766 0.1530482 0.2268005
v 0.05390595 0.08135467 0.2695407
v 0.04867629 0.1197338 0.2520926
v 0.04660013 0.1530482 0.2267253
v 0.05941393 0.1560435 0.2311823
v 0.0617656 0.1852064 0.2011555
v 0.05398282 0.1206894 0.2541031
v 0.04878065 0.1560435 0.231129
v 0.04672807 0.1852064 0.2010803
v 0.05954411 0.1888227 0.2050419
v 0.06191598 0.2131832 0.1710042
v 0.05408831 0.1572836 0.2329751
v 0.04891084 0.1888227 0.2049886
v 0.04687845 0.2131832 0.170929
v 0.0596973 0.2173399 0.174308
v 0.06208543 0.2363535 0.1370197
v 0.05421962 0.1903205 0.2066298
v 0.05437393 0.2190617 0.1756542
v 0.04906402 0.2173399 0.1742547
v 0.04704791 0.2363535 0.1369446
v 0.05454788 0.2428651 0.1407417
v 0.05987012 0.2409579 0.1396671
v 0.04923685 0.2409579 0.1396138
v 0.0600581 0.2591491 0.1018929
v 0.06227005 0.2542 0.0999615
v 0.05473753 0.2611991 0.1026712
v 0.04942482 0.2591491 0.1018402
v 0.04723252 0.2542 0.09988632
v 0.06025786 0.2715072 0.06182928
v 0.06246588 0.2663238 0.06065766
v 0.062669 0.2724542 0.01998523
v 0.05493898 0.2736542 0.06229333
v 0.05514715 0.279952 0.02050988
v 0.04962458 0.2715072 0.06177654
v 0.04742835 0.2663238 0.06058247
v 0.04763147 0.2724542 0.0199106
v 0.06046435 0.277756 0.02037184
v 0.06287382 0.2724542 -0.02114563
v 0.06067365 0.277756 -0.02155413
v 0.05535758 0.279952 -0.02174547
v 0.05004037 0.277756 -0.02160744
v 0.04983164 0.277756 0.02031854
v 0.04783629 0.2724542 -0.02122082
v 0.04983557 -0.2711113 0.01952455
v 0.05515276 -0.2689156 0.01938595
v 0.05495581 -0.2629525 0.0589468
v 0.04963637 -0.2650994 0.05941029
v 0.04763147 -0.2764133 0.0199106
v 0.05476503 -0.25116 0.09717721
v 0.04742835 -0.2702831 0.06058247
v 0.04944446 -0.2532098 0.0979555
v 0.05458547 -0.2338011 0.1332232
v 0.04723252 -0.2581589 0.09988688
v 0.04926322 -0.2357083 0.1342977
v 0.04704791 -0.2403124 0.1369446
v 0.0544205 -0.2112636 0.1662789
v 0.04687845 -0.2171419 0.170929
v 0.04909713 -0.2129851 0.1676251
v 0.0542746 -0.1840514 0.1956066
v 0.04672807 -0.1891655 0.2010809
v 0.04894955 -0.185549 0.1971945
v 0.04882442 -0.1540122 0.2223441
v 0.05415004 -0.1527716 0.2205507
v 0.04660013 -0.1570069 0.2267259
v 0.04872398 -0.119079 0.2425125
v 0.05405016 -0.1181234 0.2405548
v 0.04649801 -0.1213857 0.2472916
v 0.04865047 -0.08152975 0.2572487
v 0.05397777 -0.08088109 0.2551709
v 0.04642281 -0.08309696 0.2623185
v 0.04860558 -0.04220401 0.266225
v 0.05393289 -0.04187576 0.2640737
v 0.04637736 -0.04299632 0.271471
v 0.04859044 -0.001979361 0.2692394
v 0.05391829 -0.001979361 0.2670633
v 0.04636221 -0.001979361 0.2745448
v 0.05393289 0.03791703 0.2640737
v 0.04860558 0.03824529 0.2662244
v 0.04637736 0.0390376 0.271471
v 0.05397777 0.07692236 0.2551709
v 0.04642281 0.07913824 0.2623185
v 0.04865047 0.07757102 0.2572487
v 0.05405016 0.1141647 0.2405548
v 0.04649801 0.117427 0.247291
v 0.04872398 0.1151202 0.242512
v 0.05415004 0.1488129 0.2205507
v 0.04882442 0.1500529 0.2223435
v 0.04660013 0.1530482 0.2267253
v 0.0542746 0.1800923 0.1956066
v 0.04894955 0.1815902 0.197194
v 0.04672807 0.1852064 0.2010803
v 0.04687845 0.2131832 0.170929
v 0.04909713 0.2090264 0.1676251
v 0.0544205 0.2073047 0.1662784
v 0.04926322 0.2317492 0.1342972
v 0.04704791 0.2363535 0.1369446
v 0.05458547 0.2298421 0.1332226
v 0.04723252 0.2542 0.09988632
v 0.04944446 0.2492509 0.09795494
v 0.05476503 0.2472009 0.09717721
v 0.04742835 0.2663238 0.06058247
v 0.04963637 0.2611405 0.05941029
v 0.05495581 0.2589935 0.0589468
v 0.04763147 0.2724542 0.0199106
v 0.04983557 0.2671524 0.01952399
v 0.05515276 0.2649564 0.01938595
v 0.04783629 0.2724542 -0.02122082
v 0.05535196 0.2649564 -0.02062155
v 0.05003645 0.2671524 -0.02081233
v 0.05495581 -0.2629525 0.0589468
v 0.05515276 -0.2689156 0.01938595
v 0.06046828 -0.2711113 0.01957729
v 0.06026965 -0.2650994 0.05946359
v 0.062669 -0.2764133 0.01998579
v 0.05476503 -0.25116 0.09717721
v 0.06246588 -0.2702831 0.06065766
v 0.06007774 -0.2532098 0.09800824
v 0.05458547 -0.2338011 0.1332232
v 0.06227005 -0.2581589 0.0999615
v 0.0598965 -0.2357083 0.1343505
v 0.06208543 -0.2403124 0.1370197
v 0.0544205 -0.2112636 0.1662789
v 0.06191598 -0.2171419 0.1710042
v 0.0597304 -0.2129851 0.1676784
v 0.0542746 -0.1840514 0.1956066
v 0.0617656 -0.1891655 0.2011555
v 0.05958283 -0.185549 0.1972473
v 0.0594577 -0.1540122 0.2223968
v 0.05415004 -0.1527716 0.2205507
v 0.06163766 -0.1570069 0.2268005
v 0.05935726 -0.119079 0.2425653
v 0.05405016 -0.1181234 0.2405548
v 0.06153554 -0.1213857 0.2473662
v 0.05928375 -0.08152975 0.257302
v 0.05397777 -0.08088109 0.2551709
v 0.06146035 -0.08309696 0.2623931
v 0.05923886 -0.04220401 0.2662778
v 0.05393289 -0.04187576 0.2640737
v 0.06141489 -0.04299632 0.2715462
v 0.05922371 -0.001979361 0.2692921
v 0.05391829 -0.001979361 0.2670633
v 0.06139974 -0.001979361 0.2746194
v 0.05393289 0.03791703 0.2640737
v 0.05923886 0.03824529 0.2662778
v 0.06141489 0.0390376 0.2715462
v 0.05397777 0.07692236 0.2551709
v 0.06146035 0.07913824 0.2623931
v 0.05928375 0.07757102 0.257302
v 0.05405016 0.1141647 0.2405548
v 0.06153554 0.117427 0.2473662
v 0.05935726 0.1151202 0.2425653
v 0.05415004 0.1488129 0.2205507
v 0.0594577 0.1500529 0.2223968
v 0.06163766 0.1530482 0.2268005
v 0.0542746 0.1800923 0.1956066
v 0.05958283 0.1815902 0.1972473
v 0.0617656 0.1852064 0.2011555
v 0.06191598 0.2131832 0.1710042
v 0.0597304 0.2090264 0.1676784
v 0.0544205 0.2073047 0.1662784
v 0.0598965 0.2317492 0.1343505
v 0.06208543 0.2363535 0.1370197
v 0.05458547 0.2298421 0.1332226
v 0.06227005 0.2542 0.0999615
v 0.06007774 0.2492509 0.09800824
v 0.05476503 0.2472009 0.09717721
v 0.06246588 0.2663238 0.06065766
v 0.06026965 0.2611405 0.05946359
v 0.05495581 0.2589935 0.0589468
v 0.062669 0.2724542 0.01998523
v 0.06046828 0.2671524 0.01957729
v 0.05515276 0.2649564 0.01938595
v 0.06287382 0.2724542 -0.02114563
v 0.05535196 0.2649564 -0.02062155
v 0.06066973 0.2671524 -0.02075958
v 0.04783629 -0.2764133 -0.02122082
v 0.04763147 -0.2764133 0.0199106
v 0.04983164 -0.2817148 0.0203191
v 0.05004037 -0.2817148 -0.02160688
v 0.05535758 -0.283911 -0.02174547
v 0.05514715 -0.283911 0.02050988
v 0.04803885 -0.2702831 -0.06189269
v 0.06046435 -0.2817148 0.02037184
v 0.05024687 -0.2754661 -0.06306488
v 0.04823468 -0.2581589 -0.1011971
v 0.05044663 -0.263108 -0.1031285
v 0.05556631 -0.277613 -0.06352837
v 0.05063517 -0.2449169 -0.1409021
v 0.04841985 -0.2403124 -0.1382548
v 0.05576719 -0.2651578 -0.1039062
v 0.05080799 -0.2212987 -0.1755432
v 0.04858875 -0.2171419 -0.1722394
v 0.05595742 -0.2468242 -0.1419767
v 0.05096118 -0.1927813 -0.2062772
v 0.04873913 -0.1891649 -0.2023908
v 0.05613136 -0.2230202 -0.1768898
v 0.05109135 -0.1600017 -0.2324177
v 0.04886707 -0.1570069 -0.2280358
v 0.05119573 -0.1236925 -0.2533807
v 0.04896975 -0.1213857 -0.2486015
v 0.05127204 -0.08466418 -0.2686979
v 0.04904438 -0.08309696 -0.2636285
v 0.05131861 -0.04378862 -0.2780271
v 0.04909039 -0.04299632 -0.2727811
v 0.04910554 -0.001979361 -0.2758548
v 0.05133432 -0.001979361 -0.2811604
v 0.05666162 -0.001979361 -0.2833359
v 0.04909039 0.0390376 -0.2727811
v 0.05131861 0.0398299 -0.2780271
v 0.04904438 0.07913824 -0.2636285
v 0.05664591 -0.04411688 -0.2801785
v 0.05659934 -0.08531339 -0.2707758
v 0.05652191 -0.1246481 -0.2553382
v 0.05127204 0.08070546 -0.2686979
v 0.04896975 0.117427 -0.2486015
v 0.05664591 0.04015816 -0.2801785
v 0.05119573 0.1197338 -0.2533806
v 0.04886707 0.1530482 -0.2280358
v 0.05641697 -0.1612423 -0.2342107
v 0.05659934 0.08135411 -0.2707758
v 0.05109135 0.1560429 -0.2324176
v 0.04873913 0.1852062 -0.2023908
v 0.05628567 -0.1942795 -0.207865
v 0.06159389 -0.1927813 -0.2062241
v 0.06172407 -0.1600017 -0.2323647
v 0.05652191 0.1206894 -0.2553382
v 0.05096118 0.1888225 -0.2062771
v 0.04858875 0.2131831 -0.1722393
v 0.06144071 -0.2212987 -0.1754903
v 0.061829 -0.1236925 -0.2533277
v 0.05641697 0.1572836 -0.2342106
v 0.05080799 0.2173398 -0.1755432
v 0.04841985 0.2363535 -0.1382548
v 0.06126844 -0.2449169 -0.1408494
v 0.06190532 -0.08466418 -0.268645
v 0.05063517 0.2409578 -0.1409021
v 0.04823468 0.2542 -0.1011971
v 0.0610799 -0.263108 -0.1030752
v 0.06088014 -0.2754661 -0.06301213
v 0.06327222 -0.2581589 -0.1011219
v 0.06345738 -0.2403124 -0.1381802
v 0.06362684 -0.2171419 -0.1721644
v 0.06377666 -0.1891649 -0.2023159
v 0.0639046 -0.1570069 -0.2279609
v 0.06400728 -0.1213857 -0.2485266
v 0.06307638 -0.2702831 -0.06181806
v 0.06408191 -0.08309696 -0.2635536
v 0.06067365 -0.2817148 -0.02155413
v 0.06287382 -0.2764133 -0.02114563
v 0.062669 -0.2764133 0.01998579
v 0.06195189 -0.04378862 -0.2779744
v 0.06412792 -0.04299632 -0.2727062
v 0.06414308 -0.001979361 -0.2757799
v 0.0619676 -0.001979361 -0.2811077
v 0.06412792 0.0390376 -0.2727061
v 0.06195189 0.0398299 -0.2779744
v 0.06190532 0.08070546 -0.2686449
v 0.06408191 0.07913824 -0.2635535
v 0.06400728 0.117427 -0.2485265
v 0.061829 0.1197338 -0.2533276
v 0.0639046 0.1530482 -0.2279608
v 0.06172407 0.1560429 -0.2323646
v 0.06377666 0.1852062 -0.2023158
v 0.06159389 0.1888225 -0.2062241
v 0.06362684 0.2131831 -0.1721644
v 0.05628567 0.1903204 -0.2078649
v 0.05613136 0.2190615 -0.1768897
v 0.06144071 0.2173398 -0.1754902
v 0.06345738 0.2363535 -0.1381802
v 0.05595742 0.242865 -0.1419767
v 0.06126844 0.2409578 -0.1408494
v 0.06327222 0.2542 -0.1011219
v 0.05576719 0.261199 -0.1039062
v 0.0610799 0.2591491 -0.1030752
v 0.06307638 0.2663238 -0.06181806
v 0.05044663 0.2591491 -0.1031285
v 0.04803885 0.2663238 -0.06189269
v 0.06088014 0.2715072 -0.06301213
v 0.06287382 0.2724542 -0.02114563
v 0.06067365 0.277756 -0.02155413
v 0.05535758 0.279952 -0.02174547
v 0.05556631 0.2736541 -0.06352837
v 0.05024687 0.2715072 -0.06306488
v 0.04783629 0.2724542 -0.02122082
v 0.05004037 0.277756 -0.02160744
v 0.04983557 -0.2711113 0.01952455
v 0.04763147 -0.2764133 0.0199106
v 0.04783629 -0.2764133 -0.02122082
v 0.05003645 -0.2711113 -0.02081233
v 0.05515276 -0.2689156 0.01938595
v 0.05535196 -0.2689156 -0.02062155
v 0.05554948 -0.2629525 -0.06018239
v 0.04803885 -0.2702831 -0.06189269
v 0.05023509 -0.2650994 -0.06069862
v 0.0557397 -0.25116 -0.09841225
v 0.05042755 -0.2532098 -0.09924328
v 0.04823468 -0.2581589 -0.1011971
v 0.05591982 -0.2338011 -0.1344582
v 0.04841985 -0.2403124 -0.1382548
v 0.05060879 -0.2357078 -0.1355855
v 0.05608423 -0.2112636 -0.167514
v 0.04858875 -0.2171419 -0.1722394
v 0.05077488 -0.2129851 -0.1689136
v 0.05623068 -0.1840508 -0.1968417
v 0.04873913 -0.1891649 -0.2023908
v 0.0509219 -0.185549 -0.1984826
v 0.05104759 -0.1540122 -0.2236321
v 0.05635469 -0.1527716 -0.221786
v 0.04886707 -0.1570069 -0.2280358
v 0.05114803 -0.119079 -0.2438005
v 0.05645457 -0.1181234 -0.2417898
v 0.04896975 -0.1213857 -0.2486015
v 0.05122153 -0.08152975 -0.2585372
v 0.04904438 -0.08309696 -0.2636285
v 0.05652751 -0.08088052 -0.2564063
v 0.04909039 -0.04299632 -0.2727811
v 0.05126642 -0.04220401 -0.2675129
v 0.05657184 -0.04187576 -0.2653089
v 0.04910554 -0.001979361 -0.2758548
v 0.05128102 -0.001979361 -0.2705273
v 0.056587 -0.001979361 -0.2682986
v 0.05657184 0.03791703 -0.2653088
v 0.04909039 0.0390376 -0.2727811
v 0.05126642 0.03824529 -0.2675129
v 0.05652751 0.07692181 -0.2564063
v 0.05122153 0.07757102 -0.2585371
v 0.04904438 0.07913824 -0.2636285
v 0.05645457 0.1141647 -0.2417898
v 0.04896975 0.117427 -0.2486015
v 0.05114803 0.1151202 -0.2438004
v 0.05635469 0.1488123 -0.221786
v 0.04886707 0.1530482 -0.2280358
v 0.05104759 0.1500529 -0.2236321
v 0.05623068 0.1800922 -0.1968416
v 0.04873913 0.1852062 -0.2023908
v 0.0509219 0.18159 -0.1984825
v 0.05077488 0.2090263 -0.1689135
v 0.05608423 0.2073045 -0.167514
v 0.04858875 0.2131831 -0.1722393
v 0.05060879 0.2317491 -0.1355855
v 0.04841985 0.2363535 -0.1382548
v 0.05591982 0.229842 -0.1344582
v 0.04823468 0.2542 -0.1011971
v 0.05042755 0.2492508 -0.09924328
v 0.0557397 0.2472008 -0.09841225
v 0.04803885 0.2663238 -0.06189269
v 0.05023509 0.2611404 -0.06069862
v 0.05554948 0.2589934 -0.06018239
v 0.05003645 0.2671524 -0.02081233
v 0.04783629 0.2724542 -0.02122082
v 0.05535196 0.2649564 -0.02062155
v 0.062669 -0.2764133 0.01998579
v 0.06046828 -0.2711113 0.01957729
v 0.06287382 -0.2764133 -0.02114563
v 0.06066973 -0.2711113 -0.02075958
v 0.05515276 -0.2689156 0.01938595
v 0.05535196 -0.2689156 -0.02062155
v 0.05554948 -0.2629525 -0.06018239
v 0.06307638 -0.2702831 -0.06181806
v 0.06086836 -0.2650994 -0.06064587
v 0.0557397 -0.25116 -0.09841225
v 0.06106083 -0.2532098 -0.09919053
v 0.06327222 -0.2581589 -0.1011219
v 0.05591982 -0.2338011 -0.1344582
v 0.06345738 -0.2403124 -0.1381802
v 0.06124151 -0.2357078 -0.1355328
v 0.05608423 -0.2112636 -0.167514
v 0.06362684 -0.2171419 -0.1721644
v 0.0614076 -0.2129851 -0.1688606
v 0.05623068 -0.1840508 -0.1968417
v 0.06377666 -0.1891649 -0.2023159
v 0.06155517 -0.185549 -0.1984295
v 0.06168031 -0.1540122 -0.2235791
v 0.05635469 -0.1527716 -0.221786
v 0.0639046 -0.1570069 -0.2279609
v 0.06178131 -0.119079 -0.2437474
v 0.05645457 -0.1181234 -0.2417898
v 0.06400728 -0.1213857 -0.2485266
v 0.06185481 -0.08152975 -0.2584842
v 0.06408191 -0.08309696 -0.2635536
v 0.05652751 -0.08088052 -0.2564063
v 0.06412792 -0.04299632 -0.2727062
v 0.06189914 -0.04220401 -0.2674599
v 0.05657184 -0.04187576 -0.2653089
v 0.06414308 -0.001979361 -0.2757799
v 0.06191429 -0.001979361 -0.2704743
v 0.056587 -0.001979361 -0.2682986
v 0.05657184 0.03791703 -0.2653088
v 0.06189914 0.03824529 -0.2674599
v 0.06412792 0.0390376 -0.2727061
v 0.05652751 0.07692181 -0.2564063
v 0.06185481 0.07757102 -0.2584841
v 0.06408191 0.07913824 -0.2635535
v 0.05645457 0.1141647 -0.2417898
v 0.06400728 0.117427 -0.2485265
v 0.06178131 0.1151202 -0.2437474
v 0.05635469 0.1488123 -0.221786
v 0.0639046 0.1530482 -0.2279608
v 0.06168031 0.1500529 -0.223579
v 0.05623068 0.1800922 -0.1968416
v 0.06377666 0.1852062 -0.2023158
v 0.06155517 0.18159 -0.1984295
v 0.0614076 0.2090263 -0.1688605
v 0.05608423 0.2073045 -0.167514
v 0.06362684 0.2131831 -0.1721644
v 0.06124151 0.2317491 -0.1355328
v 0.06345738 0.2363535 -0.1381802
v 0.05591982 0.229842 -0.1344582
v 0.06327222 0.2542 -0.1011219
v 0.06106026 0.2492508 -0.09919053
v 0.0557397 0.2472008 -0.09841225
v 0.06307638 0.2663238 -0.06181806
v 0.06086836 0.2611404 -0.06064587
v 0.05554948 0.2589934 -0.06018239
v 0.06066973 0.2671524 -0.02075958
v 0.06287382 0.2724542 -0.02114563
v 0.05535196 0.2649564 -0.02062155
v 0.02027561 0.02648808 0.2678023
v 0.05314226 0.02281329 0.2679662
v 0.05314226 0.02648808 0.2679662
v 0.02027561 0.02281329 0.2678023
v 0.02043666 0.02832576 0.2709856
v 0.05314226 0.02648808 0.2679662
v 0.05312599 0.02832576 0.2711489
v 0.02027561 0.02648808 0.2678023
v 0.0205977 0.02648808 0.2741694
v 0.05312599 0.02832576 0.2711489
v 0.05311028 0.02648808 0.274331
v 0.02043666 0.02832576 0.2709856
v 0.05311028 0.02648808 0.274331
v 0.0205977 0.02281329 0.2741694
v 0.0205977 0.02648808 0.2741694
v 0.05311028 0.02281329 0.274331
v 0.05312599 0.02097561 0.2711489
v 0.02043666 0.02097561 0.2709856
v 0.0205977 0.02281329 0.2741694
v 0.05311028 0.02281329 0.274331
v 0.05314226 0.02281329 0.2679662
v 0.02027561 0.02281329 0.2678023
v 0.02043666 0.02097561 0.2709856
v 0.05312599 0.02097561 0.2711489
v 0.01303993 0.02648808 0.2694032
v 0.02027561 0.02281329 0.2678023
v 0.02027561 0.02648808 0.2678023
v 0.01303993 0.02281329 0.2694027
v 0.01438887 0.02832576 0.2723059
v 0.02027561 0.02648808 0.2678023
v 0.02043666 0.02832576 0.2709856
v 0.01303993 0.02648808 0.2694032
v 0.007180128 0.02648808 0.2738456
v 0.009608107 0.02832576 0.2759308
v 0.006731791 0.02832576 0.2812603
v 0.003651788 0.02648808 0.2803838
v 0.01573781 0.02648808 0.2752092
v 0.02043666 0.02832576 0.2709856
v 0.0205977 0.02648808 0.2741694
v 0.01438887 0.02832576 0.2723059
v 0.009608107 0.02832576 0.2759308
v 0.01203609 0.02648808 0.2780164
v 0.009811233 0.02648808 0.2821368
v 0.006731791 0.02832576 0.2812603
v 0.0205977 0.02648808 0.2741694
v 0.0205977 0.02281329 0.2741694
v 0.01573781 0.02281329 0.2752092
v 0.01573781 0.02648808 0.2752092
v 0.01203609 0.02281329 0.2780164
v 0.01203609 0.02648808 0.2780164
v 0.009811233 0.02648808 0.2821368
v 0.009811233 0.02281329 0.2821368
v 0.01573781 0.02281329 0.2752092
v 0.0205977 0.02281329 0.2741694
v 0.02043666 0.02097561 0.2709856
v 0.01438887 0.02097561 0.2723059
v 0.009608107 0.02097561 0.2759308
v 0.01203609 0.02281329 0.2780164
v 0.009811233 0.02281329 0.2821368
v 0.006731791 0.02097561 0.2812603
v 0.01438887 0.02097561 0.2723059
v 0.02043666 0.02097561 0.2709856
v 0.02027561 0.02281329 0.2678023
v 0.01303993 0.02281329 0.2694027
v 0.007180128 0.02281329 0.2738456
v 0.009608107 0.02097561 0.2759308
v 0.006731791 0.02097561 0.2812603
v 0.003651788 0.02281329 0.2803838
v 0.007180128 0.02648808 0.2738456
v 0.01303993 0.02281329 0.2694027
v 0.01303993 0.02648808 0.2694032
v 0.007180128 0.02281329 0.2738456
v 0.003651788 0.02648808 0.2803838
v 0.007180128 0.02281329 0.2738456
v 0.007180128 0.02648808 0.2738456
v 0.003651788 0.02281329 0.2803838
v 0.002288259 0.02648808 0.2974818
v 0.003651788 0.02281329 0.2803838
v 0.003651788 0.02648808 0.2803838
v 0.002288259 0.02281329 0.2974818
v 0.002288259 0.02648808 0.2974818
v 0.003651788 0.02648808 0.2803838
v 0.006731791 0.02832576 0.2812603
v 0.005465898 0.02832576 0.2976591
v 0.005465898 0.02832576 0.2976591
v 0.006731791 0.02832576 0.2812603
v 0.009811233 0.02648808 0.2821368
v 0.008643537 0.02648808 0.2978364
v 0.008643537 0.02648808 0.2978364
v 0.009811233 0.02648808 0.2821368
v 0.009811233 0.02281329 0.2821368
v 0.008643537 0.02281329 0.2978364
v 0.005465898 0.02097561 0.2976591
v 0.009811233 0.02281329 0.2821368
v 0.006731791 0.02097561 0.2812603
v 0.008643537 0.02281329 0.2978364
v 0.002288259 0.02281329 0.2974818
v 0.006731791 0.02097561 0.2812603
v 0.003651788 0.02281329 0.2803838
v 0.005465898 0.02097561 0.2976591
v -0.00887023 0.04209235 -0.300986
v -0.01225436 0.04017219 -0.3013962
v -0.02357445 -0.0005148302 -0.01748767
v -0.02019088 0.001404771 -0.01707806
v -0.01225717 0.04404506 -0.3008412
v -0.02357726 0.00335804 -0.01693328
v -0.02357445 -0.0005148302 -0.01748767
v -0.01225436 0.04017219 -0.3013962
v -0.02019088 0.001404771 -0.01707806
v -0.01225717 0.04404506 -0.3008412
v -0.00887023 0.04209235 -0.300986
v -0.02357726 0.00335804 -0.01693328
v 0.01516603 -0.003462408 -0.01786026
v 0.01855128 -0.0054168 -0.01769978
v 0.01006374 -0.04344016 -0.3020757
v 0.006678484 -0.04148634 -0.3022362
v 0.01006598 -0.03956281 -0.3025942
v 0.01006374 -0.04344016 -0.3020757
v 0.01855128 -0.0054168 -0.01769978
v 0.01855409 -0.001538879 -0.01821826
v 0.006678484 -0.04148634 -0.3022362
v 0.01006598 -0.03956281 -0.3025942
v 0.01855409 -0.001538879 -0.01821826
v 0.01516603 -0.003462408 -0.01786026
v -0.01234975 -0.1176329 -0.2821901
v -0.0235795 -0.009716684 -0.01645409
v -0.02019088 -0.007860489 -0.01706459
v -0.008961132 -0.1157768 -0.2828006
v -0.02357221 -0.006092391 -0.01792591
v -0.0235795 -0.009716684 -0.01645409
v -0.01234975 -0.1176329 -0.2821901
v -0.01234246 -0.1140081 -0.2836613
v -0.008961132 -0.1157768 -0.2828006
v -0.02019088 -0.007860489 -0.01706459
v -0.02357221 -0.006092391 -0.01792591
v -0.01234246 -0.1140081 -0.2836613
v -0.02364964 -0.02077529 -0.002406375
v -0.0101653 -0.3048813 -0.04119623
v -0.01356066 -0.3052494 -0.03928842
v -0.02025429 -0.02040776 -0.004314193
v -0.01354158 -0.3047455 -0.04316802
v -0.02363057 -0.02027197 -0.006285978
v -0.02364964 -0.02077529 -0.002406375
v -0.01356066 -0.3052494 -0.03928842
v -0.02025429 -0.02040776 -0.004314193
v -0.01354158 -0.3047455 -0.04316802
v -0.0101653 -0.3048813 -0.04119623
v -0.02363057 -0.02027197 -0.006285978
v 0.01515368 -0.01237528 -0.01532903
v 0.01853389 -0.01399132 -0.01420398
v 0.009757927 -0.1900846 -0.2407022
v 0.006377723 -0.1884691 -0.2418275
v 0.01853389 -0.01399132 -0.01420398
v 0.01854567 -0.0109029 -0.01660503
v 0.00976971 -0.1869967 -0.2431035
v 0.009757927 -0.1900846 -0.2407022
v 0.006377723 -0.1884691 -0.2418275
v 0.00976971 -0.1869967 -0.2431035
v 0.01854567 -0.0109029 -0.01660503
v 0.01515368 -0.01237528 -0.01532903
v -0.023607 -0.01714427 -0.01092478
v -0.009435842 -0.2429833 -0.1875565
v -0.01282895 -0.2442711 -0.1860962
v -0.02021389 -0.01585705 -0.01238538
v -0.0128138 -0.2418813 -0.1891935
v -0.02359185 -0.01475501 -0.01402218
v -0.023607 -0.01714427 -0.01092478
v -0.01282895 -0.2442711 -0.1860962
v -0.02021389 -0.01585705 -0.01238538
v -0.0128138 -0.2418813 -0.1891935
v -0.009435842 -0.2429833 -0.1875565
v -0.02359185 -0.01475501 -0.01402218
v 0.01849741 -0.01963677 -0.006863935
v 0.009125541 -0.2858374 -0.1138067
v 0.005748142 -0.2850002 -0.1155955
v 0.01512058 -0.01879958 -0.008652234
v 0.009143497 -0.2843796 -0.1174371
v 0.009125541 -0.2858374 -0.1138067
v 0.01849741 -0.01963677 -0.006863935
v 0.01851537 -0.01817898 -0.01049384
v 0.01512058 -0.01879958 -0.008652234
v 0.005748142 -0.2850002 -0.1155955
v 0.009143497 -0.2843796 -0.1174371
v 0.01851537 -0.01817898 -0.01049384
v 0.008338286 -0.3046181 0.04404787
v 0.00496257 -0.3047876 0.04207888
v 0.01507569 -0.02098459 0.0003515435
v 0.0184514 -0.02081513 0.002320524
v 0.008357924 -0.3051883 0.04017724
v 0.008338286 -0.3046181 0.04404787
v 0.0184514 -0.02081513 0.002320524
v 0.01847048 -0.02138523 -0.001549541
v 0.00496257 -0.3047876 0.04207888
v 0.008357924 -0.3051883 0.04017724
v 0.01847048 -0.02138523 -0.001549541
v 0.01507569 -0.02098459 0.0003515435
v 0.006569626 0.1159148 -0.2803676
v 0.01515481 0.005512191 -0.01555573
v 0.01854455 0.003751387 -0.01639966
v 0.009959369 0.114154 -0.2812115
v 0.01853725 0.007362213 -0.01489416
v 0.009952075 0.1177648 -0.2797054
v 0.009959369 0.114154 -0.2812115
v 0.01854455 0.003751387 -0.01639966
v 0.01515481 0.005512191 -0.01555573
v 0.006569626 0.1159148 -0.2803676
v 0.009952075 0.1177648 -0.2797054
v 0.01853725 0.007362213 -0.01489416
v -0.009188387 0.1876235 -0.2371607
v -0.01256803 0.1861634 -0.2384843
v -0.02359297 0.007955319 -0.01374498
v -0.02021389 0.00941536 -0.0124213
v -0.02360532 0.01102073 -0.01131476
v -0.01256803 0.1861634 -0.2384843
v -0.01257981 0.1892288 -0.2360541
v -0.02359297 0.007955319 -0.01374498
v -0.02021389 0.00941536 -0.0124213
v -0.01257981 0.1892288 -0.2360541
v -0.009188387 0.1876235 -0.2371607
v -0.02360532 0.01102073 -0.01131476
v 0.01512226 0.01210314 -0.009044459
v 0.01851593 0.01101625 -0.01065769
v 0.009473998 0.2397749 -0.1837916
v 0.006080327 0.2408619 -0.1821782
v 0.009458287 0.2421353 -0.180672
v 0.009473998 0.2397749 -0.1837916
v 0.01851593 0.01101625 -0.01065769
v 0.01850078 0.01337689 -0.007538405
v 0.006080327 0.2408619 -0.1821782
v 0.009458287 0.2421353 -0.180672
v 0.01850078 0.01337689 -0.007538405
v 0.01512226 0.01210314 -0.009044459
v -0.01320546 0.2805767 -0.1105892
v -0.02363057 0.01338587 -0.006245017
v -0.02025429 0.01398851 -0.004363572
v -0.009828627 0.2811797 -0.1087083
v -0.01320546 0.2805767 -0.1105892
v -0.01322342 0.2820004 -0.1069458
v -0.02364852 0.01480943 -0.002601085
v -0.02363057 0.01338587 -0.006245017
v -0.02364852 0.01480943 -0.002601085
v -0.01322342 0.2820004 -0.1069458
v -0.009828627 0.2811797 -0.1087083
v -0.02025429 0.01398851 -0.004363572
v 0.01507793 0.01451653 -9.903818E-05
v 0.01847329 0.01439869 -0.002037718
v 0.008738927 0.2992067 -0.03635094
v 0.005343573 0.299324 -0.0344117
v 0.01847329 0.01439869 -0.002037718
v 0.01845365 0.01486611 0.001845814
v 0.008719848 0.2996736 -0.03246685
v 0.008738927 0.2992067 -0.03635094
v 0.005343573 0.299324 -0.0344117
v 0.008719848 0.2996736 -0.03246685
v 0.01845365 0.01486611 0.001845814
v 0.01507793 0.01451653 -9.903818E-05
v -0.01052105 0.2998043 0.03017017
v -0.01389733 0.3001 0.02821634
v -0.02367097 0.01444807 0.001850864
v -0.02029469 0.01415236 0.003804693
v -0.02369061 0.01408951 0.005746178
v -0.02367097 0.01444807 0.001850864
v -0.01389733 0.3001 0.02821634
v -0.01391641 0.2997409 0.03211166
v -0.02029469 0.01415236 0.003804693
v -0.02369061 0.01408951 0.005746178
v -0.01391641 0.2997409 0.03211166
v -0.01052105 0.2998043 0.03017017
v 0.004650025 0.2826279 0.1047114
v 0.01503809 0.01263228 0.007850389
v 0.01843289 0.01340326 0.006066018
v 0.008044818 0.2833987 0.102927
v 0.008026301 0.2820772 0.1066086
v 0.008044818 0.2833987 0.102927
v 0.01841437 0.01208182 0.009748107
v 0.01843289 0.01340326 0.006066018
v 0.004650025 0.2826279 0.1047114
v 0.008026301 0.2820772 0.1066086
v 0.01503809 0.01263228 0.007850389
v 0.01841437 0.01208182 0.009748107
v -0.01127464 0.2414524 0.1813883
v -0.01465316 0.2427003 0.1798604
v -0.02371473 0.01102354 0.01065264
v -0.02033678 0.009775601 0.01218057
v -0.01466887 0.2403933 0.18302
v -0.02373045 0.008716763 0.01381232
v -0.02371473 0.01102354 0.01065264
v -0.01465316 0.2427003 0.1798604
v -0.01466887 0.2403933 0.18302
v -0.02033678 0.009775601 0.01218057
v -0.02373045 0.008716763 0.01381232
v -0.01127464 0.2414524 0.1813883
v 0.0150033 0.006300007 0.01486555
v 0.01839473 0.007885739 0.01373208
v 0.007384376 0.1899016 0.2353997
v 0.00399295 0.1883156 0.2365337
v 0.01838238 0.00486241 0.01621393
v 0.007372031 0.186878 0.2378821
v 0.007384376 0.1899016 0.2353997
v 0.01839473 0.007885739 0.01373208
v 0.00399295 0.1883156 0.2365337
v 0.007372031 0.186878 0.2378821
v 0.01838238 0.00486241 0.01621393
v 0.0150033 0.006300007 0.01486555
v -0.01514863 0.1186458 0.2792666
v -0.02374335 0.003744092 0.01637609
v -0.0203609 0.001905293 0.01706908
v -0.01176619 0.1168064 0.2799596
v -0.01515649 0.1150613 0.2808333
v -0.02375121 0.0001596395 0.01794274
v -0.02374335 0.003744092 0.01637609
v -0.01514863 0.1186458 0.2792666
v -0.01176619 0.1168064 0.2799596
v -0.0203609 0.001905293 0.01706908
v -0.02375121 0.0001596395 0.01794274
v -0.01515649 0.1150613 0.2808333
v 0.01498927 -0.002542728 0.01763132
v 0.01837621 -0.0005933874 0.01745345
v 0.007059487 0.04492995 0.3006269
v 0.003672549 0.04298005 0.3008048
v 0.00705612 0.04106774 0.3012475
v 0.007059487 0.04492995 0.3006269
v 0.01837621 -0.0005933874 0.01745345
v 0.01837284 -0.004455596 0.01807405
v 0.003672549 0.04298005 0.3008048
v 0.00705612 0.04106774 0.3012475
v 0.01837284 -0.004455596 0.01807405
v 0.01498927 -0.002542728 0.01763132
v -0.01187785 -0.04052626 0.3023103
v -0.01526535 -0.03859711 0.3026357
v -0.02375009 -0.005427461 0.01765264
v -0.02036259 -0.007356601 0.01732719
v -0.0152631 -0.04248289 0.3021834
v -0.02374784 -0.009312675 0.01720038
v -0.02375009 -0.005427461 0.01765264
v -0.01526535 -0.03859711 0.3026357
v -0.02036259 -0.007356601 0.01732719
v -0.0152631 -0.04248289 0.3021834
v -0.01187785 -0.04052626 0.3023103
v -0.02374784 -0.009312675 0.01720038
v 0.003761207 -0.1149435 0.2831025
v 0.01499937 -0.01157512 0.01556527
v 0.01838126 -0.009792436 0.01639629
v 0.007142533 -0.1131608 0.2839335
v 0.01838126 -0.009792436 0.01639629
v 0.01838856 -0.01344142 0.01498619
v 0.007149827 -0.1168098 0.282524
v 0.007142533 -0.1131608 0.2839335
v 0.01499937 -0.01157512 0.01556527
v 0.003761207 -0.1149435 0.2831025
v 0.007149827 -0.1168098 0.282524
v 0.01838856 -0.01344142 0.01498619
v -0.01157877 -0.1876936 0.242352
v -0.01497076 -0.1861999 0.2436033
v -0.02373213 -0.013993 0.01413496
v -0.02034014 -0.01548727 0.01288422
v -0.02372034 -0.01712182 0.01178667
v -0.02373213 -0.013993 0.01413496
v -0.01497076 -0.1861999 0.2436033
v -0.01495897 -0.1893282 0.2412545
v -0.02034014 -0.01548727 0.01288422
v -0.01495897 -0.1893282 0.2412545
v -0.01157877 -0.1876936 0.242352
v -0.02372034 -0.01712182 0.01178667
v 0.007611631 -0.2413117 0.1898669
v 0.004233672 -0.2424418 0.1882486
v 0.01503136 -0.01833609 0.00923019
v 0.01840876 -0.01720655 0.01084791
v 0.007626782 -0.2437537 0.1868104
v 0.007611631 -0.2413117 0.1898669
v 0.01842447 -0.01964856 0.007792032
v 0.01840876 -0.01720655 0.01084791
v 0.004233672 -0.2424418 0.1882486
v 0.007626782 -0.2437537 0.1868104
v 0.01842447 -0.01964856 0.007792032
v 0.01503136 -0.01833609 0.00923019
v -0.01434623 -0.2839593 0.1182474
v -0.02369566 -0.01961994 0.006780889
v -0.0203003 -0.02027197 0.004949945
v -0.01095087 -0.2846113 0.1164164
v -0.01432827 -0.2854788 0.1146427
v -0.0236777 -0.02113946 0.003176236
v -0.02369566 -0.01961994 0.006780889
v -0.01434623 -0.2839593 0.1182474
v -0.01095087 -0.2846113 0.1164164
v -0.0203003 -0.02027197 0.004949945
v -0.0236777 -0.02113946 0.003176236
v -0.01432827 -0.2854788 0.1146427
v -0.02175025 -0.01116999 0.00150914
v -0.0217205 -0.008658406 -0.004554915
v -0.06407013 -0.008658406 -0.004765897
v -0.06410043 -0.01116999 0.001298158
v -0.06413073 -0.008658406 0.007361651
v -0.02178054 -0.008658406 0.007573194
v -0.0217205 0.003469703 -0.004554915
v -0.02175025 0.005981289 0.00150914
v -0.06407013 0.003469703 -0.004765897
v -0.06410043 0.005981289 0.001298158
v -0.02178054 0.003469703 0.007573194
v -0.06413073 0.003469703 0.007361651
v -0.06413073 0.003469703 0.007361651
v -0.02178054 0.003469703 0.007573194
v -0.02179345 -0.002594351 0.01008478
v -0.06414308 -0.002594351 0.009873798
v -0.02178054 -0.008658406 0.007573194
v -0.06413073 -0.008658406 0.007361651
v 0.005333473 -0.287289 -0.01832487
v 0.0009651313 -0.3035891 -0.01710835
v 0.004152309 -0.3036833 -0.01893481
v 0.002240002 -0.2864961 -0.0164726
v 0.008408426 -0.2882177 -0.01650515
v 0.004152309 -0.3036833 -0.01893481
v 0.007322092 -0.3039123 -0.01708871
v 0.005333473 -0.287289 -0.01832487
v 0.007303575 -0.3040475 -0.01341617
v 0.00839047 -0.2883529 -0.0128326
v 0.008408426 -0.2882177 -0.01650515
v 0.007322092 -0.3039123 -0.01708871
v 0.004115836 -0.3039538 -0.01159027
v 0.005297 -0.28756 -0.01098033
v 0.00839047 -0.2883529 -0.0128326
v 0.007303575 -0.3040475 -0.01341617
v 0.0009466143 -0.3037249 -0.01343637
v 0.002221485 -0.2866314 -0.01280005
v 0.005297 -0.28756 -0.01098033
v 0.004115836 -0.3039538 -0.01159027
v 0.0009651313 -0.3035891 -0.01710835
v 0.002240002 -0.2864961 -0.0164726
v 0.002221485 -0.2866314 -0.01280005
v 0.0009466143 -0.3037249 -0.01343637
v 0.005734676 -0.279945 -0.01621393
v 0.002240002 -0.2864961 -0.0164726
v 0.005333473 -0.287289 -0.01832487
v 0.008182294 -0.2819494 -0.01811389
v 0.01157091 -0.2754762 -0.01601978
v 0.01294398 -0.2783032 -0.01795621
v 0.01879818 -0.2738411 -0.01592383
v 0.01898503 -0.2769537 -0.01787597
v 0.01061139 -0.2840889 -0.01634186
v 0.005333473 -0.287289 -0.01832487
v 0.008408426 -0.2882177 -0.01650515
v 0.008182294 -0.2819494 -0.01811389
v 0.01429909 -0.2812653 -0.01621954
v 0.01294398 -0.2783032 -0.01795621
v 0.01898503 -0.2769537 -0.01787597
v 0.01915337 -0.2802015 -0.01615613
v 0.01061139 -0.2840889 -0.01634186
v 0.008408426 -0.2882177 -0.01650515
v 0.00839047 -0.2883529 -0.0128326
v 0.01059344 -0.2842242 -0.01266987
v 0.01429909 -0.2812653 -0.01621954
v 0.01428058 -0.2814006 -0.01254755
v 0.01915337 -0.2802015 -0.01615613
v 0.01913485 -0.2803367 -0.01248414
v 0.00814582 -0.2822198 -0.01076935
v 0.00839047 -0.2883529 -0.0128326
v 0.005297 -0.28756 -0.01098033
v 0.01059344 -0.2842242 -0.01266987
v 0.01290751 -0.2785736 -0.01061111
v 0.01428058 -0.2814006 -0.01254755
v 0.018948 -0.2772242 -0.01053143
v 0.01913485 -0.2803367 -0.01248414
v 0.00814582 -0.2822198 -0.01076935
v 0.005297 -0.28756 -0.01098033
v 0.002221485 -0.2866314 -0.01280005
v 0.005716159 -0.2800803 -0.01254138
v 0.01290751 -0.2785736 -0.01061111
v 0.01155296 -0.2756115 -0.01234779
v 0.01877966 -0.2739764 -0.01225128
v 0.018948 -0.2772242 -0.01053143
v 0.002240002 -0.2864961 -0.0164726
v 0.005734676 -0.279945 -0.01621393
v 0.005716159 -0.2800803 -0.01254138
v 0.002221485 -0.2866314 -0.01280005
v 0.005716159 -0.2800803 -0.01254138
v 0.005734676 -0.279945 -0.01621393
v 0.01157091 -0.2754762 -0.01601978
v 0.01155296 -0.2756115 -0.01234779
v 0.01155296 -0.2756115 -0.01234779
v 0.01157091 -0.2754762 -0.01601978
v 0.01879818 -0.2738411 -0.01592383
v 0.01877966 -0.2739764 -0.01225128
v 0.01898503 -0.2769537 -0.01787597
v 0.05167437 -0.2769537 -0.01771325
v 0.05166482 -0.2738411 -0.01575998
v 0.01879818 -0.2738411 -0.01592383
v 0.01915337 -0.2802015 -0.01615613
v 0.05166595 -0.2802015 -0.01599397
v 0.05167437 -0.2769537 -0.01771325
v 0.01898503 -0.2769537 -0.01787597
v 0.01915337 -0.2802015 -0.01615613
v 0.01913485 -0.2803367 -0.01248414
v 0.05164743 -0.2803367 -0.01232198
v 0.05166595 -0.2802015 -0.01599397
v 0.05163789 -0.2772242 -0.01036871
v 0.05164743 -0.2803367 -0.01232198
v 0.01913485 -0.2803367 -0.01248414
v 0.018948 -0.2772242 -0.01053143
v 0.05164631 -0.2739764 -0.01208743
v 0.05163789 -0.2772242 -0.01036871
v 0.018948 -0.2772242 -0.01053143
v 0.01877966 -0.2739764 -0.01225128
v 0.01877966 -0.2739764 -0.01225128
v 0.01879818 -0.2738411 -0.01592383
v 0.05166482 -0.2738411 -0.01575998
v 0.05164631 -0.2739764 -0.01208743
v 0.003614753 0.02281329 -0.3026223
v 0.004808262 0.02281329 -0.2855114
v 0.007896121 0.02097561 -0.2863576
v 0.006794075 0.02097561 -0.3027681
v 0.006794075 0.02097561 -0.3027681
v 0.007896121 0.02097561 -0.2863576
v 0.01098454 0.02281329 -0.2872032
v 0.009973397 0.02281329 -0.3029135
v 0.009973397 0.02648808 -0.3029135
v 0.009973397 0.02281329 -0.3029135
v 0.01098454 0.02648808 -0.2872032
v 0.01098454 0.02281329 -0.2872032
v 0.006794075 0.02832576 -0.3027681
v 0.009973397 0.02648808 -0.3029135
v 0.01098454 0.02648808 -0.2872032
v 0.007896121 0.02832576 -0.2863576
v 0.003614753 0.02648808 -0.3026223
v 0.006794075 0.02832576 -0.3027681
v 0.007896121 0.02832576 -0.2863576
v 0.004808262 0.02648808 -0.2855114
v 0.004808262 0.02648808 -0.2855114
v 0.004808262 0.02281329 -0.2855114
v 0.003614753 0.02281329 -0.3026223
v 0.003614753 0.02648808 -0.3026223
v 0.007896121 0.02097561 -0.2863576
v 0.004808262 0.02281329 -0.2855114
v 0.008270951 0.02281329 -0.2789384
v 0.01071969 0.02097561 -0.2809999
v 0.01546398 0.02097561 -0.2773274
v 0.01408643 0.02281329 -0.2744379
v 0.02130527 0.02281329 -0.2727653
v 0.0214983 0.02097561 -0.2759469
v 0.01098454 0.02281329 -0.2872032
v 0.007896121 0.02097561 -0.2863576
v 0.01071969 0.02097561 -0.2809999
v 0.01316787 0.02281329 -0.2830609
v 0.0168421 0.02281329 -0.2802166
v 0.01546398 0.02097561 -0.2773274
v 0.0214983 0.02097561 -0.2759469
v 0.02169076 0.02281329 -0.2791286
v 0.01098454 0.02648808 -0.2872032
v 0.01098454 0.02281329 -0.2872032
v 0.01316787 0.02281329 -0.2830609
v 0.01316787 0.02648808 -0.2830609
v 0.0168421 0.02648808 -0.2802166
v 0.0168421 0.02281329 -0.2802166
v 0.02169076 0.02648808 -0.2791286
v 0.02169076 0.02281329 -0.2791286
v 0.01071969 0.02832576 -0.2809999
v 0.007896121 0.02832576 -0.2863576
v 0.01098454 0.02648808 -0.2872032
v 0.01316787 0.02648808 -0.2830609
v 0.0168421 0.02648808 -0.2802166
v 0.01546398 0.02832576 -0.2773274
v 0.0214983 0.02832576 -0.2759469
v 0.02169076 0.02648808 -0.2791286
v 0.008270951 0.02648808 -0.2789384
v 0.004808262 0.02648808 -0.2855114
v 0.007896121 0.02832576 -0.2863576
v 0.01071969 0.02832576 -0.2809999
v 0.01546398 0.02832576 -0.2773274
v 0.01408643 0.02648808 -0.2744379
v 0.02130527 0.02648808 -0.2727652
v 0.0214983 0.02832576 -0.2759469
v 0.008270951 0.02648808 -0.2789384
v 0.008270951 0.02281329 -0.2789384
v 0.004808262 0.02281329 -0.2855114
v 0.004808262 0.02648808 -0.2855114
v 0.01408643 0.02648808 -0.2744379
v 0.01408643 0.02281329 -0.2744379
v 0.008270951 0.02281329 -0.2789384
v 0.008270951 0.02648808 -0.2789384
v 0.02130527 0.02648808 -0.2727652
v 0.02130527 0.02281329 -0.2727653
v 0.01408643 0.02281329 -0.2744379
v 0.01408643 0.02648808 -0.2744379
v 0.0214983 0.02097561 -0.2759469
v 0.02130527 0.02281329 -0.2727653
v 0.05417192 0.02281329 -0.2726015
v 0.05418764 0.02097561 -0.275784
v 0.02169076 0.02281329 -0.2791286
v 0.0214983 0.02097561 -0.2759469
v 0.05418764 0.02097561 -0.275784
v 0.05420334 0.02281329 -0.2789664
v 0.02169076 0.02648808 -0.2791286
v 0.02169076 0.02281329 -0.2791286
v 0.05420334 0.02648808 -0.2789664
v 0.05420334 0.02281329 -0.2789664
v 0.0214983 0.02832576 -0.2759469
v 0.02169076 0.02648808 -0.2791286
v 0.05418764 0.02832576 -0.275784
v 0.05420334 0.02648808 -0.2789664
v 0.02130527 0.02648808 -0.2727652
v 0.0214983 0.02832576 -0.2759469
v 0.05417192 0.02648808 -0.2726015
v 0.05418764 0.02832576 -0.275784
v 0.05417192 0.02648808 -0.2726015
v 0.05417192 0.02281329 -0.2726015
v 0.02130527 0.02281329 -0.2727653
v 0.02130527 0.02648808 -0.2727652
v -0.0002945895 0.2982096 0.008458646
v 0.001001604 0.2810083 0.007831311
v 0.002797758 0.2816223 0.004677801
v 0.001556555 0.29842 0.005290547
v 0.001556555 0.29842 0.005290547
v 0.002797758 0.2816223 0.004677801
v 0.006359205 0.2826162 0.00473223
v 0.005226298 0.2986063 0.005315797
v 0.005226298 0.2986063 0.005315797
v 0.006359205 0.2826162 0.00473223
v 0.008123375 0.2829959 0.007940168
v 0.007045459 0.2985822 0.008508586
v 0.008123375 0.2829959 0.007940168
v 0.006327221 0.2823819 0.01109312
v 0.005194875 0.2983717 0.01167669
v 0.007045459 0.2985822 0.008508586
v 0.006327221 0.2823819 0.01109312
v 0.002766336 0.2813881 0.01103869
v 0.001524571 0.2981855 0.01165144
v 0.005194875 0.2983717 0.01167669
v 0.002766336 0.2813881 0.01103869
v 0.001001604 0.2810083 0.007831311
v -0.0002945895 0.2982096 0.008458646
v 0.001524571 0.2981855 0.01165144
v 0.001001604 0.2810083 0.007831311
v 0.00602197 0.2755831 0.004471868
v 0.002797758 0.2816223 0.004677801
v 0.004598401 0.2742697 0.007600689
v 0.01060298 0.2696738 0.007461531
v 0.01140594 0.2714621 0.004346738
v 0.01801429 0.2679941 0.007436842
v 0.01813156 0.2699474 0.004324293
v 0.006359205 0.2826162 0.00473223
v 0.002797758 0.2816223 0.004677801
v 0.00602197 0.2755831 0.004471868
v 0.008836563 0.2779756 0.004573993
v 0.01297933 0.2748041 0.004477479
v 0.01140594 0.2714621 0.004346738
v 0.01813156 0.2699474 0.004324293
v 0.01833525 0.2736198 0.004460646
v 0.006359205 0.2826162 0.00473223
v 0.01022815 0.2790547 0.007805499
v 0.008123375 0.2829959 0.007940168
v 0.008836563 0.2779756 0.004573993
v 0.01297933 0.2748041 0.004477479
v 0.01375032 0.276358 0.007723575
v 0.01833525 0.2736198 0.004460646
v 0.0184211 0.2753389 0.007708986
v 0.006327221 0.2823819 0.01109312
v 0.008123375 0.2829959 0.007940168
v 0.01022815 0.2790547 0.007805499
v 0.00880514 0.2777413 0.01093432
v 0.01294791 0.2745698 0.01083837
v 0.01375032 0.276358 0.007723575
v 0.01830383 0.2733856 0.01082153
v 0.0184211 0.2753389 0.007708986
v 0.002766336 0.2813881 0.01103869
v 0.006327221 0.2823819 0.01109312
v 0.005989986 0.2753488 0.0108322
v 0.00880514 0.2777413 0.01093432
v 0.01294791 0.2745698 0.01083837
v 0.01137396 0.2712277 0.01070763
v 0.01810014 0.2697131 0.01068518
v 0.01830383 0.2733856 0.01082153
v 0.001001604 0.2810083 0.007831311
v 0.002766336 0.2813881 0.01103869
v 0.005989986 0.2753488 0.0108322
v 0.004598401 0.2742697 0.007600689
v 0.01060298 0.2696738 0.007461531
v 0.01137396 0.2712277 0.01070763
v 0.01801429 0.2679941 0.007436842
v 0.01810014 0.2697131 0.01068518
v 0.01813156 0.2699474 0.004324293
v 0.01801429 0.2679941 0.007436842
v 0.05090787 0.2679941 0.007600689
v 0.05092358 0.2699474 0.004488141
v 0.01833525 0.2736198 0.004460646
v 0.01813156 0.2699474 0.004324293
v 0.05092358 0.2699474 0.004488141
v 0.05092302 0.2736198 0.004623372
v 0.0184211 0.2753389 0.007708986
v 0.01833525 0.2736198 0.004460646
v 0.05092302 0.2736198 0.004623372
v 0.05090675 0.2753389 0.007871151
v 0.01830383 0.2733856 0.01082153
v 0.0184211 0.2753389 0.007708986
v 0.05089103 0.2733856 0.0109837
v 0.05090675 0.2753389 0.007871151
v 0.0508916 0.2697131 0.01084847
v 0.01810014 0.2697131 0.01068518
v 0.01830383 0.2733856 0.01082153
v 0.05089103 0.2733856 0.0109837
v 0.01801429 0.2679941 0.007436842
v 0.01810014 0.2697131 0.01068518
v 0.05090787 0.2679941 0.007600689
v 0.0508916 0.2697131 0.01084847
v 0.02240732 0.0234165 -0.01813689
v 0.02246399 0.007884618 -0.02942107
v 0.02280179 0.004033071 -0.01756511
v 0.02246399 -0.01131364 -0.02942107
v 0.02276812 0.01333256 -0.01080863
v 0.02271369 0.01688447 0.0001237276
v 0.02231642 0.02934925 0.0001214831
v 0.02222552 0.0234165 0.01838042
v 0.02265926 0.01333256 0.01105608
v 0.0221694 0.007884618 0.0296646
v 0.02271369 0.01539356 0.0001237276
v 0.02276363 0.01212614 -0.009932155
v 0.02266319 0.01212614 0.01017961
v 0.02279449 0.003572389 -0.01614715
v 0.02263233 0.003572389 0.01639405
v 0.02280179 -0.007462092 -0.01756455
v 0.02279449 -0.007001411 -0.01614715
v 0.0226256 0.004033071 0.017812
v 0.02263233 -0.007000849 0.01639405
v 0.02276812 -0.01676158 -0.01080863
v 0.02240732 -0.02684552 -0.01813689
v 0.02276363 -0.01555517 -0.009932155
v 0.0226256 -0.007461531 0.017812
v 0.0221694 -0.01131364 0.0296646
v 0.02266319 -0.01555517 0.01017961
v 0.02271369 -0.02031349 0.0001237276
v 0.02231642 -0.03277771 0.0001214831
v 0.02271369 -0.01882258 0.0001237276
v 0.02222552 -0.02684552 0.01837986
v 0.02265926 -0.01676158 0.01105552
v 0.02119137 0.007884618 0.02965955
v 0.02085357 0.004033071 0.01780302
v 0.02088724 0.01333256 0.01104711
v 0.02085357 -0.007461531 0.01780359
v 0.02124804 0.0234165 0.01837537
v 0.02119137 -0.01131364 0.02965955
v 0.02088724 -0.01676158 0.01104711
v 0.02124804 -0.02684552 0.01837537
v 0.02094167 0.01688447 0.0001147496
v 0.02133894 0.02934925 0.0001169941
v 0.02094167 -0.02031349 0.0001147496
v 0.02133894 -0.03277771 0.0001169941
v 0.02142984 -0.02684552 -0.01814194
v 0.0209961 -0.01676158 -0.01081705
v 0.02142984 0.0234165 -0.01814194
v 0.0209961 0.01333256 -0.01081761
v 0.02148595 -0.01131364 -0.02942612
v 0.02102976 -0.007462092 -0.01757353
v 0.02102976 0.004033071 -0.01757353
v 0.02148595 0.007884618 -0.02942612
v -0.02661967 -0.02684552 0.01813689
v -0.02652821 -0.03277771 -0.0001220442
v -0.02692548 -0.02031349 -0.0001237276
v -0.0264373 -0.02684552 -0.01838042
v -0.02697991 -0.01676158 0.01080807
v -0.02667578 -0.01131364 0.02942107
v -0.02687105 -0.01676158 -0.01105608
v -0.02638119 -0.01131364 -0.0296646
v -0.02701358 -0.007461531 0.01756455
v -0.02667578 0.007884618 0.02942107
v -0.02683738 -0.007462092 -0.017812
v -0.02638119 0.007884618 -0.0296646
v -0.02683738 0.004033071 -0.017812
v -0.0264373 0.0234165 -0.01838042
v -0.02684412 -0.007001411 -0.01639461
v -0.02687554 -0.01555517 -0.01017961
v -0.02692548 -0.01882258 -0.0001237276
v -0.02697542 -0.01555517 0.009932155
v -0.02684412 0.003572389 -0.01639461
v -0.02700684 -0.007000849 0.01614659
v -0.02687554 0.01212614 -0.01017961
v -0.02687105 0.01333256 -0.01105608
v -0.02652821 0.02934925 -0.0001214831
v -0.02692548 0.01539356 -0.0001237276
v -0.02701358 0.004033071 0.01756455
v -0.02700684 0.003572389 0.01614659
v -0.02661967 0.02341594 0.01813689
v -0.02697542 0.01212614 0.009932155
v -0.02697991 0.01333256 0.01080863
v -0.02692548 0.01688447 -0.0001237276
v -0.02555073 0.02934925 -0.0001169941
v -0.02515402 0.01688447 -0.0001147496
v -0.02520844 0.01333256 0.01081705
v -0.02509959 0.01333256 -0.01104711
v -0.02564163 0.02341594 0.01814194
v -0.02545983 0.0234165 -0.01837593
v -0.02524211 0.004033071 0.01757353
v -0.02506592 0.004033071 -0.01780359
v -0.0256983 0.007884618 0.02942612
v -0.02540371 0.007884056 -0.02965955
v -0.02524211 -0.007461531 0.01757353
v -0.02506592 -0.007462092 -0.01780359
v -0.0256983 -0.01131364 0.02942612
v -0.02540371 -0.01131364 -0.02965955
v -0.02520844 -0.01676158 0.01081705
v -0.02509959 -0.01676158 -0.01104711
v -0.02564163 -0.02684552 0.01814138
v -0.02545983 -0.02684552 -0.01837537
v -0.02515402 -0.02031349 -0.0001147496
v -0.02555073 -0.03277771 -0.0001169941
vt 0.0363484 0.992811
vt 0.036353 0.990536
vt 0.0144232 0.992766
vt 0.036353 0.990536
vt 0.0144278 0.990491
vt 0.0363576 0.98826
vt 0.0144325 0.988215
vt 0.12764 0.506862
vt 0.134751 0.505499
vt 0.133253 0.481994
vt 0.12673 0.482646
vt 0.126671 0.458748
vt 0.133128 0.4584371
vt 0.133216 0.4349051
vt 0.126723 0.435047
vt 0.126767 0.411447
vt 0.133293 0.411386
vt 0.126792 0.387894
vt 0.133337 0.387868
vt 0.126805 0.364361
vt 0.13336 0.364351
vt 0.126811 0.340836
vt 0.133371 0.340832
vt 0.126815 0.317314
vt 0.133379 0.317312
vt 0.126823 0.293794
vt 0.133394 0.2937931
vt 0.133428 0.270274
vt 0.126877 0.270274
vt 0.133216 0.2467561
vt 0.126655 0.2467561
vt 0.133428 0.223238
vt 0.126877 0.223238
vt 0.133392 0.199723
vt 0.126822 0.19972
vt 0.133375 0.1762071
vt 0.126813 0.176203
vt 0.133361 0.152691
vt 0.126806 0.152681
vt 0.126793 0.129151
vt 0.133338 0.129177
vt 0.126767 0.1056
vt 0.133293 0.105662
vt 0.133216 0.08214438
vt 0.126723 0.08200216
vt 0.126671 0.05830252
vt 0.133128 0.05861378
vt 0.12673 0.03440583
vt 0.133253 0.03505826
vt 0.13475 0.01155353
vt 0.12764 0.01019013
vt 0.134751 0.505499
vt 0.141496 0.504042
vt 0.139828 0.481261
vt 0.133253 0.481994
vt 0.133128 0.4584371
vt 0.139642 0.458097
vt 0.133216 0.4349051
vt 0.139742 0.43476
vt 0.133293 0.411386
vt 0.139836 0.411327
vt 0.139891 0.387846
vt 0.133337 0.387868
vt 0.139919 0.364343
vt 0.13336 0.364351
vt 0.139933 0.340829
vt 0.133371 0.340832
vt 0.139943 0.317311
vt 0.133379 0.317312
vt 0.133394 0.2937931
vt 0.139963 0.29379
vt 0.139998 0.270273
vt 0.133428 0.270274
vt 0.139744 0.2467561
vt 0.133216 0.2467561
vt 0.133428 0.223238
vt 0.139998 0.22324
vt 0.133392 0.199723
vt 0.139961 0.199726
vt 0.133375 0.1762071
vt 0.139938 0.17621
vt 0.13992 0.1527001
vt 0.133361 0.152691
vt 0.139891 0.129199
vt 0.133338 0.129177
vt 0.133293 0.105662
vt 0.139836 0.10572
vt 0.133216 0.08214438
vt 0.139742 0.08228922
vt 0.133128 0.05861378
vt 0.139642 0.05895388
vt 0.133253 0.03505826
vt 0.139827 0.03579116
vt 0.141496 0.01301038
vt 0.13475 0.01155353
vt 0.101509 0.481261
vt 0.0998397 0.504042
vt 0.106586 0.505499
vt 0.108084 0.481994
vt 0.10821 0.4584371
vt 0.101696 0.458097
vt 0.108121 0.4349051
vt 0.101595 0.43476
vt 0.108042 0.411386
vt 0.101499 0.411327
vt 0.101444 0.387846
vt 0.107998 0.387869
vt 0.101416 0.364343
vt 0.107975 0.364351
vt 0.101402 0.3408301
vt 0.107963 0.340832
vt 0.10139 0.317311
vt 0.107954 0.317312
vt 0.101369 0.29379
vt 0.107938 0.2937931
vt 0.101334 0.270273
vt 0.107905 0.270275
vt 0.101589 0.2467561
vt 0.108117 0.2467561
vt 0.101335 0.22324
vt 0.107905 0.223238
vt 0.101371 0.199726
vt 0.10794 0.199723
vt 0.107958 0.1762071
vt 0.101395 0.17621
vt 0.101414 0.152699
vt 0.107973 0.152691
vt 0.101443 0.1291981
vt 0.107997 0.129176
vt 0.101499 0.10572
vt 0.108042 0.105662
vt 0.108122 0.08214426
vt 0.101595 0.08228898
vt 0.10821 0.05861366
vt 0.101696 0.05895376
vt 0.108084 0.03505826
vt 0.101509 0.03579128
vt 0.0998389 0.01301062
vt 0.106585 0.01155353
vt 0.108084 0.481994
vt 0.106586 0.505499
vt 0.113696 0.506862
vt 0.114607 0.482646
vt 0.114667 0.458748
vt 0.10821 0.4584371
vt 0.108121 0.4349051
vt 0.114614 0.435047
vt 0.114568 0.411447
vt 0.108042 0.411386
vt 0.114543 0.387894
vt 0.107998 0.387869
vt 0.11453 0.364361
vt 0.107975 0.364351
vt 0.114524 0.340836
vt 0.107963 0.340832
vt 0.114518 0.317314
vt 0.107954 0.317312
vt 0.114509 0.293794
vt 0.107938 0.2937931
vt 0.107905 0.270275
vt 0.114456 0.270275
vt 0.108117 0.2467561
vt 0.114678 0.2467561
vt 0.107905 0.223238
vt 0.114456 0.223238
vt 0.10794 0.199723
vt 0.11451 0.19972
vt 0.107958 0.1762071
vt 0.114521 0.176203
vt 0.107973 0.152691
vt 0.114529 0.152681
vt 0.114543 0.129151
vt 0.107997 0.129176
vt 0.114568 0.1056
vt 0.108042 0.105662
vt 0.108122 0.08214426
vt 0.114614 0.08200216
vt 0.114667 0.05830252
vt 0.10821 0.05861366
vt 0.114607 0.03440583
vt 0.108084 0.03505826
vt 0.106585 0.01155353
vt 0.113695 0.01019013
vt 0.173103 0.497249
vt 0.179553 0.497571
vt 0.173421 0.473044
vt 0.179553 0.473235
vt 0.173451 0.4492021
vt 0.185686 0.473044
vt 0.186003 0.497249
vt 0.185655 0.4492021
vt 0.179553 0.449301
vt 0.17344 0.425536
vt 0.185666 0.425536
vt 0.179553 0.425583
vt 0.173428 0.40195
vt 0.185678 0.40195
vt 0.179553 0.4019721
vt 0.17342 0.378401
vt 0.185685 0.378401
vt 0.179553 0.3784111
vt 0.179553 0.354872
vt 0.173413 0.3548681
vt 0.185693 0.3548681
vt 0.179553 0.331344
vt 0.173409 0.331342
vt 0.185697 0.331342
vt 0.179553 0.307822
vt 0.173407 0.307821
vt 0.1857 0.307821
vt 0.179554 0.284302
vt 0.173406 0.284302
vt 0.179554 0.2607831
vt 0.185701 0.284302
vt 0.173406 0.2607831
vt 0.185701 0.2607831
vt 0.173406 0.237265
vt 0.185701 0.237265
vt 0.179554 0.237265
vt 0.173406 0.213748
vt 0.185701 0.213748
vt 0.179554 0.213748
vt 0.173407 0.19023
vt 0.1857 0.19023
vt 0.179554 0.1902291
vt 0.17341 0.166711
vt 0.185697 0.166711
vt 0.179553 0.16671
vt 0.173415 0.1431891
vt 0.185691 0.1431891
vt 0.179553 0.143185
vt 0.179553 0.11965
vt 0.173419 0.11966
vt 0.185686 0.11966
vt 0.179553 0.09609199
vt 0.173427 0.09611392
vt 0.185678 0.09611392
vt 0.179553 0.0724839
vt 0.173439 0.0725311
vt 0.185666 0.0725311
vt 0.179553 0.04876828
vt 0.173451 0.04886746
vt 0.179553 0.02483487
vt 0.185655 0.04886746
vt 0.17342 0.02502584
vt 0.185686 0.02502584
vt 0.173103 0.0008219481
vt 0.186003 0.0008219481
vt 0.179553 0.000500083
vt 0.166308 0.495983
vt 0.173103 0.497249
vt 0.173421 0.473044
vt 0.166889 0.4724571
vt 0.173451 0.4492021
vt 0.166915 0.4489341
vt 0.166898 0.425415
vt 0.17344 0.425536
vt 0.166881 0.401896
vt 0.173428 0.40195
vt 0.166869 0.3783771
vt 0.17342 0.378401
vt 0.166856 0.3548571
vt 0.173413 0.3548681
vt 0.173409 0.331342
vt 0.166849 0.331338
vt 0.166845 0.307819
vt 0.173407 0.307821
vt 0.166843 0.284301
vt 0.173406 0.284302
vt 0.166843 0.2607831
vt 0.173406 0.2607831
vt 0.166843 0.237265
vt 0.173406 0.237265
vt 0.166844 0.213748
vt 0.173406 0.213748
vt 0.166846 0.190232
vt 0.173407 0.19023
vt 0.16685 0.166716
vt 0.17341 0.166711
vt 0.166859 0.1432
vt 0.173415 0.1431891
vt 0.166867 0.119684
vt 0.173419 0.11966
vt 0.166879 0.0961684
vt 0.173427 0.09611392
vt 0.166897 0.07265246
vt 0.173439 0.0725311
vt 0.173451 0.04886746
vt 0.166914 0.04913521
vt 0.17342 0.02502584
vt 0.166889 0.02561331
vt 0.166307 0.002087116
vt 0.173103 0.0008219481
vt 0.159937 0.494693
vt 0.166308 0.495983
vt 0.160256 0.471846
vt 0.166889 0.4724571
vt 0.16032 0.448658
vt 0.166915 0.4489341
vt 0.166898 0.425415
vt 0.160327 0.4252911
vt 0.166881 0.401896
vt 0.16032 0.401841
vt 0.166869 0.3783771
vt 0.160311 0.378353
vt 0.160296 0.354848
vt 0.166856 0.3548571
vt 0.166849 0.331338
vt 0.160287 0.331334
vt 0.160282 0.3078181
vt 0.166845 0.307819
vt 0.16028 0.284301
vt 0.166843 0.284301
vt 0.16028 0.2607831
vt 0.166843 0.2607831
vt 0.16028 0.2372661
vt 0.166843 0.237265
vt 0.166844 0.213748
vt 0.160281 0.2137491
vt 0.166846 0.190232
vt 0.160283 0.190233
vt 0.16685 0.166716
vt 0.160289 0.16672
vt 0.166859 0.1432
vt 0.160301 0.1432101
vt 0.166867 0.119684
vt 0.160308 0.1197081
vt 0.166879 0.0961684
vt 0.160318 0.09622335
vt 0.166897 0.07265246
vt 0.160326 0.0727762
vt 0.160319 0.04941094
vt 0.166914 0.04913521
vt 0.160255 0.02622378
vt 0.166889 0.02561331
vt 0.159936 0.003377914
vt 0.166307 0.002087116
vt 0.192798 0.495983
vt 0.19917 0.494693
vt 0.19885 0.471846
vt 0.192217 0.4724571
vt 0.198786 0.448658
vt 0.192191 0.4489341
vt 0.192208 0.425415
vt 0.198779 0.4252911
vt 0.192225 0.401896
vt 0.198786 0.401841
vt 0.192237 0.3783771
vt 0.198794 0.378353
vt 0.19881 0.354848
vt 0.19225 0.3548571
vt 0.19882 0.331334
vt 0.192258 0.331338
vt 0.198825 0.3078181
vt 0.192262 0.307819
vt 0.198827 0.284301
vt 0.192264 0.284301
vt 0.198828 0.2607831
vt 0.192265 0.2607831
vt 0.198828 0.237265
vt 0.192265 0.237265
vt 0.192264 0.213748
vt 0.198827 0.2137491
vt 0.192262 0.190232
vt 0.198824 0.190233
vt 0.192257 0.166716
vt 0.198818 0.1667191
vt 0.192247 0.1432
vt 0.198805 0.1432101
vt 0.192239 0.119684
vt 0.198798 0.1197081
vt 0.192227 0.09616828
vt 0.198788 0.09622324
vt 0.192209 0.07265246
vt 0.19878 0.0727762
vt 0.198787 0.04941094
vt 0.192191 0.04913521
vt 0.198851 0.02622378
vt 0.192217 0.02561319
vt 0.19917 0.003377914
vt 0.192799 0.002087116
vt 0.185686 0.473044
vt 0.186003 0.497249
vt 0.192798 0.495983
vt 0.192217 0.4724571
vt 0.185655 0.4492021
vt 0.192191 0.4489341
vt 0.192208 0.425415
vt 0.185666 0.425536
vt 0.192225 0.401896
vt 0.185678 0.40195
vt 0.192237 0.3783771
vt 0.185685 0.378401
vt 0.19225 0.3548571
vt 0.185693 0.3548681
vt 0.185697 0.331342
vt 0.192258 0.331338
vt 0.192262 0.307819
vt 0.1857 0.307821
vt 0.192264 0.284301
vt 0.185701 0.284302
vt 0.192265 0.2607831
vt 0.185701 0.2607831
vt 0.192265 0.237265
vt 0.185701 0.237265
vt 0.192264 0.213748
vt 0.185701 0.213748
vt 0.192262 0.190232
vt 0.1857 0.19023
vt 0.192257 0.166716
vt 0.185697 0.166711
vt 0.192247 0.1432
vt 0.185691 0.1431891
vt 0.192239 0.119684
vt 0.185686 0.11966
vt 0.192227 0.09616828
vt 0.185678 0.09611392
vt 0.192209 0.07265246
vt 0.185666 0.0725311
vt 0.185655 0.04886746
vt 0.192191 0.04913521
vt 0.185686 0.02502584
vt 0.192217 0.02561319
vt 0.192799 0.002087116
vt 0.186003 0.0008219481
vt 0.12764 0.01019013
vt 0.120668 0.009775996
vt 0.12673 0.03440583
vt 0.120669 0.03415918
vt 0.126671 0.05830252
vt 0.114607 0.03440583
vt 0.113695 0.01019013
vt 0.114667 0.05830252
vt 0.120669 0.05818009
vt 0.126723 0.08200216
vt 0.114614 0.08200216
vt 0.120668 0.0819447
vt 0.126767 0.1056
vt 0.114568 0.1056
vt 0.120668 0.105574
vt 0.126793 0.129151
vt 0.114543 0.129151
vt 0.120668 0.12914
vt 0.120668 0.1526771
vt 0.126806 0.152681
vt 0.114529 0.152681
vt 0.120667 0.176201
vt 0.126813 0.176203
vt 0.114521 0.176203
vt 0.120666 0.1997191
vt 0.126822 0.19972
vt 0.11451 0.19972
vt 0.120667 0.223217
vt 0.126877 0.223238
vt 0.120667 0.2467561
vt 0.114456 0.223238
vt 0.126655 0.2467561
vt 0.114678 0.2467561
vt 0.126877 0.270274
vt 0.114456 0.270275
vt 0.120667 0.270295
vt 0.126823 0.293794
vt 0.114509 0.293794
vt 0.120666 0.293795
vt 0.126815 0.317314
vt 0.114518 0.317314
vt 0.120667 0.317314
vt 0.126811 0.340836
vt 0.114524 0.340836
vt 0.120668 0.3408381
vt 0.126805 0.364361
vt 0.11453 0.364361
vt 0.120668 0.3643661
vt 0.120668 0.387905
vt 0.126792 0.387894
vt 0.114543 0.387894
vt 0.120668 0.411473
vt 0.126767 0.411447
vt 0.114568 0.411447
vt 0.120668 0.4351051
vt 0.126723 0.435047
vt 0.114614 0.435047
vt 0.120669 0.458871
vt 0.126671 0.458748
vt 0.120669 0.482893
vt 0.114667 0.458748
vt 0.12673 0.482646
vt 0.114607 0.482646
vt 0.12764 0.506862
vt 0.113696 0.506862
vt 0.120668 0.507276
vt 0.8770779 0.621989
vt 0.8770779 0.624907
vt 0.89288 0.621989
vt 0.89288 0.624907
vt 0.8770779 0.627825
vt 0.89288 0.627825
vt 0.8770779 0.630743
vt 0.89288 0.630743
vt 0.8770779 0.633661
vt 0.89288 0.633661
vt 0.8770779 0.636579
vt 0.89288 0.636579
vt 0.8770779 0.639496
vt 0.89288 0.639496
vt 0.89288 0.642414
vt 0.8770779 0.642414
vt 0.8770779 0.645332
vt 0.89288 0.645332
vt 0.8770779 0.648249
vt 0.89288 0.648249
vt 0.8770779 0.651168
vt 0.89288 0.651168
vt 0.638134 0.644306
vt 0.63894 0.642313
vt 0.6358659 0.639786
vt 0.6341469 0.641117
vt 0.637556 0.645293
vt 0.633224 0.641795
vt 0.634499 0.635905
vt 0.6312959 0.636612
vt 0.6324099 0.636383
vt 0.632396 0.631372
vt 0.6345279 0.631667
vt 0.6312649 0.631212
vt 0.635818 0.627593
vt 0.632841 0.626078
vt 0.6338719 0.6266
vt 0.638343 0.624154
vt 0.6360279 0.621743
vt 0.636829 0.622576
vt 0.6409529 0.619756
vt 0.641855 0.621747
vt 0.640478 0.618703
vt 0.6457959 0.618504
vt 0.645963 0.620635
vt 0.645702 0.617351
vt 0.650103 0.620613
vt 0.6508299 0.618576
vt 0.651207 0.617521
vt 0.655872 0.620649
vt 0.6550419 0.621402
vt 0.658476 0.625563
vt 0.653466 0.622803
vt 0.657398 0.62594
vt 0.655291 0.626332
vt 0.5897529 0.623194
vt 0.5906149 0.625307
vt 0.594669 0.625182
vt 0.5948429 0.623096
vt 0.589523 0.622014
vt 0.594977 0.621989
vt 0.598676 0.62643
vt 0.599666 0.624497
vt 0.603624 0.627563
vt 0.600186 0.623473
vt 0.602 0.629015
vt 0.6044819 0.626795
vt 0.6041809 0.632621
vt 0.607293 0.631436
vt 0.606216 0.631845
vt 0.604939 0.63677
vt 0.608269 0.636769
vt 0.6071169 0.636769
vt 0.6041809 0.640918
vt 0.606217 0.641694
vt 0.607293 0.642103
vt 0.602001 0.644525
vt 0.6036249 0.645976
vt 0.604483 0.646744
vt 0.5986769 0.64711
vt 0.599667 0.649042
vt 0.6001869 0.650067
vt 0.594844 0.650445
vt 0.5949789 0.651551
vt 0.589525 0.651526
vt 0.594671 0.648359
vt 0.589754 0.650347
vt 0.590616 0.648233
vt 0.9839959 0.976035
vt 0.9845029 0.976315
vt 0.985078 0.976244
vt 0.9837509 0.97551
vt 0.983861 0.974942
vt 0.9855009 0.975848
vt 0.98561 0.975279
vt 0.9842839 0.974547
vt 0.9848579 0.974475
vt 0.9853649 0.974755
vt 0.484488 0.715045
vt 0.483991 0.714748
vt 0.483414 0.7148
vt 0.484716 0.715578
vt 0.484587 0.716142
vt 0.482978 0.715181
vt 0.48285 0.715746
vt 0.484151 0.716523
vt 0.483574 0.716575
vt 0.483077 0.716278
vt 0.8206359 0.4181241
vt 0.8206359 0.41328
vt 0.816784 0.41328
vt 0.816784 0.4181241
vt 0.816784 0.422968
vt 0.8206359 0.422968
vt 0.816784 0.427812
vt 0.8206359 0.427812
vt 0.816784 0.432655
vt 0.8206359 0.432655
vt 0.816784 0.437498
vt 0.8206359 0.437498
vt 0.816784 0.442342
vt 0.8206359 0.442342
vt 0.816784 0.447185
vt 0.8206359 0.447185
vt 0.816784 0.452029
vt 0.8206359 0.452029
vt 0.816784 0.456872
vt 0.8206359 0.4568731
vt 0.8206359 0.461717
vt 0.816784 0.461717
vt 0.8399739 0.391942
vt 0.8399739 0.396787
vt 0.8438259 0.396787
vt 0.8438259 0.391942
vt 0.8438259 0.387099
vt 0.8399739 0.387099
vt 0.8438259 0.3822551
vt 0.8399739 0.3822551
vt 0.8438259 0.377411
vt 0.8399739 0.377411
vt 0.8438259 0.372568
vt 0.8399739 0.372568
vt 0.8438259 0.3677241
vt 0.8399739 0.3677241
vt 0.8438259 0.36288
vt 0.8399739 0.36288
vt 0.8438259 0.358036
vt 0.8399739 0.358036
vt 0.8438259 0.353193
vt 0.8399739 0.353193
vt 0.8399739 0.348348
vt 0.8438259 0.348348
vt 0.88708 0.251385
vt 0.88708 0.241675
vt 0.886353 0.241675
vt 0.886353 0.251385
vt 0.886353 0.255952
vt 0.88708 0.255952
vt 0.886353 0.26341
vt 0.88708 0.26341
vt 0.886353 0.2753991
vt 0.88708 0.2753991
vt 0.886353 0.288763
vt 0.88708 0.288763
vt 0.886353 0.2968501
vt 0.88708 0.2968501
vt 0.886353 0.301416
vt 0.88708 0.301416
vt 0.886353 0.3088751
vt 0.88708 0.3088751
vt 0.886353 0.3208641
vt 0.88708 0.3208641
vt 0.886353 0.334228
vt 0.88708 0.334228
vt 0.608075 0.538475
vt 0.608784 0.538475
vt 0.608784 0.529206
vt 0.608075 0.529206
vt 0.608784 0.519945
vt 0.608075 0.519945
vt 0.608784 0.51069
vt 0.608075 0.51069
vt 0.608784 0.501424
vt 0.608075 0.501424
vt 0.608784 0.492148
vt 0.608075 0.492148
vt 0.608784 0.482872
vt 0.608075 0.482872
vt 0.608784 0.473596
vt 0.608075 0.473596
vt 0.608784 0.4643281
vt 0.608075 0.4643281
vt 0.608784 0.455036
vt 0.608075 0.455036
vt 0.608784 0.4457461
vt 0.608075 0.4457461
vt 0.767538 0.598414
vt 0.7662129 0.603567
vt 0.769004 0.603259
vt 0.765183 0.599821
vt 0.763955 0.594699
vt 0.7630939 0.603613
vt 0.762538 0.597045
vt 0.758976 0.593195
vt 0.762586 0.601302
vt 0.7599679 0.603236
vt 0.759827 0.602668
vt 0.7593449 0.602208
vt 0.76099 0.599606
vt 0.7587839 0.598938
vt 0.7586659 0.602022
vt 0.7588819 0.595937
vt 0.7538919 0.59434
vt 0.755157 0.596775
vt 0.7500269 0.597839
vt 0.7565449 0.599442
vt 0.7579679 0.602185
vt 0.752326 0.599338
vt 0.7483829 0.602787
vt 0.754846 0.600981
vt 0.757435 0.602669
vt 0.757206 0.603352
vt 0.751122 0.602962
vt 0.749388 0.607901
vt 0.754123 0.603156
vt 0.7573379 0.604056
vt 0.751858 0.606709
vt 0.752774 0.61185
vt 0.7545639 0.605408
vt 0.757782 0.604601
vt 0.7543479 0.609606
vt 0.756065 0.607157
vt 0.758397 0.604856
vt 0.7582619 0.607932
vt 0.758973 0.604755
vt 0.7605799 0.607462
vt 0.761799 0.610333
vt 0.757956 0.610906
vt 0.75762 0.613628
vt 0.7626439 0.613011
vt 0.6962299 0.665812
vt 0.697193 0.660578
vt 0.69443 0.661081
vt 0.698481 0.664243
vt 0.7000669 0.669268
vt 0.7003009 0.660315
vt 0.701314 0.666829
vt 0.705143 0.670415
vt 0.700969 0.662585
vt 0.703445 0.660472
vt 0.703624 0.66103
vt 0.7041349 0.661453
vt 0.702678 0.664166
vt 0.7049249 0.664675
vt 0.7048219 0.661591
vt 0.7050409 0.667675
vt 0.7071199 0.66401
vt 0.705503 0.661378
vt 0.7086979 0.66657
vt 0.710135 0.668907
vt 0.708702 0.662352
vt 0.705997 0.660858
vt 0.7061729 0.660161
vt 0.7113349 0.663807
vt 0.7137359 0.665134
vt 0.709263 0.66013
vt 0.70599 0.65947
vt 0.71227 0.660104
vt 0.715013 0.660077
vt 0.708657 0.657916
vt 0.705506 0.658959
vt 0.71126 0.65642
vt 0.713635 0.655049
vt 0.708562 0.653714
vt 0.709967 0.651361
vt 0.7070299 0.656283
vt 0.704783 0.655672
vt 0.7048739 0.658749
vt 0.704307 0.658893
vt 0.702505 0.656312
vt 0.704868 0.652684
vt 0.705002 0.649944
vt 0.701077 0.653538
vt 0.700037 0.65093
vt 0.0658457 0.965802
vt 0.0721449 0.965178
vt 0.07188849 0.943063
vt 0.06547579 0.943169
vt 0.0718787 0.920827
vt 0.0654901 0.920846
vt 0.0718507 0.898579
vt 0.06546819 0.898587
vt 0.0654404 0.876329
vt 0.0718223 0.876327
vt 0.0718174 0.854072
vt 0.06543539 0.854063
vt 0.0654783 0.831788
vt 0.07186159 0.831813
vt 0.0655833 0.809497
vt 0.0719593 0.809553
vt 0.0723702 0.787313
vt 0.06598499 0.787252
vt 0.07252599 0.765087
vt 0.06614539 0.765061
vt 0.0661705 0.742867
vt 0.07254979 0.742867
vt 0.0661459 0.720673
vt 0.0725265 0.720647
vt 0.0659862 0.698483
vt 0.07237129 0.698423
vt 0.06558479 0.676241
vt 0.0719609 0.676185
vt 0.0654797 0.653954
vt 0.071863 0.653928
vt 0.0654348 0.631683
vt 0.0718167 0.631672
vt 0.0654317 0.60942
vt 0.07181339 0.60942
vt 0.0654494 0.587166
vt 0.0718319 0.58717
vt 0.06546029 0.564908
vt 0.0718489 0.564924
vt 0.0654344 0.542586
vt 0.0718472 0.542689
vt 0.0657922 0.519953
vt 0.0720918 0.520574
vt 0.0721449 0.965178
vt 0.07790789 0.965089
vt 0.07188849 0.943063
vt 0.0778646 0.942989
vt 0.0718787 0.920827
vt 0.083841 0.943043
vt 0.08367139 0.965158
vt 0.08375749 0.92081
vt 0.07781799 0.920806
vt 0.0718507 0.898579
vt 0.0836976 0.89857
vt 0.07777409 0.898573
vt 0.0718223 0.876327
vt 0.0836632 0.876332
vt 0.0777428 0.87633
vt 0.0718174 0.854072
vt 0.0836575 0.854098
vt 0.07773769 0.854085
vt 0.07778449 0.831839
vt 0.07186159 0.831813
vt 0.08370559 0.831865
vt 0.07789749 0.809599
vt 0.0719593 0.809553
vt 0.08385479 0.80963
vt 0.07837979 0.787386
vt 0.0723702 0.787313
vt 0.0843655 0.787381
vt 0.07837899 0.765148
vt 0.07252599 0.765087
vt 0.0783812 0.742867
vt 0.0842375 0.765119
vt 0.07254979 0.742867
vt 0.08421549 0.742867
vt 0.0725265 0.720647
vt 0.08423799 0.720614
vt 0.0783795 0.720586
vt 0.07237129 0.698423
vt 0.0843664 0.698354
vt 0.07838079 0.698349
vt 0.0719609 0.676185
vt 0.08385639 0.676106
vt 0.07789899 0.676138
vt 0.071863 0.653928
vt 0.08370709 0.653872
vt 0.077786 0.653901
vt 0.0718167 0.631672
vt 0.0836568 0.631643
vt 0.077737 0.631658
vt 0.07773389 0.609415
vt 0.07181339 0.60942
vt 0.0836543 0.60941
vt 0.07775539 0.587174
vt 0.0718319 0.58717
vt 0.0836789 0.587174
vt 0.07778829 0.564942
vt 0.0718489 0.564924
vt 0.0837277 0.564935
vt 0.0778233 0.54276
vt 0.0718472 0.542689
vt 0.08379969 0.542703
vt 0.07785469 0.52066
vt 0.0720918 0.520574
vt 0.08361809 0.520589
vt 0.08367139 0.965158
vt 0.0899732 0.965758
vt 0.0902541 0.943124
vt 0.083841 0.943043
vt 0.0901462 0.920806
vt 0.08375749 0.92081
vt 0.0900798 0.89856
vt 0.0836976 0.89857
vt 0.0836632 0.876332
vt 0.0900442 0.876329
vt 0.0836575 0.854098
vt 0.0900379 0.854107
vt 0.08370559 0.831865
vt 0.0900854 0.831896
vt 0.09024319 0.809697
vt 0.08385479 0.80963
vt 0.0843655 0.787381
vt 0.090735 0.787425
vt 0.0842375 0.765119
vt 0.09062409 0.765117
vt 0.09059769 0.742867
vt 0.08421549 0.742867
vt 0.08423799 0.720614
vt 0.0906246 0.720616
vt 0.0843664 0.698354
vt 0.090736 0.69831
vt 0.08385639 0.676106
vt 0.0902448 0.676039
vt 0.08370709 0.653872
vt 0.090087 0.653841
vt 0.0900372 0.631631
vt 0.0836568 0.631643
vt 0.09003539 0.60941
vt 0.0836543 0.60941
vt 0.0900611 0.58718
vt 0.0836789 0.587174
vt 0.0901164 0.564935
vt 0.0837277 0.564935
vt 0.09021279 0.542618
vt 0.08379969 0.542703
vt 0.08361809 0.520589
vt 0.0899196 0.519985
vt 0.271398 0.001092553
vt 0.265098 0.000500083
vt 0.264865 0.02312458
vt 0.271279 0.02320838
vt 0.271294 0.04544258
vt 0.264907 0.04543424
vt 0.264922 0.0676868
vt 0.271304 0.06768692
vt 0.264926 0.08993185
vt 0.271307 0.08993161
vt 0.264926 0.1121761
vt 0.271308 0.1121761
vt 0.264927 0.134421
vt 0.271308 0.134421
vt 0.264927 0.156667
vt 0.271308 0.156667
vt 0.264927 0.178911
vt 0.271308 0.178911
vt 0.264927 0.201156
vt 0.271309 0.201156
vt 0.271308 0.2234
vt 0.264927 0.2234
vt 0.264926 0.245644
vt 0.271307 0.245644
vt 0.271308 0.267887
vt 0.264927 0.2678881
vt 0.264928 0.290131
vt 0.271309 0.290131
vt 0.264927 0.3123751
vt 0.271308 0.3123751
vt 0.271308 0.334618
vt 0.264927 0.334618
vt 0.271308 0.3568621
vt 0.264926 0.3568621
vt 0.271308 0.379105
vt 0.264926 0.379105
vt 0.271307 0.4013491
vt 0.264926 0.401348
vt 0.271304 0.423592
vt 0.264922 0.423592
vt 0.264907 0.4458441
vt 0.271294 0.4458361
vt 0.264865 0.468153
vt 0.271279 0.4680691
vt 0.271398 0.490185
vt 0.265098 0.4907781
vt 0.277227 0.001145124
vt 0.271398 0.001092553
vt 0.271279 0.02320838
vt 0.277227 0.02325857
vt 0.283056 0.001092553
vt 0.283175 0.02320838
vt 0.271294 0.04544258
vt 0.28316 0.04544258
vt 0.277227 0.0454545
vt 0.271304 0.06768692
vt 0.28315 0.06768692
vt 0.277227 0.06768894
vt 0.271307 0.08993161
vt 0.283147 0.08993161
vt 0.277227 0.08993185
vt 0.271308 0.1121761
vt 0.283147 0.1121761
vt 0.277227 0.1121761
vt 0.271308 0.134421
vt 0.283146 0.134421
vt 0.277227 0.134421
vt 0.277227 0.156667
vt 0.271308 0.156667
vt 0.283146 0.156666
vt 0.277227 0.178911
vt 0.271308 0.178911
vt 0.283147 0.178911
vt 0.277228 0.201156
vt 0.271309 0.201156
vt 0.283147 0.201156
vt 0.277228 0.2234
vt 0.271308 0.2234
vt 0.277226 0.245644
vt 0.283147 0.2234
vt 0.271307 0.245644
vt 0.283146 0.245644
vt 0.271308 0.267887
vt 0.283147 0.267887
vt 0.277228 0.267887
vt 0.271309 0.290131
vt 0.283148 0.290131
vt 0.277228 0.290131
vt 0.271308 0.3123751
vt 0.283147 0.3123751
vt 0.277227 0.3123751
vt 0.271308 0.334618
vt 0.283146 0.334618
vt 0.277227 0.334618
vt 0.271308 0.3568621
vt 0.283146 0.3568621
vt 0.277227 0.3568621
vt 0.277227 0.379105
vt 0.271308 0.379105
vt 0.283147 0.379105
vt 0.277227 0.401348
vt 0.271307 0.4013491
vt 0.283147 0.4013491
vt 0.277227 0.4235901
vt 0.271304 0.423592
vt 0.28315 0.423592
vt 0.277227 0.445824
vt 0.271294 0.4458361
vt 0.28316 0.4458361
vt 0.277227 0.468019
vt 0.283175 0.46807
vt 0.283056 0.490185
vt 0.271279 0.4680691
vt 0.277227 0.490132
vt 0.271398 0.490185
vt 0.289356 0.000500083
vt 0.283056 0.001092553
vt 0.283175 0.02320838
vt 0.289589 0.02312458
vt 0.28316 0.04544258
vt 0.289547 0.04543424
vt 0.28315 0.06768692
vt 0.289532 0.0676868
vt 0.289529 0.08993185
vt 0.283147 0.08993161
vt 0.289528 0.1121761
vt 0.283147 0.1121761
vt 0.283146 0.134421
vt 0.289528 0.134421
vt 0.289528 0.156666
vt 0.283146 0.156666
vt 0.289528 0.178911
vt 0.283147 0.178911
vt 0.289529 0.201156
vt 0.283147 0.201156
vt 0.283147 0.2234
vt 0.289528 0.2234
vt 0.289527 0.245644
vt 0.283146 0.245644
vt 0.283147 0.267887
vt 0.289528 0.267887
vt 0.289529 0.290131
vt 0.283148 0.290131
vt 0.289528 0.3123751
vt 0.283147 0.3123751
vt 0.283146 0.334618
vt 0.289528 0.334618
vt 0.283146 0.3568621
vt 0.289528 0.3568621
vt 0.289528 0.379105
vt 0.283147 0.379105
vt 0.283147 0.4013491
vt 0.289529 0.401348
vt 0.28315 0.423592
vt 0.289532 0.423592
vt 0.289547 0.4458441
vt 0.28316 0.4458361
vt 0.289589 0.468153
vt 0.283175 0.46807
vt 0.289356 0.4907781
vt 0.283056 0.490185
vt 0.0190519 0.954822
vt 0.0190519 0.977708
vt 0.0357629 0.977708
vt 0.0357629 0.954822
vt 0.0357628 0.931935
vt 0.0190519 0.931935
vt 0.0357628 0.909047
vt 0.0190519 0.909047
vt 0.0190519 0.886159
vt 0.0357629 0.886159
vt 0.0357628 0.863269
vt 0.0190519 0.863269
vt 0.0357628 0.840378
vt 0.0190519 0.840378
vt 0.0190519 0.817488
vt 0.0357628 0.817488
vt 0.0190519 0.794598
vt 0.0357628 0.794598
vt 0.0357628 0.771709
vt 0.0190519 0.771709
vt 0.0357628 0.74882
vt 0.0190519 0.74882
vt 0.0190519 0.725932
vt 0.0357628 0.725932
vt 0.0357628 0.703044
vt 0.0190519 0.703044
vt 0.0357628 0.680157
vt 0.0190519 0.680157
vt 0.0357628 0.65727
vt 0.0190519 0.65727
vt 0.0357629 0.634383
vt 0.0190519 0.634383
vt 0.0190519 0.611497
vt 0.0357628 0.611497
vt 0.0357629 0.588611
vt 0.0190519 0.588611
vt 0.0190519 0.565725
vt 0.0357628 0.565725
vt 0.0190519 0.542839
vt 0.0357629 0.542839
vt 0.0357628 0.519953
vt 0.0190519 0.519953
vt 0.0005000629 0.4857841
vt 0.0005000629 0.50867
vt 0.0172109 0.50867
vt 0.0172109 0.4857841
vt 0.000500042 0.462898
vt 0.0172109 0.462898
vt 0.000500042 0.4400101
vt 0.0172108 0.4400101
vt 0.0172108 0.417122
vt 0.000500042 0.417122
vt 0.000500042 0.394232
vt 0.0172108 0.394232
vt 0.000500042 0.3713421
vt 0.0172109 0.3713421
vt 0.0172108 0.3484501
vt 0.0005000209 0.3484501
vt 0.0005 0.32556
vt 0.0172108 0.32556
vt 0.0005 0.30267
vt 0.0172108 0.30267
vt 0.0172108 0.27978
vt 0.0005000209 0.27978
vt 0.0172108 0.256891
vt 0.000500042 0.256891
vt 0.000500042 0.234002
vt 0.0172108 0.234002
vt 0.0005000209 0.211114
vt 0.0172108 0.211114
vt 0.0172108 0.188226
vt 0.0005000209 0.188226
vt 0.0172108 0.165339
vt 0.0005000209 0.165339
vt 0.0005000209 0.142452
vt 0.0172108 0.142452
vt 0.0005000209 0.1195661
vt 0.0172108 0.1195661
vt 0.0172108 0.09667969
vt 0.0005000209 0.09667969
vt 0.0005000209 0.07379401
vt 0.0172108 0.07379401
vt 0.0172108 0.05090845
vt 0.0005000209 0.05090845
vt 0.0172108 0.02802312
vt 0.0005000209 0.02802312
vt 0.0005000209 0.00513804
vt 0.0172108 0.00513804
vt 0.185513 0.510902
vt 0.182508 0.511448
vt 0.182994 0.531799
vt 0.185804 0.531548
vt 0.182975 0.552158
vt 0.188599 0.510677
vt 0.185789 0.552044
vt 0.182943 0.572513
vt 0.1886 0.531445
vt 0.185771 0.572462
vt 0.182926 0.592866
vt 0.191396 0.531548
vt 0.191685 0.510902
vt 0.1886 0.551997
vt 0.185761 0.592843
vt 0.182917 0.613219
vt 0.194206 0.531799
vt 0.194691 0.511447
vt 0.194225 0.552158
vt 0.19141 0.552044
vt 0.194257 0.572512
vt 0.191429 0.572461
vt 0.194274 0.592865
vt 0.1886 0.57244
vt 0.191439 0.592843
vt 0.19428 0.613218
vt 0.1886 0.592834
vt 0.191442 0.613208
vt 0.185756 0.613209
vt 0.191431 0.633566
vt 0.194271 0.63357
vt 0.188599 0.613204
vt 0.188587 0.633565
vt 0.185742 0.633567
vt 0.182902 0.633572
vt 0.19141 0.65392
vt 0.194251 0.653921
vt 0.194236 0.674272
vt 0.188564 0.653921
vt 0.185718 0.653923
vt 0.182878 0.653926
vt 0.182855 0.674279
vt 0.188545 0.674275
vt 0.191393 0.674273
vt 0.185697 0.674276
vt 0.191398 0.694624
vt 0.194263 0.694622
vt 0.188527 0.694626
vt 0.189079 0.714973
vt 0.185676 0.69463
vt 0.182847 0.694631
vt 0.19187 0.714973
vt 0.194656 0.714973
vt 0.194264 0.735324
vt 0.186248 0.714973
vt 0.183391 0.714974
vt 0.182847 0.735316
vt 0.191398 0.735322
vt 0.194237 0.755674
vt 0.185676 0.735317
vt 0.182855 0.755667
vt 0.191394 0.755672
vt 0.194252 0.776023
vt 0.188527 0.735321
vt 0.185697 0.755669
vt 0.182878 0.776019
vt 0.191411 0.776023
vt 0.194272 0.796373
vt 0.188545 0.755671
vt 0.185719 0.776021
vt 0.1829 0.79637
vt 0.191432 0.796374
vt 0.194284 0.816722
vt 0.188565 0.776022
vt 0.185741 0.796373
vt 0.182914 0.816721
vt 0.191444 0.816726
vt 0.194282 0.837071
vt 0.188587 0.796374
vt 0.185754 0.816725
vt 0.182917 0.837071
vt 0.191444 0.837081
vt 0.194275 0.857422
vt 0.188599 0.816727
vt 0.1886 0.837085
vt 0.185756 0.83708
vt 0.182924 0.857422
vt 0.1886 0.857452
vt 0.19144 0.857443
vt 0.18576 0.857443
vt 0.191431 0.87782
vt 0.194261 0.877773
vt 0.1886 0.87784
vt 0.185768 0.87782
vt 0.182939 0.877773
vt 0.191421 0.898232
vt 0.194246 0.898125
vt 0.194351 0.918477
vt 0.1886 0.898275
vt 0.1886 0.918809
vt 0.185779 0.898232
vt 0.182954 0.898125
vt 0.182848 0.918477
vt 0.191481 0.918711
vt 0.194347 0.938829
vt 0.191487 0.939346
vt 0.1886 0.939563
vt 0.185713 0.939346
vt 0.185718 0.918711
vt 0.182852 0.938829
vt 0.1796 0.512005
vt 0.176743 0.512282
vt 0.177315 0.532192
vt 0.180162 0.53206
vt 0.182508 0.511448
vt 0.177304 0.552323
vt 0.182994 0.531799
vt 0.180148 0.552275
vt 0.177264 0.572582
vt 0.182975 0.552158
vt 0.180109 0.572563
vt 0.182943 0.572513
vt 0.177242 0.592895
vt 0.182926 0.592866
vt 0.180088 0.592888
vt 0.177232 0.613231
vt 0.182917 0.613219
vt 0.180078 0.613228
vt 0.180061 0.633576
vt 0.177215 0.633576
vt 0.182902 0.633572
vt 0.180037 0.653928
vt 0.17719 0.653927
vt 0.182878 0.653926
vt 0.180013 0.674284
vt 0.177166 0.674285
vt 0.182855 0.674279
vt 0.180007 0.694636
vt 0.177157 0.694661
vt 0.182847 0.694631
vt 0.180556 0.714974
vt 0.17772 0.714974
vt 0.183391 0.714974
vt 0.177157 0.735287
vt 0.180007 0.735312
vt 0.182847 0.735316
vt 0.177166 0.755662
vt 0.182855 0.755667
vt 0.180013 0.755663
vt 0.17719 0.776019
vt 0.182878 0.776019
vt 0.180037 0.776017
vt 0.177213 0.79637
vt 0.18006 0.796369
vt 0.1829 0.79637
vt 0.177227 0.816717
vt 0.180073 0.816717
vt 0.182914 0.816721
vt 0.182917 0.837071
vt 0.180078 0.837062
vt 0.177231 0.837059
vt 0.180086 0.857401
vt 0.182924 0.857422
vt 0.17724 0.857393
vt 0.182939 0.877773
vt 0.180103 0.877725
vt 0.177258 0.877706
vt 0.182954 0.898125
vt 0.180119 0.898017
vt 0.177273 0.897969
vt 0.182848 0.918477
vt 0.180007 0.918242
vt 0.177168 0.918136
vt 0.182852 0.938829
vt 0.177111 0.938088
vt 0.179979 0.938312
vt 0.199885 0.532192
vt 0.200456 0.512281
vt 0.197599 0.512004
vt 0.197038 0.532059
vt 0.194691 0.511447
vt 0.199895 0.552323
vt 0.194206 0.531799
vt 0.197052 0.552275
vt 0.199936 0.572582
vt 0.194225 0.552158
vt 0.197091 0.572563
vt 0.194257 0.572512
vt 0.199958 0.592895
vt 0.194274 0.592865
vt 0.197112 0.592887
vt 0.199965 0.613231
vt 0.19428 0.613218
vt 0.197119 0.613227
vt 0.197111 0.633574
vt 0.199957 0.633576
vt 0.194271 0.63357
vt 0.197091 0.653922
vt 0.199937 0.653923
vt 0.194251 0.653921
vt 0.197079 0.674269
vt 0.199926 0.674266
vt 0.194236 0.674272
vt 0.197122 0.694619
vt 0.199975 0.694604
vt 0.194263 0.694622
vt 0.197457 0.714974
vt 0.200288 0.714974
vt 0.194656 0.714973
vt 0.199975 0.735343
vt 0.197122 0.735328
vt 0.194264 0.735324
vt 0.199926 0.75568
vt 0.194237 0.755674
vt 0.197079 0.755677
vt 0.199939 0.776023
vt 0.194252 0.776023
vt 0.197093 0.776024
vt 0.199959 0.796369
vt 0.197113 0.796371
vt 0.194272 0.796373
vt 0.19997 0.816715
vt 0.197124 0.816718
vt 0.194284 0.816722
vt 0.194282 0.837071
vt 0.197122 0.837062
vt 0.199968 0.837059
vt 0.197114 0.857401
vt 0.194275 0.857422
vt 0.199959 0.857393
vt 0.194261 0.877773
vt 0.197097 0.877725
vt 0.199942 0.877706
vt 0.194246 0.898125
vt 0.197081 0.898017
vt 0.199927 0.897969
vt 0.194351 0.918477
vt 0.197193 0.918242
vt 0.200032 0.918136
vt 0.194347 0.938829
vt 0.200088 0.938088
vt 0.19722 0.938312
vt 0.110868 0.541041
vt 0.110864 0.520687
vt 0.108003 0.520171
vt 0.107998 0.540807
vt 0.105115 0.540709
vt 0.105115 0.519953
vt 0.110762 0.561394
vt 0.102228 0.520171
vt 0.107937 0.561288
vt 0.110778 0.581749
vt 0.107947 0.581701
vt 0.105115 0.561244
vt 0.107955 0.602081
vt 0.110792 0.602102
vt 0.105115 0.581681
vt 0.107959 0.622445
vt 0.110799 0.622455
vt 0.105115 0.602072
vt 0.107961 0.642803
vt 0.110802 0.642807
vt 0.105115 0.622442
vt 0.107962 0.663157
vt 0.110804 0.663159
vt 0.107962 0.68351
vt 0.110804 0.68351
vt 0.107963 0.703861
vt 0.110805 0.703861
vt 0.107963 0.724212
vt 0.110805 0.724212
vt 0.110805 0.744562
vt 0.107963 0.744562
vt 0.105116 0.744562
vt 0.110805 0.764912
vt 0.107963 0.764912
vt 0.110804 0.785261
vt 0.105115 0.724212
vt 0.105115 0.703861
vt 0.105115 0.683509
vt 0.107963 0.785262
vt 0.110804 0.80561
vt 0.105115 0.764912
vt 0.107962 0.805612
vt 0.110802 0.825958
vt 0.105115 0.663157
vt 0.105115 0.785262
vt 0.107961 0.825962
vt 0.110799 0.846306
vt 0.105115 0.642801
vt 0.102269 0.642803
vt 0.102269 0.663157
vt 0.105115 0.805612
vt 0.107959 0.846316
vt 0.110791 0.866656
vt 0.102271 0.622445
vt 0.102268 0.68351
vt 0.105115 0.825964
vt 0.107955 0.866678
vt 0.110773 0.887007
vt 0.102275 0.602081
vt 0.102268 0.703861
vt 0.107945 0.887057
vt 0.110741 0.90736
vt 0.102284 0.581701
vt 0.102294 0.561288
vt 0.0994537 0.581749
vt 0.09943959 0.602102
vt 0.09943229 0.622455
vt 0.099429 0.642807
vt 0.0994276 0.663159
vt 0.099427 0.68351
vt 0.0994689 0.561394
vt 0.09942679 0.703861
vt 0.102234 0.540807
vt 0.0993637 0.541041
vt 0.0993675 0.520687
vt 0.102268 0.724212
vt 0.09942679 0.724212
vt 0.099427 0.744562
vt 0.102268 0.744562
vt 0.099427 0.764912
vt 0.102268 0.764912
vt 0.102268 0.785262
vt 0.09942719 0.785261
vt 0.0994276 0.80561
vt 0.102269 0.805611
vt 0.099429 0.825958
vt 0.102269 0.825962
vt 0.0994326 0.846306
vt 0.102271 0.846316
vt 0.09944059 0.866656
vt 0.105115 0.84632
vt 0.105115 0.866688
vt 0.102276 0.866678
vt 0.09945789 0.887006
vt 0.105115 0.887078
vt 0.102286 0.887057
vt 0.0994903 0.90736
vt 0.105115 0.90752
vt 0.102305 0.907474
vt 0.09950849 0.927718
vt 0.107926 0.907474
vt 0.110722 0.927718
vt 0.102318 0.927969
vt 0.0990243 0.948069
vt 0.102029 0.948614
vt 0.105113 0.94884
vt 0.105115 0.928072
vt 0.107912 0.927969
vt 0.111202 0.94807
vt 0.108198 0.948615
vt 0.113737 0.521205
vt 0.110864 0.520687
vt 0.110868 0.541041
vt 0.11371 0.541276
vt 0.116606 0.521428
vt 0.116549 0.541382
vt 0.116444 0.56155
vt 0.110762 0.561394
vt 0.113598 0.561502
vt 0.116459 0.581815
vt 0.113614 0.581797
vt 0.110778 0.581749
vt 0.116477 0.60213
vt 0.110792 0.602102
vt 0.113631 0.602123
vt 0.116486 0.622467
vt 0.110799 0.622455
vt 0.113639 0.622464
vt 0.11649 0.642812
vt 0.110802 0.642807
vt 0.113643 0.642811
vt 0.113645 0.663161
vt 0.116492 0.663161
vt 0.110804 0.663159
vt 0.113646 0.683511
vt 0.116492 0.683511
vt 0.110804 0.68351
vt 0.113646 0.703862
vt 0.110805 0.703861
vt 0.116493 0.703862
vt 0.110805 0.724212
vt 0.113646 0.724212
vt 0.116493 0.724212
vt 0.110805 0.744562
vt 0.113646 0.744562
vt 0.116493 0.744562
vt 0.116493 0.764911
vt 0.110805 0.764912
vt 0.113646 0.764911
vt 0.116492 0.78526
vt 0.113646 0.78526
vt 0.110804 0.785261
vt 0.116491 0.805607
vt 0.110804 0.80561
vt 0.113645 0.805608
vt 0.116489 0.825952
vt 0.110802 0.825958
vt 0.113643 0.825953
vt 0.116485 0.846294
vt 0.110799 0.846306
vt 0.113639 0.846297
vt 0.113629 0.866634
vt 0.116475 0.866626
vt 0.110791 0.866656
vt 0.113608 0.886956
vt 0.110773 0.887007
vt 0.116453 0.886937
vt 0.110741 0.90736
vt 0.113569 0.907243
vt 0.116413 0.907195
vt 0.110722 0.927718
vt 0.113555 0.927458
vt 0.116401 0.927326
vt 0.11411 0.947513
vt 0.111202 0.94807
vt 0.116967 0.947237
vt 0.0993675 0.520687
vt 0.0964945 0.521205
vt 0.0993637 0.541041
vt 0.096522 0.541276
vt 0.09362629 0.521428
vt 0.09368299 0.541381
vt 0.09378749 0.56155
vt 0.0994689 0.561394
vt 0.09663349 0.561502
vt 0.0937728 0.581815
vt 0.096618 0.581797
vt 0.0994537 0.581749
vt 0.09375529 0.60213
vt 0.09943959 0.602102
vt 0.0966012 0.602123
vt 0.0937461 0.622467
vt 0.09943229 0.622455
vt 0.0965924 0.622464
vt 0.09374189 0.642812
vt 0.099429 0.642807
vt 0.0965884 0.642811
vt 0.0965866 0.663161
vt 0.09374009 0.663161
vt 0.0994276 0.663159
vt 0.0965859 0.683511
vt 0.0937393 0.683511
vt 0.099427 0.68351
vt 0.0965856 0.703862
vt 0.09942679 0.703861
vt 0.09373909 0.703862
vt 0.09942679 0.724212
vt 0.0965856 0.724212
vt 0.09373909 0.724212
vt 0.099427 0.744562
vt 0.0965858 0.744562
vt 0.0937392 0.744562
vt 0.09373939 0.764911
vt 0.09658599 0.764911
vt 0.099427 0.764912
vt 0.0937396 0.78526
vt 0.09658609 0.78526
vt 0.09942719 0.785261
vt 0.09374009 0.805607
vt 0.0994276 0.80561
vt 0.0965866 0.805608
vt 0.093742 0.825952
vt 0.099429 0.825958
vt 0.0965884 0.825953
vt 0.09374639 0.846293
vt 0.0994326 0.846306
vt 0.0965928 0.846297
vt 0.0966024 0.866634
vt 0.0937566 0.866626
vt 0.09944059 0.866656
vt 0.0966235 0.886955
vt 0.09945789 0.887006
vt 0.0937786 0.886937
vt 0.0994903 0.90736
vt 0.0966626 0.907243
vt 0.0938192 0.907195
vt 0.09950849 0.927718
vt 0.09667629 0.927457
vt 0.0938298 0.927325
vt 0.0961165 0.947513
vt 0.0990243 0.948069
vt 0.0932595 0.947236
vt 0.162831 0.979113
vt 0.179054 0.980865
vt 0.179054 0.979113
vt 0.162831 0.980865
vt 0.162917 0.988375
vt 0.179052 0.990253
vt 0.179052 0.988375
vt 0.162829 0.990253
vt 0.163004 0.986498
vt 0.179052 0.988375
vt 0.179052 0.986498
vt 0.162917 0.988375
vt 0.179052 0.986498
vt 0.163005 0.98462
vt 0.163004 0.986498
vt 0.179053 0.984621
vt 0.179054 0.982743
vt 0.162918 0.982743
vt 0.163005 0.98462
vt 0.179053 0.984621
vt 0.179054 0.980865
vt 0.162831 0.980865
vt 0.162918 0.982743
vt 0.179054 0.982743
vt 0.6670229 0.654481
vt 0.6700879 0.657155
vt 0.6705509 0.655462
vt 0.666634 0.656168
vt 0.666278 0.664047
vt 0.670028 0.66498
vt 0.669199 0.663299
vt 0.6665599 0.665915
vt 0.6630269 0.665865
vt 0.6633639 0.664008
vt 0.660527 0.6632
vt 0.659578 0.664828
vt 0.6660089 0.662062
vt 0.669199 0.663299
vt 0.6684459 0.661795
vt 0.666278 0.664047
vt 0.6633639 0.664008
vt 0.663687 0.662039
vt 0.661396 0.66174
vt 0.660527 0.6632
vt 0.6684459 0.661795
vt 0.6684569 0.660316
vt 0.6660249 0.660012
vt 0.6660089 0.662062
vt 0.663703 0.66
vt 0.663687 0.662039
vt 0.661396 0.66174
vt 0.6614079 0.660263
vt 0.6660249 0.660012
vt 0.6684569 0.660316
vt 0.669233 0.658823
vt 0.666324 0.658031
vt 0.663409 0.658025
vt 0.663703 0.66
vt 0.6614079 0.660263
vt 0.660561 0.65879
vt 0.666324 0.658031
vt 0.669233 0.658823
vt 0.6700879 0.657155
vt 0.666634 0.656168
vt 0.663101 0.656163
vt 0.663409 0.658025
vt 0.660561 0.65879
vt 0.659636 0.657147
vt 0.663093 0.654455
vt 0.666634 0.656168
vt 0.666765 0.654459
vt 0.663101 0.656163
vt 0.659578 0.664828
vt 0.662616 0.667548
vt 0.6630269 0.665865
vt 0.659093 0.666516
vt 0.816784 0.677702
vt 0.8252339 0.67945
vt 0.8252339 0.677701
vt 0.816784 0.679449
vt 0.816784 0.677702
vt 0.8252339 0.677701
vt 0.824922 0.675837
vt 0.816819 0.675837
vt 0.816819 0.675837
vt 0.824922 0.675837
vt 0.8246059 0.673973
vt 0.816851 0.673971
vt 0.816851 0.673971
vt 0.8246059 0.673973
vt 0.8246059 0.672098
vt 0.816851 0.6721
vt 0.816819 0.670234
vt 0.8246059 0.672098
vt 0.824922 0.670235
vt 0.816851 0.6721
vt 0.816784 0.668369
vt 0.824922 0.670235
vt 0.8252339 0.66837
vt 0.816819 0.670234
vt 0.5025699 0.615586
vt 0.500634 0.615586
vt 0.500634 0.473574
vt 0.5025699 0.473574
vt 0.498699 0.615586
vt 0.498699 0.473574
vt 0.500634 0.473574
vt 0.500634 0.615586
vt 0.496763 0.473574
vt 0.498699 0.615586
vt 0.496763 0.615586
vt 0.498699 0.473574
vt 0.5118459 0.473574
vt 0.50991 0.473574
vt 0.50991 0.615586
vt 0.5118459 0.615586
vt 0.507975 0.615586
vt 0.50991 0.615586
vt 0.50991 0.473574
vt 0.507975 0.473574
vt 0.50604 0.615586
vt 0.507975 0.615586
vt 0.507975 0.473574
vt 0.50604 0.473574
vt 0.5284619 0.610948
vt 0.5284619 0.4689361
vt 0.530398 0.4689361
vt 0.530398 0.610948
vt 0.5265269 0.4689361
vt 0.5284619 0.4689361
vt 0.5284619 0.610948
vt 0.5265269 0.610948
vt 0.524591 0.610948
vt 0.524591 0.4689361
vt 0.5265269 0.4689361
vt 0.5265269 0.610948
vt 0.99226 0.770404
vt 0.994195 0.912416
vt 0.99226 0.912416
vt 0.994195 0.770404
vt 0.990324 0.912416
vt 0.990324 0.770404
vt 0.99226 0.770404
vt 0.99226 0.912416
vt 0.988389 0.770404
vt 0.990324 0.912416
vt 0.988389 0.912416
vt 0.990324 0.770404
vt 0.9478149 0.770404
vt 0.9458799 0.770404
vt 0.9458799 0.912416
vt 0.9478149 0.912416
vt 0.9458799 0.770404
vt 0.9439449 0.770404
vt 0.9439449 0.912416
vt 0.9458799 0.912416
vt 0.942009 0.912416
vt 0.9439449 0.912416
vt 0.9439449 0.770404
vt 0.942009 0.770404
vt 0.5562899 0.4689361
vt 0.5582249 0.610948
vt 0.5562899 0.610948
vt 0.5582249 0.4689361
vt 0.554355 0.610948
vt 0.554355 0.4689361
vt 0.5562899 0.4689361
vt 0.5562899 0.610948
vt 0.5524189 0.4689361
vt 0.554355 0.610948
vt 0.5524189 0.610948
vt 0.554355 0.4689361
vt 0.5655659 0.4689361
vt 0.5655659 0.610948
vt 0.5675009 0.610948
vt 0.5675009 0.4689361
vt 0.5636309 0.610948
vt 0.5655659 0.610948
vt 0.5655659 0.4689361
vt 0.5636309 0.4689361
vt 0.561695 0.4689361
vt 0.561695 0.610948
vt 0.5636309 0.610948
vt 0.5636309 0.4689361
vt 0.574842 0.610948
vt 0.576777 0.610948
vt 0.576777 0.4689361
vt 0.574842 0.4689361
vt 0.572907 0.610948
vt 0.574842 0.610948
vt 0.574842 0.4689361
vt 0.572907 0.4689361
vt 0.570971 0.610948
vt 0.572907 0.610948
vt 0.572907 0.4689361
vt 0.570971 0.4689361
vt 0.984919 0.912416
vt 0.984919 0.770404
vt 0.9829839 0.770404
vt 0.9829839 0.912416
vt 0.981048 0.770404
vt 0.981048 0.912416
vt 0.9829839 0.912416
vt 0.9829839 0.770404
vt 0.979113 0.770404
vt 0.979113 0.912416
vt 0.981048 0.912416
vt 0.981048 0.770404
vt 0.5953289 0.601672
vt 0.5933939 0.601672
vt 0.5933939 0.4596601
vt 0.5953289 0.4596601
vt 0.5914589 0.4596601
vt 0.5933939 0.601672
vt 0.591458 0.601672
vt 0.5933939 0.4596601
vt 0.589523 0.4596601
vt 0.591458 0.601672
vt 0.589523 0.601672
vt 0.5914589 0.4596601
vt 0.966367 0.770404
vt 0.964432 0.770404
vt 0.964432 0.912416
vt 0.966367 0.912416
vt 0.962497 0.912416
vt 0.964432 0.912416
vt 0.964432 0.770404
vt 0.962497 0.770404
vt 0.9605609 0.912416
vt 0.962497 0.912416
vt 0.962497 0.770404
vt 0.9605609 0.770404
vt 0.8809479 0.23991
vt 0.8809479 0.09789753
vt 0.882884 0.09789753
vt 0.882884 0.23991
vt 0.8809479 0.23991
vt 0.8790129 0.23991
vt 0.8790129 0.09789753
vt 0.8809479 0.09789753
vt 0.8790129 0.09789753
vt 0.8790129 0.23991
vt 0.8770779 0.23991
vt 0.8770779 0.09789753
vt 0.910712 0.09789753
vt 0.9087759 0.09789753
vt 0.9087759 0.23991
vt 0.910712 0.23991
vt 0.9087759 0.09789753
vt 0.9068409 0.09789753
vt 0.9068409 0.23991
vt 0.9087759 0.23991
vt 0.904905 0.23991
vt 0.9068409 0.23991
vt 0.9068409 0.09789753
vt 0.904905 0.09789753
vt 0.9199879 0.23991
vt 0.918052 0.23991
vt 0.918052 0.09789753
vt 0.9199879 0.09789753
vt 0.916117 0.09789753
vt 0.918052 0.09789753
vt 0.918052 0.23991
vt 0.916117 0.23991
vt 0.914181 0.09789753
vt 0.916117 0.09789753
vt 0.916117 0.23991
vt 0.914181 0.23991
vt 0.9478149 0.23991
vt 0.9478149 0.09789753
vt 0.9458799 0.09789753
vt 0.9458799 0.23991
vt 0.9439449 0.23991
vt 0.9458799 0.23991
vt 0.9439449 0.09789753
vt 0.9458799 0.09789753
vt 0.942009 0.23991
vt 0.9439449 0.23991
vt 0.942009 0.09789753
vt 0.9439449 0.09789753
vt 0.957091 0.23991
vt 0.955156 0.23991
vt 0.955156 0.09789753
vt 0.957091 0.09789753
vt 0.953221 0.23991
vt 0.953221 0.09789753
vt 0.955156 0.09789753
vt 0.955156 0.23991
vt 0.953221 0.23991
vt 0.951285 0.09789753
vt 0.953221 0.09789753
vt 0.951285 0.23991
vt 0.966367 0.09789753
vt 0.964432 0.09789753
vt 0.964432 0.23991
vt 0.966367 0.23991
vt 0.962497 0.09789753
vt 0.962497 0.23991
vt 0.964432 0.23991
vt 0.964432 0.09789753
vt 0.9605609 0.23991
vt 0.962497 0.23991
vt 0.962497 0.09789753
vt 0.9605609 0.09789753
vt 0.9737079 0.23991
vt 0.9737079 0.09789753
vt 0.9756429 0.09789753
vt 0.9756429 0.23991
vt 0.971773 0.23991
vt 0.971773 0.09789753
vt 0.9737079 0.09789753
vt 0.9737079 0.23991
vt 0.969837 0.23991
vt 0.969837 0.09789753
vt 0.971773 0.09789753
vt 0.971773 0.23991
vt 0.994195 0.09789753
vt 0.99226 0.09789753
vt 0.99226 0.23991
vt 0.994195 0.23991
vt 0.990324 0.23991
vt 0.99226 0.23991
vt 0.99226 0.09789753
vt 0.990324 0.09789753
vt 0.988389 0.23991
vt 0.990324 0.23991
vt 0.990324 0.09789753
vt 0.988389 0.09789753
vt 0.873608 0.852123
vt 0.871673 0.852123
vt 0.8716719 0.71011
vt 0.873608 0.71011
vt 0.869737 0.852123
vt 0.869737 0.71011
vt 0.8716719 0.71011
vt 0.871673 0.852123
vt 0.867802 0.71011
vt 0.869737 0.852123
vt 0.867802 0.852123
vt 0.869737 0.71011
vt 0.8921599 0.866036
vt 0.8921599 0.724024
vt 0.890224 0.724024
vt 0.890224 0.866037
vt 0.890224 0.724024
vt 0.888289 0.724024
vt 0.888289 0.866037
vt 0.890224 0.866037
vt 0.886353 0.724024
vt 0.886353 0.866036
vt 0.888289 0.866037
vt 0.888289 0.724024
vt 0.9756429 0.912416
vt 0.9737079 0.912416
vt 0.9737079 0.770404
vt 0.9756429 0.770404
vt 0.971773 0.770404
vt 0.9737079 0.770404
vt 0.9737079 0.912416
vt 0.971773 0.912416
vt 0.969837 0.770404
vt 0.971773 0.912416
vt 0.969837 0.912416
vt 0.971773 0.770404
vt 0.918052 0.866037
vt 0.9199879 0.866037
vt 0.9199879 0.724024
vt 0.918052 0.724024
vt 0.916117 0.866037
vt 0.918052 0.866037
vt 0.916117 0.724024
vt 0.918052 0.724024
vt 0.914181 0.866037
vt 0.916117 0.866037
vt 0.916117 0.724024
vt 0.914181 0.724024
vt 0.936604 0.912416
vt 0.936604 0.770404
vt 0.93854 0.770404
vt 0.93854 0.912416
vt 0.934669 0.912416
vt 0.934669 0.770404
vt 0.936604 0.770404
vt 0.936604 0.912416
vt 0.9327329 0.912416
vt 0.9327329 0.770404
vt 0.934669 0.770404
vt 0.934669 0.912416
vt 0.0363438 0.995086
vt 0.0363484 0.992811
vt 0.0144232 0.992766
vt 0.0144185 0.995042
vt 0.0144139 0.997317
vt 0.0363392 0.997362
vt 0.0363576 0.98826
vt 0.0363623 0.985985
vt 0.0144325 0.988215
vt 0.0144371 0.98594
vt 0.036367 0.983709
vt 0.0144419 0.983664
vt 0.0144419 0.983664
vt 0.036367 0.983709
vt 0.0363717 0.981434
vt 0.0144466 0.981389
vt 0.0363765 0.979158
vt 0.0144513 0.979113
vt 0.824389 0.644157
vt 0.8162509 0.642291
vt 0.8162869 0.644157
vt 0.824701 0.642293
vt 0.824073 0.646021
vt 0.8162869 0.644157
vt 0.8163179 0.646022
vt 0.824389 0.644157
vt 0.8163179 0.647894
vt 0.824073 0.647895
vt 0.824073 0.646021
vt 0.8163179 0.646022
vt 0.8162869 0.649759
vt 0.824389 0.649759
vt 0.824073 0.647895
vt 0.8163179 0.647894
vt 0.8162509 0.651625
vt 0.824701 0.651623
vt 0.824389 0.649759
vt 0.8162869 0.649759
vt 0.8162509 0.642291
vt 0.824701 0.642293
vt 0.824701 0.640541
vt 0.8162509 0.640541
vt 0.857896 0.619034
vt 0.854432 0.620018
vt 0.855356 0.62166
vt 0.858204 0.620896
vt 0.861429 0.619038
vt 0.8611189 0.620902
vt 0.8648829 0.620025
vt 0.864028 0.621693
vt 0.858498 0.62287
vt 0.855356 0.62166
vt 0.856203 0.623133
vt 0.858204 0.620896
vt 0.8608199 0.622882
vt 0.8611189 0.620902
vt 0.864028 0.621693
vt 0.8632519 0.623186
vt 0.858498 0.62287
vt 0.856203 0.623133
vt 0.856192 0.62461
vt 0.858482 0.624909
vt 0.8608199 0.622882
vt 0.860804 0.624932
vt 0.8632519 0.623186
vt 0.863241 0.624665
vt 0.8581589 0.626878
vt 0.856192 0.62461
vt 0.855322 0.62607
vt 0.858482 0.624909
vt 0.861073 0.626917
vt 0.860804 0.624932
vt 0.863994 0.626169
vt 0.863241 0.624665
vt 0.8581589 0.626878
vt 0.855322 0.62607
vt 0.854373 0.627699
vt 0.8578219 0.628735
vt 0.861073 0.626917
vt 0.8613549 0.628785
vt 0.8648239 0.627851
vt 0.863994 0.626169
vt 0.8538879 0.629386
vt 0.857412 0.630418
vt 0.8578219 0.628735
vt 0.854373 0.627699
vt 0.8578219 0.628735
vt 0.857667 0.630442
vt 0.861339 0.630494
vt 0.8613549 0.628785
vt 0.861818 0.617351
vt 0.861429 0.619038
vt 0.8648829 0.620025
vt 0.865346 0.618332
vt 0.292782 0.698074
vt 0.308917 0.698074
vt 0.308917 0.696197
vt 0.292695 0.696197
vt 0.292869 0.699952
vt 0.308917 0.699952
vt 0.308917 0.698074
vt 0.292782 0.698074
vt 0.292869 0.699952
vt 0.292868 0.701829
vt 0.308916 0.701829
vt 0.308917 0.699952
vt 0.308915 0.703707
vt 0.308916 0.701829
vt 0.292868 0.701829
vt 0.29278 0.703707
vt 0.308915 0.705584
vt 0.308915 0.703707
vt 0.29278 0.703707
vt 0.292693 0.705584
vt 0.292693 0.705584
vt 0.292693 0.707336
vt 0.308915 0.707336
vt 0.308915 0.705584
vt 0.8162509 0.656205
vt 0.824701 0.656207
vt 0.824389 0.658071
vt 0.8162869 0.658071
vt 0.8162869 0.658071
vt 0.824389 0.658071
vt 0.824073 0.659935
vt 0.8163179 0.659936
vt 0.8163179 0.661808
vt 0.8163179 0.659936
vt 0.824073 0.661809
vt 0.824073 0.659935
vt 0.8162869 0.663673
vt 0.8163179 0.661808
vt 0.824073 0.661809
vt 0.824389 0.663673
vt 0.8162509 0.665538
vt 0.8162869 0.663673
vt 0.824389 0.663673
vt 0.824701 0.665537
vt 0.824701 0.654455
vt 0.824701 0.656207
vt 0.8162509 0.656205
vt 0.8162509 0.654455
vt 0.8320169 0.644877
vt 0.831093 0.643234
vt 0.834558 0.64225
vt 0.834867 0.644112
vt 0.837782 0.644118
vt 0.838092 0.642254
vt 0.841547 0.643242
vt 0.840691 0.64491
vt 0.8328639 0.64635
vt 0.8320169 0.644877
vt 0.834867 0.644112
vt 0.83516 0.646087
vt 0.8374829 0.646099
vt 0.837782 0.644118
vt 0.840691 0.64491
vt 0.8399149 0.646403
vt 0.832853 0.647827
vt 0.8328639 0.64635
vt 0.83516 0.646087
vt 0.8351439 0.648127
vt 0.837467 0.64815
vt 0.8374829 0.646099
vt 0.839904 0.647883
vt 0.8399149 0.646403
vt 0.834821 0.650097
vt 0.8319839 0.649288
vt 0.832853 0.647827
vt 0.8351439 0.648127
vt 0.837467 0.64815
vt 0.837736 0.650135
vt 0.840657 0.649387
vt 0.839904 0.647883
vt 0.834484 0.651954
vt 0.8310339 0.650917
vt 0.8319839 0.649288
vt 0.834821 0.650097
vt 0.837736 0.650135
vt 0.8380179 0.652003
vt 0.8414869 0.651069
vt 0.840657 0.649387
vt 0.8342379 0.640567
vt 0.834558 0.64225
vt 0.831093 0.643234
vt 0.830698 0.641544
vt 0.838223 0.640545
vt 0.838092 0.642254
vt 0.834558 0.64225
vt 0.83455 0.640541
vt 0.84201 0.641548
vt 0.841547 0.643242
vt 0.838092 0.642254
vt 0.8384809 0.640567
vt 0.886443 0.69055
vt 0.886356 0.688673
vt 0.902578 0.688673
vt 0.902578 0.69055
vt 0.886529 0.692428
vt 0.886443 0.69055
vt 0.902578 0.69055
vt 0.9025769 0.692428
vt 0.886529 0.694305
vt 0.886529 0.692428
vt 0.9025769 0.694305
vt 0.9025769 0.692428
vt 0.886441 0.696183
vt 0.886529 0.694305
vt 0.902576 0.696183
vt 0.9025769 0.694305
vt 0.886353 0.69806
vt 0.886441 0.696183
vt 0.902576 0.69806
vt 0.902576 0.696183
vt 0.902578 0.686921
vt 0.902578 0.688673
vt 0.886356 0.688673
vt 0.886356 0.686921
vt 0.6034369 0.71011
vt 0.611923 0.710111
vt 0.6117439 0.711978
vt 0.6034579 0.711976
vt 0.6034579 0.711976
vt 0.6117439 0.711978
vt 0.611383 0.713835
vt 0.603496 0.713836
vt 0.603496 0.713836
vt 0.611383 0.713835
vt 0.6112 0.715702
vt 0.603514 0.715702
vt 0.6112 0.715702
vt 0.611383 0.717569
vt 0.603497 0.717568
vt 0.603514 0.715702
vt 0.611383 0.717569
vt 0.6117439 0.719425
vt 0.6034579 0.719427
vt 0.603497 0.717568
vt 0.6117439 0.719425
vt 0.611923 0.721293
vt 0.6034369 0.721293
vt 0.6034579 0.719427
vt 0.473645 0.701834
vt 0.477525 0.702658
vt 0.474355 0.703571
vt 0.477266 0.700835
vt 0.481022 0.700839
vt 0.48076 0.702663
vt 0.484621 0.701839
vt 0.483949 0.703588
vt 0.475348 0.705094
vt 0.474355 0.703571
vt 0.477525 0.702658
vt 0.477861 0.704562
vt 0.480423 0.70457
vt 0.48076 0.702663
vt 0.483949 0.703588
vt 0.483038 0.70514
vt 0.475348 0.705094
vt 0.478026 0.706573
vt 0.475829 0.706556
vt 0.477861 0.704562
vt 0.480423 0.70457
vt 0.480242 0.70659
vt 0.483038 0.70514
vt 0.482591 0.706608
vt 0.475326 0.708011
vt 0.475829 0.706556
vt 0.478026 0.706573
vt 0.47783 0.708581
vt 0.480392 0.708612
vt 0.480242 0.70659
vt 0.483015 0.708082
vt 0.482591 0.706608
vt 0.47431 0.709519
vt 0.475326 0.708011
vt 0.477465 0.71048
vt 0.47783 0.708581
vt 0.480392 0.708612
vt 0.4807 0.710524
vt 0.483903 0.709647
vt 0.483015 0.708082
vt 0.473574 0.711244
vt 0.47431 0.709519
vt 0.477465 0.71048
vt 0.477179 0.712299
vt 0.480934 0.712352
vt 0.4807 0.710524
vt 0.484548 0.711407
vt 0.483903 0.709647
vt 0.75334 0.622734
vt 0.7532899 0.620858
vt 0.769508 0.620858
vt 0.7695069 0.622734
vt 0.753441 0.624609
vt 0.75334 0.622734
vt 0.7695069 0.622734
vt 0.7695069 0.624609
vt 0.7534909 0.626484
vt 0.753441 0.624609
vt 0.7695069 0.624609
vt 0.769506 0.626485
vt 0.75344 0.62836
vt 0.7534909 0.626484
vt 0.769506 0.62836
vt 0.769506 0.626485
vt 0.769506 0.630235
vt 0.7533389 0.630235
vt 0.75344 0.62836
vt 0.769506 0.62836
vt 0.7532879 0.632111
vt 0.7533389 0.630235
vt 0.769505 0.632111
vt 0.769506 0.630235
vt 0.8956289 0.562433
vt 0.9007829 0.570414
vt 0.90468 0.565626
vt 0.909644 0.57384
vt 0.901596 0.560851
vt 0.9019079 0.555174
vt 0.8961509 0.552947
vt 0.902148 0.545579
vt 0.905497 0.550764
vt 0.9113309 0.543143
vt 0.902596 0.55544
vt 0.902308 0.560662
vt 0.905897 0.551384
vt 0.9051449 0.565054
vt 0.910952 0.550043
vt 0.909982 0.567677
vt 0.910023 0.566941
vt 0.910992 0.549307
vt 0.9158289 0.551929
vt 0.9154769 0.566219
vt 0.918826 0.571404
vt 0.9150779 0.5656
vt 0.9162949 0.551357
vt 0.9201909 0.54657
vt 0.918666 0.556322
vt 0.919066 0.56181
vt 0.924824 0.564036
vt 0.9183789 0.561544
vt 0.9253449 0.554551
vt 0.919379 0.556133
vt 0.9318759 0.613011
vt 0.927195 0.617035
vt 0.929387 0.622279
vt 0.9223399 0.614081
vt 0.935539 0.621774
vt 0.923761 0.608075
vt 0.916675 0.614546
vt 0.914295 0.608851
vt 0.9280779 0.627809
vt 0.9333509 0.631017
vt 0.9123659 0.618252
vt 0.9070929 0.615044
vt 0.904905 0.624286
vt 0.911057 0.623782
vt 0.926149 0.637209
vt 0.923769 0.631515
vt 0.908569 0.63305
vt 0.913249 0.629026
vt 0.9181039 0.63198
vt 0.916683 0.637986
vt 0.0567861 0.970295
vt 0.0493784 0.976242
vt 0.0545408 0.979626
vt 0.0468798 0.985407
vt 0.0589739 0.976066
vt 0.06627549 0.969837
vt 0.0530454 0.985111
vt 0.0502451 0.994291
vt 0.0646524 0.975792
vt 0.0742206 0.975046
vt 0.055059 0.990428
vt 0.0581901 0.9995
vt 0.0598133 0.993545
vt 0.06767939 0.999043
vt 0.0556339 0.989966
vt 0.0537819 0.985076
vt 0.0551574 0.98003
vt 0.0592352 0.976756
vt 0.0600072 0.992833
vt 0.06445859 0.976504
vt 0.0652304 0.992581
vt 0.0654916 0.993271
vt 0.07508729 0.993095
vt 0.0693081 0.989307
vt 0.0694067 0.978909
vt 0.0688318 0.979371
vt 0.0775857 0.98393
vt 0.0706837 0.984261
vt 0.0714201 0.984226
vt 0.0699248 0.989711
vt 0.9155589 0.681396
vt 0.92109 0.684134
vt 0.9250619 0.680069
vt 0.9202659 0.689758
vt 0.9221959 0.674602
vt 0.914181 0.690794
vt 0.930665 0.679114
vt 0.922904 0.694792
vt 0.931559 0.673007
vt 0.918591 0.699207
vt 0.935758 0.681634
vt 0.9279979 0.697312
vt 0.940071 0.67722
vt 0.9271029 0.70342
vt 0.938396 0.686668
vt 0.9335999 0.696357
vt 0.944481 0.685632
vt 0.9364669 0.701824
vt 0.937572 0.692292
vt 0.943104 0.69503
vn 0.004602684 -0.3826581 -0.9238786
vn 0.004602684 -0.3826581 -0.9238786
vn 0.004602623 -0.3826578 -0.9238787
vn 0.004981786 1.96739E-07 -0.9999876
vn 0.004934998 0.1367632 -0.9905915
vn 0.004602653 0.3826579 -0.9238786
vn 0.004602684 0.3826578 -0.9238787
vn 0.9234786 0.3836223 0.004604711
vn 0.9234763 0.383628 0.004606382
vn 0.9237169 0.3816341 0.03320441
vn 0.9237177 0.3816321 0.03320346
vn 0.9234378 0.3731027 0.08976056
vn 0.9234371 0.373104 0.08976213
vn 0.9231688 0.3562348 0.1444161
vn 0.9231693 0.3562341 0.1444149
vn 0.9229132 0.3361766 0.1876606
vn 0.9228286 0.3266229 0.2042179
vn 0.9226688 0.3051517 0.2357216
vn 0.9225967 0.2932279 0.2506643
vn 0.9224629 0.2672826 0.2786076
vn 0.9224039 0.2532553 0.2916039
vn 0.9222861 0.2234444 0.3153745
vn 0.9222285 0.207656 0.3261498
vn 0.9221291 0.1746437 0.345221
vn 0.9220823 0.1574285 0.3535258
vn 0.9220383 0.112804 0.370298
vn 0.9220389 0.1128056 0.370296
vn 0.9219365 0.06648673 0.3815924
vn 0.9219272 0.04758365 0.3844297
vn 0.9219201 0.009562951 0.3872621
vn 0.9219204 -0.009557542 0.3872615
vn 0.9219274 -0.04758479 0.3844288
vn 0.9219368 -0.06649107 0.3815908
vn 0.9219819 -0.1036634 0.3730994
vn 0.9220132 -0.121932 0.3674563
vn 0.9220831 -0.1574281 0.3535241
vn 0.9221292 -0.1746435 0.3452209
vn 0.9222968 -0.2155655 0.3207805
vn 0.9223023 -0.2155574 0.3207701
vn 0.9224002 -0.2532655 0.2916067
vn 0.9224576 -0.2672907 0.2786175
vn 0.9226733 -0.2992047 0.2432088
vn 0.9226664 -0.2992175 0.2432192
vn 0.9229131 -0.3314154 0.1959473
vn 0.9229149 -0.3314101 0.1959473
vn 0.923089 -0.3527119 0.1533006
vn 0.9231774 -0.3596973 0.1355039
vn 0.9234416 -0.3730939 0.08975821
vn 0.9234432 -0.3730893 0.08976144
vn 0.9231966 -0.3793308 0.06177632
vn 0.9231902 -0.3793466 0.06177409
vn 0.9234861 -0.3836043 0.004602615
vn 0.9234809 -0.3836167 0.004598772
vn 0.9240117 -0.3816107 -0.02399194
vn 0.9240139 -0.3816057 -0.02398985
vn 0.9242087 -0.3751875 -0.07122293
vn 0.924304 -0.3709276 -0.08985996
vn 0.9244875 -0.3596852 -0.1262915
vn 0.9245725 -0.3527099 -0.1440882
vn 0.924823 -0.3314107 -0.1867335
vn 0.9248168 -0.3314245 -0.1867397
vn 0.9249785 -0.3051369 -0.2265089
vn 0.9250569 -0.2932118 -0.2414471
vn 0.9251968 -0.2672794 -0.2693927
vn 0.925261 -0.2532677 -0.282396
vn 0.9253783 -0.2234593 -0.3061714
vn 0.9254299 -0.2076633 -0.3169471
vn 0.925588 -0.1660352 -0.3401752
vn 0.9255865 -0.166037 -0.3401783
vn 0.9256896 -0.1127985 -0.3610751
vn 0.9256945 -0.1127976 -0.3610628
vn 0.9256984 -0.06648862 -0.3723731
vn 0.9257119 -0.04758228 -0.3752245
vn 0.9257722 7.026689E-07 -0.3780818
vn 0.925778 -1.694363E-07 -0.3780675
vn 0.9257158 0.04758213 -0.3752147
vn 0.9257023 0.06648715 -0.3723637
vn 0.9256631 0.1036587 -0.3638719
vn 0.9256368 0.1219245 -0.358233
vn 0.9255883 0.1660347 -0.3401748
vn 0.9255865 0.1660363 -0.3401787
vn 0.9254308 0.2076628 -0.3169449
vn 0.9253789 0.2234582 -0.3061703
vn 0.9252708 0.2602859 -0.2759081
vn 0.9252715 0.2602845 -0.2759069
vn 0.9250572 0.2932109 -0.2414467
vn 0.924979 0.3051362 -0.226508
vn 0.9248188 0.3266225 -0.1950078
vn 0.9247319 0.3361912 -0.1784556
vn 0.92456 0.3527383 -0.1440993
vn 0.924473 0.3597191 -0.1263007
vn 0.9242925 0.3730892 -0.08054769
vn 0.9242919 0.3730913 -0.08054415
vn 0.9237774 0.3793049 -0.05256659
vn 0.9237822 0.3792928 -0.05256836
vn -0.9237226 -0.3816203 -0.03320381
vn -0.9234915 -0.3835913 -0.004598768
vn -0.9234864 -0.3836037 -0.004602588
vn -0.9237183 -0.3816307 -0.03320509
vn -0.9234452 -0.3752049 -0.08043808
vn -0.9233515 -0.3709526 -0.09907623
vn -0.923167 -0.3597203 -0.1355136
vn -0.9230778 -0.352736 -0.1533127
vn -0.9229076 -0.3314272 -0.195953
vn -0.9229118 -0.3314188 -0.1959475
vn -0.9226649 -0.3051585 -0.2357284
vn -0.9225886 -0.2932401 -0.2506801
vn -0.922451 -0.2672996 -0.2786307
vn -0.9223933 -0.2532755 -0.2916199
vn -0.9222802 -0.2234575 -0.3153822
vn -0.922228 -0.2076588 -0.3261493
vn -0.9221289 -0.1746432 -0.3452217
vn -0.9220823 -0.1574241 -0.3535278
vn -0.922012 -0.1219309 -0.3674599
vn -0.9219857 -0.1036598 -0.3730911
vn -0.9219463 -0.06648608 -0.3815685
vn -0.9219323 -0.04758256 -0.3844173
vn -0.9219153 -0.009558521 -0.3872736
vn -0.9219151 0.009560375 -0.3872739
vn -0.9219322 0.04758014 -0.3844179
vn -0.9219465 0.06648375 -0.3815686
vn -0.9220406 0.1128029 -0.3702925
vn -0.9220389 0.1128056 -0.370296
vn -0.9221444 0.1660459 -0.3493972
vn -0.9221405 0.1660523 -0.3494045
vn -0.9222234 0.2076612 -0.3261608
vn -0.922276 0.2234611 -0.315392
vn -0.9223887 0.2532831 -0.2916279
vn -0.9224491 0.2673054 -0.2786316
vn -0.9226723 0.2992069 -0.2432101
vn -0.9226713 0.2992075 -0.243213
vn -0.9228288 0.326625 -0.2042132
vn -0.92291 0.3361857 -0.1876602
vn -0.9230773 0.3527369 -0.153313
vn -0.9231634 0.359728 -0.1355183
vn -0.9234366 0.3731051 -0.08976337
vn -0.9234357 0.3731077 -0.08976172
vn -0.9231989 0.3793247 -0.06177825
vn -0.9232023 0.3793164 -0.0617795
vn -0.9240136 0.3816062 0.0239917
vn -0.9234961 0.3835801 -0.004606482
vn -0.9234937 0.3835859 -0.004604787
vn -0.9240134 0.3816063 0.02399291
vn -0.9242894 0.3730957 0.08055262
vn -0.9242907 0.3730934 0.08054893
vn -0.924558 0.3562458 0.1352089
vn -0.9245535 0.3562559 0.1352131
vn -0.924733 0.3361893 0.1784536
vn -0.9248168 0.3266252 0.1950123
vn -0.9249724 0.3051488 0.2265177
vn -0.9250448 0.2932348 0.2414651
vn -0.9251837 0.2673017 0.2694159
vn -0.9252518 0.2532797 0.2824156
vn -0.9253741 0.2234603 0.3061835
vn -0.9254254 0.2076676 0.3169573
vn -0.9255146 0.1746565 0.3360326
vn -0.9255565 0.1574312 0.3443265
vn -0.9256912 0.1127988 0.361071
vn -0.9256946 0.1127913 0.3610647
vn -0.925712 0.06648599 0.3723398
vn -0.925721 0.04758078 0.3752023
vn -0.9257282 0.009555961 0.3780688
vn -0.9257278 -0.009560803 0.3780695
vn -0.9257207 -0.04757944 0.3752031
vn -0.9257125 -0.06648023 0.3723394
vn -0.9256692 -0.1036535 0.3638578
vn -0.9256399 -0.1219213 0.358226
vn -0.9255705 -0.1574146 0.344296
vn -0.9255283 -0.1746428 0.3360017
vn -0.9254445 -0.2155761 0.3115759
vn -0.9254472 -0.2155738 0.3115691
vn -0.9252511 -0.2532817 0.2824161
vn -0.9251803 -0.2673052 0.269424
vn -0.9250458 -0.2992141 0.2340108
vn -0.9250425 -0.2992211 0.2340153
vn -0.9248133 -0.3314309 0.1867454
vn -0.9248163 -0.3314244 0.1867426
vn -0.9245598 -0.3527379 0.1441006
vn -0.924475 -0.3597135 0.1263025
vn -0.9242926 -0.3730882 0.08055056
vn -0.9242979 -0.3730758 0.08054676
vn -0.9237744 -0.3793115 0.05256865
vn -0.9237701 -0.3793226 0.05256714
vn 0.1508871 0.97762 -0.1466022
vn 0.000742273 0.9888309 -0.1490402
vn 0.1514966 0.9690128 -0.1950972
vn 0.001225433 0.9690672 -0.246794
vn 0.1522308 0.9289972 -0.3373279
vn -0.1495492 0.9690121 -0.1965974
vn -0.1494096 0.9776208 -0.1481022
vn -0.1488681 0.9289962 -0.338828
vn 0.001934071 0.921461 -0.388466
vn 0.1528971 0.8682329 -0.4720106
vn -0.1481882 0.8682326 -0.4735107
vn 0.002599833 0.8532689 -0.5214647
vn 0.1535095 0.7880731 -0.5961338
vn -0.1475535 0.7880738 -0.597635
vn 0.003206755 0.7660177 -0.6428114
vn 0.1541945 0.6724169 -0.7239335
vn -0.1469718 0.672417 -0.7254341
vn 0.003651754 0.6801733 -0.7330422
vn 0.004043483 0.5837777 -0.8119035
vn 0.1546806 0.5363285 -0.8297142
vn -0.1464102 0.5363272 -0.8312143
vn 0.004430803 0.4562462 -0.8898426
vn 0.1550428 0.4065607 -0.9003723
vn -0.1460689 0.4065584 -0.9018726
vn 0.004720072 0.3185238 -0.9479031
vn 0.1552946 0.2677113 -0.9509017
vn -0.1458003 0.2677154 -0.9524027
vn 0.004920701 0.1736887 -0.9847883
vn 0.1554411 0.1228855 -0.980172
vn 0.004993153 4.230408E-07 -0.9999875
vn -0.1456375 0.1228865 -0.9816765
vn 0.1555173 4.194748E-07 -0.9878331
vn -0.1456682 4.194076E-07 -0.9893335
vn 0.1554411 -0.1228849 -0.9801721
vn -0.1456376 -0.1228859 -0.9816765
vn 0.004920701 -0.1736884 -0.9847884
vn 0.1552946 -0.2677113 -0.9509017
vn -0.1458003 -0.2677154 -0.9524027
vn 0.004720072 -0.3185238 -0.9479031
vn 0.1550428 -0.4065616 -0.9003718
vn -0.1460689 -0.4065593 -0.9018722
vn 0.004430802 -0.4562478 -0.8898417
vn 0.154684 -0.5363297 -0.8297128
vn -0.1464136 -0.5363282 -0.8312131
vn 0.004044064 -0.5837793 -0.8119024
vn 0.1541908 -0.6724185 -0.7239328
vn -0.1469672 -0.6724187 -0.7254335
vn 0.003653385 -0.6801749 -0.7330408
vn 0.003206336 -0.766017 -0.6428124
vn 0.1535071 -0.7880714 -0.5961367
vn -0.1475538 -0.788072 -0.5976372
vn 0.002598671 -0.8532684 -0.5214654
vn 0.1528839 -0.8682353 -0.4720105
vn -0.1481764 -0.8682348 -0.4735105
vn 0.00193375 -0.9214609 -0.3884664
vn 0.1522058 -0.9289996 -0.3373324
vn -0.1488385 -0.9289989 -0.3388336
vn 0.001229989 -0.9690663 -0.2467976
vn 0.1515158 -0.9690107 -0.195093
vn 0.0003755621 -0.9972041 -0.07472632
vn -0.1495595 -0.9690113 -0.1965937
vn 0.1509773 -0.9858292 -0.07312132
vn -0.1502315 -0.9858306 -0.07462262
vn 0.150197 -0.9886558 0.0007490877
vn -0.1501903 -0.9886568 -0.0007490541
vn 1.64528E-06 -1 0
vn 0.9237674 0.3793292 -0.05256564
vn 0.9237622 0.3793421 -0.05256387
vn 0.9241998 0.3752085 -0.07122661
vn 0.9242924 0.3709543 -0.08986907
vn 0.9245621 0.3562357 -0.1352076
vn 0.9245535 0.356254 -0.135218
vn 0.9247429 0.3361692 -0.17844
vn 0.9248264 0.3266083 -0.1949955
vn 0.9249761 0.3051414 -0.2265127
vn 0.925048 0.2932257 -0.2414642
vn 0.9251922 0.267285 -0.2694031
vn 0.9252613 0.2532663 -0.2823964
vn 0.925447 0.2155686 -0.3115733
vn 0.9254469 0.2155681 -0.311574
vn 0.9255866 0.1660407 -0.3401763
vn 0.9255865 0.1660419 -0.340176
vn 0.9256332 0.1219317 -0.35824
vn 0.9256574 0.1036601 -0.363886
vn 0.9256963 0.06648302 -0.3723794
vn 0.9257119 0.04757976 -0.3752249
vn 0.9257307 0.009560895 -0.3780623
vn 0.925731 -0.009557015 -0.3780619
vn 0.925712 -0.04758179 -0.3752242
vn 0.9256961 -0.06648643 -0.3723792
vn 0.9256573 -0.1036607 -0.3638861
vn 0.9256332 -0.1219295 -0.3582408
vn 0.9255642 -0.1574245 -0.3443088
vn 0.9255247 -0.1746433 -0.3360114
vn 0.9254311 -0.2076611 -0.316945
vn 0.9253789 -0.2234561 -0.3061718
vn 0.9252605 -0.253265 -0.2824001
vn 0.9251916 -0.2672862 -0.2694042
vn 0.9250479 -0.2932299 -0.2414592
vn 0.9249774 -0.3051408 -0.226508
vn 0.9248292 -0.3265992 -0.1949974
vn 0.9247482 -0.3361551 -0.1784394
vn 0.9245642 -0.356232 -0.1352026
vn 0.9245591 -0.3562447 -0.1352038
vn 0.9242885 -0.3709647 -0.0898671
vn 0.9241937 -0.375223 -0.0712293
vn 0.923999 -0.3816414 -0.02399381
vn 0.923999 -0.3816415 -0.02399454
vn 0.9234756 -0.3836296 0.004602461
vn 0.9234748 -0.3836314 0.004603009
vn 0.9231961 -0.3793312 0.06178067
vn 0.923199 -0.3793247 0.0617776
vn 0.9234442 -0.3752077 0.08043671
vn 0.9233507 -0.3709549 0.09907558
vn 0.9231656 -0.3562437 0.1444152
vn 0.9231619 -0.356252 0.1444184
vn 0.922909 -0.3361875 0.1876615
vn 0.9228265 -0.3266263 0.2042217
vn 0.9226669 -0.3051532 0.2357274
vn 0.9225953 -0.2932293 0.2506682
vn 0.9224722 -0.2602869 0.285124
vn 0.9224758 -0.2602785 0.2851202
vn 0.9222992 -0.2155628 0.3207755
vn 0.9222985 -0.2155642 0.3207766
vn 0.9221562 -0.1660336 0.3493721
vn 0.9221596 -0.1660316 0.3493641
vn 0.9220204 -0.1219214 0.3674418
vn 0.9219918 -0.1036531 0.3730779
vn 0.9219526 -0.06648297 0.381554
vn 0.9219415 -0.04758219 0.3843955
vn 0.9219275 -0.009560362 0.3872446
vn 0.9219274 0.009560096 0.3872447
vn 0.9219883 0.05703485 0.3829942
vn 0.9219907 0.0570352 0.3829884
vn 0.9219918 0.1036531 0.3730779
vn 0.9220209 0.1219213 0.3674408
vn 0.9220941 0.157414 0.3535016
vn 0.922133 0.1746405 0.345212
vn 0.922222 0.2076648 0.3261621
vn 0.9222741 0.2234615 0.3153974
vn 0.9223967 0.2532711 0.2916132
vn 0.922461 0.267289 0.2786081
vn 0.9225957 0.2932289 0.2506672
vn 0.9226677 0.3051502 0.2357281
vn 0.9228267 0.3266269 0.2042199
vn 0.922908 0.3361904 0.1876614
vn 0.9231629 0.3562494 0.144418
vn 0.9231601 0.3562552 0.1444217
vn 0.923346 0.3709655 0.09907927
vn 0.9234399 0.3752177 0.08043937
vn 0.923628 0.3809004 0.04273313
vn 0.9237286 0.3823156 0.02367085
vn 0.9234892 0.383597 0.00460489
vn 0.9234974 0.383577 0.004611066
vn -0.9237775 -0.3793046 0.05256664
vn -0.9237761 -0.3793077 0.05256811
vn -0.9242084 -0.3751879 0.07122456
vn -0.9243039 -0.3709278 0.0898602
vn -0.9245749 -0.3562074 0.1351948
vn -0.9245758 -0.3562056 0.1351931
vn -0.9247505 -0.3361512 0.1784345
vn -0.9248307 -0.3265983 0.1949919
vn -0.9249848 -0.3051268 0.2264966
vn -0.9250568 -0.2932133 0.2414456
vn -0.9252667 -0.2602904 0.2759174
vn -0.9252715 -0.2602856 0.2759062
vn -0.9253683 -0.2234704 0.3061937
vn -0.9254206 -0.2076766 0.3169656
vn -0.9255208 -0.1746489 0.3360195
vn -0.9255658 -0.1574181 0.3443072
vn -0.9256338 -0.1219254 0.3582406
vn -0.9256573 -0.1036605 0.3638862
vn -0.9256964 -0.06648769 0.3723784
vn -0.9257138 -0.0475833 0.3752196
vn -0.9257348 -0.009562521 0.3780525
vn -0.9257351 0.00955699 0.3780518
vn -0.9257501 0.05703901 0.3738092
vn -0.9257423 0.05704331 0.3738277
vn -0.9256573 0.1036605 0.3638862
vn -0.9256341 0.1219253 0.3582396
vn -0.9255666 0.1574181 0.3443052
vn -0.9255219 0.1746491 0.3360164
vn -0.9254218 0.2076756 0.3169628
vn -0.9253689 0.2234687 0.306193
vn -0.9252558 0.2532727 0.2824086
vn -0.9251967 0.2672806 0.2693921
vn -0.9250578 0.2932115 0.2414441
vn -0.9249859 0.3051252 0.2264942
vn -0.924831 0.3265978 0.1949911
vn -0.9247496 0.3361542 0.178434
vn -0.9245725 0.3562126 0.1351975
vn -0.9245741 0.3562079 0.1351988
vn -0.9242994 0.3709382 0.08986285
vn -0.9242043 0.3751979 0.07122388
vn -0.9240175 0.3808777 0.03352296
vn -0.9239224 0.3823065 0.01446043
vn -0.9234894 0.3835964 -0.004600341
vn -0.9234872 0.3836015 -0.004601914
vn -0.923445 0.375205 -0.08043959
vn -0.9232109 0.379295 -0.06178208
vn -0.9232032 0.3793139 -0.06177938
vn -0.9233491 0.3709587 -0.09907629
vn -0.9231681 0.3562368 -0.1444166
vn -0.9231693 0.3562333 -0.1444169
vn -0.9229121 0.3361802 -0.1876599
vn -0.9228324 0.3266175 -0.2042095
vn -0.922678 0.3051342 -0.2357085
vn -0.9226058 0.2932093 -0.2506529
vn -0.9224661 0.2672765 -0.2786029
vn -0.9223968 0.2532693 -0.2916143
vn -0.9222916 0.2155741 -0.3207897
vn -0.9222848 0.2155832 -0.320803
vn -0.9221492 0.1660386 -0.3493879
vn -0.9221555 0.1660319 -0.3493745
vn -0.922015 0.1219265 -0.3674537
vn -0.9219877 0.1036609 -0.373086
vn -0.9219506 0.06648753 -0.381558
vn -0.9219395 0.04758031 -0.3844004
vn -0.9219231 0.009556807 -0.387255
vn -0.921923 -0.009557951 -0.3872552
vn -0.9219394 -0.04757663 -0.3844011
vn -0.9219508 -0.06648587 -0.3815578
vn -0.9219879 -0.1036636 -0.3730848
vn -0.9220148 -0.12193 -0.367453
vn -0.9220885 -0.1574151 -0.3535156
vn -0.92213 -0.1746412 -0.3452197
vn -0.922221 -0.20767 -0.3261619
vn -0.9222741 -0.2234665 -0.3153939
vn -0.9223961 -0.2532704 -0.2916151
vn -0.9224654 -0.2672763 -0.2786055
vn -0.9226054 -0.2932097 -0.2506538
vn -0.9226794 -0.3051312 -0.2357067
vn -0.9228352 -0.3266111 -0.2042066
vn -0.9229168 -0.3361708 -0.1876537
vn -0.9231772 -0.3562149 -0.1444117
vn -0.9231751 -0.3562193 -0.1444146
vn -0.9233652 -0.3709205 -0.09906956
vn -0.9234592 -0.3751724 -0.0804287
vn -0.9237319 -0.3815982 -0.03320131
vn -0.9237331 -0.3815946 -0.03320473
vn -0.9234907 -0.3835932 -0.004607033
vn -0.9234852 -0.3836065 -0.004603061
vn 0.1494602 -0.9776154 0.148087
vn -0.0007405104 -0.9888318 0.1490342
vn 0.1495596 -0.9690115 0.1965926
vn -0.00123096 -0.9690666 0.2467965
vn 0.1488363 -0.9289997 0.3388323
vn -0.151509 -0.9690115 0.1950938
vn -0.1509241 -0.9776159 0.1465919
vn -0.1522142 -0.9289986 0.3373312
vn -0.001941762 -0.921461 0.388466
vn 0.148172 -0.8682346 0.4735122
vn -0.1528976 -0.8682331 0.4720101
vn -0.002606859 -0.8532697 0.5214635
vn 0.1475769 -0.78807 0.5976343
vn -0.153547 -0.788069 0.5961297
vn -0.003212265 -0.7660187 0.6428102
vn 0.1469881 -0.6724163 0.7254314
vn -0.1542274 -0.6724146 0.7239285
vn -0.003655266 -0.680172 0.7330434
vn -0.004057728 -0.5837781 0.8119032
vn 0.1463775 -0.536332 0.8312169
vn -0.1546738 -0.5363318 0.8297133
vn -0.004437584 -0.4562475 0.8898419
vn 0.1460286 -0.406564 0.9018766
vn -0.1550026 -0.4065674 0.9003761
vn -0.004720095 -0.3185298 0.9479011
vn 0.1457888 -0.2677173 0.9524038
vn -0.1552643 -0.2677175 0.950905
vn -0.004901429 -0.1736901 0.9847882
vn 0.1456709 -0.1228847 0.9816718
vn -0.004978624 4.230471E-07 0.9999876
vn -0.1554365 -0.1228845 0.9801729
vn 0.1456682 4.194705E-07 0.9893335
vn -0.1555173 4.194554E-07 0.9878331
vn 0.1456709 0.1228861 0.9816715
vn -0.1554365 0.1228858 0.9801728
vn -0.00490142 0.1736883 0.9847885
vn 0.1458169 0.2677129 0.9524008
vn -0.1552923 0.2677135 0.9509016
vn -0.004721235 0.3185249 0.9479028
vn 0.1460689 0.4065599 0.9018719
vn -0.1550474 0.40656 0.9003718
vn -0.004433461 0.4562482 0.8898415
vn 0.1464002 0.5363292 0.8312147
vn -0.1546746 0.5363301 0.8297143
vn -0.004045439 0.5837785 0.8119029
vn 0.1469589 0.6724176 0.7254362
vn -0.1541821 0.6724178 0.7239352
vn -0.003655297 0.6801721 0.7330434
vn -0.003202999 0.7660185 0.6428106
vn 0.1475608 0.7880744 0.5976325
vn -0.1535044 0.7880749 0.5961328
vn -0.002595241 0.853269 0.5214646
vn 0.1481852 0.8682321 0.4735124
vn -0.1528898 0.8682336 0.4720119
vn -0.001933112 0.9214606 0.388467
vn 0.1488681 0.928996 0.3388284
vn -0.1522352 0.9289969 0.3373267
vn -0.001228736 0.9690673 0.2467934
vn 0.1495537 0.9690117 0.1965962
vn -0.0003695842 0.9972038 0.07472879
vn -0.1515031 0.969012 0.1950965
vn 0.1501976 0.9858354 0.0746275
vn -0.1509299 0.985836 0.07312761
vn 0.1501529 0.9886625 0.0007488633
vn -0.1501461 0.9886636 -0.0007488298
vn 5.135699E-06 1 0
vn -0.001540054 0.9510397 0.3090648
vn -0.002477879 0.8675956 0.4972643
vn -0.001540069 0.9510397 0.3090649
vn -0.003345881 0.7410393 0.6714534
vn -0.004545653 0.4096658 0.9122244
vn -0.004877327 0.2048329 0.9787849
vn -0.004877339 -0.2048204 0.9787874
vn -0.004545709 -0.4096408 0.9122356
vn -0.003345906 -0.7410348 0.6714583
vn -0.002477743 -0.8676113 0.4972369
vn -0.0005365658 -0.9941856 0.1076784
vn 0.0005364614 -0.994188 -0.1076574
vn 0.002928918 -0.8090166 -0.5877786
vn 0.002928926 -0.8090166 -0.5877786
vn 0.004739122 -0.3090012 -0.9510499
vn 0.004739122 -0.3090012 -0.9510499
vn 0.004877344 0.2048157 -0.9787884
vn 0.00454573 0.4096315 -0.9122398
vn 0.003345995 0.7410185 -0.6714762
vn 0.002477893 0.8675941 -0.497267
vn 0.001539969 0.9510462 -0.3090448
vn 0.001539954 0.9510462 -0.3090447
vn -0.9121265 0.3884989 -0.130743
vn -0.9785888 0.1942758 -0.06797787
vn -0.9801632 0.1698174 -0.1021874
vn -0.8458534 0.4237278 -0.3240166
vn -0.6498408 0.7219196 -0.2377793
vn -0.6674877 0.6008205 -0.4398579
vn -0.9799278 0.06014211 -0.1900645
vn -0.6662295 0.2294633 -0.7095667
vn -0.8693998 0.1513885 -0.4703463
vn -0.869404 -0.151397 -0.4703356
vn -0.9799216 -0.06016855 -0.1900876
vn -0.6663094 -0.2294406 -0.709499
vn -0.9799861 -0.1450449 -0.1363423
vn -0.6650828 -0.5517194 -0.50326
vn -0.8692769 -0.4269958 -0.2490627
vn -0.9808597 -0.1946547 -0.004878038
vn -0.6697026 -0.7426219 -0.003341122
vn -0.8717273 -0.4899722 -0.004337219
vn -0.8717157 -0.4269986 0.2403829
vn -0.981289 -0.1450901 0.1265733
vn -0.6700388 -0.551717 0.4966452
vn -0.8953826 -0.1723793 0.4105792
vn -0.9817676 -0.0601793 0.1803074
vn -0.6711755 -0.1524855 0.7254458
vn -0.9817709 0.06016626 0.1802938
vn -0.8149857 0.1802533 0.5507333
vn -0.6732141 0.2294773 0.7029388
vn -0.6700372 0.5517281 0.4966349
vn -0.872618 0.4141878 0.258817
vn -0.6522019 0.7218971 0.2312949
vn -0.9811239 0.1698559 0.09243914
vn -0.9133741 0.3885168 0.1216649
vn -0.9792172 0.194279 0.05821792
vn 0.9121079 0.3885266 0.1307907
vn 0.9785884 0.1942758 0.06798272
vn 0.9801458 0.1698786 0.102252
vn 0.8700049 0.4141706 0.2674962
vn 0.6499158 0.7218494 0.2377873
vn 0.6651503 0.5516772 0.503217
vn 0.9799216 0.0601789 0.1900848
vn 0.8336995 0.2164498 0.5080302
vn 0.8694038 -0.1514082 0.4703324
vn 0.6639947 0.1524871 0.7320238
vn 0.9799216 -0.06017435 0.1900858
vn 0.6662565 -0.2294585 0.7095429
vn 0.9799708 -0.1451206 0.1363713
vn 0.6651518 -0.5516661 0.5032272
vn 0.8692862 -0.4269825 0.2490532
vn 0.9805316 -0.1946346 0.02598442
vn 0.6697409 -0.7425874 0.003339376
vn 0.9021648 -0.4312994 -0.008917756
vn 0.9811245 -0.1698505 -0.09244262
vn 0.8726172 -0.4141883 -0.258819
vn 0.6700701 -0.551719 -0.4966008
vn 0.9815225 -0.08020051 -0.1737281
vn 0.8735825 -0.1803909 -0.4520096
vn 0.6712107 -0.1524831 -0.7254137
vn 0.9817732 0.06016661 -0.1802814
vn 0.8388423 0.1210765 -0.530739
vn 0.6709281 0.3050006 -0.6758921
vn 0.8490258 0.4237545 -0.3155746
vn 0.6718856 0.6007933 -0.4331479
vn 0.6522019 0.7218971 -0.2312949
vn 0.9811223 0.1698607 -0.09244774
vn 0.9133732 0.3885193 -0.1216642
vn 0.9792174 0.1942791 -0.05821376
vn -0.999988 0 -0.0048979
vn -0.999988 0 -0.0048979
vn -0.9999876 0 -0.00496908
vn -0.9999876 0 -0.00496908
vn -0.9999872 0 -0.005041529
vn -0.9999872 0 -0.005041529
vn -0.9999876 0 -0.004968353
vn -0.9999876 0 -0.004968353
vn -0.9999881 0 -0.004893906
vn -0.9999881 0 -0.004893906
vn 0.9999881 0 0.004893906
vn 0.9999881 0 0.004893906
vn 0.9999876 0 0.004968353
vn 0.9999876 0 0.004968353
vn 0.9999872 0 0.005041529
vn 0.9999872 0 0.005041529
vn 0.9999877 0 0.004967082
vn 0.9999877 0 0.004967082
vn 0.9999881 0 0.004893906
vn 0.9999881 0 0.004893906
vn -0.002928828 0.8090211 0.5877723
vn -0.001539754 0.9510589 0.3090059
vn -0.001539754 0.9510589 0.3090059
vn -0.002928828 0.8090211 0.5877723
vn -0.004545627 0.4096311 0.91224
vn -0.004877233 0.2048155 0.9787884
vn -0.004877243 -0.2048066 0.9787903
vn -0.004545667 -0.4096133 0.912248
vn -0.003345944 -0.7410138 0.6714814
vn -0.002477766 -0.8676032 0.4972509
vn -0.0005365495 -0.9941857 0.1076775
vn 0.0005364748 -0.9941874 -0.1076626
vn 0.002477682 -0.8676129 -0.497234
vn 0.003345854 -0.7410302 -0.6714634
vn 0.004545627 -0.4096311 -0.91224
vn 0.004877233 -0.2048155 -0.9787884
vn 0.004877233 0.2048155 -0.9787884
vn 0.004545627 0.4096311 -0.91224
vn 0.002928797 0.8090255 -0.5877662
vn 0.002928797 0.8090255 -0.5877662
vn 0.001539683 0.9510636 -0.3089916
vn 0.001539683 0.9510636 -0.3089916
vn 0.002929147 0.8090139 -0.5877822
vn 0.001539825 0.9510636 -0.3089916
vn 0.001539825 0.9510636 -0.3089916
vn 0.002929147 0.8090139 -0.5877822
vn 0.004546101 0.4096065 -0.9122509
vn 0.004877697 0.2048032 -0.978791
vn 0.004877684 -0.2048155 -0.9787884
vn 0.004546046 -0.4096311 -0.91224
vn 0.003346181 -0.7410269 -0.6714669
vn 0.002477955 -0.8676078 -0.497243
vn 0.000536599 -0.9941857 -0.1076775
vn -0.0005365243 -0.9941874 0.1076626
vn -0.002478004 -0.8676021 0.4972529
vn -0.0033723 -0.741008 0.6714877
vn -0.004604284 -0.4096009 0.9122532
vn -0.00493588 -0.2047903 0.9787934
vn -0.004909834 0.2048196 0.9787875
vn -0.00454607 0.4096206 0.9122447
vn -0.002929147 0.8090139 0.5877822
vn -0.002929147 0.8090139 0.5877822
vn -0.001539825 0.9510636 0.3089916
vn -0.001539825 0.9510636 0.3089916
vn -0.002989285 0.8090096 0.5877878
vn -0.00141928 0.9510453 0.3090483
vn -0.001507503 0.9510467 0.3090436
vn -0.003035038 0.8090109 0.5877858
vn -0.004712225 0.4096313 0.912239
vn -0.005056882 0.2048156 0.9787875
vn -0.00505688 -0.2048177 0.9787871
vn -0.004550504 -0.4096279 0.9122413
vn -0.003244458 -0.7410272 0.6714672
vn -0.00234431 -0.8676106 0.4972388
vn -0.0004941609 -0.9941871 0.1076657
vn 0.0005562812 -0.9941864 -0.1076713
vn 0.00256898 -0.8676091 -0.4972403
vn 0.003469144 -0.7410217 -0.6714721
vn 0.004713085 -0.4096206 -0.9122438
vn 0.005056887 -0.2048102 -0.9787886
vn 0.005174463 0.2047976 -0.9787907
vn 0.004668856 0.4096078 -0.9122497
vn 0.00336315 0.7410083 -0.6714874
vn 0.002283595 0.8676027 -0.4972528
vn 0.00141912 0.9510567 -0.3090133
vn 0.00141912 0.9510567 -0.3090133
vn 0.001507834 0.9510553 -0.3090172
vn 0.00141912 0.9510567 -0.3090133
vn 0.002507241 0.8676012 -0.4972544
vn 0.003468342 0.7410158 -0.6714786
vn 0.004711217 0.4096206 -0.9122438
vn 0.005053985 0.2048103 -0.9787886
vn 0.005053986 -0.2048102 -0.9787887
vn 0.004711217 -0.4096206 -0.9122438
vn 0.003468298 -0.7410237 -0.67147
vn 0.002507159 -0.8676106 -0.4972379
vn 0.0005562506 -0.9941871 -0.1076654
vn -0.0004944605 -0.9941867 0.1076688
vn -0.002283544 -0.867609 0.4972416
vn -0.003244649 -0.7410272 0.6714672
vn -0.004549379 -0.4096279 0.9122413
vn -0.005053978 -0.2048176 0.9787871
vn -0.005053985 0.2048103 0.9787886
vn -0.004711217 0.4096206 0.9122438
vn -0.003468342 0.7410158 0.6714786
vn -0.002507241 0.8676012 0.4972544
vn -0.001507834 0.9510553 0.3090172
vn -0.00141912 0.9510567 0.3090133
vn -0.7677241 0.5575891 0.3157437
vn -0.8067301 0.5631679 0.1789649
vn -0.7528999 0.6270122 0.1999935
vn -0.8542573 0.404559 0.3264605
vn -0.7690961 0.2632351 0.5824073
vn -0.9333162 0.3428239 0.1067362
vn -0.8445593 0.1105014 0.5239361
vn -0.7693151 -0.1316195 0.6251644
vn -0.9663309 0.2104125 0.1480921
vn -0.9833817 0.1740485 0.05164924
vn -0.9851871 0.1410216 0.0975673
vn -0.9854966 0.0538546 0.1609229
vn -0.9457468 0.1278615 0.2986876
vn -0.9485846 -0.09135578 0.3030535
vn -0.9852925 -0.07179131 0.1550639
vn -0.8311971 -0.2121747 0.5139
vn -0.7683156 -0.4762016 0.4276952
vn -0.8448058 -0.4413555 0.3025033
vn -0.7665038 -0.6389016 0.0653959
vn -0.9537888 -0.2529517 0.1621802
vn -0.9849383 -0.1520941 0.082243
vn -0.8432348 -0.5373212 -0.01552264
vn -0.7646226 -0.557492 -0.3233495
vn -0.9583623 -0.284485 -0.02469836
vn -0.9846774 -0.1743153 -0.004950015
vn -0.9840667 -0.1520975 -0.09208162
vn -0.8416682 -0.4280479 -0.3291955
vn -0.7632805 -0.2632242 -0.5900135
vn -0.9515134 -0.2255549 -0.2091588
vn -0.9836976 -0.0718025 -0.1648739
vn -0.8407288 -0.1552768 -0.5187141
vn -0.7649949 0.1978915 -0.6128799
vn -0.9510488 -0.06231769 -0.3026924
vn -0.9836367 0.03591674 -0.1765472
vn -0.8630165 0.1548395 -0.4808609
vn -0.9594322 0.09654305 -0.2648949
vn -0.9839098 0.1298923 -0.1226763
vn -0.9461477 0.2644401 -0.1867512
vn -0.9828199 0.1740229 -0.06149056
vn -0.9479795 0.3013288 -0.1026448
vn -0.8533253 0.4945888 -0.1649784
vn -0.8180012 0.4634105 -0.3407711
vn -0.7661671 0.5180858 -0.3802303
vn -0.7508918 0.626991 -0.2074699
vn 0.7677824 0.5575266 -0.3157122
vn 0.8067661 0.5631211 -0.1789495
vn 0.75296 0.626947 -0.199972
vn 0.8542649 0.4045659 -0.3264322
vn 0.7691055 0.2632389 -0.5823933
vn 0.9333056 0.3428504 -0.1067448
vn 0.8445558 0.110522 -0.5239375
vn 0.7710661 -0.1979046 -0.6052196
vn 0.9663153 0.2104832 -0.1480931
vn 0.9833641 0.1741424 -0.05166686
vn 0.9851708 0.1411038 -0.0976126
vn 0.9854905 0.0538986 -0.1609454
vn 0.9457473 0.1279102 -0.2986656
vn 0.9540166 -0.06235221 -0.2931972
vn 0.9852843 -0.07184993 -0.1550884
vn 0.8588369 -0.1860093 -0.4772836
vn 0.9535401 -0.2256025 -0.1996617
vn 0.9849231 -0.1521721 -0.08228075
vn 0.8449116 -0.4280554 -0.3207694
vn 0.7678093 -0.5574921 -0.315708
vn 0.9585488 -0.2845279 -0.01509755
vn 0.9846624 -0.1743999 0.00497838
vn 0.9840512 -0.1521817 0.09210902
vn 0.8433627 -0.5372975 -0.007118075
vn 0.7658606 -0.6388473 0.07301877
vn 0.9521161 -0.2530031 0.1716519
vn 0.9836948 -0.07186861 0.1648618
vn 0.8417704 -0.4413477 0.3108616
vn 0.7640116 -0.4762008 0.4353378
vn 0.9455225 -0.0913852 0.3124672
vn 0.9838421 0.05391261 0.1707284
vn 0.8260233 -0.2121891 0.5221699
vn 0.76299 -0.1316254 0.6328674
vn 0.8500932 0.1329206 0.5095819
vn 0.7632212 0.26325 0.5900786
vn 0.9516105 0.09359099 0.2927085
vn 0.9575405 0.2184874 0.1880942
vn 0.9841517 0.1410821 0.1074305
vn 0.9828046 0.1740955 0.0615296
vn 0.9322011 0.3428355 0.1160391
vn 0.8316895 0.4588392 0.3126647
vn 0.7661091 0.5181332 0.3802826
vn 0.8299376 0.5293331 0.1760968
vn 0.7508991 0.6269848 0.2074622
vn 0.9237757 -0.3793086 -0.05256854
vn 0.9237803 -0.3792981 -0.05256346
vn 0.9242046 -0.3751963 -0.0712283
vn 0.9242988 -0.3709395 -0.08986426
vn 0.924485 -0.3596909 -0.1262924
vn 0.9245768 -0.3527001 -0.1440847
vn 0.9248289 -0.3313998 -0.1867232
vn 0.9248281 -0.3314011 -0.1867251
vn 0.9250652 -0.2991803 -0.2339779
vn 0.9250619 -0.2991851 -0.2339846
vn 0.9252741 -0.2602772 -0.2759051
vn 0.9252822 -0.2602629 -0.2758915
vn 0.9253774 -0.2234571 -0.3061756
vn 0.9254256 -0.2076689 -0.3169558
vn 0.9255854 -0.1660433 -0.3401782
vn 0.9255859 -0.1660418 -0.3401779
vn 0.9256357 -0.1219324 -0.3582332
vn 0.9256625 -0.1036603 -0.3638729
vn 0.9257551 -0.05703498 -0.3737975
vn 0.9257497 -0.05703798 -0.3738101
vn 0.9257384 -0.009557509 -0.3780437
vn 0.9257382 0.009560768 -0.3780442
vn 0.9257193 0.04757993 -0.3752067
vn 0.9257026 0.06648297 -0.3723636
vn 0.9256625 0.1036567 -0.3638739
vn 0.9256408 0.1219243 -0.3582228
vn 0.9255754 0.1574139 -0.3442836
vn 0.9255317 0.1746391 -0.3359945
vn 0.9254305 0.2076629 -0.3169456
vn 0.9253706 0.2234644 -0.3061907
vn 0.9252523 0.2532774 -0.2824163
vn 0.9251893 0.2672901 -0.2694083
vn 0.9250519 0.293223 -0.2414525
vn 0.924975 0.3051474 -0.226509
vn 0.9248137 0.3266337 -0.1950129
vn 0.9247311 0.3361924 -0.1784575
vn 0.9245635 0.3527296 -0.1440976
vn 0.9244778 0.3597086 -0.1262956
vn 0.9242951 0.3709487 -0.08986416
vn 0.9242049 0.3751962 -0.07122523
vn 0.9237761 0.3793076 -0.05256805
vn 0.9237812 0.3792961 -0.05256248
vn -0.05886991 -0.9870717 -0.1490768
vn 0.0007442163 -0.9888307 -0.149041
vn -0.05878962 -0.9784279 -0.1980469
vn 0.001229962 -0.9690675 -0.2467928
vn -0.0580799 -0.9380266 -0.3416618
vn 0.06076214 -0.9784281 -0.19745
vn 0.06035904 -0.9870717 -0.14848
vn 0.06148293 -0.9380267 -0.3410655
vn 0.001935858 -0.921461 -0.3884659
vn -0.05740805 -0.8766714 -0.4776522
vn 0.06216359 -0.8766716 -0.4770564
vn 0.002595894 -0.8532697 -0.5214634
vn -0.05678434 -0.7957308 -0.6029827
vn 0.06278378 -0.7957313 -0.6023868
vn 0.003199485 -0.7660174 -0.6428118
vn -0.05615652 -0.6789548 -0.7320292
vn 0.06344379 -0.6789553 -0.7314333
vn 0.003650297 -0.6801711 -0.7330443
vn 0.00404406 -0.5837781 -0.8119032
vn -0.05559032 -0.5415435 -0.8388327
vn 0.06394556 -0.5415432 -0.8382373
vn 0.004433654 -0.4562475 -0.8898419
vn -0.05524968 -0.410513 -0.9101794
vn 0.06431507 -0.4105129 -0.9095839
vn 0.004720804 -0.3185274 -0.9479018
vn -0.0549914 -0.2703178 -0.9611994
vn 0.06456146 -0.2703187 -0.9606038
vn 0.004904735 -0.1736896 -0.9847882
vn -0.0548555 -0.12408 -0.9907548
vn 0.004981073 -4.708685E-07 -0.9999876
vn 0.06472278 -0.1240796 -0.9901592
vn -0.05482839 -4.706112E-07 -0.9984958
vn 0.0647725 -4.706064E-07 -0.9979
vn -0.05485551 0.1240794 -0.9907548
vn 0.06472278 0.1240789 -0.9901593
vn 0.004905669 0.1736892 -0.9847883
vn -0.05498968 0.270318 -0.9611995
vn 0.06456348 0.2703182 -0.9606038
vn 0.004722171 0.3185273 -0.947902
vn -0.05524882 0.4105129 -0.9101796
vn 0.06431407 0.4105132 -0.9095837
vn 0.00443265 0.4562476 -0.8898419
vn -0.05559032 0.5415435 -0.8388327
vn 0.06394456 0.5415435 -0.8382372
vn 0.004044104 0.5837812 -0.8119009
vn -0.05612814 0.678957 -0.7320294
vn 0.06341778 0.6789572 -0.7314338
vn 0.003650577 0.6801735 -0.7330421
vn 0.003202471 0.7660169 -0.6428125
vn -0.05675316 0.7957335 -0.6029819
vn 0.0627574 0.795734 -0.602386
vn 0.00259645 0.8532706 -0.5214619
vn -0.0573953 0.8766732 -0.4776503
vn 0.06214815 0.8766733 -0.4770551
vn 0.001934506 0.921461 -0.3884659
vn -0.05808286 0.9380258 -0.3416635
vn 0.06148412 0.9380261 -0.341067
vn 0.001229538 0.9690664 -0.246797
vn -0.05878409 0.9784277 -0.1980497
vn 0.06075525 0.9784276 -0.197454
vn 0.0007431675 0.9888306 -0.1490416
vn -0.05887415 0.9870717 -0.1490749
vn 0.06035903 0.9870716 -0.1484808
vn -0.9231989 -0.3793248 -0.06177742
vn -0.9231935 -0.3793381 -0.06177538
vn -0.9234452 -0.3752049 -0.08043829
vn -0.9233567 -0.3709395 -0.09907723
vn -0.9231761 -0.3596991 -0.135508
vn -0.9230896 -0.3527102 -0.1533007
vn -0.9229173 -0.3314075 -0.1959407
vn -0.9229216 -0.3313998 -0.1959334
vn -0.9226714 -0.3051434 -0.2357222
vn -0.9225954 -0.2932261 -0.2506713
vn -0.9224595 -0.267288 -0.2786137
vn -0.9223973 -0.253271 -0.2916112
vn -0.922289 -0.2155782 -0.3207945
vn -0.9222917 -0.2155725 -0.3207904
vn -0.9221413 -0.1660474 -0.3494047
vn -0.9221349 -0.1660545 -0.3494182
vn -0.9220106 -0.1219305 -0.3674635
vn -0.9219897 -0.1036603 -0.3730812
vn -0.9219822 -0.05703662 -0.3830087
vn -0.921989 -0.05703314 -0.3829928
vn -0.921959 -1.769511E-07 -0.3872876
vn -0.9219505 -1.813276E-07 -0.3873078
vn -0.9219339 0.04757962 -0.3844139
vn -0.9219509 0.06648336 -0.3815581
vn -0.9219899 0.1036611 -0.3730806
vn -0.9220158 0.1219318 -0.3674498
vn -0.9220863 0.1574205 -0.3535189
vn -0.9221284 0.1746415 -0.3452238
vn -0.922293 0.215571 -0.3207878
vn -0.9222917 0.2155725 -0.3207904
vn -0.9223973 0.2532713 -0.2916109
vn -0.9224586 0.2672897 -0.278615
vn -0.9225936 0.29323 -0.2506737
vn -0.9226689 0.3051486 -0.2357255
vn -0.9228309 0.3266192 -0.2042128
vn -0.9229186 0.3361689 -0.1876481
vn -0.92309 0.3527098 -0.1532994
vn -0.9231765 0.3596978 -0.1355086
vn -0.9234462 0.3730826 -0.08975834
vn -0.923443 0.3730901 -0.08976028
vn -0.9232059 0.3793089 -0.06176954
vn -0.923209 0.3793014 -0.06177069
vn 0.9234945 -0.3835842 0.004603348
vn 0.9234956 -0.3835815 0.004604203
vn 0.9237298 -0.3816032 0.03320008
vn 0.9237302 -0.3816024 0.03319858
vn 0.9234456 -0.3730841 0.08975758
vn 0.9234444 -0.3730868 0.08975866
vn 0.9231745 -0.3597031 0.1355083
vn 0.9230882 -0.3527137 0.153301
vn 0.9229191 -0.3361658 0.1876511
vn 0.9228344 -0.3266109 0.2042107
vn 0.922673 -0.3051416 0.2357186
vn 0.9225977 -0.2932241 0.2506655
vn 0.9224615 -0.267284 0.2786109
vn 0.9223984 -0.253267 0.2916109
vn 0.9222787 -0.2234581 0.3153863
vn 0.9222226 -0.2076634 0.3261615
vn 0.9221264 -0.1746431 0.3452285
vn 0.922084 -0.1574224 0.3535241
vn 0.9220451 -0.1128003 0.3702822
vn 0.9220427 -0.1128 0.3702883
vn 0.9219838 -0.0570375 0.3830047
vn 0.921989 -0.05703546 0.3829925
vn 0.9219623 0 0.3872796
vn 0.921957 0 0.3872923
vn 0.9219838 0.05703698 0.3830048
vn 0.921989 0.05703494 0.3829925
vn 0.9219897 0.1036596 0.3730813
vn 0.9220151 0.1219293 0.3674526
vn 0.9221492 0.1660387 0.349388
vn 0.922148 0.1660415 0.3493897
vn 0.9222263 0.207659 0.3261541
vn 0.9222833 0.2234515 0.3153776
vn 0.922403 0.2532595 0.2916029
vn 0.9224649 0.2672785 0.2786047
vn 0.9226004 0.2932193 0.2506608
vn 0.9226746 0.305139 0.2357155
vn 0.9228354 0.3266092 0.2042089
vn 0.9229208 0.336162 0.1876496
vn 0.9231761 0.3562185 0.1444105
vn 0.9231766 0.3562175 0.144409
vn 0.9233575 0.3709382 0.09907495
vn 0.9234504 0.375193 0.08043437
vn 0.9237301 0.3816026 0.03320017
vn 0.9237308 0.381601 0.03319842
vn 0.9234945 0.3835842 0.00460335
vn 0.9234955 0.3835816 0.004604147
vn -0.01990235 -0.9998019 -9.918908E-05
vn -0.05961267 -0.9982216 -0.0002970968
vn -0.06000779 -0.9969739 0.04941855
vn 0.008128169 -0.9963102 0.08543994
vn 0.05961133 -0.9982216 0.0002967359
vn 0.05940404 -0.9954205 0.07489526
vn -0.06075981 -0.9784282 0.19745
vn 0.0587887 -0.9784282 0.1980457
vn -0.001229497 -0.9690681 0.2467905
vn -0.06148294 -0.9380274 0.3410635
vn 0.05808172 -0.9380273 0.3416596
vn -0.001935216 -0.9214606 0.388467
vn -0.06214805 -0.8766702 0.4770609
vn 0.05739246 -0.8766707 0.4776555
vn -0.002599217 -0.8532683 0.5214657
vn -0.06278082 -0.7957316 0.6023868
vn 0.05676946 -0.7957317 0.6029829
vn -0.003206755 -0.7660181 0.6428111
vn -0.06344283 -0.6789563 0.7314324
vn 0.05614494 -0.6789564 0.7320287
vn -0.003654739 -0.6801728 0.7330427
vn -0.004048093 -0.5837781 0.8119031
vn -0.0639508 -0.5415421 0.8382378
vn 0.05559004 -0.5415419 0.8388338
vn -0.004435407 -0.4562488 0.8898412
vn -0.0643192 -0.4105138 0.9095831
vn 0.05525303 -0.4105133 0.9101791
vn -0.004721027 -0.3185237 0.9479032
vn -0.06459121 -0.2703117 0.9606038
vn 0.0550059 -0.2703148 0.9611994
vn -0.004920173 -0.1736875 0.9847885
vn -0.06472278 -0.1240796 0.9901592
vn -0.004992767 0 0.9999875
vn 0.05482472 -0.1240802 0.9907565
vn -0.0647725 0 0.9979
vn 0.05482839 0 0.9984958
vn -0.06472278 0.1240786 0.9901593
vn 0.05482472 0.1240792 0.9907566
vn -0.004920175 0.1736857 0.9847889
vn -0.06459121 0.2703107 0.960604
vn 0.0550059 0.2703134 0.9611998
vn -0.004721753 0.3185241 0.947903
vn -0.06431919 0.4105172 0.9095816
vn 0.05525023 0.4105167 0.9101777
vn -0.004436807 0.4562512 0.8898399
vn -0.06397089 0.5415423 0.838236
vn 0.05560879 0.5415403 0.8388335
vn -0.004052858 0.5837765 0.8119043
vn -0.06346431 0.6789559 0.731431
vn 0.0561531 0.6789566 0.7320279
vn -0.003670204 0.6801745 0.733041
vn -0.003209446 0.7660189 0.6428101
vn -0.06279051 0.79573 0.6023879
vn 0.0567764 0.795731 0.6029832
vn -0.002605117 0.8532676 0.5214667
vn -0.06216275 0.8766704 0.4770586
vn 0.0573944 0.8766708 0.4776548
vn -0.001936478 0.9214607 0.3884666
vn -0.06148682 0.9380257 0.3410678
vn 0.0580893 0.9380261 0.3416618
vn -0.001228585 0.9690669 0.2467952
vn -0.06075888 0.9784278 0.1974525
vn 0.05878962 0.9784275 0.1980487
vn 0.008129772 0.9963102 0.08544004
vn 0.05940681 0.9954203 0.07489564
vn 0.05961273 0.9982216 0.000297119
vn -0.06000499 0.9969741 0.04941857
vn -0.01990049 0.9998019 -9.918106E-05
vn -0.05960989 0.9982217 -0.0002970867
vn -0.9234866 -0.3836032 -0.004597485
vn -0.9234777 -0.3836246 -0.004590823
vn -0.9239222 -0.382307 0.01446134
vn -0.9240202 -0.3808714 0.03352333
vn -0.9242049 -0.3751965 0.07122417
vn -0.9242931 -0.3709537 0.08986434
vn -0.9245591 -0.3562441 0.1352054
vn -0.9245588 -0.3562447 0.1352067
vn -0.9247302 -0.3361961 0.1784552
vn -0.9248168 -0.3266276 0.1950083
vn -0.9250572 -0.2991948 0.233991
vn -0.925063 -0.2991829 0.233983
vn -0.925265 -0.2602921 0.2759213
vn -0.9252628 -0.2602949 0.2759263
vn -0.9253712 -0.2234664 0.3061879
vn -0.9254296 -0.207663 0.316948
vn -0.9255295 -0.1746379 0.3360012
vn -0.9255725 -0.1574117 0.344292
vn -0.9256933 -0.1127978 0.3610658
vn -0.9256929 -0.1128016 0.3610658
vn -0.9257552 -0.05703489 0.3737972
vn -0.9257497 -0.05703793 0.3738101
vn -0.9257768 1.421748E-06 0.3780707
vn -0.9257853 0 0.3780497
vn -0.9257483 0.05704036 0.3738134
vn -0.9257436 0.05704526 0.3738242
vn -0.9256502 0.1036696 0.3639016
vn -0.9256244 0.1219375 0.3582607
vn -0.9255812 0.1660442 0.3401895
vn -0.9255825 0.1660455 0.3401852
vn -0.9254276 0.2076652 0.3169527
vn -0.925379 0.2234541 0.306173
vn -0.9252702 0.2602865 0.2759094
vn -0.9252779 0.2602747 0.2758949
vn -0.9250572 0.2991952 0.2339903
vn -0.9250496 0.2992085 0.2340033
vn -0.924821 0.3266166 0.1950071
vn -0.9247403 0.3361712 0.1784498
vn -0.9245645 0.3562308 0.1352036
vn -0.9245629 0.3562349 0.1352042
vn -0.9242945 0.3709502 0.08986437
vn -0.9242049 0.3751963 0.07122522
vn -0.9240202 0.3808714 0.03352333
vn -0.9239274 0.3822944 0.01445743
vn -0.9234945 0.3835842 -0.00460335
vn -0.9234933 0.3835868 -0.004602552
vn -0.001108967 0.974928 0.222518
vn -0.0007427838 0.9888306 0.1490421
vn -0.0007427838 0.9888306 0.1490421
vn -0.001108967 0.974928 0.222518
vn -0.001704311 0.9397073 0.3419756
vn -0.001936012 0.9214605 0.3884673
vn -0.002491828 0.8660256 0.4999935
vn -0.002491828 0.8660256 0.4999935
vn -0.003110082 0.7818331 0.6234801
vn -0.003107242 0.7818344 0.6234785
vn -0.003575606 0.6982667 0.7158288
vn -0.003744913 0.661653 0.7498009
vn -0.004120933 0.5633191 0.8262292
vn -0.004117688 0.5633211 0.8262278
vn -0.004434669 0.4562491 0.8898411
vn -0.004542665 0.4112509 0.9115109
vn -0.004762227 0.2947564 0.9555606
vn -0.004762247 0.2947564 0.9555606
vn -0.004907907 0.1736912 0.9847879
vn -0.004950542 0.1243024 0.9922321
vn -0.004991964 4.532376E-07 0.9999875
vn -0.00500027 4.532012E-07 0.9999875
vn -0.004932148 -0.1490419 0.9888186
vn -0.004927993 -0.1490449 0.9888182
vn -0.004797445 -0.2708017 0.9626232
vn -0.004724078 -0.3185272 0.947902
vn -0.004542715 -0.4112509 0.9115109
vn -0.004434719 -0.4562491 0.8898411
vn -0.00418651 -0.5425127 0.8400372
vn -0.004046298 -0.5837782 0.8119031
vn -0.003653272 -0.6801746 0.7330411
vn -0.003653272 -0.6801746 0.7330411
vn -0.003107247 -0.7818335 0.6234795
vn -0.003107247 -0.7818335 0.6234795
vn -0.002493639 -0.8660251 0.4999943
vn -0.002491826 -0.8660258 0.4999932
vn -0.001940069 -0.9214595 0.3884697
vn -0.001710002 -0.9397066 0.3419776
vn -0.001112045 -0.9749279 0.2225184
vn -0.001112664 -0.974928 0.222518
vn -0.0007440261 -0.9888304 0.1490429
vn -0.0007427927 -0.9888303 0.1490438
vn 0.0002490388 0.998759 -0.04980445
vn 0 1 0
vn 0 1 0
vn 0.0004972533 0.9950265 -0.09960951
vn 0.0009881227 0.9801805 -0.1981041
vn 0.001229954 0.9690671 -0.2467943
vn 0.001820717 0.9308751 -0.365333
vn 0.001820717 0.9308751 -0.365333
vn 0.002492055 0.8660264 -0.4999921
vn 0.002491821 0.8660263 -0.4999922
vn 0.003009683 0.7971571 -0.6037644
vn 0.003204657 0.7660182 -0.642811
vn 0.003654498 0.6801726 -0.7330429
vn 0.003654498 0.6801726 -0.7330429
vn 0.004118713 0.5633173 -0.8262304
vn 0.004119073 0.5633175 -0.8262303
vn 0.00443521 0.4562451 -0.8898431
vn 0.00454272 0.4112487 -0.9115118
vn 0.004766302 0.2947591 -0.9555597
vn 0.004762237 0.294762 -0.9555588
vn 0.004918855 0.1736912 -0.9847879
vn 0.004955954 0.1243024 -0.992232
vn 0.004987811 -3.024034E-06 -0.9999876
vn 0.004983658 0 -0.9999876
vn 0.004945005 -0.1243055 -0.9922317
vn 0.004907882 -0.1736895 -0.9847882
vn 0.004762189 -0.2947551 -0.955561
vn 0.004762169 -0.2947551 -0.955561
vn 0.004542644 -0.411249 -0.9115118
vn 0.004434679 -0.4562453 -0.889843
vn 0.004117682 -0.5633178 -0.8262301
vn 0.0041177 -0.5633178 -0.8262301
vn 0.003736787 -0.6616555 -0.7497987
vn 0.003567462 -0.6982686 -0.715827
vn 0.003107224 -0.7818332 -0.62348
vn 0.003107198 -0.7818332 -0.62348
vn 0.002491819 -0.8660253 -0.4999941
vn 0.00249183 -0.8660253 -0.4999941
vn 0.001820732 -0.930874 -0.365336
vn 0.001820732 -0.930874 -0.365336
vn 0.001229954 -0.9690671 -0.2467943
vn 0.0009872983 -0.9801804 -0.1981047
vn 0.0003724378 -0.9972037 -0.07473089
vn 0.0003724378 -0.9972037 -0.07473089
vn 0 -1 0
vn 0 -1 0
vn -0.7970198 -0.5977815 0.08611994
vn -0.9237704 -0.3793227 0.05255984
vn -0.9242016 -0.3752051 0.07122187
vn -0.7081062 -0.6907119 0.1466386
vn -0.9244627 -0.3597392 0.126319
vn -0.0007373551 -0.9888311 0.1490386
vn -0.7086266 -0.6606026 0.2478963
vn -0.9247388 -0.3361783 0.1784442
vn -0.00122734 -0.9690673 0.2467937
vn -0.709118 -0.6157393 0.3435357
vn -0.9249928 -0.3051136 0.2264819
vn 0.7066193 -0.6907023 0.1536863
vn 0.7961037 -0.5978036 0.09407257
vn -0.001939865 -0.9214619 0.3884639
vn -0.7095471 -0.5571404 0.4314365
vn -0.9252645 -0.2602943 0.2759214
vn 0.9234347 -0.37523 0.080442
vn 0.9231655 -0.3794032 0.0617961
vn 0.9231701 -0.359713 0.1355122
vn 0.7061309 -0.6605935 0.2549418
vn 0.9229214 -0.3361631 0.1876444
vn 0.705656 -0.6157402 0.3505903
vn 0.9226817 -0.3051237 0.2357073
vn -0.002591575 -0.8532693 0.5214641
vn 0.7052172 -0.557134 0.4384866
vn 0.922479 -0.2602765 0.2851116
vn -0.003181749 -0.7660171 0.6428124
vn 0.6011384 -0.5420573 0.5872024
vn -0.6069288 -0.5420732 0.5812005
vn 0.7044565 -0.3921131 0.5915982
vn 0.9222431 -0.2076405 0.3261184
vn -0.003626082 -0.6801703 0.7330452
vn -0.004021921 -0.583778 0.8119034
vn -0.7102813 -0.3921337 0.5845783
vn -0.9254222 -0.2076711 0.3169645
vn 0.7448647 -0.278372 0.6063709
vn 0.9221551 -0.1660348 0.3493743
vn 0.922048 -0.1127957 0.3702765
vn -0.004424414 -0.456247 0.8898422
vn -0.7508556 -0.2783789 0.5989333
vn -0.9255872 -0.1660381 0.3401761
vn -0.92568 -0.1128059 0.3610975
vn -0.004734051 -0.3185255 0.9479025
vn 0.6428874 -0.2105559 0.7364523
vn -0.6501898 -0.2105596 0.7300123
vn 0.7038788 -0.09812758 0.7035096
vn 0.9219368 -0.04758224 0.3844065
vn -0.00491705 -0.1736879 0.9847885
vn -0.0050069 -1.981024E-07 0.9999875
vn -0.71086 -0.09812471 0.6964551
vn -0.9257231 -0.04757709 0.3751976
vn 0.7943677 -2.677459E-07 0.6074373
vn 0.9219654 0 0.3872723
vn 0.9219383 0.04758148 0.3844032
vn -0.8003994 -2.676988E-07 0.5994671
vn -0.9257829 0 0.3780557
vn -0.9257245 0.04757634 0.3751943
vn 0.7038769 0.09812829 0.7035113
vn 0.921992 0.10366 0.3730755
vn -0.7108582 0.09812542 0.6964568
vn -0.925649 0.1036719 0.363904
vn 0.7039984 0.2013544 0.68106
vn 0.9220908 0.1574133 0.3535101
vn -0.004917049 0.1736889 0.9847883
vn -0.7107489 0.2013598 0.6740106
vn -0.925566 0.1574173 0.3443072
vn 0.7041959 0.3000844 0.6434731
vn 0.9222431 0.2076409 0.326118
vn -0.004734051 0.3185255 0.9479025
vn -0.7105704 0.3000859 0.6364262
vn -0.9254262 0.2076678 0.3169548
vn 0.7044405 0.3921235 0.5916103
vn 0.9224099 0.2532491 0.2915903
vn -0.004437426 0.4562524 0.8898394
vn -0.7102827 0.3921366 0.5845745
vn -0.9252521 0.2532794 0.2824147
vn 0.6616689 0.5115901 0.5481513
vn 0.9226044 0.2932105 0.2506564
vn -0.004058548 0.5837789 0.8119025
vn -0.6671031 0.5115879 0.5415269
vn -0.9250559 0.2932143 0.2414477
vn 0.7051443 0.5635358 0.4303475
vn 0.9229197 0.3314035 0.195936
vn -0.003659025 0.6801721 0.7330433
vn -0.00321075 0.7660183 0.6428107
vn -0.7094072 0.5635308 0.4232901
vn -0.9248288 0.331398 0.1867269
vn -0.002615053 0.8532689 0.5214646
vn 0.6447014 0.668006 0.371656
vn -0.6483758 0.668003 0.3652135
vn 0.7061229 0.6606005 0.2549458
vn 0.9231719 0.3597097 0.1355089
vn -0.00193384 0.9214601 0.3884682
vn -0.7086295 0.6605988 0.247898
vn -0.9244921 0.3596748 0.1262876
vn 0.7471705 0.6494994 0.1410207
vn 0.9234464 0.3730815 0.0897611
vn 0.9236181 0.3809243 0.04273606
vn -0.001214354 0.9690673 0.2467937
vn -0.0003743299 0.9972039 0.07472818
vn -0.7485475 0.6494911 0.1335593
vn -0.9242975 0.3730777 0.08054305
vn -0.9240192 0.3808742 0.03351816
vn 0.7630742 0.6446785 0.04590732
vn 0.9234751 0.3836306 0.00460425
vn 0.6029509 0.7977727 0.003008308
vn -1.718778E-05 1 0
vn -0.6029626 0.7977638 -0.003002122
vn -0.7635181 0.64465 0.0382952
vn -0.9234927 0.3835883 -0.004598126
vn -0.6023407 0.7888746 -0.1219123
vn -0.3810441 0.9139481 -0.1396575
vn -0.3816198 0.905628 -0.1849436
vn -0.7065458 0.6874562 -0.1679198
vn -0.9232155 0.3792843 -0.06177883
vn -0.3809746 0.8682273 -0.3178674
vn -0.9233622 0.3709276 -0.09907111
vn -0.7060448 0.6552774 -0.2685372
vn -0.3803667 0.8114297 -0.4437375
vn -0.9230799 0.3527319 -0.153309
vn -0.7461446 0.5695092 -0.3448588
vn -0.9229087 0.3314248 -0.1959515
vn -0.3797515 0.7365229 -0.5597524
vn -0.922675 0.3051377 -0.2357157
vn -0.7049978 0.5415303 -0.4579552
vn -0.3792803 0.6284069 -0.6791549
vn -0.922473 0.260286 -0.2851223
vn -0.7048026 0.4807634 -0.521651
vn -0.7044188 0.4126864 -0.5774809
vn -0.3787535 0.5012259 -0.7780221
vn -0.9222145 0.2076791 -0.3261745
vn -0.704158 0.3225256 -0.6325652
vn -0.3783932 0.3799555 -0.8440689
vn -0.9220909 0.1574143 -0.3535097
vn -0.7039355 0.2251724 -0.6736262
vn -0.3781335 0.2502035 -0.8912987
vn -0.921991 0.1036563 -0.3730791
vn -0.7038175 0.1227857 -0.6996889
vn -0.3780475 0.1148428 -0.9186355
vn -0.9219435 0.04758019 -0.3843909
vn -0.6606852 0.004429169 -0.75065
vn -0.3781051 0 -0.9257627
vn -0.9219414 -0.009558575 -0.3872115
vn -0.3779925 -0.1148505 -0.9186572
vn -0.7445958 -0.1094864 -0.6584754
vn -0.9220002 -0.05703313 -0.382966
vn -0.3781062 -0.250202 -0.8913107
vn -0.9219958 -0.1036536 -0.373068
vn -0.7039257 -0.2251764 -0.673635
vn -0.378343 -0.3799681 -0.8440858
vn -0.9221508 -0.1660411 -0.3493827
vn -0.6431214 -0.3443925 -0.6839508
vn -0.3786521 -0.5012523 -0.7780545
vn -0.7044489 -0.4042039 -0.5834131
vn -0.9222748 -0.2234662 -0.315392
vn -0.3792548 -0.6284116 -0.6791648
vn -0.7951662 -0.4104665 -0.4463497
vn -0.9224787 -0.2602746 -0.2851143
vn -0.9226848 -0.2991818 -0.2431933
vn -0.6441004 -0.5870275 -0.4904419
vn -0.379801 -0.7365118 -0.5597336
vn -0.7461565 -0.5694996 -0.3448488
vn -0.922922 -0.3313984 -0.1959341
vn -0.3803564 -0.8114324 -0.4437414
vn -0.9230841 -0.3527233 -0.153304
vn -0.7060392 -0.6552816 -0.2685416
vn -0.3809777 -0.868225 -0.3178701
vn -0.9233565 -0.3709406 -0.09907448
vn -0.7065453 -0.6874565 -0.1679206
vn -0.3816511 -0.9056156 -0.1849398
vn -0.9236413 -0.3808679 -0.04273612
vn -0.664137 -0.7456041 -0.05474175
vn -0.3823461 -0.9212916 -0.07094543
vn -0.9234926 -0.3835886 -0.004598798
vn -0.381778 -0.9242521 -0.001901104
vn -0.7064063 -0.7077979 -0.003518028
vn 0.3834796 0.9056141 -0.1811254
vn 0.3824141 0.9139488 -0.1358567
vn 0.6035181 0.7888808 -0.1159008
vn 0.7081846 0.687457 -0.1608649
vn 0.9237674 0.3793288 -0.05256739
vn 0.3841278 0.8682252 -0.3140557
vn 0.9243087 0.3709164 -0.0898575
vn 0.7086899 0.6552731 -0.2614878
vn 0.3847599 0.8114346 -0.4399249
vn 0.9245725 0.3527086 -0.1440916
vn 0.7495498 0.5695061 -0.3373987
vn 0.9248149 0.331428 -0.186743
vn 0.3853205 0.7365214 -0.5559355
vn 0.9249805 0.3051357 -0.2265023
vn 0.709533 0.5415267 -0.4509011
vn 0.3860345 0.6284039 -0.6753414
vn 0.9252732 0.2602808 -0.2759048
vn 0.7099657 0.4807619 -0.5146034
vn 0.7101479 0.412681 -0.5704247
vn 0.3864368 0.5012395 -0.7742258
vn 0.9254397 0.2076476 -0.3169288
vn 0.7104102 0.3225335 -0.6255314
vn 0.3867585 0.3799637 -0.840265
vn 0.9255691 0.1574158 -0.3442995
vn 0.710627 0.2251723 -0.6665634
vn 0.3870222 0.2501974 -0.8874768
vn 0.9256706 0.1036555 -0.3638536
vn 0.7107524 0.1227872 -0.692643
vn 0.387143 0.1148475 -0.9148389
vn 0.9257118 0.04758042 -0.375225
vn 0.6681005 0.004430347 -0.7440579
vn 0.3873071 0 -0.9219508
vn 0.9257161 -0.009559679 -0.3780983
vn 0.387143 -0.1148475 -0.9148389
vn 0.7511153 -0.1094845 -0.6510291
vn 0.9257566 -0.05703113 -0.3737945
vn 0.3870222 -0.2501974 -0.8874768
vn 0.9256706 -0.1036555 -0.3638536
vn 0.710627 -0.2251723 -0.6665634
vn 0.3867585 -0.3799637 -0.840265
vn 0.9255955 -0.1660298 -0.3401576
vn 0.6499077 -0.3443924 -0.6775057
vn 0.3864056 -0.5012503 -0.7742344
vn 0.7102647 -0.4041787 -0.5763363
vn 0.9253908 -0.2234361 -0.3061506
vn 0.3860559 -0.6283973 -0.6753352
vn 0.7995964 -0.4104498 -0.4383795
vn 0.9252656 -0.2602935 -0.2759181
vn 0.92506 -0.2991902 -0.2339854
vn 0.6489773 -0.5870154 -0.4839848
vn 0.3853852 -0.7365035 -0.5559145
vn 0.7495662 -0.569491 -0.3373877
vn 0.9248207 -0.3314161 -0.1867354
vn 0.3847893 -0.8114228 -0.4399207
vn 0.9245745 -0.3527044 -0.1440889
vn 0.7086968 -0.6552662 -0.2614862
vn 0.3841513 -0.8682154 -0.3140539
vn 0.9243032 -0.3709298 -0.08985969
vn 0.7081859 -0.6874558 -0.1608645
vn 0.3835151 -0.9055998 -0.1811217
vn 0.9239957 -0.3809303 -0.03352681
vn 0.6646329 -0.7456189 -0.04812004
vn 0.3830403 -0.9212888 -0.06713443
vn 0.9234755 -0.3836298 0.004605135
vn 0.3817608 -0.9242592 0.00190366
vn 0.706394 -0.7078101 0.003527744
vn -0.9237279 -0.3823177 -0.02366446
vn -0.9234845 -0.3836082 -0.004598399
vn -0.7064096 -0.7077946 -0.003517292
vn -0.7630378 -0.643724 -0.05824835
vn 0.0003678877 -0.9972038 -0.07472902
vn -1.524534E-06 -1 0
vn -0.9234464 -0.3752031 -0.08043321
vn 0.7063867 -0.7078174 0.003521905
vn -0.7066121 -0.6907093 -0.1536879
vn -0.9231725 -0.3562255 -0.144416
vn -0.645185 -0.7154823 -0.2679953
vn 0.001243842 -0.9690661 -0.2467982
vn -0.7055922 -0.6208514 -0.3415892
vn -0.9228302 -0.3266188 -0.2042171
vn 0.001938459 -0.9214614 -0.3884651
vn -0.7051283 -0.5635489 -0.4303565
vn -0.922572 -0.2932726 -0.2507032
vn 0.002601156 -0.8532689 -0.5214647
vn -0.6616579 -0.5115969 -0.5481582
vn -0.9223751 -0.2533033 -0.2916533
vn 0.003213182 -0.7660179 -0.6428112
vn -0.704425 -0.3921331 -0.5916225
vn -0.9222159 -0.2076753 -0.3261729
vn -0.704181 -0.3000917 -0.6434859
vn -0.9220888 -0.1574183 -0.3535133
vn -0.7039919 -0.2013572 -0.6810659
vn -0.921986 -0.1036586 -0.3730906
vn -0.7445816 -0.08837034 -0.6616562
vn -0.9219872 -0.05703149 -0.3829976
vn -0.9219167 -0.009558299 -0.3872702
vn -0.7600737 0.006192209 -0.6498073
vn 0.004946975 0 -0.9999877
vn -0.9219352 0.04757823 -0.3844109
vn -0.7038908 0.09812024 -0.7034985
vn -0.9219866 0.1036585 -0.3730895
vn 0.004889483 -0.1736852 -0.9847891
vn 0.004723705 -0.3185255 -0.9479025
vn 0.004425878 -0.4562498 -0.8898407
vn -0.7039877 0.2013592 -0.6810697
vn -0.9220888 0.1574183 -0.3535133
vn 0.004890935 0.1736868 -0.9847888
vn -0.7041796 0.3000918 -0.6434874
vn -0.9222151 0.2076765 -0.3261745
vn 0.004059075 -0.5837762 -0.8119045
vn 0.004726558 0.3185247 -0.9479028
vn -0.7044243 0.3921342 -0.5916225
vn -0.9223728 0.2533073 -0.2916571
vn 0.003661436 -0.6801738 -0.7330418
vn 0.6671133 -0.5115803 -0.5415215
vn 0.7102961 -0.3921275 -0.5845643
vn 0.004425866 0.4562495 -0.8898408
vn -0.6616515 0.511601 -0.5481623
vn -0.9225701 0.2932763 -0.2507057
vn 0.709387 -0.5635434 -0.4233071
vn 0.71055 -0.3001008 -0.6364419
vn 0.004059067 0.5837783 -0.8119029
vn -0.7051303 0.5635489 -0.4303533
vn -0.9228265 0.3266267 -0.2042212
vn 0.7089624 -0.6208547 -0.3345321
vn 0.7107579 -0.2013522 -0.6740033
vn -0.7055901 0.6208522 -0.341592
vn -0.9230848 0.3527191 -0.153309
vn 0.6478448 -0.7154674 -0.2615409
vn 0.7081179 -0.6907005 -0.1466348
vn 0.9245715 -0.3562163 -0.135194
vn 0.924816 -0.3266285 -0.195011
vn 0.9250368 -0.2932473 -0.2414804
vn 0.9252531 -0.2532739 -0.2824165
vn 0.925419 -0.2076842 -0.3169651
vn 0.9255735 -0.1574113 -0.3442895
vn 0.9242015 -0.3752037 -0.07123009
vn 0.9256744 -0.1036507 -0.3638454
vn 0.7635702 -0.6437358 -0.0506429
vn 0.9239062 -0.3823457 -0.01445973
vn 0.9234517 -0.3836873 0.004598236
vn 0.7511301 -0.08837559 -0.6542121
vn 0.9257524 -0.05703919 -0.3738035
vn 0.925745 -0.009560118 -0.3780277
vn 0.7665077 0.006191069 -0.6422052
vn 0.9257631 0.05703558 -0.3737774
vn 0.6502809 0.09892569 -0.7532254
vn 0.751039 0.1854465 -0.6336799
vn 0.9257085 0.1127861 -0.3610306
vn 0.9255731 0.1574115 -0.3442906
vn 0.7105496 0.3001002 -0.6364425
vn 0.9254183 0.2076852 -0.3169666
vn 0.7102955 0.3921286 -0.5845643
vn 0.9252508 0.2532778 -0.2824205
vn 0.667107 0.5115844 -0.5415254
vn 0.9250339 0.2932532 -0.2414846
vn 0.003661438 0.680173 -0.7330425
vn 0.003215051 0.7660182 -0.6428108
vn 0.7093892 0.5635433 -0.4233037
vn 0.9248117 0.3266375 -0.1950158
vn 0.002601995 0.8532693 -0.521464
vn 0.7089604 0.6208555 -0.334535
vn 0.9245749 0.3527056 -0.1440836
vn 0.001938476 0.9214599 -0.3884686
vn 0.7084866 0.6643007 -0.2382256
vn 0.924305 0.370925 -0.08986098
vn -0.7060609 0.6643146 -0.2452837
vn -0.9233584 0.370937 -0.09907084
vn 0.7079777 0.6929142 -0.1365196
vn 0.9237786 0.3793015 -0.05256972
vn 0.7069217 0.6999024 -0.1019721
vn 0.0007465758 0.9888307 -0.149041
vn 0.001243829 0.9690667 -0.2467956
vn -0.706577 0.6929188 -0.1435704
vn -0.9232103 0.3792984 -0.06176921
vn -0.7058821 0.6998911 -0.1090087
vn -0.79657 0.6045333 -0.003966771
vn -0.9235007 0.3835693 -0.004598479
vn -0.923932 0.3822832 0.01446183
vn -0.6646755 0.7449577 0.05696051
vn -0.3817198 0.9242762 -0.0019008
vn -0.3829762 0.9213154 0.06713615
vn -0.3834404 0.9056298 0.1811305
vn -0.9242966 0.3730787 0.08054858
vn -0.6474428 0.7402964 0.1810501
vn -0.384131 0.8682243 0.3140541
vn -0.7490995 0.6139978 0.2487101
vn -0.9245473 0.3562706 0.1352167
vn -0.3847235 0.8114457 0.439936
vn -0.9247364 0.3361819 0.1784496
vn -0.7090887 0.6032203 0.3651282
vn -0.3853275 0.7365206 0.5559318
vn -0.9249614 0.3051697 0.2265344
vn -0.7095253 0.5415323 0.4509063
vn -0.3860715 0.6283939 0.6753294
vn -0.9252518 0.2603165 0.275943
vn -0.7099706 0.480759 0.5145994
vn -0.7101374 0.4126904 0.5704311
vn -0.3864764 0.5012305 0.7742119
vn -0.9254177 0.2076821 0.3169703
vn -0.7104182 0.3225312 0.6255234
vn -0.3867888 0.379959 0.8402533
vn -0.9255617 0.1574223 0.3443163
vn -0.7509961 0.2058502 0.6273999
vn -0.9256743 0.1128107 0.3611105
vn -0.3870211 0.2501977 0.8874772
vn -0.9256982 0.0664916 0.3723731
vn -0.7108542 0.1125573 0.6942746
vn -0.3871463 0.1148452 0.9148379
vn -0.9257413 0.009555622 0.3780367
vn -0.6681176 -0.004431466 0.7440425
vn -0.387264 -6.452583E-07 0.9219689
vn -0.3871517 -0.1148453 0.9148356
vn -0.9257519 -0.05703799 0.373805
vn -0.6502861 -0.1284346 0.748754
vn -0.3870238 -0.2501975 0.8874761
vn -0.750995 -0.2058506 0.6274011
vn -0.9256743 -0.1128107 0.3611105
vn -0.3867838 -0.3799618 0.8402544
vn -0.9255617 -0.1574223 0.3443163
vn -0.7104183 -0.3225337 0.625522
vn -0.3864721 -0.5012332 0.7742123
vn -0.9254232 -0.2076751 0.3169589
vn -0.7101398 -0.4126886 0.5704293
vn -0.3860602 -0.6283954 0.6753345
vn -0.9252574 -0.260307 0.2759328
vn -0.709964 -0.4807616 0.5146061
vn -0.7095295 -0.5415286 0.4509042
vn -0.3853632 -0.7365092 0.5559222
vn -0.92496 -0.3051727 0.2265366
vn -0.7495421 -0.5695136 0.337403
vn -0.9248225 -0.3314116 0.1867343
vn -0.3847719 -0.8114292 0.439924
vn -0.9245563 -0.352747 0.1441014
vn -0.7086855 -0.6552788 0.2614854
vn -0.3841569 -0.8682142 0.3140499
vn -0.9242917 -0.3730904 0.08055069
vn -0.6474484 -0.7402916 0.1810498
vn -0.3834705 -0.9056173 0.1811289
vn -0.7069237 -0.6999003 0.1019733
vn -0.9237772 -0.3793045 0.05257139
vn -0.3824597 -0.9139313 0.1358458
vn 0.9234642 0.3836569 0.004598298
vn 0.7965518 0.6045573 0.003973169
vn 0.9237307 0.3823108 0.0236672
vn 0.664071 0.7449611 0.0635821
vn 0.3817024 0.9242833 0.001903368
vn 0.3822536 0.9213295 0.07095242
vn 0.3816269 0.9056255 0.1849414
vn 0.9234605 0.3730492 0.08974909
vn 0.6456096 0.7402929 0.1874958
vn 0.3809632 0.8682301 0.3178734
vn 0.746595 0.6139828 0.256166
vn 0.9232011 0.3561606 0.1443925
vn 0.3803299 0.8114422 0.4437462
vn 0.9229097 0.3361842 0.1876644
vn 0.7054037 0.6032311 0.3721798
vn 0.3797678 0.7365198 0.5597455
vn 0.9226458 0.3051954 0.2357553
vn 0.7049931 0.5415349 0.4579572
vn 0.3793199 0.6283942 0.6791444
vn 0.9224587 0.2603115 0.2851453
vn 0.7048213 0.4807486 0.5216395
vn 0.7044156 0.412688 0.5774836
vn 0.3787133 0.501236 0.7780352
vn 0.9222143 0.207673 0.3261791
vn 0.7041394 0.3225307 0.6325834
vn 0.3783682 0.3799619 0.8440773
vn 0.9221 0.1574081 0.3534888
vn 0.7447155 0.2058458 0.6348436
vn 0.9220713 0.112778 0.3702238
vn 0.3781388 0.2501996 0.8912975
vn 0.9219404 0.06648771 0.3815826
vn 0.7038739 0.1125649 0.7013491
vn 0.3780092 0.1148452 0.918651
vn 0.9219473 -1.964157E-07 0.3873154
vn 0.600055 -1.854091E-07 0.7999587
vn 0.3780891 -6.479186E-07 0.9257692
vn 0.3780147 -0.1148453 0.9186488
vn 0.7038742 -0.1125656 0.7013488
vn 0.92194 -0.06648832 0.3815837
vn 0.3781362 -0.2502004 0.8912984
vn 0.7447138 -0.2058462 0.6348455
vn 0.9220727 -0.112777 0.3702205
vn 0.3783656 -0.3799634 0.8440778
vn 0.9220995 -0.1574083 0.3534898
vn 0.7041405 -0.3225325 0.6325812
vn 0.3787109 -0.5012387 0.7780346
vn 0.9222195 -0.2076667 0.3261683
vn 0.7044182 -0.4126861 0.5774817
vn 0.37931 -0.6283954 0.6791489
vn 0.9224645 -0.2603019 0.2851353
vn 0.704816 -0.4807504 0.5216449
vn 0.7049975 -0.5415311 0.4579548
vn 0.3798001 -0.7365093 0.5597373
vn 0.9226455 -0.305196 0.2357556
vn 0.746136 -0.5695177 0.3448632
vn 0.9228892 -0.3314628 0.1959795
vn 0.3803899 -0.8114207 0.4437342
vn 0.9230742 -0.3527428 0.1533184
vn 0.7060539 -0.6552681 0.268536
vn 0.3810121 -0.8682119 0.3178645
vn 0.923447 -0.3730817 0.08975412
vn 0.645621 -0.7402843 0.1874903
vn 0.381657 -0.9056131 0.1849401
vn 0.7058722 -0.6999006 0.1090118
vn 0.9232076 -0.3793049 0.06176946
vn 0.3810548 -0.9139434 0.1396596
vn 0.00498517 0 -0.9999876
vn 0.00498517 0 -0.9999876
vn 0.00498517 0 -0.9999876
vn 0.00498517 0 -0.9999876
vn 0.002495278 0.8659994 -0.5000387
vn 0.002495278 0.8659994 -0.5000387
vn 0.002497652 0.8660104 -0.5000197
vn 0.002492904 0.8659885 -0.5000578
vn -0.002491593 0.8659993 0.500039
vn -0.002491593 0.8659993 0.500039
vn -0.002485673 0.8659721 0.5000862
vn -0.002497513 0.8660265 0.4999918
vn -0.004970426 0 0.9999876
vn -0.004970426 0 0.9999876
vn -0.004970426 0 0.9999876
vn -0.004970426 0 0.9999876
vn -0.002491593 -0.8659993 0.500039
vn -0.002497513 -0.8660265 0.4999918
vn -0.002491593 -0.8659993 0.500039
vn -0.002485673 -0.8659721 0.5000862
vn 0.002495278 -0.8659994 -0.5000387
vn 0.002492904 -0.8659885 -0.5000578
vn 0.002495278 -0.8659994 -0.5000387
vn 0.002497652 -0.8660104 -0.5000197
vn -0.2159883 7.454603E-05 -0.976396
vn -0.2159883 7.454603E-05 -0.976396
vn -0.2160244 0 -0.976388
vn -0.2159522 0.0001490921 -0.9764039
vn -0.2085173 0.8675954 -0.4514408
vn -0.1085565 0.862703 -0.4939221
vn -0.1076231 0.8633634 -0.4929715
vn -0.2089827 0.8672328 -0.4519221
vn -0.3781397 0.867198 -0.324003
vn -0.3781298 0.8672081 -0.3239878
vn -0.4458925 0.8621337 -0.2406354
vn -0.4459083 0.8621258 -0.2406344
vn 0.2076633 0.8677175 0.4515996
vn 0.1068192 0.8627484 0.4942214
vn 0.1054977 0.8635518 0.4931009
vn 0.2083187 0.8672662 0.4521644
vn 0.3781251 0.8672072 0.3239955
vn 0.3780797 0.8672326 0.3239805
vn 0.4458682 0.8621299 0.2406936
vn 0.4459552 0.8620892 0.2406787
vn 0.209213 0 0.9778701
vn 0.209213 0 0.9778701
vn 0.3482828 0 0.9373896
vn 0.4828192 0 0.87572
vn 0.759317 0 0.6507208
vn 0.759317 0 0.6507208
vn 0.8799164 0 0.4751285
vn 0.8799164 0 0.4751285
vn 0.2076633 -0.8677175 0.4515996
vn 0.1054977 -0.8635518 0.4931009
vn 0.1068192 -0.8627484 0.4942214
vn 0.2083187 -0.8672662 0.4521644
vn 0.3781251 -0.8672072 0.3239955
vn 0.3780797 -0.8672326 0.3239805
vn 0.4458682 -0.8621299 0.2406936
vn 0.4459552 -0.8620892 0.2406787
vn -0.2085039 -0.8676125 -0.4514142
vn -0.1076231 -0.8633634 -0.4929715
vn -0.1085317 -0.8627206 -0.4938968
vn -0.2089557 -0.867267 -0.451869
vn -0.3781381 -0.8672043 -0.3239882
vn -0.3781298 -0.8672081 -0.3239878
vn -0.4458925 -0.8621337 -0.2406354
vn -0.4459083 -0.8621258 -0.2406344
vn -0.6041551 6.084022E-05 -0.7968667
vn -0.6041551 6.084022E-05 -0.7968667
vn -0.604131 0.0001216804 -0.7968851
vn -0.6041794 0 -0.7968484
vn -0.8800342 0 -0.4749103
vn -0.8800342 0 -0.4749103
vn -0.8800342 0 -0.4749103
vn -0.8800342 0 -0.4749103
vn -0.9968352 0 -0.07949556
vn -0.9968352 0 -0.07949556
vn -0.9968352 0 -0.07949556
vn -0.9968352 0 -0.07949556
vn -0.501081 0.8645065 -0.03932348
vn -0.5035128 0.8630541 -0.04015412
vn -0.501081 0.8645065 -0.03932348
vn -0.498645 0.8659512 -0.03849249
vn 0.5013034 0.8644369 0.03799525
vn 0.503872 0.8629022 0.03889599
vn 0.5013034 0.8644369 0.03799525
vn 0.49873 0.8659633 0.03709415
vn 0.9972454 0 0.07417234
vn 0.9972454 0 0.07417234
vn 0.9972454 0 0.07417234
vn 0.9972454 0 0.07417234
vn 0.5013034 -0.8644369 0.03799525
vn 0.5013034 -0.8644369 0.03799525
vn 0.503872 -0.8629022 0.03889599
vn 0.49873 -0.8659633 0.03709415
vn -0.501081 -0.8645065 -0.03932348
vn -0.501081 -0.8645065 -0.03932348
vn -0.5035128 -0.8630541 -0.04015412
vn -0.498645 -0.8659512 -0.03849249
vn 0.5002677 -0.859692 -0.1032563
vn 0.5002965 -0.8596758 -0.1032524
vn 0.5002677 -0.859692 -0.1032563
vn 0.5002391 -0.8597082 -0.1032603
vn -0.9992218 0.004881985 -0.0391417
vn -0.9992217 0.004879211 -0.03914213
vn -0.9992218 0.004881985 -0.0391417
vn -0.9992218 0.004884757 -0.03914126
vn 0.499029 0.8548052 0.1424015
vn 0.499029 0.8548052 0.1424015
vn 0.4989448 0.8548535 0.1424064
vn 0.4991131 0.854757 0.1423966
vn -0.5003203 -0.8561159 0.1294031
vn -0.5003735 -0.8560853 0.1293998
vn -0.5003203 -0.8561159 0.1294031
vn -0.5002673 -0.8561464 0.1294065
vn 0.9995625 -0.004558505 -0.02922462
vn 0.9995626 -0.004487649 -0.02923312
vn 0.9995625 -0.004558505 -0.02922462
vn 0.9995624 -0.004629361 -0.02921613
vn -0.4992488 0.8606482 -0.1001762
vn -0.4992798 0.8606307 -0.1001724
vn -0.4992488 0.8606482 -0.1001762
vn -0.4992178 0.8606658 -0.1001799
vn 0.4980022 -0.7959108 0.3442671
vn 0.4980022 -0.7959108 0.3442671
vn 0.4980022 -0.7959108 0.3442671
vn 0.4980022 -0.7959108 0.3442671
vn -0.9992326 -0.01299081 -0.03695107
vn -0.9992326 -0.01299411 -0.03694967
vn -0.9992326 -0.01299081 -0.03695107
vn -0.9992326 -0.01298751 -0.03695246
vn 0.5012826 0.8088761 -0.307303
vn 0.5012516 0.8088922 -0.3073114
vn 0.5012826 0.8088761 -0.307303
vn 0.5013137 0.8088601 -0.3072947
vn 0.4954223 -0.09438365 0.8635094
vn 0.4954223 -0.09438365 0.8635094
vn 0.4954282 -0.09438292 0.8635061
vn 0.4954164 -0.09438438 0.8635127
vn -0.9993702 -0.03422986 -0.009357807
vn -0.9993702 -0.03423021 -0.009355377
vn -0.9993702 -0.03422986 -0.009357807
vn -0.9993702 -0.03422951 -0.009360238
vn 0.5039722 0.1286067 -0.8540916
vn 0.5039722 0.1286067 -0.8540916
vn 0.5039722 0.1286067 -0.8540916
vn 0.5039722 0.1286067 -0.8540916
vn -0.5023946 -0.6730689 0.5427505
vn -0.5024229 -0.6730556 0.5427406
vn -0.5023946 -0.6730689 0.5427505
vn -0.5023663 -0.6730821 0.5427601
vn 0.9995279 -0.02114465 -0.02228883
vn 0.9995279 -0.0211428 -0.02229023
vn 0.9995279 -0.02114465 -0.02228883
vn 0.9995279 -0.02114649 -0.02228743
vn -0.4971449 0.6942291 -0.5204738
vn -0.4971481 0.6942278 -0.5204725
vn -0.4971449 0.6942291 -0.5204738
vn -0.4971416 0.6942305 -0.520475
vn 0.4962648 -0.5153162 0.698692
vn 0.4962648 -0.5153162 0.698692
vn 0.4962751 -0.5153123 0.6986876
vn 0.4962545 -0.5153203 0.6986963
vn -0.9992873 -0.02736688 -0.02600094
vn -0.9992873 -0.02736833 -0.02599912
vn -0.9992873 -0.02736688 -0.02600094
vn -0.9992872 -0.02736542 -0.02600277
vn 0.5030069 0.542671 -0.6726755
vn 0.5030069 0.542671 -0.6726755
vn 0.5030193 0.5426668 -0.6726695
vn 0.5029944 0.5426753 -0.6726815
vn -0.5037388 -0.3066999 0.8075781
vn -0.5037575 -0.306695 0.8075683
vn -0.5037388 -0.3066999 0.8075781
vn -0.5037199 -0.3067049 0.807588
vn 0.9994563 -0.03200898 -0.007910462
vn 0.9994563 -0.0320092 -0.007909938
vn 0.9994563 -0.03200898 -0.007910462
vn 0.9994563 -0.03200876 -0.007910985
vn -0.4957082 0.3387277 -0.7997105
vn -0.4956774 0.3387338 -0.7997271
vn -0.4957082 0.3387277 -0.7997105
vn -0.4957391 0.3387216 -0.7996939
vn -0.503997 0.1431921 0.851753
vn -0.503997 0.1431921 0.851753
vn -0.503997 0.1431921 0.851753
vn -0.503997 0.1431921 0.851753
vn 0.9993669 -0.03413649 0.01002694
vn 0.9993665 -0.03412711 0.01009727
vn 0.9993669 -0.03413649 0.01002694
vn 0.9993673 -0.03414587 0.009956604
vn -0.4954785 -0.1090458 -0.8617483
vn -0.4955013 -0.1090427 -0.8617355
vn -0.4954785 -0.1090458 -0.8617483
vn -0.4954557 -0.1090488 -0.861761
vn -0.4982467 -0.8058901 -0.3198303
vn -0.4982467 -0.8058901 -0.3198303
vn -0.4982467 -0.8058901 -0.3198303
vn -0.4982467 -0.8058901 -0.3198303
vn 0.9995509 0.01323232 -0.02688871
vn 0.9995508 0.01323412 -0.02688799
vn 0.9995509 0.01323232 -0.02688871
vn 0.9995509 0.01323054 -0.02688943
vn -0.501408 0.7926936 0.3467376
vn -0.5014295 0.7926819 0.346733
vn -0.501408 0.7926936 0.3467376
vn -0.5013866 0.7927052 0.3467421
vn 0.5023004 -0.6893618 -0.521991
vn 0.5022703 -0.6893745 -0.5220031
vn 0.5023004 -0.6893618 -0.521991
vn 0.5023305 -0.6893491 -0.5219788
vn -0.9992573 0.02144784 -0.03201422
vn -0.9992573 0.02144784 -0.03201422
vn -0.9992574 0.02150461 -0.03197046
vn -0.9992571 0.02139107 -0.03205798
vn 0.4969311 0.6679272 0.5540151
vn 0.4969311 0.6679272 0.5540151
vn 0.4969304 0.6679276 0.5540153
vn 0.4969318 0.6679269 0.5540148
vn -0.4963106 -0.5363002 -0.6826843
vn -0.4962912 -0.5363067 -0.6826934
vn -0.4963106 -0.5363002 -0.6826843
vn -0.4963301 -0.5362937 -0.6826753
vn 0.9994959 0.02749991 -0.01586529
vn 0.9994956 0.0275433 -0.01580628
vn 0.9994959 0.02749991 -0.01586529
vn 0.9994962 0.02745651 -0.0159243
vn -0.5032172 0.508773 0.6985145
vn -0.503235 0.5087659 0.6985068
vn -0.5032172 0.508773 0.6985145
vn -0.5031995 0.5087799 0.6985223
vn 0.5036527 -0.3312428 -0.7978798
vn 0.503723 -0.3312292 -0.7978411
vn 0.5036527 -0.3312428 -0.7978798
vn 0.5035823 -0.3312564 -0.7979186
vn -0.9993297 0.03216094 -0.01749018
vn -0.9993297 0.03216038 -0.01749155
vn -0.9993297 0.03216094 -0.01749018
vn -0.9993297 0.0321615 -0.0174888
vn 0.4956805 0.2990863 0.8153823
vn 0.4956422 0.2990961 0.8154019
vn 0.4956805 0.2990863 0.8153823
vn 0.4957188 0.2990765 0.8153626
vn -0.4954262 -0.1205728 -0.8602414
vn -0.4953801 -0.1205751 -0.8602675
vn -0.4954262 -0.1205728 -0.8602414
vn -0.4954723 -0.1205705 -0.8602151
vn 0.9994125 0.03426133 0.0008606808
vn 0.9994122 0.03426867 0.00092958
vn 0.9994125 0.03426133 0.0008606808
vn 0.9994129 0.034254 0.0007917816
vn -0.5040084 0.08630886 0.8593755
vn -0.5039772 0.08631258 0.8593935
vn -0.5040084 0.08630886 0.8593755
vn -0.5040395 0.08630514 0.8593577
vn 0.5039799 0.06226913 -0.8614678
vn 0.5039799 0.06226913 -0.8614678
vn 0.5039799 0.06226913 -0.8614678
vn 0.5039799 0.06226913 -0.8614678
vn -0.9994078 0.03436222 -0.001801345
vn -0.9994075 0.03436801 -0.001875267
vn -0.9994078 0.03436222 -0.001801345
vn -0.9994081 0.03435642 -0.001727423
vn 0.4953857 -0.09663063 0.8632818
vn 0.4953488 -0.09663188 0.8633029
vn 0.4953857 -0.09663063 0.8632818
vn 0.4954225 -0.09662937 0.8632609
vn -0.4955672 0.2763415 -0.823437
vn -0.4955724 0.2763402 -0.8234344
vn -0.4955672 0.2763415 -0.823437
vn -0.495562 0.2763427 -0.8234397
vn 0.9993337 0.03246527 0.01668042
vn 0.9993337 0.03246581 0.01667885
vn 0.9993337 0.03246581 0.01667885
vn 0.9993337 0.03246635 0.01667727
vn -0.5037143 -0.3088154 0.8067868
vn -0.5037547 -0.3088082 0.8067644
vn -0.5037547 -0.3088082 0.8067644
vn -0.503795 -0.308801 0.8067419
vn 0.5032923 0.4967332 -0.7070736
vn 0.503258 0.4967463 -0.7070887
vn 0.5032923 0.4967332 -0.7070736
vn 0.5033265 0.4967202 -0.7070584
vn -0.9994935 0.02786472 0.01537387
vn -0.9994935 0.02786508 0.01537339
vn -0.9994935 0.02786472 0.01537387
vn -0.9994935 0.02786436 0.01537435
vn 0.4962604 -0.5246255 0.6917324
vn 0.4962604 -0.5246255 0.6917324
vn 0.4962782 -0.5246197 0.691724
vn 0.4962426 -0.5246313 0.6917408
vn -0.4968708 0.6584266 -0.5653263
vn -0.4968193 0.6584502 -0.5653442
vn -0.4968708 0.6584266 -0.5653263
vn -0.4969223 0.658403 -0.5653085
vn 0.9992591 0.02190263 0.03164901
vn 0.9992591 0.02190388 0.03164796
vn 0.9992591 0.02190263 0.03164901
vn 0.9992591 0.02190137 0.03165007
vn -0.5023808 -0.6803091 0.5336601
vn -0.5023808 -0.6803091 0.5336601
vn -0.5023808 -0.6803091 0.5336601
vn -0.5023808 -0.6803091 0.5336601
vn 0.5014897 0.7866153 -0.3602008
vn 0.5014408 0.7866415 -0.3602114
vn 0.5014897 0.7866153 -0.3602008
vn 0.5015384 0.7865891 -0.3601901
vn -0.9995496 0.01383119 0.02663322
vn -0.9995496 0.01383119 0.02663322
vn -0.9995496 0.01383119 0.02663322
vn -0.9995496 0.01383119 0.02663322
vn 0.4980331 -0.8004363 0.3335639
vn 0.4980828 -0.8004109 0.3335504
vn 0.4980331 -0.8004363 0.3335639
vn 0.4979834 -0.8004615 0.3335775
vn -0.4988762 0.8523415 -0.1569598
vn -0.4988233 0.8523719 -0.1569634
vn -0.4988762 0.8523415 -0.1569598
vn -0.4989292 0.8523112 -0.1569561
vn 0.999222 0.005405958 0.03906377
vn 0.999222 0.005405958 0.03906377
vn 0.999222 0.005405958 0.03906377
vn 0.999222 0.005405958 0.03906377
vn -0.5002981 -0.8577881 0.1179044
vn -0.5002449 -0.8578181 0.1179122
vn -0.5002981 -0.8577881 0.1179044
vn -0.5003513 -0.8577582 0.1178966
vn 0.499245 0.8622328 0.0854928
vn 0.499245 0.8622328 0.0854928
vn 0.499245 0.8622328 0.0854928
vn 0.499245 0.8622328 0.0854928
vn -0.9995629 -0.003987372 0.02929566
vn -0.9995629 -0.003987656 0.02929563
vn -0.9995629 -0.003987372 0.02929566
vn -0.9995629 -0.003987088 0.0292957
vn 0.5002728 -0.8582258 -0.1147857
vn 0.5002728 -0.8582258 -0.1147857
vn 0.500326 -0.8581951 -0.1147829
vn 0.5002195 -0.8582563 -0.1147885
vn -0.5012468 0.8140233 0.2934583
vn -0.5012157 0.8140395 0.2934664
vn -0.5012468 0.8140233 0.2934583
vn -0.5012778 0.814007 0.2934502
vn 0.9992314 -0.01237318 0.03719515
vn 0.9992315 -0.01237566 0.03719416
vn 0.9992314 -0.01237318 0.03719515
vn 0.9992314 -0.01237071 0.03719614
vn -0.4979664 -0.8016804 -0.3306631
vn -0.4979768 -0.8016747 -0.3306611
vn -0.4979664 -0.8016804 -0.3306631
vn -0.497956 -0.801686 -0.330665
vn 0.497188 0.7029682 0.5085664
vn 0.4971759 0.7029735 0.5085709
vn 0.497188 0.7029682 0.5085664
vn 0.4972001 0.7029631 0.5085618
vn -0.9995295 -0.02073325 0.02260378
vn -0.9995295 -0.02073074 0.02260561
vn -0.9995295 -0.02073325 0.02260378
vn -0.9995295 -0.02073576 0.02260195
vn 0.5023848 -0.6822451 -0.5311791
vn 0.5023848 -0.6822451 -0.5311791
vn 0.5023848 -0.6822451 -0.5311791
vn 0.5023848 -0.6822451 -0.5311791
vn -0.5030613 0.5540714 0.6632754
vn -0.5031055 0.5540561 0.6632546
vn -0.5030613 0.5540714 0.6632754
vn -0.5030169 0.5540868 0.6632961
vn 0.9992847 -0.02697429 0.02650502
vn 0.9992844 -0.02692758 0.02656186
vn 0.9992844 -0.02692758 0.02656186
vn 0.9992842 -0.02688088 0.02661872
vn -0.4962393 -0.5271391 -0.689834
vn -0.4962066 -0.5271521 -0.6898476
vn -0.4962393 -0.5271391 -0.689834
vn -0.4962721 -0.527126 -0.6898204
vn 0.4957206 0.3522744 0.7938286
vn 0.4957206 0.3522744 0.7938286
vn 0.4957206 0.3522744 0.7938286
vn 0.4957206 0.3522744 0.7938286
vn -0.9994588 -0.03179713 0.008425273
vn -0.9994588 -0.03179713 0.008425273
vn -0.9994588 -0.03179713 0.008425273
vn -0.9994588 -0.03179713 0.008425273
vn 0.5036443 -0.3204859 -0.8022663
vn 0.5036443 -0.3204859 -0.8022663
vn 0.5036443 -0.3204859 -0.8022663
vn 0.5036443 -0.3204859 -0.8022663
vn -1.405559E-06 -1 8.130961E-06
vn 0.001906305 -0.9238935 -0.3826451
vn 0.001906292 -0.9238935 -0.3826451
vn 0 -1 1.63571E-05
vn -0.001908889 -0.9238873 0.3826601
vn -0.001911349 -0.9238935 0.3826449
vn 0.001906305 0.9238935 -0.3826451
vn 0.0006813174 0.9906042 -0.1367581
vn 0.001906292 0.9238935 -0.3826451
vn -0.000683176 0.9906027 0.1367693
vn -0.00190889 0.9238873 0.3826601
vn -0.0019115 0.923881 0.3826752
vn -0.004608699 0.3826944 0.9238635
vn -0.004614863 0.3826581 0.9238785
vn -0.004939376 0.1367902 0.9905877
vn -0.004939393 -0.1367662 0.990591
vn -0.004608699 -0.3826944 0.9238635
vn -0.004614714 -0.3827307 0.9238485
vn -0.4969436 0.06861661 -0.8650658
vn -0.4969436 0.06861661 -0.8650658
vn -0.4945496 0.06786828 -0.8664956
vn -0.4993337 0.06936437 -0.8636287
vn 0.5056949 -0.00363489 -0.8627048
vn 0.5056949 -0.00363489 -0.8627048
vn 0.5031247 -0.002691151 -0.8642097
vn 0.5082603 -0.004578593 -0.8611914
vn 0.9976028 -0.06915843 0.002407167
vn 0.9976019 -0.06917335 0.002330403
vn 0.9976028 -0.06915843 0.002407167
vn 0.9976036 -0.0691435 0.002483932
vn 0.497037 -0.0672971 0.8651158
vn 0.4996131 -0.06812642 0.8635656
vn 0.497037 -0.0672971 0.8651158
vn 0.4944559 -0.06646711 0.8666577
vn -0.5055144 0.004955568 0.8628039
vn -0.5079113 0.005815536 0.8613897
vn -0.5055144 0.004955568 0.8628039
vn -0.5031131 0.004095559 0.8642109
vn -0.9972214 0.07446113 -0.002280684
vn -0.9972212 0.07446251 -0.002286148
vn -0.9972214 0.07446113 -0.002280684
vn -0.9972215 0.07445976 -0.002275222
vn -0.3984205 0.326135 -0.8572614
vn -0.4427722 0.2699575 -0.8550297
vn -0.4427258 0.2699615 -0.8550524
vn -0.3518808 0.3809386 -0.8550238
vn -0.2396786 0.4666659 -0.8513384
vn -0.173373 0.4969468 -0.8502856
vn -0.1067554 0.5247378 -0.8445434
vn -0.1057801 0.5237837 -0.8452581
vn 0.407123 -0.262366 -0.87488
vn 0.4513755 -0.2065126 -0.8681087
vn 0.4513724 -0.2065055 -0.868112
vn 0.3605409 -0.317168 -0.8771629
vn 0.2143227 -0.4183281 -0.8826479
vn 0.2149737 -0.4188898 -0.8822231
vn 0.11373 -0.461589 -0.8797733
vn 0.1124175 -0.4604555 -0.8805357
vn 0.8073061 -0.5898653 -0.01777496
vn 0.8824056 -0.4703099 -0.01300347
vn 0.8824052 -0.4703105 -0.01300449
vn 0.7140654 -0.6997254 -0.02224584
vn 0.4873236 -0.8727157 -0.02971424
vn 0.3531876 -0.9349825 -0.03265214
vn 0.2143885 -0.976126 -0.03486729
vn 0.2143885 -0.976126 -0.03486729
vn 0.3984953 -0.3261651 0.8572152
vn 0.4427899 -0.2699756 0.8550149
vn 0.4427643 -0.2699805 0.8550265
vn 0.3519526 -0.380966 0.854982
vn 0.2392848 -0.4668969 0.8513225
vn 0.1722883 -0.4972669 0.850319
vn 0.1051263 -0.5251508 0.8444911
vn 0.1038204 -0.5240878 0.8453125
vn -0.4070945 0.2623135 0.874909
vn -0.4513226 0.2064665 0.8681471
vn -0.4513271 0.2064744 0.868143
vn -0.3605398 0.3171395 0.8771737
vn -0.2151455 0.4181041 0.8825539
vn -0.2156159 0.41862 0.8821945
vn -0.1153809 0.4612407 0.8797411
vn -0.1144404 0.4602653 0.8803745
vn -0.8824489 0.4702322 0.01286557
vn -0.8824489 0.4702322 0.01286557
vn -0.8824489 0.4702322 0.01286557
vn -0.8824489 0.4702322 0.01286557
vn -0.6082672 0.7933 0.02619247
vn -0.6082861 0.7932872 0.02614343
vn -0.6082672 0.7933 0.02619247
vn -0.6082482 0.793313 0.02624152
vn -0.2209805 0.9746574 0.03479419
vn -0.2209712 0.9746588 0.03481383
vn -0.2209805 0.9746574 0.03479419
vn -0.2209899 0.9746559 0.03477455
vn 0.004219548 0.5315304 -0.8470287
vn 0.004216387 0.5315536 -0.8470141
vn 0.004219548 0.5315304 -0.8470287
vn 0.004222707 0.5315071 -0.8470433
vn 0.004403875 -0.4678302 -0.8838074
vn 0.004408118 -0.4678641 -0.8837895
vn 0.004403875 -0.4678302 -0.8838074
vn 0.004399633 -0.4677963 -0.8838254
vn 0.0001835578 -0.9993226 -0.03680176
vn 0.0001835578 -0.9993226 -0.03680176
vn 0.0001835578 -0.9993226 -0.03680176
vn 0.0001835578 -0.9993226 -0.03680176
vn -0.004220406 -0.5315849 0.8469945
vn -0.004224692 -0.5315536 0.8470141
vn -0.004220406 -0.5315849 0.8469945
vn -0.004216119 -0.5316164 0.8469747
vn -0.004402884 0.4677704 0.8838391
vn -0.004399692 0.4677447 0.8838526
vn -0.004402884 0.4677704 0.8838391
vn -0.004406075 0.467796 0.8838255
vn -0.0001834373 0.9993228 0.03679614
vn -0.0001834373 0.9993228 0.03679614
vn -0.0001834373 0.9993228 0.03679614
vn -0.0001834373 0.9993228 0.03679614
vn -0.5014831 -0.864486 0.03433124
vn -0.5039681 -0.8630066 0.0351525
vn -0.5014831 -0.864486 0.03433124
vn -0.4989937 -0.8659576 0.03350967
vn 0.5016321 -0.8644518 -0.03298995
vn 0.5041907 -0.8629284 -0.03385866
vn 0.5016321 -0.8644518 -0.03298995
vn 0.4990686 -0.865967 -0.03212092
vn 0.9979352 0 -0.06422885
vn 0.9979352 0 -0.06422885
vn 0.9979352 0 -0.06422885
vn 0.9979352 0 -0.06422885
vn 0.5016321 0.8644518 -0.03298995
vn 0.4990686 0.865967 -0.03212092
vn 0.5016321 0.8644518 -0.03298995
vn 0.5041907 0.8629284 -0.03385866
vn -0.5014831 0.864486 0.03433124
vn -0.4989937 0.8659576 0.03350967
vn -0.5014831 0.864486 0.03433124
vn -0.5039681 0.8630066 0.0351525
vn -0.9975762 0 0.06958237
vn -0.9975762 0 0.06958237
vn -0.9975762 0 0.06958237
vn -0.9975762 0 0.06958237
vn -0.4482561 -0.8621367 0.2361922
vn -0.4483367 -0.8620964 0.2361863
vn -0.3813285 -0.8672128 0.3202042
vn -0.3812824 -0.867245 0.3201716
vn -0.2129847 -0.8676177 0.4493071
vn -0.2134546 -0.8672466 0.4498003
vn -0.1134606 -0.8627194 0.49279
vn -0.1125214 -0.8633772 0.4918524
vn 0.4482616 -0.8621154 -0.2362595
vn 0.4482842 -0.8621048 -0.2362554
vn 0.3813589 -0.8671858 -0.3202409
vn 0.381347 -0.8671919 -0.3202386
vn 0.2121736 -0.8676903 -0.4495508
vn 0.2128332 -0.8672484 -0.4500913
vn 0.1117484 -0.8627205 -0.4931791
vn 0.1104192 -0.863522 -0.4920745
vn 0.8846347 0 -0.4662847
vn 0.8846347 0 -0.4662847
vn 0.7657702 0 -0.6431144
vn 0.7657702 0 -0.6431144
vn 0.4915 0 -0.8708776
vn 0.357597 0 -0.933876
vn 0.2189506 0 -0.975736
vn 0.2189506 0 -0.975736
vn 0.3813589 0.8671858 -0.3202409
vn 0.4482842 0.8621048 -0.2362554
vn 0.4482616 0.8621154 -0.2362595
vn 0.381347 0.8671919 -0.3202386
vn 0.2121736 0.8676903 -0.4495508
vn 0.2128332 0.8672484 -0.4500913
vn 0.1117484 0.8627205 -0.4931791
vn 0.1104192 0.863522 -0.4920745
vn -0.3813285 0.8672128 0.3202042
vn -0.4483367 0.8620964 0.2361863
vn -0.4482561 0.8621367 0.2361922
vn -0.3812824 0.867245 0.3201716
vn -0.2129853 0.8676187 0.4493051
vn -0.2134564 0.8672466 0.4497994
vn -0.1134616 0.8627214 0.4927861
vn -0.11252 0.863381 0.4918461
vn -0.8847396 0 0.4660857
vn -0.8847396 0 0.4660857
vn -0.8847396 0 0.4660857
vn -0.8847396 0 0.4660857
vn -0.6120138 0 0.7908471
vn -0.6120138 0 0.7908471
vn -0.6120138 0 0.7908471
vn -0.6120138 0 0.7908471
vn -0.2257296 -7.437706E-06 0.97419
vn -0.225726 -1.487541E-05 0.9741908
vn -0.2257296 -7.437706E-06 0.97419
vn -0.2257332 0 0.9741892
vn -0.002492713 -0.8659983 0.5000407
vn -0.002492823 -0.8659979 0.5000415
vn -0.002492713 -0.8659983 0.5000407
vn -0.002492603 -0.8659988 0.5000399
vn 0.002493343 -0.8659983 -0.5000409
vn 0.00249258 -0.8660015 -0.5000352
vn 0.002493343 -0.8659983 -0.5000409
vn 0.002494105 -0.8659949 -0.5000465
vn 0.004987685 0 -0.9999876
vn 0.004987685 0 -0.9999876
vn 0.004987685 0 -0.9999876
vn 0.004987685 0 -0.9999876
vn 0.00249258 0.8660015 -0.5000352
vn 0.002493343 0.8659983 -0.5000409
vn 0.002493343 0.8659983 -0.5000409
vn 0.002494105 0.8659949 -0.5000465
vn -0.002491937 0.8660017 0.500035
vn -0.00249227 0.8660002 0.5000374
vn -0.00249227 0.8660002 0.5000374
vn -0.002492603 0.8659988 0.5000399
vn -0.004984316 -7.634659E-06 0.9999876
vn -0.00498517 0 0.9999876
vn -0.004984316 -7.634659E-06 0.9999876
vn -0.004983463 -1.526932E-05 0.9999876
vn -0.8626321 -0.04599985 -0.503736
vn -0.864035 -0.04682824 -0.5012491
vn -0.8626321 -0.04599985 -0.503736
vn -0.8612216 -0.04517105 -0.5062184
vn 0.005001612 0.03682359 -0.9993093
vn 0.00499665 0.03682208 -0.9993093
vn 0.005001612 0.03682359 -0.9993093
vn 0.005006572 0.03682509 -0.9993092
vn 0.8679793 0.07865207 -0.4903324
vn 0.8694744 0.07939637 -0.4875556
vn 0.8679793 0.07865207 -0.4903324
vn 0.866475 0.07790692 -0.4931041
vn 0.8630212 0.04203586 0.5034158
vn 0.8644778 0.04294079 0.5008335
vn 0.8630212 0.04203586 0.5034158
vn 0.8615564 0.04113054 0.5059931
vn -0.005001785 -0.03682416 0.9993093
vn -0.004997776 -0.03682294 0.9993093
vn -0.005001785 -0.03682416 0.9993093
vn -0.005005793 -0.03682537 0.9993092
vn -0.8675538 -0.08264359 0.4904288
vn -0.8688984 -0.08327057 0.4879361
vn -0.8675538 -0.08264359 0.4904288
vn -0.8662019 -0.08201591 0.4929174
vn -0.7649462 -0.3908557 -0.5119466
vn -0.6568608 -0.5405625 -0.5256674
vn -0.7649735 -0.3909516 -0.5118325
vn -0.6568351 -0.5405147 -0.5257484
vn -0.4206006 -0.7357261 -0.5308505
vn -0.3062262 -0.7888827 -0.532813
vn -0.1890713 -0.8291005 -0.5261601
vn -0.1883723 -0.828639 -0.5271368
vn 0.005016741 0.03675357 -0.9993117
vn 0.005015792 0.03675362 -0.9993117
vn 0.004972387 0.03678403 -0.9993109
vn 0.004975055 0.03680361 -0.9993101
vn 0.004950766 0.03680513 -0.9993102
vn 0.004934216 0.03677032 -0.9993116
vn 0.004973498 0.03679577 -0.9993104
vn 0.005002207 0.03682618 -0.9993092
vn 0.7698775 0.4272526 -0.4740717
vn 0.6619088 0.5775586 -0.4778105
vn 0.7698859 0.4273464 -0.4739735
vn 0.6618931 0.5775179 -0.4778815
vn 0.4243341 0.7733572 -0.4710194
vn 0.3079546 0.8269629 -0.4704213
vn 0.1889179 0.866628 -0.4618073
vn 0.1875408 0.8661212 -0.463317
vn 0.7649024 0.3909551 0.511936
vn 0.7649066 0.3910006 0.5118949
vn 0.6568764 0.5405933 0.525616
vn 0.6568534 0.5405746 0.5256641
vn 0.4193385 0.7364367 0.5308637
vn 0.3029779 0.7900012 0.5330126
vn 0.1840176 0.8302465 0.5261447
vn 0.1826786 0.8296539 0.5275443
vn -0.004994614 -0.03683425 0.9993089
vn -0.004970305 -0.03683542 0.9993089
vn -0.004985881 -0.03679473 0.9993104
vn -0.004974587 -0.036803 0.9993101
vn -0.004987217 -0.03677463 0.9993111
vn -0.004971992 -0.03675172 0.999312
vn -0.004972976 -0.03679521 0.9993104
vn -0.005001704 -0.03682565 0.9993092
vn -0.7698711 -0.4271563 0.4741688
vn -0.7698712 -0.4271569 0.4741681
vn -0.6618928 -0.5775313 0.4778655
vn -0.6618819 -0.577531 0.477881
vn -0.4256394 -0.7726568 0.4709911
vn -0.3112361 -0.8258392 0.4702357
vn -0.1939904 -0.8654904 0.4618378
vn -0.1932584 -0.865078 0.4629161
vn 0.002651724 -0.8470362 -0.5315286
vn 0.002647469 -0.8470556 -0.5314975
vn 0.002651724 -0.8470362 -0.5315286
vn 0.002655978 -0.8470168 -0.5315595
vn 0.004991569 0.03681288 -0.9993097
vn 0.004993126 0.03682669 -0.9993092
vn 0.004991569 0.03681288 -0.9993097
vn 0.004990013 0.03679905 -0.9993103
vn 0.002335564 0.883832 -0.4677987
vn 0.002335918 0.8838335 -0.4677957
vn 0.002335564 0.883832 -0.4677987
vn 0.00233521 0.8838304 -0.4678016
vn -0.00264485 0.8470625 0.5314867
vn -0.002649139 0.8470431 0.5315177
vn -0.002649139 0.8470431 0.5315177
vn -0.002653427 0.8470237 0.5315486
vn -0.004974502 -0.03681278 0.9993098
vn -0.004976112 -0.03682708 0.9993093
vn -0.004974502 -0.03681278 0.9993098
vn -0.004972892 -0.03679849 0.9993103
vn -0.00233016 -0.8838336 0.4677957
vn -0.002329801 -0.883832 0.4677986
vn -0.002329801 -0.883832 0.4677986
vn -0.002329442 -0.8838304 0.4678016
vn 0.9995734 0.02577389 -0.01373827
vn 0.9996319 0.009845801 -0.02528264
vn 0.999909 0.005604216 -0.01226667
vn 0.9996318 -0.009843295 -0.02528832
vn 0.999944 0.0102822 -0.002493653
vn 0.9998227 0.01816395 0.004970358
vn 0.9994801 0.03185612 0.004975888
vn 0.9993948 0.02780117 0.02090811
vn 0.9998083 0.01177132 0.01564634
vn 0.9993295 0.009842482 0.03526641
vn 0.9999875 -3.044538E-05 0.004998824
vn 0.9999872 -8.225924E-05 0.005052778
vn 0.9999881 -0.0001561153 0.004876464
vn 0.9999868 -3.493983E-05 0.0051337
vn 0.9999887 -0.0001046669 0.004755289
vn 0.9999676 -0.003914878 -0.007033312
vn 0.999987 5.083272E-05 0.005101754
vn 0.9998484 0.003908655 0.0169661
vn 0.9999887 4.259662E-05 0.004762499
vn 0.9999136 -0.01183332 -0.005733967
vn 0.9995534 -0.02780629 -0.01094983
vn 0.9999875 4.688854E-05 0.005005237
vn 0.9997837 -0.003228757 0.02054639
vn 0.9993289 -0.01312344 0.03420027
vn 0.9999884 0.0002082556 0.004814393
vn 0.9998221 -0.01819405 0.004980045
vn 0.9994801 -0.03185755 0.004976125
vn 0.9999877 0.0001052979 0.004954803
vn 0.9993948 -0.02780169 0.02090804
vn 0.9998075 -0.01178956 0.01568466
vn -0.9996318 0.009843295 0.02528832
vn -0.9996319 0.009834358 0.02528516
vn -0.9995816 0.02374298 0.01652189
vn -0.9996313 -0.006555335 0.0263505
vn -0.9995534 0.02780581 0.01095
vn -0.9996204 -0.01312391 0.02422437
vn -0.9995816 -0.02374304 0.01652191
vn -0.9995534 -0.02780629 0.01094983
vn -0.9994801 0.03185675 -0.004975966
vn -0.9994801 0.03185612 -0.004975888
vn -0.9994801 -0.03185718 -0.004976069
vn -0.9994801 -0.03185755 -0.004975889
vn -0.9993948 -0.02780097 -0.02090767
vn -0.9993672 -0.02374207 -0.02648839
vn -0.9993869 0.02577153 -0.02369929
vn -0.9993868 0.02577166 -0.02370211
vn -0.9993295 -0.009842652 -0.03526597
vn -0.9993296 -0.009840494 -0.03526534
vn -0.9993294 0.009843157 -0.03526733
vn -0.9993296 0.009843243 -0.03526445
vn -0.9995544 -0.02777578 0.01093
vn -0.9994799 -0.03185732 -0.004991412
vn -0.9998217 -0.01821157 -0.004986388
vn -0.9993948 -0.02780142 -0.02090802
vn -0.9999135 -0.01183323 0.005751643
vn -0.9996207 -0.01310822 0.02421888
vn -0.9998059 -0.01186753 -0.01572779
vn -0.9993289 -0.01312323 -0.03420086
vn -0.9999368 -0.003299691 0.01074097
vn -0.9996313 0.006554077 0.02635073
vn -0.9997112 -0.003908911 -0.0237103
vn -0.9993183 0.006562123 -0.03633023
vn -0.9998325 0.005606717 -0.01742597
vn -0.9993671 0.02374301 -0.02649022
vn -0.9999882 2.824043E-05 -0.004846206
vn -0.9999874 -3.595593E-05 -0.005020285
vn -0.9999876 3.107208E-05 -0.004980513
vn -0.9999877 -1.203261E-05 -0.004952582
vn -0.9999886 -8.974735E-05 -0.004779709
vn -0.9999887 -6.028629E-05 -0.004768247
vn -0.9999877 -1.264666E-05 -0.004952395
vn -0.999819 0.01392485 -0.012961
vn -0.9994802 0.03184998 -0.004985545
vn -0.9999876 0 -0.004987247
vn -0.9999552 0.005637028 0.007614715
vn -0.9999886 9.043424E-05 -0.004778041
vn -0.9995825 0.02371847 0.01650422
vn -0.9999877 1.310458E-05 -0.00495191
vn -0.9998994 0.01386934 0.002961402
vn -0.9998608 0.01592965 -0.004978043
vn 0.9994815 0.03181155 0.004976509
vn 0.9994815 0.03181117 0.004976583
vn 0.9993963 0.02776065 0.02088761
vn 0.9995548 0.02776146 -0.01093349
vn 0.9993683 0.02370949 0.02647546
vn 0.9995825 0.02371174 -0.0165119
vn 0.9993293 0.01310554 0.03419185
vn 0.9996207 0.01310786 -0.02421898
vn 0.9993182 0.006552579 0.03633333
vn 0.9996313 0.006553866 -0.02635235
vn 0.9993183 -0.006559788 0.03633068
vn 0.9996313 -0.006556301 -0.02635125
vn 0.9993292 -0.01310817 0.03419581
vn 0.9996207 -0.01310913 -0.02422005
vn 0.9993681 -0.02371203 0.02647913
vn 0.9995825 -0.02371328 -0.01651272
vn 0.9993963 -0.02775645 0.02089385
vn 0.9995548 -0.02776105 -0.01093562
vn 0.9994815 -0.0318124 0.00497625
vn 0.9994815 -0.0318126 0.004976132
g MaterialSlot_0
usemtl MaterialSlot_0
f 1/1/1 3/3/3 2/2/2
f 4/4/4 3/3/3 5/5/5
f 4/4/4 5/5/5 6/6/6
f 7/7/7 6/6/6 5/5/5
f 8/8/8 10/10/10 9/9/9
f 10/10/10 8/8/8 11/11/11
f 11/11/11 12/12/12 10/10/10
f 13/13/13 10/10/10 12/12/12
f 12/12/12 14/14/14 13/13/13
f 14/14/14 12/12/12 15/15/15
f 16/16/16 14/14/14 15/15/15
f 14/14/14 16/16/16 17/17/17
f 18/18/18 17/17/17 16/16/16
f 17/17/17 18/18/18 19/19/19
f 20/20/20 19/19/19 18/18/18
f 19/19/19 20/20/20 21/21/21
f 22/22/22 21/21/21 20/20/20
f 21/21/21 22/22/22 23/23/23
f 24/24/24 23/23/23 22/22/22
f 23/23/23 24/24/24 25/25/25
f 26/26/26 25/25/25 24/24/24
f 25/25/25 26/26/26 27/27/27
f 26/26/26 28/28/28 27/27/27
f 28/28/28 26/26/26 29/29/29
f 29/29/29 30/30/30 28/28/28
f 30/30/30 29/29/29 31/31/31
f 31/31/31 32/32/32 30/30/30
f 32/32/32 31/31/31 33/33/33
f 33/33/33 34/34/34 32/32/32
f 34/34/34 33/33/33 35/35/35
f 35/35/35 36/36/36 34/34/34
f 36/36/36 35/35/35 37/37/37
f 37/37/37 38/38/38 36/36/36
f 38/38/38 37/37/37 39/39/39
f 39/39/39 40/40/40 38/38/38
f 41/41/41 38/38/38 40/40/40
f 42/42/42 41/41/41 40/40/40
f 43/43/43 41/41/41 42/42/42
f 42/42/42 44/44/44 43/43/43
f 44/44/44 42/42/42 45/45/45
f 46/46/46 44/44/44 45/45/45
f 44/44/44 46/46/46 47/47/47
f 48/48/48 47/47/47 46/46/46
f 47/47/47 48/48/48 49/49/49
f 48/48/48 50/50/50 49/49/49
f 50/50/50 48/48/48 51/51/51
f 52/52/52 54/54/54 53/53/53
f 54/54/54 52/52/52 55/55/55
f 55/55/55 56/56/56 54/54/54
f 57/57/57 54/54/54 56/56/56
f 58/58/58 57/57/57 56/56/56
f 59/59/59 57/57/57 58/58/58
f 60/60/60 59/59/59 58/58/58
f 59/59/59 60/60/60 61/61/61
f 60/60/60 62/62/62 61/61/61
f 62/62/62 60/60/60 63/63/63
f 63/63/63 64/64/64 62/62/62
f 64/64/64 63/63/63 65/65/65
f 65/65/65 66/66/66 64/64/64
f 66/66/66 65/65/65 67/67/67
f 67/67/67 68/68/68 66/66/66
f 68/68/68 67/67/67 69/69/69
f 70/70/70 68/68/68 69/69/69
f 68/68/68 70/70/70 71/71/71
f 70/70/70 72/72/72 71/71/71
f 72/72/72 70/70/70 73/73/73
f 73/73/73 74/74/74 72/72/72
f 74/74/74 73/73/73 75/75/75
f 75/75/75 76/76/76 74/74/74
f 76/76/76 77/77/77 74/74/74
f 76/76/76 78/78/78 77/77/77
f 78/78/78 79/79/79 77/77/77
f 78/78/78 80/80/80 79/79/79
f 81/81/81 79/79/79 80/80/80
f 80/80/80 82/82/82 81/81/81
f 82/82/82 80/80/80 83/83/83
f 83/83/83 84/84/84 82/82/82
f 84/84/84 83/83/83 85/85/85
f 86/86/86 84/84/84 85/85/85
f 87/87/87 84/84/84 86/86/86
f 88/88/88 87/87/87 86/86/86
f 87/87/87 88/88/88 89/89/89
f 90/90/90 89/89/89 88/88/88
f 89/89/89 90/90/90 91/91/91
f 92/92/92 91/91/91 90/90/90
f 91/91/91 92/92/92 93/93/93
f 92/92/92 94/94/94 93/93/93
f 94/94/94 92/92/92 95/95/95
f 96/96/96 98/98/98 97/97/97
f 98/98/98 96/96/96 99/99/99
f 96/96/96 100/100/100 99/99/99
f 100/100/100 96/96/96 101/101/101
f 101/101/101 102/102/102 100/100/100
f 102/102/102 101/101/101 103/103/103
f 103/103/103 104/104/104 102/102/102
f 104/104/104 103/103/103 105/105/105
f 106/106/106 104/104/104 105/105/105
f 107/107/107 104/104/104 106/106/106
f 108/108/108 107/107/107 106/106/106
f 109/109/109 107/107/107 108/108/108
f 110/110/110 109/109/109 108/108/108
f 111/111/111 109/109/109 110/110/110
f 110/110/110 112/112/112 111/111/111
f 113/113/113 111/111/111 112/112/112
f 112/112/112 114/114/114 113/113/113
f 115/115/115 113/113/113 114/114/114
f 114/114/114 116/116/116 115/115/115
f 116/116/116 117/117/117 115/115/115
f 116/116/116 118/118/118 117/117/117
f 118/118/118 119/119/119 117/117/117
f 118/118/118 120/120/120 119/119/119
f 119/119/119 120/120/120 121/121/121
f 120/120/120 122/122/122 121/121/121
f 121/121/121 122/122/122 123/123/123
f 122/122/122 124/124/124 123/123/123
f 124/124/124 122/122/122 125/125/125
f 126/126/126 124/124/124 125/125/125
f 124/124/124 126/126/126 127/127/127
f 128/128/128 127/127/127 126/126/126
f 127/127/127 128/128/128 129/129/129
f 130/130/130 129/129/129 128/128/128
f 129/129/129 130/130/130 131/131/131
f 130/130/130 132/132/132 131/131/131
f 132/132/132 130/130/130 133/133/133
f 133/133/133 134/134/134 132/132/132
f 134/134/134 133/133/133 135/135/135
f 135/135/135 136/136/136 134/134/134
f 136/136/136 135/135/135 137/137/137
f 138/138/138 136/136/136 137/137/137
f 139/139/139 136/136/136 138/138/138
f 140/140/140 142/142/142 141/141/141
f 142/142/142 140/140/140 143/143/143
f 140/140/140 144/144/144 143/143/143
f 144/144/144 140/140/140 145/145/145
f 146/146/146 144/144/144 145/145/145
f 144/144/144 146/146/146 147/147/147
f 146/146/146 148/148/148 147/147/147
f 148/148/148 146/146/146 149/149/149
f 149/149/149 150/150/150 148/148/148
f 150/150/150 149/149/149 151/151/151
f 151/151/151 152/152/152 150/150/150
f 152/152/152 151/151/151 153/153/153
f 153/153/153 154/154/154 152/152/152
f 154/154/154 153/153/153 155/155/155
f 155/155/155 156/156/156 154/154/154
f 156/156/156 155/155/155 157/157/157
f 157/157/157 158/158/158 156/156/156
f 158/158/158 157/157/157 159/159/159
f 159/159/159 160/160/160 158/158/158
f 160/160/160 161/161/161 158/158/158
f 160/160/160 162/162/162 161/161/161
f 162/162/162 163/163/163 161/161/161
f 162/162/162 164/164/164 163/163/163
f 163/163/163 164/164/164 165/165/165
f 164/164/164 166/166/166 165/165/165
f 165/165/165 166/166/166 167/167/167
f 168/168/168 167/167/167 166/166/166
f 167/167/167 168/168/168 169/169/169
f 170/170/170 169/169/169 168/168/168
f 169/169/169 170/170/170 171/171/171
f 170/170/170 172/172/172 171/171/171
f 172/172/172 170/170/170 173/173/173
f 173/173/173 174/174/174 172/172/172
f 174/174/174 173/173/173 175/175/175
f 176/176/176 174/174/174 175/175/175
f 177/177/177 174/174/174 176/176/176
f 176/176/176 178/178/178 177/177/177
f 178/178/178 176/176/176 179/179/179
f 179/179/179 180/180/180 178/178/178
f 180/180/180 179/179/179 181/181/181
f 182/182/182 180/180/180 181/181/181
f 183/183/183 180/180/180 182/182/182
f 184/184/184 186/186/186 185/185/185
f 185/185/185 186/186/186 187/187/187
f 186/186/186 188/188/188 187/187/187
f 189/189/189 185/185/185 187/187/187
f 185/185/185 189/189/189 190/190/190
f 187/187/187 191/191/191 189/189/189
f 187/187/187 188/188/188 192/192/192
f 191/191/191 187/187/187 192/192/192
f 188/188/188 193/193/193 192/192/192
f 192/192/192 194/194/194 191/191/191
f 192/192/192 193/193/193 195/195/195
f 194/194/194 192/192/192 195/195/195
f 193/193/193 196/196/196 195/195/195
f 195/195/195 197/197/197 194/194/194
f 195/195/195 196/196/196 198/198/198
f 197/197/197 195/195/195 198/198/198
f 196/196/196 199/199/199 198/198/198
f 198/198/198 200/200/200 197/197/197
f 198/198/198 199/199/199 201/201/201
f 200/200/200 198/198/198 201/201/201
f 199/199/199 202/202/202 201/201/201
f 201/201/201 202/202/202 200/200/200
f 202/202/202 199/199/199 203/203/203
f 200/200/200 202/202/202 204/204/204
f 203/203/203 205/205/205 202/202/202
f 202/202/202 205/205/205 204/204/204
f 205/205/205 203/203/203 206/206/206
f 204/204/204 205/205/205 207/207/207
f 206/206/206 208/208/208 205/205/205
f 205/205/205 208/208/208 207/207/207
f 208/208/208 206/206/206 209/209/209
f 207/207/207 208/208/208 210/210/210
f 209/209/209 211/211/211 208/208/208
f 208/208/208 211/211/211 210/210/210
f 211/211/211 209/209/209 212/212/212
f 212/212/212 213/213/213 211/211/211
f 210/210/210 211/211/211 214/214/214
f 211/211/211 213/213/213 214/214/214
f 213/213/213 212/212/212 215/215/215
f 214/214/214 213/213/213 216/216/216
f 215/215/215 217/217/217 213/213/213
f 213/213/213 218/218/218 216/216/216
f 213/213/213 217/217/217 219/219/219
f 218/218/218 213/213/213 219/219/219
f 217/217/217 220/220/220 219/219/219
f 219/219/219 221/221/221 218/218/218
f 219/219/219 220/220/220 222/222/222
f 221/221/221 219/219/219 222/222/222
f 220/220/220 223/223/223 222/222/222
f 222/222/222 224/224/224 221/221/221
f 222/222/222 223/223/223 225/225/225
f 224/224/224 222/222/222 225/225/225
f 223/223/223 226/226/226 225/225/225
f 225/225/225 227/227/227 224/224/224
f 225/225/225 226/226/226 228/228/228
f 227/227/227 225/225/225 228/228/228
f 226/226/226 229/229/229 228/228/228
f 228/228/228 230/230/230 227/227/227
f 228/228/228 229/229/229 231/231/231
f 230/230/230 228/228/228 231/231/231
f 229/229/229 232/232/232 231/231/231
f 231/231/231 232/232/232 230/230/230
f 232/232/232 229/229/229 233/233/233
f 230/230/230 232/232/232 234/234/234
f 233/233/233 235/235/235 232/232/232
f 232/232/232 235/235/235 234/234/234
f 235/235/235 233/233/233 236/236/236
f 234/234/234 235/235/235 237/237/237
f 236/236/236 238/238/238 235/235/235
f 235/235/235 238/238/238 237/237/237
f 238/238/238 236/236/236 239/239/239
f 237/237/237 238/238/238 240/240/240
f 239/239/239 241/241/241 238/238/238
f 238/238/238 241/241/241 240/240/240
f 241/241/241 239/239/239 242/242/242
f 242/242/242 243/243/243 241/241/241
f 240/240/240 241/241/241 244/244/244
f 241/241/241 243/243/243 244/244/244
f 243/243/243 242/242/242 245/245/245
f 244/244/244 243/243/243 246/246/246
f 247/247/247 243/243/243 245/245/245
f 243/243/243 248/248/248 246/246/246
f 243/243/243 247/247/247 249/249/249
f 248/248/248 243/243/243 249/249/249
f 250/250/250 252/252/252 251/251/251
f 252/252/252 250/250/250 253/253/253
f 253/253/253 254/254/254 252/252/252
f 254/254/254 253/253/253 255/255/255
f 254/254/254 255/255/255 256/256/256
f 257/257/257 254/254/254 256/256/256
f 258/258/258 257/257/257 256/256/256
f 259/259/259 257/257/257 258/258/258
f 260/260/260 259/259/259 258/258/258
f 261/261/261 259/259/259 260/260/260
f 262/262/262 261/261/261 260/260/260
f 261/261/261 262/262/262 263/263/263
f 262/262/262 264/264/264 263/263/263
f 264/264/264 262/262/262 265/265/265
f 266/266/266 264/264/264 265/265/265
f 264/264/264 266/266/266 267/267/267
f 268/268/268 267/267/267 266/266/266
f 267/267/267 268/268/268 269/269/269
f 270/270/270 269/269/269 268/268/268
f 269/269/269 270/270/270 271/271/271
f 272/272/272 271/271/271 270/270/270
f 271/271/271 272/272/272 273/273/273
f 272/272/272 274/274/274 273/273/273
f 273/273/273 274/274/274 275/275/275
f 274/274/274 276/276/276 275/275/275
f 277/277/277 275/275/275 276/276/276
f 276/276/276 278/278/278 277/277/277
f 279/279/279 277/277/277 278/278/278
f 278/278/278 280/280/280 279/279/279
f 281/281/281 279/279/279 280/280/280
f 281/281/281 280/280/280 282/282/282
f 283/283/283 281/281/281 282/282/282
f 283/283/283 282/282/282 284/284/284
f 285/285/285 283/283/283 284/284/284
f 286/286/286 285/285/285 284/284/284
f 287/287/287 285/285/285 286/286/286
f 286/286/286 288/288/288 287/287/287
f 288/288/288 286/286/286 289/289/289
f 289/289/289 290/290/290 288/288/288
f 290/290/290 289/289/289 291/291/291
f 292/292/292 290/290/290 291/291/291
f 290/290/290 292/292/292 293/293/293
f 294/294/294 296/296/296 295/295/295
f 297/297/297 295/295/295 296/296/296
f 297/297/297 296/296/296 298/298/298
f 299/299/299 297/297/297 298/298/298
f 298/298/298 300/300/300 299/299/299
f 300/300/300 298/298/298 301/301/301
f 301/301/301 302/302/302 300/300/300
f 302/302/302 301/301/301 303/303/303
f 303/303/303 304/304/304 302/302/302
f 304/304/304 303/303/303 305/305/305
f 306/306/306 304/304/304 305/305/305
f 304/304/304 306/306/306 307/307/307
f 306/306/306 308/308/308 307/307/307
f 308/308/308 306/306/306 309/309/309
f 310/310/310 308/308/308 309/309/309
f 308/308/308 310/310/310 311/311/311
f 312/312/312 311/311/311 310/310/310
f 311/311/311 312/312/312 313/313/313
f 314/314/314 313/313/313 312/312/312
f 313/313/313 314/314/314 315/315/315
f 316/316/316 315/315/315 314/314/314
f 315/315/315 316/316/316 317/317/317
f 316/316/316 318/318/318 317/317/317
f 318/318/318 316/316/316 319/319/319
f 319/319/319 320/320/320 318/318/318
f 320/320/320 319/319/319 321/321/321
f 321/321/321 322/322/322 320/320/320
f 322/322/322 321/321/321 323/323/323
f 323/323/323 324/324/324 322/322/322
f 324/324/324 323/323/323 325/325/325
f 325/325/325 326/326/326 324/324/324
f 326/326/326 325/325/325 327/327/327
f 327/327/327 328/328/328 326/326/326
f 328/328/328 327/327/327 329/329/329
f 329/329/329 330/330/330 328/328/328
f 330/330/330 329/329/329 331/331/331
f 332/332/332 330/330/330 331/331/331
f 333/333/333 330/330/330 332/332/332
f 334/334/334 333/333/333 332/332/332
f 333/333/333 334/334/334 335/335/335
f 336/336/336 335/335/335 334/334/334
f 335/335/335 336/336/336 337/337/337
f 338/338/338 340/340/340 339/339/339
f 340/340/340 338/338/338 341/341/341
f 341/341/341 342/342/342 340/340/340
f 342/342/342 341/341/341 343/343/343
f 344/344/344 342/342/342 343/343/343
f 345/345/345 342/342/342 344/344/344
f 345/345/345 344/344/344 346/346/346
f 347/347/347 345/345/345 346/346/346
f 347/347/347 346/346/346 348/348/348
f 349/349/349 347/347/347 348/348/348
f 348/348/348 350/350/350 349/349/349
f 350/350/350 348/348/348 351/351/351
f 351/351/351 352/352/352 350/350/350
f 352/352/352 351/351/351 353/353/353
f 353/353/353 354/354/354 352/352/352
f 354/354/354 353/353/353 355/355/355
f 355/355/355 356/356/356 354/354/354
f 356/356/356 355/355/355 357/357/357
f 357/357/357 358/358/358 356/356/356
f 358/358/358 357/357/357 359/359/359
f 359/359/359 360/360/360 358/358/358
f 360/360/360 359/359/359 361/361/361
f 362/362/362 360/360/360 361/361/361
f 360/360/360 362/362/362 363/363/363
f 364/364/364 363/363/363 362/362/362
f 363/363/363 364/364/364 365/365/365
f 366/366/366 365/365/365 364/364/364
f 365/365/365 366/366/366 367/367/367
f 368/368/368 367/367/367 366/366/366
f 367/367/367 368/368/368 369/369/369
f 370/370/370 369/369/369 368/368/368
f 371/371/371 369/369/369 370/370/370
f 372/372/372 371/371/371 370/370/370
f 373/373/373 371/371/371 372/372/372
f 373/373/373 372/372/372 374/374/374
f 375/375/375 373/373/373 374/374/374
f 374/374/374 376/376/376 375/375/375
f 376/376/376 374/374/374 377/377/377
f 377/377/377 378/378/378 376/376/376
f 378/378/378 377/377/377 379/379/379
f 379/379/379 380/380/380 378/378/378
f 380/380/380 379/379/379 381/381/381
f 382/382/382 384/384/384 383/383/383
f 384/384/384 382/382/382 385/385/385
f 386/386/386 385/385/385 382/382/382
f 387/387/387 385/385/385 386/386/386
f 386/386/386 388/388/388 387/387/387
f 388/388/388 386/386/386 389/389/389
f 389/389/389 390/390/390 388/388/388
f 390/390/390 389/389/389 391/391/391
f 391/391/391 392/392/392 390/390/390
f 392/392/392 391/391/391 393/393/393
f 393/393/393 394/394/394 392/392/392
f 394/394/394 393/393/393 395/395/395
f 395/395/395 396/396/396 394/394/394
f 397/397/397 394/394/394 396/396/396
f 396/396/396 398/398/398 397/397/397
f 398/398/398 396/396/396 399/399/399
f 399/399/399 400/400/400 398/398/398
f 400/400/400 399/399/399 401/401/401
f 401/401/401 402/402/402 400/400/400
f 402/402/402 401/401/401 403/403/403
f 403/403/403 404/404/404 402/402/402
f 404/404/404 403/403/403 405/405/405
f 405/405/405 406/406/406 404/404/404
f 406/406/406 405/405/405 407/407/407
f 407/407/407 408/408/408 406/406/406
f 408/408/408 407/407/407 409/409/409
f 409/409/409 410/410/410 408/408/408
f 410/410/410 409/409/409 411/411/411
f 411/411/411 412/412/412 410/410/410
f 412/412/412 411/411/411 413/413/413
f 413/413/413 414/414/414 412/412/412
f 414/414/414 413/413/413 415/415/415
f 415/415/415 416/416/416 414/414/414
f 416/416/416 415/415/415 417/417/417
f 417/417/417 418/418/418 416/416/416
f 418/418/418 417/417/417 419/419/419
f 418/418/418 419/419/419 420/420/420
f 421/421/421 418/418/418 420/420/420
f 420/420/420 422/422/422 421/421/421
f 423/423/423 421/421/421 422/422/422
f 422/422/422 424/424/424 423/423/423
f 424/424/424 422/422/422 425/425/425
f 426/426/426 428/428/428 427/427/427
f 427/427/427 428/428/428 429/429/429
f 428/428/428 430/430/430 429/429/429
f 431/431/431 427/427/427 429/429/429
f 427/427/427 431/431/431 432/432/432
f 429/429/429 433/433/433 431/431/431
f 429/429/429 430/430/430 434/434/434
f 433/433/433 429/429/429 434/434/434
f 430/430/430 435/435/435 434/434/434
f 434/434/434 436/436/436 433/433/433
f 434/434/434 435/435/435 437/437/437
f 436/436/436 434/434/434 437/437/437
f 435/435/435 438/438/438 437/437/437
f 437/437/437 439/439/439 436/436/436
f 437/437/437 438/438/438 440/440/440
f 439/439/439 437/437/437 440/440/440
f 438/438/438 441/441/441 440/440/440
f 440/440/440 442/442/442 439/439/439
f 440/440/440 441/441/441 443/443/443
f 442/442/442 440/440/440 443/443/443
f 441/441/441 444/444/444 443/443/443
f 444/444/444 442/442/442 443/443/443
f 444/444/444 441/441/441 445/445/445
f 446/446/446 442/442/442 444/444/444
f 445/445/445 447/447/447 444/444/444
f 447/447/447 446/446/446 444/444/444
f 447/447/447 445/445/445 448/448/448
f 449/449/449 446/446/446 447/447/447
f 448/448/448 450/450/450 447/447/447
f 450/450/450 449/449/449 447/447/447
f 450/450/450 448/448/448 451/451/451
f 452/452/452 449/449/449 450/450/450
f 451/451/451 453/453/453 450/450/450
f 453/453/453 452/452/452 450/450/450
f 453/453/453 451/451/451 454/454/454
f 454/454/454 455/455/455 453/453/453
f 456/456/456 452/452/452 453/453/453
f 455/455/455 456/456/456 453/453/453
f 455/455/455 454/454/454 457/457/457
f 458/458/458 456/456/456 455/455/455
f 459/459/459 455/455/455 457/457/457
f 455/455/455 460/460/460 458/458/458
f 461/461/461 455/455/455 459/459/459
f 460/460/460 455/455/455 461/461/461
f 462/462/462 461/461/461 459/459/459
f 461/461/461 463/463/463 460/460/460
f 464/464/464 461/461/461 462/462/462
f 463/463/463 461/461/461 464/464/464
f 465/465/465 464/464/464 462/462/462
f 464/464/464 466/466/466 463/463/463
f 467/467/467 464/464/464 465/465/465
f 466/466/466 464/464/464 467/467/467
f 468/468/468 467/467/467 465/465/465
f 467/467/467 469/469/469 466/466/466
f 470/470/470 467/467/467 468/468/468
f 469/469/469 467/467/467 470/470/470
f 471/471/471 470/470/470 468/468/468
f 470/470/470 472/472/472 469/469/469
f 473/473/473 470/470/470 471/471/471
f 472/472/472 470/470/470 473/473/473
f 471/471/471 474/474/474 473/473/473
f 473/473/473 474/474/474 472/472/472
f 474/474/474 471/471/471 475/475/475
f 472/472/472 474/474/474 476/476/476
f 475/475/475 477/477/477 474/474/474
f 474/474/474 477/477/477 476/476/476
f 477/477/477 475/475/475 478/478/478
f 476/476/476 477/477/477 479/479/479
f 478/478/478 480/480/480 477/477/477
f 477/477/477 480/480/480 479/479/479
f 480/480/480 478/478/478 481/481/481
f 479/479/479 480/480/480 482/482/482
f 481/481/481 483/483/483 480/480/480
f 480/480/480 483/483/483 482/482/482
f 483/483/483 481/481/481 484/484/484
f 484/484/484 485/485/485 483/483/483
f 482/482/482 483/483/483 486/486/486
f 483/483/483 485/485/485 486/486/486
f 485/485/485 484/484/484 487/487/487
f 486/486/486 485/485/485 488/488/488
f 489/489/489 485/485/485 487/487/487
f 485/485/485 490/490/490 488/488/488
f 485/485/485 489/489/489 491/491/491
f 490/490/490 485/485/485 491/491/491
f 492/492/492 494/494/494 493/493/493
f 495/495/495 493/493/493 494/494/494
f 495/495/495 496/496/496 493/493/493
f 496/496/496 495/495/495 497/497/497
f 497/497/497 498/498/498 496/496/496
f 498/498/498 497/497/497 499/499/499
f 499/499/499 500/500/500 498/498/498
f 500/500/500 499/499/499 501/501/501
f 500/500/500 501/501/501 502/502/502
f 503/503/503 502/502/502 501/501/501
f 502/502/502 503/503/503 504/504/504
f 505/505/505 504/504/504 503/503/503
f 506/506/506 504/504/504 505/505/505
f 504/504/504 506/506/506 507/507/507
f 507/507/507 506/506/506 508/508/508
f 509/509/509 508/508/508 506/506/506
f 508/508/508 509/509/509 510/510/510
f 511/511/511 510/510/510 509/509/509
f 510/510/510 511/511/511 512/512/512
f 513/513/513 512/512/512 511/511/511
f 514/514/514 516/516/516 515/515/515
f 514/514/514 517/517/517 516/516/516
f 517/517/517 514/514/514 518/518/518
f 518/518/518 519/519/519 517/517/517
f 520/520/520 516/516/516 517/517/517
f 521/521/521 517/517/517 519/519/519
f 520/520/520 517/517/517 522/522/522
f 517/517/517 521/521/521 522/522/522
f 523/523/523 520/520/520 522/522/522
f 523/523/523 522/522/522 521/521/521
f 520/520/520 523/523/523 524/524/524
f 521/521/521 525/525/525 523/523/523
f 523/523/523 526/526/526 524/524/524
f 527/527/527 523/523/523 525/525/525
f 523/523/523 528/528/528 526/526/526
f 523/523/523 527/527/527 528/528/528
f 529/529/529 526/526/526 528/528/528
f 530/530/530 528/528/528 527/527/527
f 529/529/529 528/528/528 531/531/531
f 528/528/528 530/530/530 531/531/531
f 532/532/532 529/529/529 531/531/531
f 532/532/532 531/531/531 530/530/530
f 529/529/529 532/532/532 533/533/533
f 530/530/530 534/534/534 532/532/532
f 535/535/535 533/533/533 532/532/532
f 534/534/534 535/535/535 532/532/532
f 533/533/533 535/535/535 536/536/536
f 534/534/534 537/537/537 535/535/535
f 538/538/538 536/536/536 535/535/535
f 537/537/537 539/539/539 535/535/535
f 535/535/535 539/539/539 538/538/538
f 539/539/539 537/537/537 540/540/540
f 541/541/541 539/539/539 540/540/540
f 542/542/542 538/538/538 539/539/539
f 539/539/539 541/541/541 542/542/542
f 543/543/543 542/542/542 541/541/541
f 538/538/538 542/542/542 544/544/544
f 542/542/542 543/543/543 545/545/545
f 545/545/545 544/544/544 542/542/542
f 544/544/544 545/545/545 546/546/546
f 547/547/547 549/549/549 548/548/548
f 547/547/547 550/550/550 549/549/549
f 551/551/551 550/550/550 547/547/547
f 550/550/550 551/551/551 552/552/552
f 553/553/553 549/549/549 550/550/550
f 552/552/552 554/554/554 550/550/550
f 553/553/553 550/550/550 554/554/554
f 555/555/555 553/553/553 554/554/554
f 554/554/554 552/552/552 556/556/556
f 555/555/555 554/554/554 556/556/556
f 553/553/553 555/555/555 557/557/557
f 556/556/556 558/558/558 555/555/555
f 555/555/555 559/559/559 557/557/557
f 560/560/560 555/555/555 558/558/558
f 555/555/555 561/561/561 559/559/559
f 555/555/555 560/560/560 561/561/561
f 562/562/562 559/559/559 561/561/561
f 563/563/563 561/561/561 560/560/560
f 562/562/562 561/561/561 564/564/564
f 561/561/561 563/563/563 564/564/564
f 564/564/564 565/565/565 562/562/562
f 563/563/563 566/566/566 564/564/564
f 565/565/565 564/564/564 566/566/566
f 566/566/566 563/563/563 567/567/567
f 566/566/566 568/568/568 565/565/565
f 567/567/567 569/569/569 566/566/566
f 566/566/566 569/569/569 568/568/568
f 567/567/567 570/570/570 569/569/569
f 571/571/571 568/568/568 569/569/569
f 570/570/570 572/572/572 569/569/569
f 569/569/569 572/572/572 571/571/571
f 572/572/572 570/570/570 573/573/573
f 574/574/574 571/571/571 572/572/572
f 574/574/574 572/572/572 573/573/573
f 573/573/573 575/575/575 574/574/574
f 576/576/576 574/574/574 575/575/575
f 571/571/571 574/574/574 577/577/577
f 574/574/574 576/576/576 578/578/578
f 578/578/578 577/577/577 574/574/574
f 577/577/577 578/578/578 579/579/579
f 580/580/580 582/582/582 581/581/581
f 583/583/583 582/582/582 580/580/580
f 584/584/584 582/582/582 583/583/583
f 582/582/582 584/584/584 585/585/585
f 585/585/585 584/584/584 586/586/586
f 586/586/586 584/584/584 587/587/587
f 588/588/588 586/586/586 587/587/587
f 586/586/586 588/588/588 589/589/589
f 590/590/590 592/592/592 591/591/591
f 593/593/593 592/592/592 590/590/590
f 594/594/594 592/592/592 593/593/593
f 592/592/592 594/594/594 595/595/595
f 595/595/595 594/594/594 596/596/596
f 596/596/596 594/594/594 597/597/597
f 598/598/598 596/596/596 597/597/597
f 596/596/596 598/598/598 599/599/599
f 600/600/600 602/602/602 601/601/601
f 602/602/602 600/600/600 603/603/603
f 600/600/600 604/604/604 603/603/603
f 604/604/604 600/600/600 605/605/605
f 605/605/605 606/606/606 604/604/604
f 606/606/606 605/605/605 607/607/607
f 607/607/607 608/608/608 606/606/606
f 608/608/608 607/607/607 609/609/609
f 610/610/610 608/608/608 609/609/609
f 609/609/609 611/611/611 610/610/610
f 612/612/612 610/610/610 611/611/611
f 611/611/611 613/613/613 612/612/612
f 614/614/614 612/612/612 613/613/613
f 615/615/615 614/614/614 613/613/613
f 616/616/616 614/614/614 615/615/615
f 615/615/615 617/617/617 616/616/616
f 618/618/618 616/616/616 617/617/617
f 619/619/619 618/618/618 617/617/617
f 620/620/620 618/618/618 619/619/619
f 618/618/618 620/620/620 621/621/621
f 622/622/622 624/624/624 623/623/623
f 624/624/624 622/622/622 625/625/625
f 622/622/622 626/626/626 625/625/625
f 626/626/626 622/622/622 627/627/627
f 627/627/627 628/628/628 626/626/626
f 628/628/628 627/627/627 629/629/629
f 629/629/629 630/630/630 628/628/628
f 630/630/630 629/629/629 631/631/631
f 631/631/631 632/632/632 630/630/630
f 632/632/632 631/631/631 633/633/633
f 633/633/633 634/634/634 632/632/632
f 634/634/634 633/633/633 635/635/635
f 636/636/636 634/634/634 635/635/635
f 637/637/637 636/636/636 635/635/635
f 638/638/638 636/636/636 637/637/637
f 637/637/637 639/639/639 638/638/638
f 640/640/640 638/638/638 639/639/639
f 641/641/641 640/640/640 639/639/639
f 642/642/642 640/640/640 641/641/641
f 640/640/640 642/642/642 643/643/643
f 644/644/644 646/646/646 645/645/645
f 646/646/646 644/644/644 647/647/647
f 644/644/644 648/648/648 647/647/647
f 648/648/648 644/644/644 649/649/649
f 649/649/649 650/650/650 648/648/648
f 650/650/650 649/649/649 651/651/651
f 651/651/651 652/652/652 650/650/650
f 652/652/652 651/651/651 653/653/653
f 654/654/654 652/652/652 653/653/653
f 653/653/653 655/655/655 654/654/654
f 656/656/656 654/654/654 655/655/655
f 655/655/655 657/657/657 656/656/656
f 658/658/658 656/656/656 657/657/657
f 657/657/657 659/659/659 658/658/658
f 660/660/660 658/658/658 659/659/659
f 659/659/659 661/661/661 660/660/660
f 662/662/662 660/660/660 661/661/661
f 661/661/661 663/663/663 662/662/662
f 664/664/664 662/662/662 663/663/663
f 663/663/663 665/665/665 664/664/664
f 666/666/666 668/668/668 667/667/667
f 668/668/668 666/666/666 669/669/669
f 669/669/669 670/670/670 668/668/668
f 670/670/670 669/669/669 671/671/671
f 671/671/671 672/672/672 670/670/670
f 672/672/672 671/671/671 673/673/673
f 673/673/673 674/674/674 672/672/672
f 674/674/674 673/673/673 675/675/675
f 675/675/675 676/676/676 674/674/674
f 676/676/676 675/675/675 677/677/677
f 677/677/677 678/678/678 676/676/676
f 678/678/678 677/677/677 679/679/679
f 680/680/680 678/678/678 679/679/679
f 679/679/679 681/681/681 680/680/680
f 682/682/682 680/680/680 681/681/681
f 681/681/681 683/683/683 682/682/682
f 684/684/684 682/682/682 683/683/683
f 683/683/683 685/685/685 684/684/684
f 685/685/685 686/686/686 684/684/684
f 686/686/686 685/685/685 687/687/687
f 688/688/688 690/690/690 689/689/689
f 688/688/688 689/689/689 691/691/691
f 692/692/692 688/688/688 691/691/691
f 691/691/691 689/689/689 693/693/693
f 692/692/692 691/691/691 694/694/694
f 694/694/694 695/695/695 692/692/692
f 691/691/691 693/693/693 696/696/696
f 696/696/696 693/693/693 697/697/697
f 696/696/696 697/697/697 698/698/698
f 699/699/699 696/696/696 698/698/698
f 700/700/700 691/691/691 696/696/696
f 696/696/696 699/699/699 700/700/700
f 691/691/691 700/700/700 694/694/694
f 700/700/700 699/699/699 701/701/701
f 701/701/701 694/694/694 700/700/700
f 699/699/699 702/702/702 701/701/701
f 695/695/695 694/694/694 703/703/703
f 694/694/694 701/701/701 703/703/703
f 704/704/704 695/695/695 703/703/703
f 704/704/704 703/703/703 705/705/705
f 703/703/703 701/701/701 705/705/705
f 706/706/706 704/704/704 705/705/705
f 707/707/707 701/701/701 702/702/702
f 705/705/705 701/701/701 707/707/707
f 707/707/707 702/702/702 708/708/708
f 705/705/705 709/709/709 706/706/706
f 709/709/709 705/705/705 707/707/707
f 709/709/709 710/710/710 706/706/706
f 708/708/708 711/711/711 707/707/707
f 707/707/707 711/711/711 709/709/709
f 711/711/711 708/708/708 712/712/712
f 713/713/713 711/711/711 712/712/712
f 710/710/710 709/709/709 714/714/714
f 711/711/711 714/714/714 709/709/709
f 714/714/714 715/715/715 710/710/710
f 711/711/711 713/713/713 716/716/716
f 714/714/714 711/711/711 716/716/716
f 717/717/717 716/716/716 713/713/713
f 715/715/715 714/714/714 718/718/718
f 716/716/716 718/718/718 714/714/714
f 719/719/719 715/715/715 718/718/718
f 716/716/716 717/717/717 720/720/720
f 718/718/718 716/716/716 720/720/720
f 721/721/721 720/720/720 717/717/717
f 718/718/718 722/722/722 719/719/719
f 722/722/722 718/718/718 720/720/720
f 720/720/720 721/721/721 723/723/723
f 723/723/723 722/722/722 720/720/720
f 724/724/724 723/723/723 721/721/721
f 723/723/723 724/724/724 725/725/725
f 725/725/725 722/722/722 723/723/723
f 726/726/726 725/725/725 724/724/724
f 725/725/725 726/726/726 727/727/727
f 728/728/728 725/725/725 727/727/727
f 729/729/729 719/719/719 722/722/722
f 722/722/722 725/725/725 729/729/729
f 725/725/725 728/728/728 729/729/729
f 719/719/719 729/729/729 730/730/730
f 731/731/731 729/729/729 728/728/728
f 729/729/729 731/731/731 730/730/730
f 732/732/732 734/734/734 733/733/733
f 732/732/732 733/733/733 735/735/735
f 736/736/736 732/732/732 735/735/735
f 735/735/735 733/733/733 737/737/737
f 736/736/736 735/735/735 738/738/738
f 738/738/738 739/739/739 736/736/736
f 735/735/735 737/737/737 740/740/740
f 740/740/740 737/737/737 741/741/741
f 740/740/740 741/741/741 742/742/742
f 743/743/743 740/740/740 742/742/742
f 744/744/744 735/735/735 740/740/740
f 740/740/740 743/743/743 744/744/744
f 735/735/735 744/744/744 738/738/738
f 744/744/744 743/743/743 745/745/745
f 745/745/745 738/738/738 744/744/744
f 743/743/743 746/746/746 745/745/745
f 739/739/739 738/738/738 747/747/747
f 738/738/738 745/745/745 747/747/747
f 748/748/748 745/745/745 746/746/746
f 748/748/748 747/747/747 745/745/745
f 748/748/748 746/746/746 749/749/749
f 750/750/750 739/739/739 747/747/747
f 747/747/747 748/748/748 750/750/750
f 739/739/739 750/750/750 751/751/751
f 749/749/749 752/752/752 748/748/748
f 752/752/752 750/750/750 748/748/748
f 752/752/752 749/749/749 753/753/753
f 754/754/754 752/752/752 753/753/753
f 755/755/755 751/751/751 750/750/750
f 750/750/750 752/752/752 755/755/755
f 751/751/751 755/755/755 756/756/756
f 752/752/752 754/754/754 757/757/757
f 757/757/757 755/755/755 752/752/752
f 758/758/758 757/757/757 754/754/754
f 759/759/759 756/756/756 755/755/755
f 755/755/755 757/757/757 759/759/759
f 756/756/756 759/759/759 760/760/760
f 757/757/757 758/758/758 761/761/761
f 761/761/761 759/759/759 757/757/757
f 762/762/762 761/761/761 758/758/758
f 763/763/763 760/760/760 759/759/759
f 759/759/759 761/761/761 763/763/763
f 760/760/760 763/763/763 764/764/764
f 765/765/765 764/764/764 763/763/763
f 765/765/765 763/763/763 761/761/761
f 764/764/764 765/765/765 766/766/766
f 761/761/761 762/762/762 767/767/767
f 767/767/767 765/765/765 761/761/761
f 762/762/762 768/768/768 767/767/767
f 768/768/768 765/765/765 767/767/767
f 769/769/769 768/768/768 762/762/762
f 770/770/770 768/768/768 769/769/769
f 768/768/768 770/770/770 771/771/771
f 772/772/772 766/766/766 765/765/765
f 765/765/765 768/768/768 772/772/772
f 771/771/771 772/772/772 768/768/768
f 766/766/766 772/772/772 773/773/773
f 772/772/772 771/771/771 774/774/774
f 772/772/772 775/775/775 773/773/773
f 775/775/775 772/772/772 774/774/774
f 776/776/776 778/778/778 777/777/777
f 778/778/778 776/776/776 779/779/779
f 779/779/779 780/780/780 778/778/778
f 780/780/780 779/779/779 781/781/781
f 781/781/781 782/782/782 780/780/780
f 782/782/782 781/781/781 783/783/783
f 784/784/784 782/782/782 783/783/783
f 782/782/782 784/784/784 785/785/785
f 784/784/784 786/786/786 785/785/785
f 786/786/786 784/784/784 787/787/787
f 788/788/788 786/786/786 787/787/787
f 786/786/786 788/788/788 789/789/789
f 790/790/790 789/789/789 788/788/788
f 789/789/789 790/790/790 791/791/791
f 790/790/790 792/792/792 791/791/791
f 792/792/792 790/790/790 793/793/793
f 793/793/793 794/794/794 792/792/792
f 794/794/794 793/793/793 795/795/795
f 795/795/795 796/796/796 794/794/794
f 794/794/794 796/796/796 797/797/797
f 796/796/796 798/798/798 797/797/797
f 798/798/798 799/799/799 797/797/797
f 798/798/798 800/800/800 799/799/799
f 800/800/800 801/801/801 799/799/799
f 800/800/800 802/802/802 801/801/801
f 803/803/803 801/801/801 802/802/802
f 802/802/802 804/804/804 803/803/803
f 805/805/805 803/803/803 804/804/804
f 804/804/804 806/806/806 805/805/805
f 807/807/807 805/805/805 806/806/806
f 808/808/808 807/807/807 806/806/806
f 809/809/809 807/807/807 808/808/808
f 810/810/810 809/809/809 808/808/808
f 809/809/809 810/810/810 811/811/811
f 812/812/812 811/811/811 810/810/810
f 811/811/811 812/812/812 813/813/813
f 814/814/814 813/813/813 812/812/812
f 813/813/813 814/814/814 815/815/815
f 816/816/816 815/815/815 814/814/814
f 815/815/815 816/816/816 817/817/817
f 818/818/818 820/820/820 819/819/819
f 819/819/819 820/820/820 821/821/821
f 820/820/820 822/822/822 821/821/821
f 823/823/823 819/819/819 821/821/821
f 819/819/819 823/823/823 824/824/824
f 821/821/821 825/825/825 823/823/823
f 821/821/821 822/822/822 826/826/826
f 825/825/825 821/821/821 826/826/826
f 822/822/822 827/827/827 826/826/826
f 826/826/826 828/828/828 825/825/825
f 826/826/826 827/827/827 829/829/829
f 828/828/828 826/826/826 829/829/829
f 827/827/827 830/830/830 829/829/829
f 829/829/829 831/831/831 828/828/828
f 829/829/829 830/830/830 832/832/832
f 831/831/831 829/829/829 832/832/832
f 830/830/830 833/833/833 832/832/832
f 832/832/832 834/834/834 831/831/831
f 832/832/832 833/833/833 835/835/835
f 834/834/834 832/832/832 835/835/835
f 833/833/833 836/836/836 835/835/835
f 835/835/835 836/836/836 834/834/834
f 836/836/836 833/833/833 837/837/837
f 834/834/834 836/836/836 838/838/838
f 837/837/837 839/839/839 836/836/836
f 836/836/836 839/839/839 838/838/838
f 839/839/839 837/837/837 840/840/840
f 838/838/838 839/839/839 841/841/841
f 840/840/840 842/842/842 839/839/839
f 839/839/839 842/842/842 841/841/841
f 842/842/842 840/840/840 843/843/843
f 841/841/841 842/842/842 844/844/844
f 843/843/843 845/845/845 842/842/842
f 842/842/842 845/845/845 844/844/844
f 845/845/845 843/843/843 846/846/846
f 846/846/846 847/847/847 845/845/845
f 844/844/844 845/845/845 848/848/848
f 845/845/845 847/847/847 848/848/848
f 847/847/847 846/846/846 849/849/849
f 848/848/848 847/847/847 850/850/850
f 849/849/849 851/851/851 847/847/847
f 847/847/847 852/852/852 850/850/850
f 847/847/847 851/851/851 853/853/853
f 852/852/852 847/847/847 853/853/853
f 851/851/851 854/854/854 853/853/853
f 853/853/853 855/855/855 852/852/852
f 853/853/853 854/854/854 856/856/856
f 855/855/855 853/853/853 856/856/856
f 854/854/854 857/857/857 856/856/856
f 856/856/856 858/858/858 855/855/855
f 856/856/856 857/857/857 859/859/859
f 858/858/858 856/856/856 859/859/859
f 857/857/857 860/860/860 859/859/859
f 859/859/859 861/861/861 858/858/858
f 859/859/859 860/860/860 862/862/862
f 861/861/861 859/859/859 862/862/862
f 860/860/860 863/863/863 862/862/862
f 862/862/862 864/864/864 861/861/861
f 862/862/862 863/863/863 865/865/865
f 864/864/864 862/862/862 865/865/865
f 863/863/863 866/866/866 865/865/865
f 865/865/865 866/866/866 864/864/864
f 866/866/866 863/863/863 867/867/867
f 864/864/864 866/866/866 868/868/868
f 867/867/867 869/869/869 866/866/866
f 866/866/866 869/869/869 868/868/868
f 869/869/869 867/867/867 870/870/870
f 868/868/868 869/869/869 871/871/871
f 870/870/870 872/872/872 869/869/869
f 869/869/869 872/872/872 871/871/871
f 872/872/872 870/870/870 873/873/873
f 871/871/871 872/872/872 874/874/874
f 873/873/873 875/875/875 872/872/872
f 872/872/872 875/875/875 874/874/874
f 875/875/875 873/873/873 876/876/876
f 874/874/874 875/875/875 877/877/877
f 876/876/876 878/878/878 875/875/875
f 875/875/875 878/878/878 877/877/877
f 878/878/878 876/876/876 879/879/879
f 877/877/877 878/878/878 880/880/880
f 881/881/881 883/883/883 882/882/882
f 883/883/883 881/881/881 884/884/884
f 884/884/884 885/885/885 883/883/883
f 885/885/885 884/884/884 886/886/886
f 886/886/886 887/887/887 885/885/885
f 887/887/887 886/886/886 888/888/888
f 889/889/889 887/887/887 888/888/888
f 890/890/890 887/887/887 889/889/889
f 891/891/891 890/890/890 889/889/889
f 892/892/892 890/890/890 891/891/891
f 893/893/893 892/892/892 891/891/891
f 894/894/894 892/892/892 893/893/893
f 893/893/893 895/895/895 894/894/894
f 895/895/895 893/893/893 896/896/896
f 896/896/896 897/897/897 895/895/895
f 898/898/898 895/895/895 897/897/897
f 897/897/897 899/899/899 898/898/898
f 899/899/899 900/900/900 898/898/898
f 899/899/899 901/901/901 900/900/900
f 901/901/901 899/899/899 902/902/902
f 902/902/902 903/903/903 901/901/901
f 901/901/901 903/903/903 904/904/904
f 903/903/903 905/905/905 904/904/904
f 904/904/904 905/905/905 906/906/906
f 907/907/907 906/906/906 905/905/905
f 906/906/906 907/907/907 908/908/908
f 909/909/909 908/908/908 907/907/907
f 908/908/908 909/909/909 910/910/910
f 909/909/909 911/911/911 910/910/910
f 911/911/911 909/909/909 912/912/912
f 912/912/912 913/913/913 911/911/911
f 913/913/913 912/912/912 914/914/914
f 914/914/914 915/915/915 913/913/913
f 915/915/915 914/914/914 916/916/916
f 916/916/916 917/917/917 915/915/915
f 917/917/917 916/916/916 918/918/918
f 918/918/918 919/919/919 917/917/917
f 919/919/919 918/918/918 920/920/920
f 921/921/921 919/919/919 920/920/920
f 922/922/922 919/919/919 921/921/921
f 923/923/923 925/925/925 924/924/924
f 925/925/925 923/923/923 926/926/926
f 926/926/926 927/927/927 925/925/925
f 928/928/928 925/925/925 927/927/927
f 927/927/927 929/929/929 928/928/928
f 929/929/929 927/927/927 930/930/930
f 930/930/930 931/931/931 929/929/929
f 931/931/931 930/930/930 932/932/932
f 932/932/932 933/933/933 931/931/931
f 933/933/933 932/932/932 934/934/934
f 934/934/934 935/935/935 933/933/933
f 935/935/935 934/934/934 936/936/936
f 936/936/936 937/937/937 935/935/935
f 937/937/937 936/936/936 938/938/938
f 938/938/938 939/939/939 937/937/937
f 939/939/939 938/938/938 940/940/940
f 940/940/940 941/941/941 939/939/939
f 941/941/941 940/940/940 942/942/942
f 943/943/943 941/941/941 942/942/942
f 941/941/941 943/943/943 944/944/944
f 943/943/943 945/945/945 944/944/944
f 945/945/945 943/943/943 946/946/946
f 947/947/947 945/945/945 946/946/946
f 945/945/945 947/947/947 948/948/948
f 947/947/947 949/949/949 948/948/948
f 949/949/949 947/947/947 950/950/950
f 950/950/950 951/951/951 949/949/949
f 951/951/951 950/950/950 952/952/952
f 952/952/952 953/953/953 951/951/951
f 954/954/954 951/951/951 953/953/953
f 953/953/953 955/955/955 954/954/954
f 956/956/956 954/954/954 955/955/955
f 956/956/956 955/955/955 957/957/957
f 958/958/958 956/956/956 957/957/957
f 958/958/958 957/957/957 959/959/959
f 960/960/960 958/958/958 959/959/959
f 961/961/961 960/960/960 959/959/959
f 962/962/962 960/960/960 961/961/961
f 961/961/961 963/963/963 962/962/962
f 963/963/963 961/961/961 964/964/964
f 964/964/964 965/965/965 963/963/963
f 965/965/965 964/964/964 966/966/966
f 967/967/967 965/965/965 966/966/966
f 965/965/965 967/967/967 968/968/968
f 969/969/969 971/971/971 970/970/970
f 971/971/971 969/969/969 972/972/972
f 973/973/973 972/972/972 969/969/969
f 972/972/972 973/973/973 974/974/974
f 972/972/972 975/975/975 971/971/971
f 976/976/976 972/972/972 974/974/974
f 975/975/975 972/972/972 977/977/977
f 977/977/977 972/972/972 976/976/976
f 977/977/977 978/978/978 975/975/975
f 979/979/979 977/977/977 976/976/976
f 978/978/978 977/977/977 980/980/980
f 980/980/980 977/977/977 979/979/979
f 980/980/980 981/981/981 978/978/978
f 982/982/982 980/980/980 979/979/979
f 981/981/981 980/980/980 983/983/983
f 983/983/983 980/980/980 982/982/982
f 983/983/983 984/984/984 981/981/981
f 985/985/985 983/983/983 982/982/982
f 984/984/984 983/983/983 986/986/986
f 986/986/986 983/983/983 985/985/985
f 986/986/986 987/987/987 984/984/984
f 988/988/988 986/986/986 985/985/985
f 987/987/987 986/986/986 989/989/989
f 989/989/989 986/986/986 988/988/988
f 989/989/989 990/990/990 987/987/987
f 988/988/988 990/990/990 989/989/989
f 987/987/987 990/990/990 991/991/991
f 990/990/990 988/988/988 992/992/992
f 990/990/990 993/993/993 991/991/991
f 992/992/992 993/993/993 990/990/990
f 991/991/991 993/993/993 994/994/994
f 993/993/993 992/992/992 995/995/995
f 993/993/993 996/996/996 994/994/994
f 995/995/995 996/996/996 993/993/993
f 994/994/994 996/996/996 997/997/997
f 996/996/996 995/995/995 998/998/998
f 996/996/996 999/999/999 997/997/997
f 998/998/998 999/999/999 996/996/996
f 997/997/997 999/999/999 1000/1000/1000
f 999/999/999 1001/1001/1001 1000/1000/1000
f 999/999/999 998/998/998 1002/1002/1002
f 1002/1002/1002 1001/1001/1001 999/999/999
f 1000/1000/1000 1001/1001/1001 1003/1003/1003
f 1001/1001/1001 1002/1002/1002 1004/1004/1004
f 1001/1001/1001 1005/1005/1005 1003/1003/1003
f 1004/1004/1004 1006/1006/1006 1001/1001/1001
f 1005/1005/1005 1001/1001/1001 1007/1007/1007
f 1001/1001/1001 1006/1006/1006 1007/1007/1007
f 1007/1007/1007 1008/1008/1008 1005/1005/1005
f 1006/1006/1006 1009/1009/1009 1007/1007/1007
f 1008/1008/1008 1007/1007/1007 1010/1010/1010
f 1007/1007/1007 1009/1009/1009 1010/1010/1010
f 1010/1010/1010 1011/1011/1011 1008/1008/1008
f 1009/1009/1009 1012/1012/1012 1010/1010/1010
f 1011/1011/1011 1010/1010/1010 1013/1013/1013
f 1010/1010/1010 1012/1012/1012 1013/1013/1013
f 1013/1013/1013 1014/1014/1014 1011/1011/1011
f 1012/1012/1012 1015/1015/1015 1013/1013/1013
f 1014/1014/1014 1013/1013/1013 1016/1016/1016
f 1013/1013/1013 1015/1015/1015 1016/1016/1016
f 1016/1016/1016 1017/1017/1017 1014/1014/1014
f 1015/1015/1015 1018/1018/1018 1016/1016/1016
f 1017/1017/1017 1016/1016/1016 1019/1019/1019
f 1016/1016/1016 1018/1018/1018 1019/1019/1019
f 1020/1020/1020 1017/1017/1017 1019/1019/1019
f 1018/1018/1018 1020/1020/1020 1019/1019/1019
f 1021/1021/1021 1017/1017/1017 1020/1020/1020
f 1020/1020/1020 1018/1018/1018 1022/1022/1022
f 1023/1023/1023 1021/1021/1021 1020/1020/1020
f 1022/1022/1022 1023/1023/1023 1020/1020/1020
f 1024/1024/1024 1021/1021/1021 1023/1023/1023
f 1023/1023/1023 1022/1022/1022 1025/1025/1025
f 1026/1026/1026 1024/1024/1024 1023/1023/1023
f 1025/1025/1025 1026/1026/1026 1023/1023/1023
f 1027/1027/1027 1024/1024/1024 1026/1026/1026
f 1026/1026/1026 1025/1025/1025 1028/1028/1028
f 1029/1029/1029 1027/1027/1027 1026/1026/1026
f 1028/1028/1028 1029/1029/1029 1026/1026/1026
f 1030/1030/1030 1027/1027/1027 1029/1029/1029
f 1029/1029/1029 1028/1028/1028 1031/1031/1031
f 1032/1032/1032 1030/1030/1030 1029/1029/1029
f 1031/1031/1031 1032/1032/1032 1029/1029/1029
f 1032/1032/1032 1031/1031/1031 1033/1033/1033
f 1034/1034/1034 1032/1032/1032 1033/1033/1033
f 1035/1035/1035 1030/1030/1030 1032/1032/1032
f 1036/1036/1036 1032/1032/1032 1034/1034/1034
f 1036/1036/1036 1035/1035/1035 1032/1032/1032
f 1037/1037/1037 1035/1035/1035 1036/1036/1036
f 1038/1038/1038 1040/1040/1040 1039/1039/1039
f 1040/1040/1040 1038/1038/1038 1041/1041/1041
f 1041/1041/1041 1042/1042/1042 1040/1040/1040
f 1042/1042/1042 1041/1041/1041 1043/1043/1043
f 1043/1043/1043 1044/1044/1044 1042/1042/1042
f 1044/1044/1044 1043/1043/1043 1045/1045/1045
f 1046/1046/1046 1044/1044/1044 1045/1045/1045
f 1047/1047/1047 1044/1044/1044 1046/1046/1046
f 1047/1047/1047 1046/1046/1046 1048/1048/1048
f 1049/1049/1049 1047/1047/1047 1048/1048/1048
f 1048/1048/1048 1050/1050/1050 1049/1049/1049
f 1050/1050/1050 1048/1048/1048 1051/1051/1051
f 1051/1051/1051 1052/1052/1052 1050/1050/1050
f 1053/1053/1053 1050/1050/1050 1052/1052/1052
f 1052/1052/1052 1054/1054/1054 1053/1053/1053
f 1055/1055/1055 1053/1053/1053 1054/1054/1054
f 1054/1054/1054 1056/1056/1056 1055/1055/1055
f 1055/1055/1055 1056/1056/1056 1057/1057/1057
f 1056/1056/1056 1058/1058/1058 1057/1057/1057
f 1058/1058/1058 1056/1056/1056 1059/1059/1059
f 1059/1059/1059 1060/1060/1060 1058/1058/1058
f 1058/1058/1058 1060/1060/1060 1061/1061/1061
f 1060/1060/1060 1062/1062/1062 1061/1061/1061
f 1062/1062/1062 1060/1060/1060 1063/1063/1063
f 1064/1064/1064 1062/1062/1062 1063/1063/1063
f 1062/1062/1062 1064/1064/1064 1065/1065/1065
f 1066/1066/1066 1065/1065/1065 1064/1064/1064
f 1065/1065/1065 1066/1066/1066 1067/1067/1067
f 1066/1066/1066 1068/1068/1068 1067/1067/1067
f 1068/1068/1068 1066/1066/1066 1069/1069/1069
f 1069/1069/1069 1070/1070/1070 1068/1068/1068
f 1070/1070/1070 1069/1069/1069 1071/1071/1071
f 1072/1072/1072 1070/1070/1070 1071/1071/1071
f 1073/1073/1073 1070/1070/1070 1072/1072/1072
f 1072/1072/1072 1074/1074/1074 1073/1073/1073
f 1074/1074/1074 1072/1072/1072 1075/1075/1075
f 1075/1075/1075 1076/1076/1076 1074/1074/1074
f 1076/1076/1076 1075/1075/1075 1077/1077/1077
f 1076/1076/1076 1077/1077/1077 1078/1078/1078
f 1079/1079/1079 1076/1076/1076 1078/1078/1078
f 1078/1078/1078 1080/1080/1080 1079/1079/1079
f 1081/1081/1081 1079/1079/1079 1080/1080/1080
f 1080/1080/1080 1082/1082/1082 1081/1081/1081
f 1083/1083/1083 1081/1081/1081 1082/1082/1082
f 1084/1084/1084 1086/1086/1086 1085/1085/1085
f 1086/1086/1086 1084/1084/1084 1087/1087/1087
f 1088/1088/1088 1087/1087/1087 1084/1084/1084
f 1089/1089/1089 1088/1088/1088 1084/1084/1084
f 1090/1090/1090 1088/1088/1088 1089/1089/1089
f 1091/1091/1091 1090/1090/1090 1089/1089/1089
f 1092/1092/1092 1090/1090/1090 1091/1091/1091
f 1090/1090/1090 1092/1092/1092 1093/1093/1093
f 1094/1094/1094 1093/1093/1093 1092/1092/1092
f 1095/1095/1095 1094/1094/1094 1092/1092/1092
f 1095/1095/1095 1096/1096/1096 1094/1094/1094
f 1096/1096/1096 1095/1095/1095 1097/1097/1097
f 1098/1098/1098 1096/1096/1096 1097/1097/1097
f 1096/1096/1096 1098/1098/1098 1099/1099/1099
f 1100/1100/1100 1099/1099/1099 1098/1098/1098
f 1099/1099/1099 1100/1100/1100 1101/1101/1101
f 1100/1100/1100 1102/1102/1102 1101/1101/1101
f 1102/1102/1102 1100/1100/1100 1103/1103/1103
f 1103/1103/1103 1104/1104/1104 1102/1102/1102
f 1104/1104/1104 1103/1103/1103 1105/1105/1105
f 1106/1106/1106 1104/1104/1104 1105/1105/1105
f 1104/1104/1104 1106/1106/1106 1107/1107/1107
f 1106/1106/1106 1108/1108/1108 1107/1107/1107
f 1108/1108/1108 1106/1106/1106 1109/1109/1109
f 1109/1109/1109 1110/1110/1110 1108/1108/1108
f 1110/1110/1110 1109/1109/1109 1111/1111/1111
f 1111/1111/1111 1112/1112/1112 1110/1110/1110
f 1112/1112/1112 1111/1111/1111 1113/1113/1113
f 1113/1113/1113 1114/1114/1114 1112/1112/1112
f 1114/1114/1114 1113/1113/1113 1115/1115/1115
f 1116/1116/1116 1114/1114/1114 1115/1115/1115
f 1114/1114/1114 1116/1116/1116 1117/1117/1117
f 1118/1118/1118 1117/1117/1117 1116/1116/1116
f 1119/1119/1119 1118/1118/1118 1116/1116/1116
f 1120/1120/1120 1118/1118/1118 1119/1119/1119
f 1118/1118/1118 1120/1120/1120 1121/1121/1121
f 1122/1122/1122 1121/1121/1121 1120/1120/1120
f 1121/1121/1121 1122/1122/1122 1123/1123/1123
f 1124/1124/1124 1123/1123/1123 1122/1122/1122
f 1125/1125/1125 1124/1124/1124 1122/1122/1122
f 1126/1126/1126 1128/1128/1128 1127/1127/1127
f 1128/1128/1128 1126/1126/1126 1129/1129/1129
f 1130/1130/1130 1129/1129/1129 1126/1126/1126
f 1129/1129/1129 1130/1130/1130 1131/1131/1131
f 1132/1132/1132 1131/1131/1131 1130/1130/1130
f 1131/1131/1131 1132/1132/1132 1133/1133/1133
f 1133/1133/1133 1132/1132/1132 1134/1134/1134
f 1132/1132/1132 1135/1135/1135 1134/1134/1134
f 1136/1136/1136 1134/1134/1134 1135/1135/1135
f 1134/1134/1134 1136/1136/1136 1137/1137/1137
f 1138/1138/1138 1137/1137/1137 1136/1136/1136
f 1137/1137/1137 1138/1138/1138 1139/1139/1139
f 1139/1139/1139 1138/1138/1138 1140/1140/1140
f 1138/1138/1138 1141/1141/1141 1140/1140/1140
f 1142/1142/1142 1140/1140/1140 1141/1141/1141
f 1140/1140/1140 1142/1142/1142 1143/1143/1143
f 1144/1144/1144 1143/1143/1143 1142/1142/1142
f 1143/1143/1143 1144/1144/1144 1145/1145/1145
f 1145/1145/1145 1144/1144/1144 1146/1146/1146
f 1144/1144/1144 1147/1147/1147 1146/1146/1146
f 1146/1146/1146 1147/1147/1147 1148/1148/1148
f 1147/1147/1147 1149/1149/1149 1148/1148/1148
f 1150/1150/1150 1148/1148/1148 1149/1149/1149
f 1148/1148/1148 1150/1150/1150 1151/1151/1151
f 1152/1152/1152 1151/1151/1151 1150/1150/1150
f 1151/1151/1151 1152/1152/1152 1153/1153/1153
f 1153/1153/1153 1152/1152/1152 1154/1154/1154
f 1152/1152/1152 1155/1155/1155 1154/1154/1154
f 1154/1154/1154 1155/1155/1155 1156/1156/1156
f 1155/1155/1155 1157/1157/1157 1156/1156/1156
f 1158/1158/1158 1156/1156/1156 1157/1157/1157
f 1156/1156/1156 1158/1158/1158 1159/1159/1159
f 1160/1160/1160 1159/1159/1159 1158/1158/1158
f 1159/1159/1159 1160/1160/1160 1161/1161/1161
f 1161/1161/1161 1160/1160/1160 1162/1162/1162
f 1160/1160/1160 1163/1163/1163 1162/1162/1162
f 1164/1164/1164 1162/1162/1162 1163/1163/1163
f 1162/1162/1162 1164/1164/1164 1165/1165/1165
f 1165/1165/1165 1164/1164/1164 1166/1166/1166
f 1164/1164/1164 1167/1167/1167 1166/1166/1166
f 1166/1166/1166 1167/1167/1167 1168/1168/1168
f 1167/1167/1167 1169/1169/1169 1168/1168/1168
f 1170/1170/1170 1168/1168/1168 1169/1169/1169
f 1168/1168/1168 1170/1170/1170 1171/1171/1171
f 1172/1172/1172 1174/1174/1174 1173/1173/1173
f 1174/1174/1174 1172/1172/1172 1175/1175/1175
f 1175/1175/1175 1176/1176/1176 1174/1174/1174
f 1177/1177/1177 1175/1175/1175 1172/1172/1172
f 1176/1176/1176 1175/1175/1175 1178/1178/1178
f 1178/1178/1178 1179/1179/1179 1176/1176/1176
f 1175/1175/1175 1177/1177/1177 1180/1180/1180
f 1180/1180/1180 1178/1178/1178 1175/1175/1175
f 1179/1179/1179 1178/1178/1178 1181/1181/1181
f 1181/1181/1181 1182/1182/1182 1179/1179/1179
f 1177/1177/1177 1183/1183/1183 1180/1180/1180
f 1184/1184/1184 1183/1183/1183 1177/1177/1177
f 1178/1178/1178 1180/1180/1180 1185/1185/1185
f 1185/1185/1185 1181/1181/1181 1178/1178/1178
f 1182/1182/1182 1181/1181/1181 1186/1186/1186
f 1186/1186/1186 1187/1187/1187 1182/1182/1182
f 1183/1183/1183 1184/1184/1184 1188/1188/1188
f 1189/1189/1189 1188/1188/1188 1184/1184/1184
f 1188/1188/1188 1190/1190/1190 1183/1183/1183
f 1183/1183/1183 1191/1191/1191 1180/1180/1180
f 1191/1191/1191 1183/1183/1183 1190/1190/1190
f 1180/1180/1180 1191/1191/1191 1185/1185/1185
f 1190/1190/1190 1192/1192/1192 1191/1191/1191
f 1192/1192/1192 1193/1193/1193 1191/1191/1191
f 1191/1191/1191 1193/1193/1193 1185/1185/1185
f 1192/1192/1192 1194/1194/1194 1193/1193/1193
f 1181/1181/1181 1185/1185/1185 1195/1195/1195
f 1185/1185/1185 1193/1193/1193 1195/1195/1195
f 1195/1195/1195 1186/1186/1186 1181/1181/1181
f 1193/1193/1193 1194/1194/1194 1196/1196/1196
f 1193/1193/1193 1196/1196/1196 1195/1195/1195
f 1194/1194/1194 1197/1197/1197 1196/1196/1196
f 1186/1186/1186 1195/1195/1195 1198/1198/1198
f 1195/1195/1195 1196/1196/1196 1198/1198/1198
f 1196/1196/1196 1197/1197/1197 1199/1199/1199
f 1196/1196/1196 1199/1199/1199 1198/1198/1198
f 1198/1198/1198 1200/1200/1200 1186/1186/1186
f 1187/1187/1187 1186/1186/1186 1200/1200/1200
f 1197/1197/1197 1201/1201/1201 1199/1199/1199
f 1201/1201/1201 1197/1197/1197 1202/1202/1202
f 1198/1198/1198 1199/1199/1199 1203/1203/1203
f 1200/1200/1200 1198/1198/1198 1203/1203/1203
f 1199/1199/1199 1204/1204/1204 1203/1203/1203
f 1204/1204/1204 1200/1200/1200 1203/1203/1203
f 1204/1204/1204 1199/1199/1199 1201/1201/1201
f 1200/1200/1200 1205/1205/1205 1187/1187/1187
f 1205/1205/1205 1200/1200/1200 1204/1204/1204
f 1206/1206/1206 1187/1187/1187 1205/1205/1205
f 1202/1202/1202 1207/1207/1207 1201/1201/1201
f 1207/1207/1207 1202/1202/1202 1208/1208/1208
f 1209/1209/1209 1207/1207/1207 1208/1208/1208
f 1201/1201/1201 1210/1210/1210 1204/1204/1204
f 1210/1210/1210 1205/1205/1205 1204/1204/1204
f 1210/1210/1210 1201/1201/1201 1207/1207/1207
f 1205/1205/1205 1211/1211/1211 1206/1206/1206
f 1211/1211/1211 1205/1205/1205 1210/1210/1210
f 1212/1212/1212 1206/1206/1206 1211/1211/1211
f 1211/1211/1211 1213/1213/1213 1212/1212/1212
f 1207/1207/1207 1214/1214/1214 1210/1210/1210
f 1214/1214/1214 1211/1211/1211 1210/1210/1210
f 1207/1207/1207 1209/1209/1209 1215/1215/1215
f 1214/1214/1214 1207/1207/1207 1215/1215/1215
f 1213/1213/1213 1211/1211/1211 1216/1216/1216
f 1216/1216/1216 1211/1211/1211 1214/1214/1214
f 1209/1209/1209 1217/1217/1217 1215/1215/1215
f 1217/1217/1217 1209/1209/1209 1218/1218/1218
f 1215/1215/1215 1219/1219/1219 1214/1214/1214
f 1219/1219/1219 1216/1216/1216 1214/1214/1214
f 1219/1219/1219 1215/1215/1215 1217/1217/1217
f 1217/1217/1217 1220/1220/1220 1219/1219/1219
f 1216/1216/1216 1221/1221/1221 1213/1213/1213
f 1221/1221/1221 1216/1216/1216 1219/1219/1219
f 1220/1220/1220 1221/1221/1221 1219/1219/1219
f 1222/1222/1222 1213/1213/1213 1221/1221/1221
f 1218/1218/1218 1223/1223/1223 1217/1217/1217
f 1220/1220/1220 1217/1217/1217 1223/1223/1223
f 1223/1223/1223 1218/1218/1218 1224/1224/1224
f 1225/1225/1225 1223/1223/1223 1224/1224/1224
f 1226/1226/1226 1222/1222/1222 1221/1221/1221
f 1226/1226/1226 1221/1221/1221 1220/1220/1220
f 1222/1222/1222 1226/1226/1226 1227/1227/1227
f 1226/1226/1226 1228/1228/1228 1227/1227/1227
f 1229/1229/1229 1223/1223/1223 1225/1225/1225
f 1229/1229/1229 1220/1220/1220 1223/1223/1223
f 1230/1230/1230 1229/1229/1229 1225/1225/1225
f 1228/1228/1228 1226/1226/1226 1231/1231/1231
f 1220/1220/1220 1231/1231/1231 1226/1226/1226
f 1231/1231/1231 1232/1232/1232 1228/1228/1228
f 1233/1233/1233 1229/1229/1229 1230/1230/1230
f 1230/1230/1230 1234/1234/1234 1233/1233/1233
f 1235/1235/1235 1220/1220/1220 1229/1229/1229
f 1231/1231/1231 1220/1220/1220 1235/1235/1235
f 1233/1233/1233 1235/1235/1235 1229/1229/1229
f 1232/1232/1232 1231/1231/1231 1236/1236/1236
f 1235/1235/1235 1236/1236/1236 1231/1231/1231
f 1236/1236/1236 1237/1237/1237 1232/1232/1232
f 1238/1238/1238 1233/1233/1233 1234/1234/1234
f 1234/1234/1234 1239/1239/1239 1238/1238/1238
f 1240/1240/1240 1235/1235/1235 1233/1233/1233
f 1236/1236/1236 1235/1235/1235 1240/1240/1240
f 1238/1238/1238 1240/1240/1240 1233/1233/1233
f 1237/1237/1237 1236/1236/1236 1241/1241/1241
f 1240/1240/1240 1241/1241/1241 1236/1236/1236
f 1241/1241/1241 1242/1242/1242 1237/1237/1237
f 1243/1243/1243 1238/1238/1238 1239/1239/1239
f 1239/1239/1239 1244/1244/1244 1243/1243/1243
f 1245/1245/1245 1240/1240/1240 1238/1238/1238
f 1241/1241/1241 1240/1240/1240 1245/1245/1245
f 1243/1243/1243 1245/1245/1245 1238/1238/1238
f 1242/1242/1242 1241/1241/1241 1246/1246/1246
f 1245/1245/1245 1246/1246/1246 1241/1241/1241
f 1246/1246/1246 1247/1247/1247 1242/1242/1242
f 1248/1248/1248 1243/1243/1243 1244/1244/1244
f 1244/1244/1244 1249/1249/1249 1248/1248/1248
f 1250/1250/1250 1245/1245/1245 1243/1243/1243
f 1246/1246/1246 1245/1245/1245 1250/1250/1250
f 1248/1248/1248 1250/1250/1250 1243/1243/1243
f 1247/1247/1247 1246/1246/1246 1251/1251/1251
f 1250/1250/1250 1251/1251/1251 1246/1246/1246
f 1251/1251/1251 1252/1252/1252 1247/1247/1247
f 1253/1253/1253 1248/1248/1248 1249/1249/1249
f 1249/1249/1249 1254/1254/1254 1253/1253/1253
f 1255/1255/1255 1250/1250/1250 1248/1248/1248
f 1251/1251/1251 1250/1250/1250 1255/1255/1255
f 1248/1248/1248 1256/1256/1256 1255/1255/1255
f 1255/1255/1255 1256/1256/1256 1251/1251/1251
f 1256/1256/1256 1248/1248/1248 1253/1253/1253
f 1252/1252/1252 1251/1251/1251 1257/1257/1257
f 1251/1251/1251 1256/1256/1256 1257/1257/1257
f 1257/1257/1257 1258/1258/1258 1252/1252/1252
f 1253/1253/1253 1259/1259/1259 1256/1256/1256
f 1256/1256/1256 1259/1259/1259 1257/1257/1257
f 1254/1254/1254 1260/1260/1260 1253/1253/1253
f 1259/1259/1259 1253/1253/1253 1260/1260/1260
f 1258/1258/1258 1257/1257/1257 1261/1261/1261
f 1257/1257/1257 1259/1259/1259 1261/1261/1261
f 1254/1254/1254 1262/1262/1262 1260/1260/1260
f 1262/1262/1262 1254/1254/1254 1263/1263/1263
f 1260/1260/1260 1264/1264/1264 1259/1259/1259
f 1259/1259/1259 1264/1264/1264 1261/1261/1261
f 1264/1264/1264 1260/1260/1260 1262/1262/1262
f 1261/1261/1261 1265/1265/1265 1258/1258/1258
f 1261/1261/1261 1264/1264/1264 1265/1265/1265
f 1265/1265/1265 1266/1266/1266 1258/1258/1258
f 1263/1263/1263 1267/1267/1267 1262/1262/1262
f 1267/1267/1267 1263/1263/1263 1268/1268/1268
f 1268/1268/1268 1269/1269/1269 1267/1267/1267
f 1262/1262/1262 1270/1270/1270 1264/1264/1264
f 1264/1264/1264 1270/1270/1270 1265/1265/1265
f 1270/1270/1270 1262/1262/1262 1267/1267/1267
f 1267/1267/1267 1271/1271/1271 1270/1270/1270
f 1265/1265/1265 1272/1272/1272 1266/1266/1266
f 1265/1265/1265 1270/1270/1270 1272/1272/1272
f 1270/1270/1270 1271/1271/1271 1272/1272/1272
f 1273/1273/1273 1266/1266/1266 1272/1272/1272
f 1272/1272/1272 1274/1274/1274 1273/1273/1273
f 1267/1267/1267 1269/1269/1269 1275/1275/1275
f 1271/1271/1271 1267/1267/1267 1275/1275/1275
f 1276/1276/1276 1275/1275/1275 1269/1269/1269
f 1275/1275/1275 1276/1276/1276 1277/1277/1277
f 1275/1275/1275 1277/1277/1277 1271/1271/1271
f 1271/1271/1271 1277/1277/1277 1278/1278/1278
f 1279/1279/1279 1271/1271/1271 1278/1278/1278
f 1272/1272/1272 1271/1271/1271 1280/1280/1280
f 1274/1274/1274 1272/1272/1272 1280/1280/1280
f 1271/1271/1271 1279/1279/1279 1280/1280/1280
f 1280/1280/1280 1281/1281/1281 1274/1274/1274
f 1281/1281/1281 1280/1280/1280 1279/1279/1279
f 1282/1282/1282 1284/1284/1284 1283/1283/1283
f 1284/1284/1284 1282/1282/1282 1285/1285/1285
f 1286/1286/1286 1285/1285/1285 1282/1282/1282
f 1285/1285/1285 1287/1287/1287 1284/1284/1284
f 1285/1285/1285 1286/1286/1286 1288/1288/1288
f 1287/1287/1287 1285/1285/1285 1289/1289/1289
f 1288/1288/1288 1289/1289/1289 1285/1285/1285
f 1289/1289/1289 1290/1290/1290 1287/1287/1287
f 1289/1289/1289 1288/1288/1288 1291/1291/1291
f 1290/1290/1290 1289/1289/1289 1292/1292/1292
f 1291/1291/1291 1292/1292/1292 1289/1289/1289
f 1292/1292/1292 1291/1291/1291 1293/1293/1293
f 1292/1292/1292 1294/1294/1294 1290/1290/1290
f 1293/1293/1293 1295/1295/1295 1292/1292/1292
f 1294/1294/1294 1292/1292/1292 1296/1296/1296
f 1295/1295/1295 1296/1296/1296 1292/1292/1292
f 1296/1296/1296 1297/1297/1297 1294/1294/1294
f 1295/1295/1295 1298/1298/1298 1296/1296/1296
f 1297/1297/1297 1296/1296/1296 1299/1299/1299
f 1299/1299/1299 1296/1296/1296 1298/1298/1298
f 1300/1300/1300 1297/1297/1297 1299/1299/1299
f 1298/1298/1298 1300/1300/1300 1299/1299/1299
f 1301/1301/1301 1297/1297/1297 1300/1300/1300
f 1300/1300/1300 1298/1298/1298 1302/1302/1302
f 1303/1303/1303 1301/1301/1301 1300/1300/1300
f 1302/1302/1302 1303/1303/1303 1300/1300/1300
f 1304/1304/1304 1301/1301/1301 1303/1303/1303
f 1303/1303/1303 1302/1302/1302 1305/1305/1305
f 1306/1306/1306 1304/1304/1304 1303/1303/1303
f 1305/1305/1305 1306/1306/1306 1303/1303/1303
f 1307/1307/1307 1304/1304/1304 1306/1306/1306
f 1306/1306/1306 1305/1305/1305 1308/1308/1308
f 1309/1309/1309 1307/1307/1307 1306/1306/1306
f 1308/1308/1308 1309/1309/1309 1306/1306/1306
f 1310/1310/1310 1307/1307/1307 1309/1309/1309
f 1309/1309/1309 1308/1308/1308 1311/1311/1311
f 1312/1312/1312 1310/1310/1310 1309/1309/1309
f 1311/1311/1311 1312/1312/1312 1309/1309/1309
f 1313/1313/1313 1310/1310/1310 1312/1312/1312
f 1312/1312/1312 1311/1311/1311 1314/1314/1314
f 1312/1312/1312 1315/1315/1315 1313/1313/1313
f 1314/1314/1314 1316/1316/1316 1312/1312/1312
f 1315/1315/1315 1312/1312/1312 1316/1316/1316
f 1316/1316/1316 1314/1314/1314 1317/1317/1317
f 1316/1316/1316 1318/1318/1318 1315/1315/1315
f 1319/1319/1319 1316/1316/1316 1317/1317/1317
f 1318/1318/1318 1316/1316/1316 1320/1320/1320
f 1316/1316/1316 1319/1319/1319 1320/1320/1320
f 1320/1320/1320 1321/1321/1321 1318/1318/1318
f 1322/1322/1322 1320/1320/1320 1319/1319/1319
f 1321/1321/1321 1320/1320/1320 1323/1323/1323
f 1320/1320/1320 1322/1322/1322 1323/1323/1323
f 1323/1323/1323 1324/1324/1324 1321/1321/1321
f 1322/1322/1322 1325/1325/1325 1323/1323/1323
f 1324/1324/1324 1323/1323/1323 1325/1325/1325
f 1325/1325/1325 1322/1322/1322 1326/1326/1326
f 1325/1325/1325 1327/1327/1327 1324/1324/1324
f 1326/1326/1326 1328/1328/1328 1325/1325/1325
f 1327/1327/1327 1325/1325/1325 1328/1328/1328
f 1328/1328/1328 1326/1326/1326 1329/1329/1329
f 1329/1329/1329 1330/1330/1330 1328/1328/1328
f 1331/1331/1331 1327/1327/1327 1328/1328/1328
f 1328/1328/1328 1330/1330/1330 1331/1331/1331
f 1332/1332/1332 1327/1327/1327 1331/1331/1331
f 1330/1330/1330 1333/1333/1333 1331/1331/1331
f 1333/1333/1333 1332/1332/1332 1331/1331/1331
f 1333/1333/1333 1330/1330/1330 1334/1334/1334
f 1335/1335/1335 1332/1332/1332 1333/1333/1333
f 1334/1334/1334 1336/1336/1336 1333/1333/1333
f 1337/1337/1337 1335/1335/1335 1333/1333/1333
f 1336/1336/1336 1337/1337/1337 1333/1333/1333
f 1338/1338/1338 1335/1335/1335 1337/1337/1337
f 1336/1336/1336 1339/1339/1339 1337/1337/1337
f 1340/1340/1340 1338/1338/1338 1337/1337/1337
f 1340/1340/1340 1337/1337/1337 1339/1339/1339
f 1341/1341/1341 1338/1338/1338 1340/1340/1340
f 1339/1339/1339 1342/1342/1342 1340/1340/1340
f 1343/1343/1343 1341/1341/1341 1340/1340/1340
f 1343/1343/1343 1340/1340/1340 1342/1342/1342
f 1344/1344/1344 1341/1341/1341 1343/1343/1343
f 1342/1342/1342 1345/1345/1345 1343/1343/1343
f 1343/1343/1343 1346/1346/1346 1344/1344/1344
f 1347/1347/1347 1343/1343/1343 1345/1345/1345
f 1346/1346/1346 1343/1343/1343 1347/1347/1347
f 1348/1348/1348 1350/1350/1350 1349/1349/1349
f 1351/1351/1351 1350/1350/1350 1348/1348/1348
f 1350/1350/1350 1351/1351/1351 1352/1352/1352
f 1353/1353/1353 1351/1351/1351 1348/1348/1348
f 1354/1354/1354 1352/1352/1352 1351/1351/1351
f 1355/1355/1355 1351/1351/1351 1353/1353/1353
f 1351/1351/1351 1355/1355/1355 1354/1354/1354
f 1356/1356/1356 1355/1355/1355 1353/1353/1353
f 1357/1357/1357 1354/1354/1354 1355/1355/1355
f 1358/1358/1358 1355/1355/1355 1356/1356/1356
f 1355/1355/1355 1358/1358/1358 1357/1357/1357
f 1358/1358/1358 1359/1359/1359 1357/1357/1357
f 1360/1360/1360 1358/1358/1358 1356/1356/1356
f 1358/1358/1358 1361/1361/1361 1359/1359/1359
f 1362/1362/1362 1358/1358/1358 1360/1360/1360
f 1361/1361/1361 1358/1358/1358 1362/1362/1362
f 1363/1363/1363 1362/1362/1362 1360/1360/1360
f 1362/1362/1362 1364/1364/1364 1361/1361/1361
f 1365/1365/1365 1362/1362/1362 1363/1363/1363
f 1364/1364/1364 1362/1362/1362 1365/1365/1365
f 1363/1363/1363 1366/1366/1366 1365/1365/1365
f 1365/1365/1365 1366/1366/1366 1364/1364/1364
f 1366/1366/1366 1363/1363/1363 1367/1367/1367
f 1364/1364/1364 1366/1366/1366 1368/1368/1368
f 1367/1367/1367 1369/1369/1369 1366/1366/1366
f 1369/1369/1369 1368/1368/1368 1366/1366/1366
f 1369/1369/1369 1367/1367/1367 1370/1370/1370
f 1368/1368/1368 1369/1369/1369 1371/1371/1371
f 1370/1370/1370 1372/1372/1372 1369/1369/1369
f 1372/1372/1372 1371/1371/1371 1369/1369/1369
f 1372/1372/1372 1370/1370/1370 1373/1373/1373
f 1371/1371/1371 1372/1372/1372 1374/1374/1374
f 1373/1373/1373 1375/1375/1375 1372/1372/1372
f 1375/1375/1375 1374/1374/1374 1372/1372/1372
f 1375/1375/1375 1373/1373/1373 1376/1376/1376
f 1374/1374/1374 1375/1375/1375 1377/1377/1377
f 1376/1376/1376 1378/1378/1378 1375/1375/1375
f 1378/1378/1378 1377/1377/1377 1375/1375/1375
f 1378/1378/1378 1376/1376/1376 1379/1379/1379
f 1380/1380/1380 1377/1377/1377 1378/1378/1378
f 1381/1381/1381 1378/1378/1378 1379/1379/1379
f 1382/1382/1382 1380/1380/1380 1378/1378/1378
f 1382/1382/1382 1378/1378/1378 1381/1381/1381
f 1383/1383/1383 1380/1380/1380 1382/1382/1382
f 1384/1384/1384 1382/1382/1382 1381/1381/1381
f 1382/1382/1382 1385/1385/1385 1383/1383/1383
f 1386/1386/1386 1382/1382/1382 1384/1384/1384
f 1385/1385/1385 1382/1382/1382 1386/1386/1386
f 1387/1387/1387 1386/1386/1386 1384/1384/1384
f 1386/1386/1386 1388/1388/1388 1385/1385/1385
f 1389/1389/1389 1386/1386/1386 1387/1387/1387
f 1388/1388/1388 1386/1386/1386 1389/1389/1389
f 1390/1390/1390 1389/1389/1389 1387/1387/1387
f 1389/1389/1389 1391/1391/1391 1388/1388/1388
f 1391/1391/1391 1389/1389/1389 1390/1390/1390
f 1392/1392/1392 1388/1388/1388 1391/1391/1391
f 1393/1393/1393 1391/1391/1391 1390/1390/1390
f 1391/1391/1391 1394/1394/1394 1392/1392/1392
f 1394/1394/1394 1391/1391/1391 1393/1393/1393
f 1395/1395/1395 1392/1392/1392 1394/1394/1394
f 1394/1394/1394 1396/1396/1396 1395/1395/1395
f 1393/1393/1393 1397/1397/1397 1394/1394/1394
f 1396/1396/1396 1394/1394/1394 1397/1397/1397
f 1397/1397/1397 1393/1393/1393 1398/1398/1398
f 1397/1397/1397 1399/1399/1399 1396/1396/1396
f 1398/1398/1398 1399/1399/1399 1397/1397/1397
f 1399/1399/1399 1400/1400/1400 1396/1396/1396
f 1399/1399/1399 1398/1398/1398 1401/1401/1401
f 1399/1399/1399 1402/1402/1402 1400/1400/1400
f 1401/1401/1401 1403/1403/1403 1399/1399/1399
f 1402/1402/1402 1399/1399/1399 1403/1403/1403
f 1403/1403/1403 1401/1401/1401 1404/1404/1404
f 1403/1403/1403 1405/1405/1405 1402/1402/1402
f 1404/1404/1404 1406/1406/1406 1403/1403/1403
f 1405/1405/1405 1403/1403/1403 1406/1406/1406
f 1406/1406/1406 1404/1404/1404 1407/1407/1407
f 1406/1406/1406 1408/1408/1408 1405/1405/1405
f 1407/1407/1407 1409/1409/1409 1406/1406/1406
f 1408/1408/1408 1406/1406/1406 1409/1409/1409
f 1409/1409/1409 1407/1407/1407 1410/1410/1410
f 1409/1409/1409 1411/1411/1411 1408/1408/1408
f 1412/1412/1412 1409/1409/1409 1410/1410/1410
f 1411/1411/1411 1409/1409/1409 1413/1413/1413
f 1413/1413/1413 1409/1409/1409 1412/1412/1412
f 1414/1414/1414 1416/1416/1416 1415/1415/1415
f 1416/1416/1416 1414/1414/1414 1417/1417/1417
f 1418/1418/1418 1416/1416/1416 1417/1417/1417
f 1416/1416/1416 1418/1418/1418 1419/1419/1419
f 1420/1420/1420 1417/1417/1417 1414/1414/1414
f 1418/1418/1418 1421/1421/1421 1419/1419/1419
f 1417/1417/1417 1420/1420/1420 1422/1422/1422
f 1422/1422/1422 1418/1418/1418 1417/1417/1417
f 1423/1423/1423 1422/1422/1422 1420/1420/1420
f 1422/1422/1422 1423/1423/1423 1424/1424/1424
f 1425/1425/1425 1418/1418/1418 1422/1422/1422
f 1424/1424/1424 1425/1425/1425 1422/1422/1422
f 1423/1423/1423 1426/1426/1426 1424/1424/1424
f 1426/1426/1426 1423/1423/1423 1427/1427/1427
f 1428/1428/1428 1425/1425/1425 1424/1424/1424
f 1426/1426/1426 1428/1428/1428 1424/1424/1424
f 1427/1427/1427 1429/1429/1429 1426/1426/1426
f 1429/1429/1429 1427/1427/1427 1430/1430/1430
f 1431/1431/1431 1428/1428/1428 1426/1426/1426
f 1429/1429/1429 1431/1431/1431 1426/1426/1426
f 1430/1430/1430 1432/1432/1432 1429/1429/1429
f 1432/1432/1432 1430/1430/1430 1433/1433/1433
f 1434/1434/1434 1431/1431/1431 1429/1429/1429
f 1432/1432/1432 1434/1434/1434 1429/1429/1429
f 1433/1433/1433 1435/1435/1435 1432/1432/1432
f 1435/1435/1435 1433/1433/1433 1436/1436/1436
f 1436/1436/1436 1437/1437/1437 1435/1435/1435
f 1437/1437/1437 1436/1436/1436 1438/1438/1438
f 1438/1438/1438 1439/1439/1439 1437/1437/1437
f 1439/1439/1439 1438/1438/1438 1440/1440/1440
f 1440/1440/1440 1441/1441/1441 1439/1439/1439
f 1441/1441/1441 1440/1440/1440 1442/1442/1442
f 1441/1441/1441 1442/1442/1442 1443/1443/1443
f 1444/1444/1444 1441/1441/1441 1443/1443/1443
f 1445/1445/1445 1441/1441/1441 1444/1444/1444
f 1446/1446/1446 1444/1444/1444 1443/1443/1443
f 1447/1447/1447 1444/1444/1444 1446/1446/1446
f 1447/1447/1447 1445/1445/1445 1444/1444/1444
f 1448/1448/1448 1447/1447/1447 1446/1446/1446
f 1449/1449/1449 1439/1439/1439 1441/1441/1441
f 1441/1441/1441 1445/1445/1445 1449/1449/1449
f 1450/1450/1450 1437/1437/1437 1439/1439/1439
f 1439/1439/1439 1449/1449/1449 1450/1450/1450
f 1451/1451/1451 1435/1435/1435 1437/1437/1437
f 1437/1437/1437 1450/1450/1450 1451/1451/1451
f 1452/1452/1452 1447/1447/1447 1448/1448/1448
f 1453/1453/1453 1452/1452/1452 1448/1448/1448
f 1454/1454/1454 1445/1445/1445 1447/1447/1447
f 1452/1452/1452 1454/1454/1454 1447/1447/1447
f 1455/1455/1455 1452/1452/1452 1453/1453/1453
f 1456/1456/1456 1455/1455/1455 1453/1453/1453
f 1435/1435/1435 1451/1451/1451 1457/1457/1457
f 1457/1457/1457 1432/1432/1432 1435/1435/1435
f 1458/1458/1458 1454/1454/1454 1452/1452/1452
f 1455/1455/1455 1458/1458/1458 1452/1452/1452
f 1455/1455/1455 1456/1456/1456 1459/1459/1459
f 1460/1460/1460 1459/1459/1459 1456/1456/1456
f 1432/1432/1432 1457/1457/1457 1461/1461/1461
f 1461/1461/1461 1434/1434/1434 1432/1432/1432
f 1457/1457/1457 1462/1462/1462 1461/1461/1461
f 1462/1462/1462 1434/1434/1434 1461/1461/1461
f 1451/1451/1451 1463/1463/1463 1457/1457/1457
f 1463/1463/1463 1462/1462/1462 1457/1457/1457
f 1464/1464/1464 1458/1458/1458 1455/1455/1455
f 1459/1459/1459 1464/1464/1464 1455/1455/1455
f 1459/1459/1459 1460/1460/1460 1465/1465/1465
f 1466/1466/1466 1465/1465/1465 1460/1460/1460
f 1434/1434/1434 1462/1462/1462 1467/1467/1467
f 1467/1467/1467 1431/1431/1431 1434/1434/1434
f 1468/1468/1468 1463/1463/1463 1451/1451/1451
f 1450/1450/1450 1468/1468/1468 1451/1451/1451
f 1469/1469/1469 1464/1464/1464 1459/1459/1459
f 1465/1465/1465 1469/1469/1469 1459/1459/1459
f 1465/1465/1465 1466/1466/1466 1470/1470/1470
f 1471/1471/1471 1470/1470/1470 1466/1466/1466
f 1431/1431/1431 1467/1467/1467 1472/1472/1472
f 1472/1472/1472 1428/1428/1428 1431/1431/1431
f 1473/1473/1473 1468/1468/1468 1450/1450/1450
f 1449/1449/1449 1473/1473/1473 1450/1450/1450
f 1470/1470/1470 1471/1471/1471 1474/1474/1474
f 1475/1475/1475 1474/1474/1474 1471/1471/1471
f 1428/1428/1428 1472/1472/1472 1476/1476/1476
f 1476/1476/1476 1425/1425/1425 1428/1428/1428
f 1425/1425/1425 1476/1476/1476 1477/1477/1477
f 1477/1477/1477 1418/1418/1418 1425/1425/1425
f 1476/1476/1476 1472/1472/1472 1478/1478/1478
f 1478/1478/1478 1477/1477/1477 1476/1476/1476
f 1478/1478/1478 1472/1472/1472 1479/1479/1479
f 1472/1472/1472 1467/1467/1467 1479/1479/1479
f 1479/1479/1479 1467/1467/1467 1480/1480/1480
f 1462/1462/1462 1480/1480/1480 1467/1467/1467
f 1480/1480/1480 1462/1462/1462 1481/1481/1481
f 1463/1463/1463 1481/1481/1481 1462/1462/1462
f 1481/1481/1481 1463/1463/1463 1482/1482/1482
f 1468/1468/1468 1482/1482/1482 1463/1463/1463
f 1482/1482/1482 1468/1468/1468 1483/1483/1483
f 1473/1473/1473 1483/1483/1483 1468/1468/1468
f 1477/1477/1477 1478/1478/1478 1484/1484/1484
f 1485/1485/1485 1483/1483/1483 1473/1473/1473
f 1484/1484/1484 1486/1486/1486 1477/1477/1477
f 1418/1418/1418 1477/1477/1477 1486/1486/1486
f 1486/1486/1486 1484/1484/1484 1487/1487/1487
f 1486/1486/1486 1421/1421/1421 1418/1418/1418
f 1487/1487/1487 1421/1421/1421 1486/1486/1486
f 1421/1421/1421 1487/1487/1487 1488/1488/1488
f 1489/1489/1489 1485/1485/1485 1473/1473/1473
f 1490/1490/1490 1485/1485/1485 1489/1489/1489
f 1489/1489/1489 1473/1473/1473 1449/1449/1449
f 1489/1489/1489 1491/1491/1491 1490/1490/1490
f 1445/1445/1445 1489/1489/1489 1449/1449/1449
f 1491/1491/1491 1489/1489/1489 1492/1492/1492
f 1492/1492/1492 1489/1489/1489 1445/1445/1445
f 1492/1492/1492 1493/1493/1493 1491/1491/1491
f 1445/1445/1445 1494/1494/1494 1492/1492/1492
f 1493/1493/1493 1492/1492/1492 1494/1494/1494
f 1494/1494/1494 1445/1445/1445 1454/1454/1454
f 1494/1494/1494 1495/1495/1495 1493/1493/1493
f 1454/1454/1454 1495/1495/1495 1494/1494/1494
f 1496/1496/1496 1493/1493/1493 1495/1495/1495
f 1495/1495/1495 1454/1454/1454 1458/1458/1458
f 1495/1495/1495 1497/1497/1497 1496/1496/1496
f 1458/1458/1458 1498/1498/1498 1495/1495/1495
f 1497/1497/1497 1495/1495/1495 1498/1498/1498
f 1498/1498/1498 1458/1458/1458 1464/1464/1464
f 1498/1498/1498 1499/1499/1499 1497/1497/1497
f 1464/1464/1464 1500/1500/1500 1498/1498/1498
f 1499/1499/1499 1498/1498/1498 1500/1500/1500
f 1500/1500/1500 1501/1501/1501 1499/1499/1499
f 1500/1500/1500 1464/1464/1464 1469/1469/1469
f 1501/1501/1501 1500/1500/1500 1502/1502/1502
f 1469/1469/1469 1502/1502/1502 1500/1500/1500
f 1502/1502/1502 1503/1503/1503 1501/1501/1501
f 1502/1502/1502 1469/1469/1469 1504/1504/1504
f 1504/1504/1504 1469/1469/1469 1465/1465/1465
f 1465/1465/1465 1505/1505/1505 1504/1504/1504
f 1505/1505/1505 1502/1502/1502 1504/1504/1504
f 1505/1505/1505 1465/1465/1465 1470/1470/1470
f 1503/1503/1503 1502/1502/1502 1506/1506/1506
f 1506/1506/1506 1502/1502/1502 1505/1505/1505
f 1506/1506/1506 1507/1507/1507 1503/1503/1503
f 1470/1470/1470 1508/1508/1508 1505/1505/1505
f 1508/1508/1508 1506/1506/1506 1505/1505/1505
f 1508/1508/1508 1470/1470/1470 1474/1474/1474
f 1507/1507/1507 1506/1506/1506 1509/1509/1509
f 1509/1509/1509 1506/1506/1506 1508/1508/1508
f 1509/1509/1509 1510/1510/1510 1507/1507/1507
f 1474/1474/1474 1511/1511/1511 1508/1508/1508
f 1511/1511/1511 1509/1509/1509 1508/1508/1508
f 1510/1510/1510 1509/1509/1509 1512/1512/1512
f 1512/1512/1512 1509/1509/1509 1511/1511/1511
f 1512/1512/1512 1513/1513/1513 1510/1510/1510
f 1511/1511/1511 1474/1474/1474 1514/1514/1514
f 1474/1474/1474 1475/1475/1475 1514/1514/1514
f 1475/1475/1475 1515/1515/1515 1514/1514/1514
f 1513/1513/1513 1512/1512/1512 1516/1516/1516
f 1516/1516/1516 1517/1517/1517 1513/1513/1513
f 1517/1517/1517 1516/1516/1516 1518/1518/1518
f 1518/1518/1518 1516/1516/1516 1519/1519/1519
f 1520/1520/1520 1512/1512/1512 1511/1511/1511
f 1516/1516/1516 1512/1512/1512 1520/1520/1520
f 1514/1514/1514 1520/1520/1520 1511/1511/1511
f 1519/1519/1519 1516/1516/1516 1520/1520/1520
f 1521/1521/1521 1514/1514/1514 1515/1515/1515
f 1520/1520/1520 1514/1514/1514 1521/1521/1521
f 1521/1521/1521 1519/1519/1519 1520/1520/1520
f 1515/1515/1515 1522/1522/1522 1521/1521/1521
f 1519/1519/1519 1521/1521/1521 1523/1523/1523
f 1523/1523/1523 1521/1521/1521 1522/1522/1522
f 1524/1524/1524 1526/1526/1526 1525/1525/1525
f 1526/1526/1526 1524/1524/1524 1527/1527/1527
f 1528/1528/1528 1527/1527/1527 1524/1524/1524
f 1527/1527/1527 1528/1528/1528 1529/1529/1529
f 1529/1529/1529 1530/1530/1530 1527/1527/1527
f 1527/1527/1527 1531/1531/1531 1526/1526/1526
f 1527/1527/1527 1530/1530/1530 1532/1532/1532
f 1531/1531/1531 1527/1527/1527 1532/1532/1532
f 1530/1530/1530 1533/1533/1533 1532/1532/1532
f 1534/1534/1534 1531/1531/1531 1532/1532/1532
f 1532/1532/1532 1533/1533/1533 1534/1534/1534
f 1531/1531/1531 1534/1534/1534 1535/1535/1535
f 1533/1533/1533 1536/1536/1536 1534/1534/1534
f 1534/1534/1534 1537/1537/1537 1535/1535/1535
f 1534/1534/1534 1536/1536/1536 1538/1538/1538
f 1537/1537/1537 1534/1534/1534 1538/1538/1538
f 1536/1536/1536 1539/1539/1539 1538/1538/1538
f 1538/1538/1538 1540/1540/1540 1537/1537/1537
f 1538/1538/1538 1539/1539/1539 1541/1541/1541
f 1540/1540/1540 1538/1538/1538 1541/1541/1541
f 1539/1539/1539 1542/1542/1542 1541/1541/1541
f 1541/1541/1541 1543/1543/1543 1540/1540/1540
f 1541/1541/1541 1542/1542/1542 1544/1544/1544
f 1543/1543/1543 1541/1541/1541 1544/1544/1544
f 1542/1542/1542 1545/1545/1545 1544/1544/1544
f 1544/1544/1544 1545/1545/1545 1543/1543/1543
f 1545/1545/1545 1542/1542/1542 1546/1546/1546
f 1547/1547/1547 1543/1543/1543 1545/1545/1545
f 1546/1546/1546 1548/1548/1548 1545/1545/1545
f 1545/1545/1545 1548/1548/1548 1547/1547/1547
f 1548/1548/1548 1546/1546/1546 1549/1549/1549
f 1550/1550/1550 1547/1547/1547 1548/1548/1548
f 1549/1549/1549 1551/1551/1551 1548/1548/1548
f 1548/1548/1548 1551/1551/1551 1550/1550/1550
f 1552/1552/1552 1550/1550/1550 1551/1551/1551
f 1551/1551/1551 1549/1549/1549 1553/1553/1553
f 1551/1551/1551 1554/1554/1554 1552/1552/1552
f 1553/1553/1553 1555/1555/1555 1551/1551/1551
f 1554/1554/1554 1551/1551/1551 1555/1555/1555
f 1555/1555/1555 1553/1553/1553 1556/1556/1556
f 1555/1555/1555 1557/1557/1557 1554/1554/1554
f 1556/1556/1556 1558/1558/1558 1555/1555/1555
f 1557/1557/1557 1555/1555/1555 1558/1558/1558
f 1558/1558/1558 1556/1556/1556 1559/1559/1559
f 1560/1560/1560 1558/1558/1558 1559/1559/1559
f 1558/1558/1558 1561/1561/1561 1557/1557/1557
f 1562/1562/1562 1558/1558/1558 1560/1560/1560
f 1561/1561/1561 1558/1558/1558 1562/1562/1562
f 1563/1563/1563 1562/1562/1562 1560/1560/1560
f 1564/1564/1564 1561/1561/1561 1562/1562/1562
f 1564/1564/1564 1562/1562/1562 1563/1563/1563
f 1565/1565/1565 1561/1561/1561 1564/1564/1564
f 1566/1566/1566 1564/1564/1564 1563/1563/1563
f 1564/1564/1564 1567/1567/1567 1565/1565/1565
f 1568/1568/1568 1564/1564/1564 1566/1566/1566
f 1567/1567/1567 1564/1564/1564 1568/1568/1568
f 1569/1569/1569 1568/1568/1568 1566/1566/1566
f 1568/1568/1568 1570/1570/1570 1567/1567/1567
f 1571/1571/1571 1568/1568/1568 1569/1569/1569
f 1570/1570/1570 1568/1568/1568 1571/1571/1571
f 1572/1572/1572 1571/1571/1571 1569/1569/1569
f 1571/1571/1571 1573/1573/1573 1570/1570/1570
f 1574/1574/1574 1571/1571/1571 1572/1572/1572
f 1573/1573/1573 1571/1571/1571 1574/1574/1574
f 1572/1572/1572 1575/1575/1575 1574/1574/1574
f 1575/1575/1575 1573/1573/1573 1574/1574/1574
f 1575/1575/1575 1572/1572/1572 1576/1576/1576
f 1573/1573/1573 1575/1575/1575 1577/1577/1577
f 1576/1576/1576 1578/1578/1578 1575/1575/1575
f 1578/1578/1578 1577/1577/1577 1575/1575/1575
f 1577/1577/1577 1578/1578/1578 1579/1579/1579
f 1578/1578/1578 1576/1576/1576 1580/1580/1580
f 1578/1578/1578 1581/1581/1581 1579/1579/1579
f 1580/1580/1580 1582/1582/1582 1578/1578/1578
f 1581/1581/1581 1578/1578/1578 1582/1582/1582
f 1582/1582/1582 1580/1580/1580 1583/1583/1583
f 1582/1582/1582 1584/1584/1584 1581/1581/1581
f 1583/1583/1583 1585/1585/1585 1582/1582/1582
f 1584/1584/1584 1582/1582/1582 1585/1585/1585
f 1585/1585/1585 1583/1583/1583 1586/1586/1586
f 1585/1585/1585 1587/1587/1587 1584/1584/1584
f 1586/1586/1586 1587/1587/1587 1585/1585/1585
f 1588/1588/1588 1584/1584/1584 1587/1587/1587
f 1587/1587/1587 1586/1586/1586 1589/1589/1589
f 1590/1590/1590 1592/1592/1592 1591/1591/1591
f 1593/1593/1593 1591/1591/1591 1592/1592/1592
f 1591/1591/1591 1593/1593/1593 1594/1594/1594
f 1594/1594/1594 1593/1593/1593 1595/1595/1595
f 1593/1593/1593 1596/1596/1596 1595/1595/1595
f 1592/1592/1592 1597/1597/1597 1593/1593/1593
f 1596/1596/1596 1593/1593/1593 1598/1598/1598
f 1598/1598/1598 1593/1593/1593 1597/1597/1597
f 1598/1598/1598 1599/1599/1599 1596/1596/1596
f 1597/1597/1597 1600/1600/1600 1598/1598/1598
f 1599/1599/1599 1598/1598/1598 1600/1600/1600
f 1600/1600/1600 1597/1597/1597 1601/1601/1601
f 1600/1600/1600 1602/1602/1602 1599/1599/1599
f 1601/1601/1601 1603/1603/1603 1600/1600/1600
f 1602/1602/1602 1600/1600/1600 1604/1604/1604
f 1600/1600/1600 1603/1603/1603 1604/1604/1604
f 1604/1604/1604 1605/1605/1605 1602/1602/1602
f 1603/1603/1603 1606/1606/1606 1604/1604/1604
f 1605/1605/1605 1604/1604/1604 1607/1607/1607
f 1604/1604/1604 1606/1606/1606 1607/1607/1607
f 1607/1607/1607 1608/1608/1608 1605/1605/1605
f 1609/1609/1609 1607/1607/1607 1606/1606/1606
f 1608/1608/1608 1607/1607/1607 1610/1610/1610
f 1607/1607/1607 1609/1609/1609 1610/1610/1610
f 1611/1611/1611 1608/1608/1608 1610/1610/1610
f 1609/1609/1609 1611/1611/1611 1610/1610/1610
f 1612/1612/1612 1608/1608/1608 1611/1611/1611
f 1611/1611/1611 1609/1609/1609 1613/1613/1613
f 1614/1614/1614 1612/1612/1612 1611/1611/1611
f 1613/1613/1613 1614/1614/1614 1611/1611/1611
f 1615/1615/1615 1612/1612/1612 1614/1614/1614
f 1614/1614/1614 1613/1613/1613 1616/1616/1616
f 1617/1617/1617 1615/1615/1615 1614/1614/1614
f 1616/1616/1616 1617/1617/1617 1614/1614/1614
f 1617/1617/1617 1616/1616/1616 1618/1618/1618
f 1619/1619/1619 1615/1615/1615 1617/1617/1617
f 1620/1620/1620 1617/1617/1617 1618/1618/1618
f 1621/1621/1621 1619/1619/1619 1617/1617/1617
f 1621/1621/1621 1617/1617/1617 1620/1620/1620
f 1622/1622/1622 1619/1619/1619 1621/1621/1621
f 1623/1623/1623 1621/1621/1621 1620/1620/1620
f 1624/1624/1624 1622/1622/1622 1621/1621/1621
f 1624/1624/1624 1621/1621/1621 1623/1623/1623
f 1625/1625/1625 1622/1622/1622 1624/1624/1624
f 1624/1624/1624 1626/1626/1626 1625/1625/1625
f 1623/1623/1623 1627/1627/1627 1624/1624/1624
f 1626/1626/1626 1624/1624/1624 1627/1627/1627
f 1627/1627/1627 1623/1623/1623 1628/1628/1628
f 1627/1627/1627 1629/1629/1629 1626/1626/1626
f 1628/1628/1628 1630/1630/1630 1627/1627/1627
f 1629/1629/1629 1627/1627/1627 1630/1630/1630
f 1630/1630/1630 1628/1628/1628 1631/1631/1631
f 1630/1630/1630 1632/1632/1632 1629/1629/1629
f 1631/1631/1631 1633/1633/1633 1630/1630/1630
f 1632/1632/1632 1630/1630/1630 1634/1634/1634
f 1634/1634/1634 1630/1630/1630 1633/1633/1633
f 1634/1634/1634 1635/1635/1635 1632/1632/1632
f 1633/1633/1633 1636/1636/1636 1634/1634/1634
f 1635/1635/1635 1634/1634/1634 1637/1637/1637
f 1637/1637/1637 1634/1634/1634 1636/1636/1636
f 1637/1637/1637 1638/1638/1638 1635/1635/1635
f 1636/1636/1636 1639/1639/1639 1637/1637/1637
f 1638/1638/1638 1637/1637/1637 1640/1640/1640
f 1637/1637/1637 1639/1639/1639 1640/1640/1640
f 1640/1640/1640 1641/1641/1641 1638/1638/1638
f 1639/1639/1639 1641/1641/1641 1640/1640/1640
f 1638/1638/1638 1641/1641/1641 1642/1642/1642
f 1641/1641/1641 1639/1639/1639 1643/1643/1643
f 1641/1641/1641 1644/1644/1644 1642/1642/1642
f 1643/1643/1643 1644/1644/1644 1641/1641/1641
f 1644/1644/1644 1643/1643/1643 1645/1645/1645
f 1642/1642/1642 1644/1644/1644 1646/1646/1646
f 1645/1645/1645 1647/1647/1647 1644/1644/1644
f 1644/1644/1644 1648/1648/1648 1646/1646/1646
f 1644/1644/1644 1647/1647/1647 1648/1648/1648
f 1646/1646/1646 1648/1648/1648 1649/1649/1649
f 1650/1650/1650 1648/1648/1648 1647/1647/1647
f 1648/1648/1648 1651/1651/1651 1649/1649/1649
f 1648/1648/1648 1650/1650/1650 1651/1651/1651
f 1649/1649/1649 1651/1651/1651 1652/1652/1652
f 1650/1650/1650 1653/1653/1653 1651/1651/1651
f 1651/1651/1651 1653/1653/1653 1652/1652/1652
f 1653/1653/1653 1650/1650/1650 1654/1654/1654
f 1652/1652/1652 1653/1653/1653 1655/1655/1655
f 1656/1656/1656 1658/1658/1658 1657/1657/1657
f 1656/1656/1656 1657/1657/1657 1659/1659/1659
f 1660/1660/1660 1662/1662/1662 1661/1661/1661
f 1660/1660/1660 1661/1661/1661 1663/1663/1663
f 1664/1664/1664 1666/1666/1666 1665/1665/1665
f 1664/1664/1664 1665/1665/1665 1667/1667/1667
f 1668/1668/1668 1670/1670/1670 1669/1669/1669
f 1668/1668/1668 1669/1669/1669 1671/1671/1671
f 1672/1672/1672 1674/1674/1674 1673/1673/1673
f 1674/1674/1674 1672/1672/1672 1675/1675/1675
f 1676/1676/1676 1678/1678/1678 1677/1677/1677
f 1678/1678/1678 1676/1676/1676 1679/1679/1679
f 1680/1680/1680 1682/1682/1682 1681/1681/1681
f 1680/1680/1680 1681/1681/1681 1683/1683/1683
f 1684/1684/1684 1686/1686/1686 1685/1685/1685
f 1685/1685/1685 1687/1687/1687 1684/1684/1684
f 1688/1688/1688 1684/1684/1684 1687/1687/1687
f 1684/1684/1684 1688/1688/1688 1689/1689/1689
f 1688/1688/1688 1690/1690/1690 1689/1689/1689
f 1690/1690/1690 1688/1688/1688 1691/1691/1691
f 1692/1692/1692 1694/1694/1694 1693/1693/1693
f 1693/1693/1693 1695/1695/1695 1692/1692/1692
f 1696/1696/1696 1692/1692/1692 1695/1695/1695
f 1692/1692/1692 1696/1696/1696 1697/1697/1697
f 1696/1696/1696 1698/1698/1698 1697/1697/1697
f 1698/1698/1698 1696/1696/1696 1699/1699/1699
f 1700/1700/1700 1702/1702/1702 1701/1701/1701
f 1703/1703/1703 1702/1702/1702 1700/1700/1700
f 1703/1703/1703 1704/1704/1704 1702/1702/1702
f 1705/1705/1705 1704/1704/1704 1703/1703/1703
f 1706/1706/1706 1704/1704/1704 1705/1705/1705
f 1704/1704/1704 1706/1706/1706 1707/1707/1707
f 1708/1708/1708 1710/1710/1710 1709/1709/1709
f 1710/1710/1710 1708/1708/1708 1711/1711/1711
f 1708/1708/1708 1712/1712/1712 1711/1711/1711
f 1712/1712/1712 1708/1708/1708 1713/1713/1713
f 1714/1714/1714 1712/1712/1712 1713/1713/1713
f 1712/1712/1712 1714/1714/1714 1715/1715/1715
f 1716/1716/1716 1718/1718/1718 1717/1717/1717
f 1718/1718/1718 1716/1716/1716 1719/1719/1719
f 1716/1716/1716 1720/1720/1720 1719/1719/1719
f 1720/1720/1720 1716/1716/1716 1721/1721/1721
f 1722/1722/1722 1720/1720/1720 1721/1721/1721
f 1720/1720/1720 1722/1722/1722 1723/1723/1723
f 1724/1724/1724 1726/1726/1726 1725/1725/1725
f 1724/1724/1724 1725/1725/1725 1727/1727/1727
f 1728/1728/1728 1730/1730/1730 1729/1729/1729
f 1728/1728/1728 1729/1729/1729 1731/1731/1731
f 1732/1732/1732 1734/1734/1734 1733/1733/1733
f 1732/1732/1732 1733/1733/1733 1735/1735/1735
f 1736/1736/1736 1738/1738/1738 1737/1737/1737
f 1738/1738/1738 1736/1736/1736 1739/1739/1739
f 1740/1740/1740 1742/1742/1742 1741/1741/1741
f 1742/1742/1742 1740/1740/1740 1743/1743/1743
f 1744/1744/1744 1746/1746/1746 1745/1745/1745
f 1746/1746/1746 1744/1744/1744 1747/1747/1747
f 1748/1748/1748 1750/1750/1750 1749/1749/1749
f 1749/1749/1749 1751/1751/1751 1748/1748/1748
f 1752/1752/1752 1754/1754/1754 1753/1753/1753
f 1753/1753/1753 1755/1755/1755 1752/1752/1752
f 1756/1756/1756 1758/1758/1758 1757/1757/1757
f 1758/1758/1758 1756/1756/1756 1759/1759/1759
f 1760/1760/1760 1762/1762/1762 1761/1761/1761
f 1762/1762/1762 1760/1760/1760 1763/1763/1763
f 1764/1764/1764 1766/1766/1766 1765/1765/1765
f 1765/1765/1765 1767/1767/1767 1764/1764/1764
f 1768/1768/1768 1770/1770/1770 1769/1769/1769
f 1770/1770/1770 1768/1768/1768 1771/1771/1771
f 1772/1772/1772 1774/1774/1774 1773/1773/1773
f 1774/1774/1774 1772/1772/1772 1775/1775/1775
f 1776/1776/1776 1778/1778/1778 1777/1777/1777
f 1778/1778/1778 1776/1776/1776 1779/1779/1779
f 1780/1780/1780 1782/1782/1782 1781/1781/1781
f 1782/1782/1782 1780/1780/1780 1783/1783/1783
f 1784/1784/1784 1786/1786/1786 1785/1785/1785
f 1786/1786/1786 1784/1784/1784 1787/1787/1787
f 1788/1788/1788 1790/1790/1790 1789/1789/1789
f 1790/1790/1790 1788/1788/1788 1791/1791/1791
f 1792/1792/1792 1794/1794/1794 1793/1793/1793
f 1793/1793/1793 1795/1795/1795 1792/1792/1792
f 1796/1796/1796 1798/1798/1798 1797/1797/1797
f 1798/1798/1798 1796/1796/1796 1799/1799/1799
f 1800/1800/1800 1802/1802/1802 1801/1801/1801
f 1801/1801/1801 1803/1803/1803 1800/1800/1800
f 1804/1804/1804 1806/1806/1806 1805/1805/1805
f 1806/1806/1806 1804/1804/1804 1807/1807/1807
f 1808/1808/1808 1810/1810/1810 1809/1809/1809
f 1810/1810/1810 1808/1808/1808 1811/1811/1811
f 1812/1812/1812 1814/1814/1814 1813/1813/1813
f 1814/1814/1814 1812/1812/1812 1815/1815/1815
f 1816/1816/1816 1818/1818/1818 1817/1817/1817
f 1817/1817/1817 1819/1819/1819 1816/1816/1816
f 1820/1820/1820 1822/1822/1822 1821/1821/1821
f 1822/1822/1822 1820/1820/1820 1823/1823/1823
f 1824/1824/1824 1826/1826/1826 1825/1825/1825
f 1825/1825/1825 1827/1827/1827 1824/1824/1824
f 1828/1828/1828 1830/1830/1830 1829/1829/1829
f 1831/1831/1831 1830/1830/1830 1828/1828/1828
f 1832/1832/1832 1834/1834/1834 1833/1833/1833
f 1834/1834/1834 1832/1832/1832 1835/1835/1835
f 1836/1836/1836 1838/1838/1838 1837/1837/1837
f 1839/1839/1839 1838/1838/1838 1836/1836/1836
f 1840/1840/1840 1842/1842/1842 1841/1841/1841
f 1842/1842/1842 1840/1840/1840 1843/1843/1843
f 1844/1844/1844 1846/1846/1846 1845/1845/1845
f 1846/1846/1846 1844/1844/1844 1847/1847/1847
f 1848/1848/1848 1850/1850/1850 1849/1849/1849
f 1850/1850/1850 1848/1848/1848 1851/1851/1851
f 1852/1852/1852 1854/1854/1854 1853/1853/1853
f 1855/1855/1855 1854/1854/1854 1852/1852/1852
f 1856/1856/1856 1858/1858/1858 1857/1857/1857
f 1859/1859/1859 1858/1858/1858 1856/1856/1856
f 1860/1860/1860 1862/1862/1862 1861/1861/1861
f 1863/1863/1863 1862/1862/1862 1860/1860/1860
f 1864/1864/1864 1866/1866/1866 1865/1865/1865
f 1864/1864/1864 1867/1867/1867 1866/1866/1866
f 1868/1868/1868 1870/1870/1870 1869/1869/1869
f 1869/1869/1869 1871/1871/1871 1868/1868/1868
f 1872/1872/1872 1874/1874/1874 1873/1873/1873
f 1873/1873/1873 1875/1875/1875 1872/1872/1872
f 1876/1876/1876 1878/1878/1878 1877/1877/1877
f 1878/1878/1878 1876/1876/1876 1879/1879/1879
f 1880/1880/1880 1882/1882/1882 1881/1881/1881
f 1882/1882/1882 1880/1880/1880 1883/1883/1883
f 1884/1884/1884 1886/1886/1886 1885/1885/1885
f 1886/1886/1886 1884/1884/1884 1887/1887/1887
f 1888/1888/1888 1890/1890/1890 1889/1889/1889
f 1890/1890/1890 1888/1888/1888 1891/1891/1891
f 1892/1892/1892 1894/1894/1894 1893/1893/1893
f 1892/1892/1892 1895/1895/1895 1894/1894/1894
f 1896/1896/1896 1898/1898/1898 1897/1897/1897
f 1898/1898/1898 1896/1896/1896 1899/1899/1899
f 1900/1900/1900 1902/1902/1902 1901/1901/1901
f 1902/1902/1902 1900/1900/1900 1903/1903/1903
f 1904/1904/1904 1906/1906/1906 1905/1905/1905
f 1906/1906/1906 1904/1904/1904 1907/1907/1907
f 1908/1908/1908 1910/1910/1910 1909/1909/1909
f 1910/1910/1910 1908/1908/1908 1911/1911/1911
f 1912/1912/1912 1914/1914/1914 1913/1913/1913
f 1914/1914/1914 1912/1912/1912 1915/1915/1915
f 1916/1916/1916 1918/1918/1918 1917/1917/1917
f 1918/1918/1918 1916/1916/1916 1919/1919/1919
f 1920/1920/1920 1922/1922/1922 1921/1921/1921
f 1922/1922/1922 1920/1920/1920 1923/1923/1923
f 1924/1924/1924 1926/1926/1926 1925/1925/1925
f 1927/1927/1927 1926/1926/1926 1924/1924/1924
f 1928/1928/1928 1930/1930/1930 1929/1929/1929
f 1931/1931/1931 1929/1929/1929 1930/1930/1930
f 1932/1932/1932 1934/1934/1934 1933/1933/1933
f 1935/1935/1935 1933/1933/1933 1934/1934/1934
f 1936/1936/1936 1938/1938/1938 1937/1937/1937
f 1936/1936/1936 1939/1939/1939 1938/1938/1938
f 1940/1940/1940 1942/1942/1942 1941/1941/1941
f 1942/1942/1942 1940/1940/1940 1943/1943/1943
f 1944/1944/1944 1946/1946/1946 1945/1945/1945
f 1944/1944/1944 1945/1945/1945 1947/1947/1947
f 1948/1948/1948 1950/1950/1950 1949/1949/1949
f 1950/1950/1950 1948/1948/1948 1951/1951/1951
f 1952/1952/1952 1954/1954/1954 1953/1953/1953
f 1955/1955/1955 1954/1954/1954 1952/1952/1952
f 1956/1956/1956 1958/1958/1958 1957/1957/1957
f 1958/1958/1958 1956/1956/1956 1959/1959/1959
f 1960/1960/1960 1962/1962/1962 1961/1961/1961
f 1962/1962/1962 1960/1960/1960 1963/1963/1963
f 1964/1964/1964 1966/1966/1966 1965/1965/1965
f 1966/1966/1966 1964/1964/1964 1967/1967/1967
f 1968/1968/1968 1970/1970/1970 1969/1969/1969
f 1970/1970/1970 1968/1968/1968 1971/1971/1971
f 1972/1972/1972 1974/1974/1974 1973/1973/1973
f 1974/1974/1974 1972/1972/1972 1975/1975/1975
f 1976/1976/1976 1978/1978/1978 1977/1977/1977
f 1978/1978/1978 1976/1976/1976 1979/1979/1979
f 1980/1980/1980 1982/1982/1982 1981/1981/1981
f 1982/1982/1982 1980/1980/1980 1983/1983/1983
f 1984/1984/1984 1986/1986/1986 1985/1985/1985
f 1986/1986/1986 1984/1984/1984 1987/1987/1987
f 1988/1988/1988 1990/1990/1990 1989/1989/1989
f 1990/1990/1990 1988/1988/1988 1991/1991/1991
f 1992/1992/1992 1994/1994/1994 1993/1993/1993
f 1993/1993/1993 1995/1995/1995 1992/1992/1992
f 1996/1996/1996 1998/1998/1998 1997/1997/1997
f 1999/1999/1999 1998/1998/1998 1996/1996/1996
f 2000/2000/2000 2002/2002/2002 2001/2001/2001
f 2002/2002/2002 2000/2000/2000 2003/2003/2003
f 2004/2004/2004 2006/2006/2006 2005/2005/2005
f 2007/2007/2007 2006/2006/2006 2004/2004/2004
f 2008/2008/2008 2010/2010/2010 2009/2009/2009
f 2008/2008/2008 2011/2011/2011 2010/2010/2010
f 2012/2012/2012 2014/2014/2014 2013/2013/2013
f 2014/2014/2014 2012/2012/2012 2015/2015/2015
f 2016/2016/2016 2018/2018/2018 2017/2017/2017
f 2017/2017/2017 2019/2019/2019 2016/2016/2016
f 2020/2020/2020 2022/2022/2022 2021/2021/2021
f 2022/2022/2022 2020/2020/2020 2023/2023/2023
f 2024/2024/2024 2026/2026/2026 2025/2025/2025
f 2027/2027/2027 2025/2025/2025 2026/2026/2026
f 2028/2028/2028 2030/2030/2030 2029/2029/2029
f 2030/2030/2030 2028/2028/2028 2031/2031/2031
f 2032/2032/2032 2034/2034/2034 2033/2033/2033
f 2034/2034/2034 2032/2032/2032 2035/2035/2035
f 2036/2036/2036 2038/2038/2038 2037/2037/2037
f 2038/2038/2038 2036/2036/2036 2039/2039/2039
f 2040/2040/2040 2042/2042/2042 2041/2041/2041
f 2042/2042/2042 2040/2040/2040 2043/2043/2043
f 2044/2044/2044 2046/2046/2046 2045/2045/2045
f 2046/2046/2046 2044/2044/2044 2047/2047/2047
f 2047/2047/2047 2044/2044/2044 2048/2048/2048
f 2049/2049/2049 2048/2048/2048 2044/2044/2044
f 2050/2050/2050 2052/2052/2052 2051/2051/2051
f 2053/2053/2053 2051/2051/2051 2052/2052/2052
f 2051/2051/2051 2053/2053/2053 2054/2054/2054
f 2055/2055/2055 2054/2054/2054 2053/2053/2053
f 2056/2056/2056 2058/2058/2058 2057/2057/2057
f 2058/2058/2058 2056/2056/2056 2059/2059/2059
f 2059/2059/2059 2060/2060/2060 2058/2058/2058
f 2060/2060/2060 2059/2059/2059 2061/2061/2061
f 2062/2062/2062 2064/2064/2064 2063/2063/2063
f 2063/2063/2063 2065/2065/2065 2062/2062/2062
f 2066/2066/2066 2068/2068/2068 2067/2067/2067
f 2067/2067/2067 2069/2069/2069 2066/2066/2066
f 2070/2070/2070 2072/2072/2072 2071/2071/2071
f 2072/2072/2072 2070/2070/2070 2073/2073/2073
f 2074/2074/2074 2076/2076/2076 2075/2075/2075
f 2076/2076/2076 2074/2074/2074 2077/2077/2077
f 2078/2078/2078 2080/2080/2080 2079/2079/2079
f 2080/2080/2080 2078/2078/2078 2081/2081/2081
f 2082/2082/2082 2084/2084/2084 2083/2083/2083
f 2084/2084/2084 2082/2082/2082 2085/2085/2085
f 2086/2086/2086 2088/2088/2088 2087/2087/2087
f 2088/2088/2088 2086/2086/2086 2089/2089/2089
f 2090/2090/2090 2089/2089/2089 2086/2086/2086
f 2089/2089/2089 2090/2090/2090 2091/2091/2091
f 2092/2092/2092 2091/2091/2091 2090/2090/2090
f 2091/2091/2091 2092/2092/2092 2093/2093/2093
f 2094/2094/2094 2096/2096/2096 2095/2095/2095
f 2094/2094/2094 2095/2095/2095 2097/2097/2097
f 2097/2097/2097 2098/2098/2098 2094/2094/2094
f 2098/2098/2098 2097/2097/2097 2099/2099/2099
f 2100/2100/2100 2098/2098/2098 2099/2099/2099
f 2098/2098/2098 2100/2100/2100 2101/2101/2101
f 2102/2102/2102 2104/2104/2104 2103/2103/2103
f 2104/2104/2104 2102/2102/2102 2105/2105/2105
f 2106/2106/2106 2105/2105/2105 2102/2102/2102
f 2105/2105/2105 2106/2106/2106 2107/2107/2107
f 2108/2108/2108 2107/2107/2107 2106/2106/2106
f 2107/2107/2107 2108/2108/2108 2109/2109/2109
f 2110/2110/2110 2112/2112/2112 2111/2111/2111
f 2110/2110/2110 2111/2111/2111 2113/2113/2113
f 2113/2113/2113 2114/2114/2114 2110/2110/2110
f 2114/2114/2114 2113/2113/2113 2115/2115/2115
f 2115/2115/2115 2116/2116/2116 2114/2114/2114
f 2116/2116/2116 2115/2115/2115 2117/2117/2117
f 2118/2118/2118 2120/2120/2120 2119/2119/2119
f 2120/2120/2120 2118/2118/2118 2121/2121/2121
f 2122/2122/2122 2121/2121/2121 2118/2118/2118
f 2121/2121/2121 2122/2122/2122 2123/2123/2123
f 2122/2122/2122 2124/2124/2124 2123/2123/2123
f 2124/2124/2124 2122/2122/2122 2125/2125/2125
f 2126/2126/2126 2128/2128/2128 2127/2127/2127
f 2128/2128/2128 2126/2126/2126 2129/2129/2129
f 2130/2130/2130 2132/2132/2132 2131/2131/2131
f 2130/2130/2130 2133/2133/2133 2132/2132/2132
f 2134/2134/2134 2136/2136/2136 2135/2135/2135
f 2134/2134/2134 2137/2137/2137 2136/2136/2136
f 2138/2138/2138 2140/2140/2140 2139/2139/2139
f 2140/2140/2140 2138/2138/2138 2141/2141/2141
f 2142/2142/2142 2144/2144/2144 2143/2143/2143
f 2144/2144/2144 2142/2142/2142 2145/2145/2145
f 2146/2146/2146 2148/2148/2148 2147/2147/2147
f 2146/2146/2146 2149/2149/2149 2148/2148/2148
f 2150/2150/2150 2152/2152/2152 2151/2151/2151
f 2152/2152/2152 2150/2150/2150 2153/2153/2153
f 2154/2154/2154 2156/2156/2156 2155/2155/2155
f 2156/2156/2156 2154/2154/2154 2157/2157/2157
f 2158/2158/2158 2160/2160/2160 2159/2159/2159
f 2158/2158/2158 2161/2161/2161 2160/2160/2160
f 2162/2162/2162 2164/2164/2164 2163/2163/2163
f 2165/2165/2165 2164/2164/2164 2162/2162/2162
f 2166/2166/2166 2168/2168/2168 2167/2167/2167
f 2169/2169/2169 2168/2168/2168 2166/2166/2166
f 2170/2170/2170 2172/2172/2172 2171/2171/2171
f 2173/2173/2173 2171/2171/2171 2172/2172/2172
f 2174/2174/2174 2176/2176/2176 2175/2175/2175
f 2176/2176/2176 2174/2174/2174 2177/2177/2177
f 2178/2178/2178 2180/2180/2180 2179/2179/2179
f 2180/2180/2180 2178/2178/2178 2181/2181/2181
f 2182/2182/2182 2184/2184/2184 2183/2183/2183
f 2182/2182/2182 2185/2185/2185 2184/2184/2184
f 2186/2186/2186 2188/2188/2188 2187/2187/2187
f 2188/2188/2188 2186/2186/2186 2189/2189/2189
f 2190/2190/2190 2188/2188/2188 2189/2189/2189
f 2191/2191/2191 2188/2188/2188 2190/2190/2190
f 2190/2190/2190 2192/2192/2192 2191/2191/2191
f 2192/2192/2192 2190/2190/2190 2193/2193/2193
f 2194/2194/2194 2196/2196/2196 2195/2195/2195
f 2196/2196/2196 2194/2194/2194 2197/2197/2197
f 2198/2198/2198 2196/2196/2196 2197/2197/2197
f 2199/2199/2199 2196/2196/2196 2198/2198/2198
f 2198/2198/2198 2200/2200/2200 2199/2199/2199
f 2200/2200/2200 2198/2198/2198 2201/2201/2201
f 2202/2202/2202 2204/2204/2204 2203/2203/2203
f 2204/2204/2204 2202/2202/2202 2205/2205/2205
f 2205/2205/2205 2206/2206/2206 2204/2204/2204
f 2206/2206/2206 2207/2207/2207 2204/2204/2204
f 2206/2206/2206 2208/2208/2208 2207/2207/2207
f 2208/2208/2208 2209/2209/2209 2207/2207/2207
f 2210/2210/2210 2212/2212/2212 2211/2211/2211
f 2212/2212/2212 2210/2210/2210 2213/2213/2213
f 2210/2210/2210 2214/2214/2214 2213/2213/2213
f 2214/2214/2214 2210/2210/2210 2215/2215/2215
f 2215/2215/2215 2216/2216/2216 2214/2214/2214
f 2216/2216/2216 2217/2217/2217 2214/2214/2214
f 2218/2218/2218 2220/2220/2220 2219/2219/2219
f 2220/2220/2220 2218/2218/2218 2221/2221/2221
f 2218/2218/2218 2222/2222/2222 2221/2221/2221
f 2222/2222/2222 2218/2218/2218 2223/2223/2223
f 2223/2223/2223 2224/2224/2224 2222/2222/2222
f 2224/2224/2224 2225/2225/2225 2222/2222/2222
f 2226/2226/2226 2228/2228/2228 2227/2227/2227
f 2226/2226/2226 2229/2229/2229 2228/2228/2228
f 2230/2230/2230 2232/2232/2232 2231/2231/2231
f 2233/2233/2233 2232/2232/2232 2230/2230/2230
f 2234/2234/2234 2236/2236/2236 2235/2235/2235
f 2234/2234/2234 2237/2237/2237 2236/2236/2236
f 2238/2238/2238 2240/2240/2240 2239/2239/2239
f 2240/2240/2240 2238/2238/2238 2241/2241/2241
f 2242/2242/2242 2244/2244/2244 2243/2243/2243
f 2244/2244/2244 2242/2242/2242 2245/2245/2245
f 2246/2246/2246 2248/2248/2248 2247/2247/2247
f 2249/2249/2249 2247/2247/2247 2248/2248/2248
f 2250/2250/2250 2252/2252/2252 2251/2251/2251
f 2253/2253/2253 2251/2251/2251 2252/2252/2252
f 2254/2254/2254 2256/2256/2256 2255/2255/2255
f 2257/2257/2257 2255/2255/2255 2256/2256/2256
f 2258/2258/2258 2260/2260/2260 2259/2259/2259
f 2258/2258/2258 2261/2261/2261 2260/2260/2260
f 2262/2262/2262 2264/2264/2264 2263/2263/2263
f 2265/2265/2265 2264/2264/2264 2262/2262/2262
f 2266/2266/2266 2268/2268/2268 2267/2267/2267
f 2269/2269/2269 2268/2268/2268 2266/2266/2266
f 2270/2270/2270 2272/2272/2272 2271/2271/2271
f 2273/2273/2273 2272/2272/2272 2270/2270/2270
f 2274/2274/2274 2276/2276/2276 2275/2275/2275
f 2276/2276/2276 2274/2274/2274 2277/2277/2277
f 2278/2278/2278 2280/2280/2280 2279/2279/2279
f 2280/2280/2280 2278/2278/2278 2281/2281/2281
f 2282/2282/2282 2284/2284/2284 2283/2283/2283
f 2284/2284/2284 2282/2282/2282 2285/2285/2285
f 2286/2286/2286 2288/2288/2288 2287/2287/2287
f 2286/2286/2286 2287/2287/2287 2289/2289/2289
f 2287/2287/2287 2290/2290/2290 2289/2289/2289
f 2290/2290/2290 2287/2287/2287 2291/2291/2291
f 2291/2291/2291 2292/2292/2292 2290/2290/2290
f 2292/2292/2292 2291/2291/2291 2293/2293/2293
f 2294/2294/2294 2296/2296/2296 2295/2295/2295
f 2296/2296/2296 2294/2294/2294 2297/2297/2297
f 2298/2298/2298 2296/2296/2296 2297/2297/2297
f 2299/2299/2299 2296/2296/2296 2298/2298/2298
f 2298/2298/2298 2300/2300/2300 2299/2299/2299
f 2300/2300/2300 2298/2298/2298 2301/2301/2301
f 2302/2302/2302 2304/2304/2304 2303/2303/2303
f 2302/2302/2302 2303/2303/2303 2305/2305/2305
f 2303/2303/2303 2306/2306/2306 2305/2305/2305
f 2306/2306/2306 2303/2303/2303 2307/2307/2307
f 2307/2307/2307 2308/2308/2308 2306/2306/2306
f 2308/2308/2308 2307/2307/2307 2309/2309/2309
f 2310/2310/2310 2312/2312/2312 2311/2311/2311
f 2312/2312/2312 2310/2310/2310 2313/2313/2313
f 2313/2313/2313 2314/2314/2314 2312/2312/2312
f 2314/2314/2314 2315/2315/2315 2312/2312/2312
f 2314/2314/2314 2316/2316/2316 2315/2315/2315
f 2316/2316/2316 2317/2317/2317 2315/2315/2315
f 2318/2318/2318 2320/2320/2320 2319/2319/2319
f 2320/2320/2320 2321/2321/2321 2319/2319/2319
f 2320/2320/2320 2322/2322/2322 2321/2321/2321
f 2322/2322/2322 2320/2320/2320 2323/2323/2323
f 2324/2324/2324 2322/2322/2322 2323/2323/2323
f 2322/2322/2322 2324/2324/2324 2325/2325/2325
f 2326/2326/2326 2328/2328/2328 2327/2327/2327
f 2328/2328/2328 2326/2326/2326 2329/2329/2329
f 2329/2329/2329 2330/2330/2330 2328/2328/2328
f 2330/2330/2330 2331/2331/2331 2328/2328/2328
f 2330/2330/2330 2332/2332/2332 2331/2331/2331
f 2333/2333/2333 2331/2331/2331 2332/2332/2332
f 2334/2334/2334 2336/2336/2336 2335/2335/2335
f 2336/2336/2336 2334/2334/2334 2337/2337/2337
f 2338/2338/2338 2340/2340/2340 2339/2339/2339
f 2340/2340/2340 2338/2338/2338 2341/2341/2341
f 2342/2342/2342 2344/2344/2344 2343/2343/2343
f 2344/2344/2344 2342/2342/2342 2345/2345/2345
f 2346/2346/2346 2348/2348/2348 2347/2347/2347
f 2349/2349/2349 2347/2347/2347 2348/2348/2348
f 2350/2350/2350 2352/2352/2352 2351/2351/2351
f 2352/2352/2352 2350/2350/2350 2353/2353/2353
f 2354/2354/2354 2356/2356/2356 2355/2355/2355
f 2357/2357/2357 2355/2355/2355 2356/2356/2356
f 2358/2358/2358 2360/2360/2360 2359/2359/2359
f 2359/2359/2359 2360/2360/2360 2361/2361/2361
f 2360/2360/2360 2358/2358/2358 2362/2362/2362
f 2358/2358/2358 2363/2363/2363 2362/2362/2362
f 2358/2358/2358 2364/2364/2364 2363/2363/2363
f 2365/2365/2365 2363/2363/2363 2364/2364/2364
f 2363/2363/2363 2365/2365/2365 2366/2366/2366
f 2367/2367/2367 2366/2366/2366 2365/2365/2365
f 2362/2362/2362 2363/2363/2363 2368/2368/2368
f 2368/2368/2368 2369/2369/2369 2362/2362/2362
f 2360/2360/2360 2362/2362/2362 2369/2369/2369
f 2363/2363/2363 2370/2370/2370 2368/2368/2368
f 2370/2370/2370 2363/2363/2363 2366/2366/2366
f 2369/2369/2369 2371/2371/2371 2360/2360/2360
f 2366/2366/2366 2372/2372/2372 2370/2370/2370
f 2371/2371/2371 2373/2373/2373 2360/2360/2360
f 2360/2360/2360 2373/2373/2373 2361/2361/2361
f 2373/2373/2373 2371/2371/2371 2374/2374/2374
f 2372/2372/2372 2366/2366/2366 2375/2375/2375
f 2366/2366/2366 2367/2367/2367 2375/2375/2375
f 2376/2376/2376 2372/2372/2372 2375/2375/2375
f 2377/2377/2377 2361/2361/2361 2373/2373/2373
f 2377/2377/2377 2373/2373/2373 2374/2374/2374
f 2361/2361/2361 2377/2377/2377 2378/2378/2378
f 2377/2377/2377 2374/2374/2374 2379/2379/2379
f 2367/2367/2367 2380/2380/2380 2375/2375/2375
f 2375/2375/2375 2380/2380/2380 2376/2376/2376
f 2380/2380/2380 2367/2367/2367 2381/2381/2381
f 2380/2380/2380 2382/2382/2382 2376/2376/2376
f 2383/2383/2383 2378/2378/2378 2377/2377/2377
f 2383/2383/2383 2377/2377/2377 2379/2379/2379
f 2378/2378/2378 2383/2383/2383 2384/2384/2384
f 2379/2379/2379 2385/2385/2385 2383/2383/2383
f 2383/2383/2383 2386/2386/2386 2384/2384/2384
f 2381/2381/2381 2386/2386/2386 2387/2387/2387
f 2381/2381/2381 2387/2387/2387 2380/2380/2380
f 2382/2382/2382 2380/2380/2380 2387/2387/2387
f 2387/2387/2387 2385/2385/2385 2382/2382/2382
f 2383/2383/2383 2387/2387/2387 2386/2386/2386
f 2385/2385/2385 2387/2387/2387 2383/2383/2383
f 2388/2388/2388 2390/2390/2390 2389/2389/2389
f 2391/2391/2391 2388/2388/2388 2389/2389/2389
f 2390/2390/2390 2388/2388/2388 2392/2392/2392
f 2388/2388/2388 2391/2391/2391 2393/2393/2393
f 2394/2394/2394 2393/2393/2393 2391/2391/2391
f 2393/2393/2393 2394/2394/2394 2395/2395/2395
f 2392/2392/2392 2396/2396/2396 2390/2390/2390
f 2392/2392/2392 2397/2397/2397 2396/2396/2396
f 2398/2398/2398 2395/2395/2395 2394/2394/2394
f 2395/2395/2395 2398/2398/2398 2399/2399/2399
f 2398/2398/2398 2400/2400/2400 2399/2399/2399
f 2398/2398/2398 2401/2401/2401 2400/2400/2400
f 2402/2402/2402 2396/2396/2396 2397/2397/2397
f 2396/2396/2396 2402/2402/2402 2403/2403/2403
f 2404/2404/2404 2400/2400/2400 2401/2401/2401
f 2404/2404/2404 2401/2401/2401 2405/2405/2405
f 2406/2406/2406 2403/2403/2403 2402/2402/2402
f 2406/2406/2406 2404/2404/2404 2405/2405/2405
f 2406/2406/2406 2402/2402/2402 2407/2407/2407
f 2404/2404/2404 2406/2406/2406 2407/2407/2407
f 2408/2408/2408 2410/2410/2410 2409/2409/2409
f 2410/2410/2410 2411/2411/2411 2409/2409/2409
f 2410/2410/2410 2408/2408/2408 2412/2412/2412
f 2413/2413/2413 2412/2412/2412 2408/2408/2408
f 2410/2410/2410 2414/2414/2414 2411/2411/2411
f 2415/2415/2415 2411/2411/2411 2414/2414/2414
f 2412/2412/2412 2413/2413/2413 2416/2416/2416
f 2417/2417/2417 2416/2416/2416 2413/2413/2413
f 2415/2415/2415 2414/2414/2414 2418/2418/2418
f 2418/2418/2418 2419/2419/2419 2415/2415/2415
f 2419/2419/2419 2418/2418/2418 2420/2420/2420
f 2420/2420/2420 2421/2421/2421 2419/2419/2419
f 2414/2414/2414 2422/2422/2422 2418/2418/2418
f 2420/2420/2420 2418/2418/2418 2422/2422/2422
f 2422/2422/2422 2414/2414/2414 2423/2423/2423
f 2410/2410/2410 2423/2423/2423 2414/2414/2414
f 2423/2423/2423 2410/2410/2410 2424/2424/2424
f 2412/2412/2412 2424/2424/2424 2410/2410/2410
f 2424/2424/2424 2412/2412/2412 2425/2425/2425
f 2416/2416/2416 2425/2425/2425 2412/2412/2412
f 2422/2422/2422 2426/2426/2426 2420/2420/2420
f 2425/2425/2425 2416/2416/2416 2427/2427/2427
f 2428/2428/2428 2420/2420/2420 2426/2426/2426
f 2420/2420/2420 2429/2429/2429 2421/2421/2421
f 2420/2420/2420 2428/2428/2428 2429/2429/2429
f 2430/2430/2430 2421/2421/2421 2429/2429/2429
f 2431/2431/2431 2429/2429/2429 2428/2428/2428
f 2432/2432/2432 2427/2427/2427 2416/2416/2416
f 2416/2416/2416 2417/2417/2417 2432/2432/2432
f 2427/2427/2427 2432/2432/2432 2433/2433/2433
f 2434/2434/2434 2432/2432/2432 2417/2417/2417
f 2435/2435/2435 2433/2433/2433 2432/2432/2432
f 2432/2432/2432 2434/2434/2434 2436/2436/2436
f 2432/2432/2432 2436/2436/2436 2435/2435/2435
f 2430/2430/2430 2436/2436/2436 2434/2434/2434
f 2431/2431/2431 2435/2435/2435 2436/2436/2436
f 2430/2430/2430 2429/2429/2429 2437/2437/2437
f 2429/2429/2429 2431/2431/2431 2437/2437/2437
f 2436/2436/2436 2430/2430/2430 2437/2437/2437
f 2436/2436/2436 2437/2437/2437 2431/2431/2431
f 2438/2438/2438 2440/2440/2440 2439/2439/2439
f 2441/2441/2441 2438/2438/2438 2439/2439/2439
f 2438/2438/2438 2442/2442/2442 2440/2440/2440
f 2438/2438/2438 2441/2441/2441 2443/2443/2443
f 2444/2444/2444 2440/2440/2440 2442/2442/2442
f 2445/2445/2445 2443/2443/2443 2441/2441/2441
f 2444/2444/2444 2442/2442/2442 2446/2446/2446
f 2443/2443/2443 2445/2445/2445 2447/2447/2447
f 2446/2446/2446 2448/2448/2448 2444/2444/2444
f 2449/2449/2449 2447/2447/2447 2445/2445/2445
f 2448/2448/2448 2446/2446/2446 2450/2450/2450
f 2447/2447/2447 2449/2449/2449 2451/2451/2451
f 2450/2450/2450 2452/2452/2452 2448/2448/2448
f 2453/2453/2453 2451/2451/2451 2449/2449/2449
f 2450/2450/2450 2454/2454/2454 2452/2452/2452
f 2451/2451/2451 2453/2453/2453 2455/2455/2455
f 2456/2456/2456 2452/2452/2452 2454/2454/2454
f 2456/2456/2456 2455/2455/2455 2453/2453/2453
f 2456/2456/2456 2454/2454/2454 2457/2457/2457
f 2455/2455/2455 2456/2456/2456 2457/2457/2457
