# Unity To Godot 4.7 OBJ
mtllib SM_Right_Wheel.mtl
o Right_Wheel
v -0.01544154 0.3017413 0.06878553
v -0.01026238 0.2967271 0.02217641
v -0.01521372 0.3086358 0.02304447
v -0.01048177 0.2900985 0.06615274
v -0.01069388 0.27699 0.1086494
v -0.01566206 0.2881066 0.112988
v -0.01089364 0.2576938 0.148718
v -0.01586968 0.2680361 0.1546642
v -0.01107656 0.2326411 0.1854632
v -0.01606046 0.241978 0.1928846
v -0.01123929 0.2023916 0.2180638
v -0.01622936 0.2105145 0.2267932
v -0.01137733 0.1676211 0.2457923
v -0.016373 0.1743484 0.2556344
v -0.01648859 0.1342876 0.2787633
v -0.01148787 0.1291062 0.2680285
v -0.01657276 0.09122707 0.2956632
v -0.01156923 0.08770715 0.2842763
v -0.01161861 0.04434919 0.2941723
v -0.01662382 0.04612907 0.3059564
v -0.01664122 2.805614E-07 0.309413
v -0.01163488 2.805614E-07 0.2974958
v -0.01161861 -0.04434919 0.2941723
v -0.01662382 -0.04612907 0.3059564
v -0.01156923 -0.08770715 0.2842758
v -0.01657276 -0.09122707 0.2956632
v -0.01148787 -0.1291062 0.2680285
v -0.01648859 -0.1342876 0.2787633
v -0.016373 -0.1743484 0.2556344
v -0.01137733 -0.1676211 0.2457923
v -0.01622936 -0.2105145 0.2267932
v -0.01123929 -0.2023917 0.2180638
v -0.01606046 -0.2419778 0.192884
v -0.01107656 -0.2326412 0.1854632
v -0.01586968 -0.2680357 0.1546642
v -0.01089364 -0.2576937 0.148718
v -0.01566206 -0.2881066 0.1129874
v -0.01069388 -0.2769896 0.1086494
v -0.01048177 -0.2900985 0.06615274
v -0.0154421 -0.3017413 0.06878497
v -0.01026294 -0.2967271 0.02217641
v -0.01521372 -0.3086358 0.02304447
v 0.001679441 0.2974403 0.02228976
v -0.01026238 0.2967271 0.02217641
v -0.01048177 0.2900985 0.06615274
v 0.00145948 0.290796 0.06637157
v -0.01069388 0.27699 0.1086494
v 0.01340242 0.2900985 0.06627169
v 0.01362182 0.2967271 0.02229594
v 0.01319088 0.27699 0.1087683
v 0.001247376 0.2776559 0.1089703
v -0.01089364 0.2576938 0.148718
v 0.01299112 0.2576938 0.148837
v 0.001047055 0.2583134 0.1491355
v -0.01107656 0.2326411 0.1854632
v 0.01280763 0.2326412 0.1855821
v 0.0008635681 0.2332005 0.1859687
v -0.01123929 0.2023916 0.2180638
v 0.01264546 0.2023917 0.2181828
v 0.0007002813 0.2028783 0.218648
v 0.000561684 0.168024 0.2464426
v -0.01137733 0.1676211 0.2457923
v 0.01250687 0.1676211 0.2459113
v 0.0004505816 0.1294165 0.2687327
v -0.01148787 0.1291062 0.2680285
v 0.01239633 0.1291062 0.2681474
v 0.0003697799 0.08791813 0.2850192
v -0.01156923 0.08770715 0.2842763
v 0.01231496 0.08770715 0.2843953
v 0.00031984 0.0444558 0.2949394
v -0.01161861 0.04434919 0.2941723
v 0.0003035674 2.805614E-07 0.2982707
v 0.01226558 0.04434919 0.2942913
v -0.01163488 2.805614E-07 0.2974958
v 0.01224931 2.805614E-07 0.2976148
v -0.01161861 -0.04434919 0.2941723
v 0.01226558 -0.04434919 0.2942913
v 0.00031984 -0.0444558 0.2949394
v -0.01156923 -0.08770715 0.2842758
v 0.01231496 -0.08770715 0.2843953
v 0.0003697799 -0.08791813 0.2850192
v -0.01148787 -0.1291062 0.2680285
v 0.01239633 -0.1291062 0.2681474
v 0.0004505816 -0.1294165 0.2687327
v -0.01137733 -0.1676211 0.2457923
v 0.01250687 -0.1676211 0.2459113
v 0.000561684 -0.168024 0.2464426
v -0.01123929 -0.2023917 0.2180638
v 0.0126449 -0.2023917 0.2181828
v 0.0007002813 -0.2028782 0.2186474
v 0.0008630069 -0.2332001 0.1859687
v -0.01107656 -0.2326412 0.1854632
v 0.01280763 -0.2326412 0.1855821
v 0.001047055 -0.2583132 0.1491349
v -0.01089364 -0.2576937 0.148718
v 0.01299056 -0.2576937 0.148837
v 0.001246815 -0.2776557 0.1089703
v -0.01069388 -0.2769896 0.1086494
v 0.01319031 -0.2769896 0.1087683
v 0.00145948 -0.290796 0.06637102
v -0.01048177 -0.2900985 0.06615274
v 0.01340242 -0.2900985 0.06627169
v 0.001678879 -0.2974403 0.02228976
v -0.01026294 -0.2967271 0.02217641
v 0.01362182 -0.2967271 0.02229537
v 0.01856363 0.3086358 0.02321281
v 0.01362182 0.2967271 0.02229594
v 0.01340242 0.2900985 0.06627169
v 0.01833581 0.3017413 0.06895386
v 0.01319088 0.27699 0.1087683
v 0.01811529 0.2881066 0.1131563
v 0.01299112 0.2576938 0.148837
v 0.01790767 0.2680361 0.1548326
v 0.01280763 0.2326412 0.1855821
v 0.01771745 0.241978 0.1930529
v 0.01264546 0.2023917 0.2181828
v 0.01754799 0.2105145 0.2269621
v 0.01250687 0.1676211 0.2459113
v 0.01740435 0.1743484 0.2558027
v 0.01239633 0.1291062 0.2681474
v 0.01728932 0.1342876 0.2789316
v 0.01231496 0.08770715 0.2843953
v 0.01720515 0.09122707 0.2958315
v 0.01226558 0.04434919 0.2942913
v 0.01715353 0.04612907 0.3061248
v 0.01713613 2.805614E-07 0.3095813
v 0.01224931 2.805614E-07 0.2976148
v 0.01715353 -0.04612907 0.3061248
v 0.01226558 -0.04434919 0.2942913
v 0.01720459 -0.09122707 0.2958315
v 0.01231496 -0.08770715 0.2843953
v 0.01239633 -0.1291062 0.2681474
v 0.01728932 -0.1342876 0.2789316
v 0.01740435 -0.1743484 0.2558027
v 0.01250687 -0.1676211 0.2459113
v 0.01754799 -0.2105145 0.2269616
v 0.0126449 -0.2023917 0.2181828
v 0.01771689 -0.2419778 0.1930524
v 0.01280763 -0.2326412 0.1855821
v 0.01790767 -0.2680357 0.1548326
v 0.01299056 -0.2576937 0.148837
v 0.01811529 -0.2881066 0.1131563
v 0.01319031 -0.2769896 0.1087683
v 0.01833581 -0.3017413 0.06895386
v 0.01340242 -0.2900985 0.06627169
v 0.01856363 -0.3086358 0.02321281
v 0.01362182 -0.2967271 0.02229537
v -0.0149831 0.3086358 -0.02321281
v -0.01521372 0.3086358 0.02304447
v -0.01026238 0.2967271 0.02217641
v -0.01004073 0.2967271 -0.02229594
v -0.009821895 0.2900985 -0.06627169
v -0.01475529 0.3017413 -0.06895386
v -0.00960979 0.27699 -0.1087689
v -0.01453476 0.2881066 -0.1131563
v -0.00941003 0.2576938 -0.1488376
v -0.01432715 0.2680361 -0.1548332
v -0.01413637 0.2419779 -0.1930529
v -0.009227104 0.232641 -0.1855825
v -0.009064378 0.2023916 -0.2181832
v -0.01396747 0.2105144 -0.2269621
v -0.01382382 0.1743483 -0.2558032
v -0.008926342 0.1676211 -0.2459116
v -0.01370823 0.1342876 -0.2789316
v -0.008815801 0.1291062 -0.2681478
v -0.01362406 0.09122707 -0.2958315
v -0.008734439 0.08770715 -0.2843953
v -0.008685059 0.04434919 -0.2942913
v -0.013573 0.04612907 -0.3061253
v -0.0135556 2.805614E-07 -0.3095818
v -0.008668787 2.805614E-07 -0.2976148
v -0.008685059 -0.04434862 -0.2942913
v -0.013573 -0.0461285 -0.3061248
v -0.01362406 -0.09122707 -0.2958315
v -0.008734439 -0.08770715 -0.2843953
v -0.01370879 -0.1342876 -0.2789316
v -0.008815801 -0.1291062 -0.2681477
v -0.008926342 -0.1676206 -0.2459115
v -0.01382382 -0.1743484 -0.2558031
v -0.009064378 -0.2023911 -0.2181831
v -0.01396747 -0.2105145 -0.226962
v -0.01413693 -0.2419778 -0.1930528
v -0.009227104 -0.2326407 -0.1855824
v -0.01432715 -0.2680357 -0.1548332
v -0.009410591 -0.2576937 -0.148837
v -0.01453476 -0.2881066 -0.1131563
v -0.00960979 -0.2769896 -0.1087689
v -0.01475529 -0.3017413 -0.06895386
v -0.009821895 -0.2900985 -0.06627169
v -0.0149831 -0.3086358 -0.02321337
v -0.01004129 -0.2967271 -0.02229594
v -0.01026294 -0.2967271 0.02217641
v -0.01521372 -0.3086358 0.02304447
v -0.01004073 0.2967271 -0.02229594
v -0.01026238 0.2967271 0.02217641
v 0.001679441 0.2974403 0.02228976
v 0.001901645 0.2974403 -0.02228976
v -0.009821895 0.2900985 -0.06627169
v 0.01384346 0.2967271 -0.02217698
v 0.01362182 0.2967271 0.02229594
v 0.0140623 0.2900985 -0.06615274
v 0.002121044 0.290796 -0.06637157
v -0.00960979 0.27699 -0.1087689
v 0.0142744 0.27699 -0.1086499
v 0.00233371 0.2776559 -0.1089709
v -0.00941003 0.2576938 -0.1488376
v 0.01447416 0.2576938 -0.148718
v 0.00253347 0.2583133 -0.1491355
v -0.009227104 0.232641 -0.1855825
v 0.01465709 0.2326411 -0.1854633
v 0.002717518 0.2332004 -0.185969
v -0.009064378 0.2023916 -0.2181832
v 0.01481981 0.2023916 -0.2180642
v 0.002880244 0.2028782 -0.2186481
v 0.003018841 0.168024 -0.246443
v -0.008926342 0.1676211 -0.2459116
v 0.01495785 0.1676211 -0.2457925
v 0.003129943 0.1294165 -0.2687327
v -0.008815801 0.1291062 -0.2681478
v 0.01506895 0.1291062 -0.2680288
v 0.003211306 0.08791813 -0.2850192
v -0.008734439 0.08770715 -0.2843953
v 0.01514976 0.08770715 -0.2842763
v 0.003260124 0.0444558 -0.2949394
v -0.008685059 0.04434919 -0.2942913
v 0.003276957 2.805614E-07 -0.2982707
v 0.01519913 0.04434919 -0.2941723
v -0.008668787 2.805614E-07 -0.2976148
v 0.01521541 2.805614E-07 -0.2974958
v -0.008685059 -0.04434862 -0.2942913
v 0.01519913 -0.04434862 -0.2941723
v 0.003260124 -0.04445524 -0.2949394
v -0.008734439 -0.08770715 -0.2843953
v 0.01514976 -0.08770715 -0.2842763
v 0.003210745 -0.08791813 -0.2850192
v -0.008815801 -0.1291062 -0.2681477
v 0.01506895 -0.1291062 -0.2680287
v 0.003129943 -0.1294165 -0.2687327
v -0.008926342 -0.1676206 -0.2459115
v 0.01495785 -0.1676206 -0.2457923
v 0.003018841 -0.168024 -0.246443
v -0.009064378 -0.2023911 -0.2181831
v 0.01481981 -0.2023917 -0.2180641
v 0.002880244 -0.2028782 -0.218648
v 0.002716957 -0.2332001 -0.185969
v -0.009227104 -0.2326407 -0.1855824
v 0.01465709 -0.2326407 -0.1854633
v 0.00253347 -0.2583132 -0.1491355
v -0.009410591 -0.2576937 -0.148837
v 0.01447416 -0.2576937 -0.148718
v 0.002333149 -0.2776557 -0.1089709
v -0.00960979 -0.2769896 -0.1087689
v 0.0142744 -0.2769896 -0.1086499
v 0.002121044 -0.290796 -0.06637157
v -0.009821895 -0.2900985 -0.06627169
v 0.001901084 -0.2974403 -0.02228976
v 0.0140623 -0.2900985 -0.06615274
v -0.01004129 -0.2967271 -0.02229594
v 0.01384346 -0.2967271 -0.02217698
v -0.01026294 -0.2967271 0.02217641
v 0.01362182 -0.2967271 0.02229537
v 0.001678879 -0.2974403 0.02228976
v 0.01879425 0.3086358 -0.02304447
v 0.01362182 0.2967271 0.02229594
v 0.01856363 0.3086358 0.02321281
v 0.01384346 0.2967271 -0.02217698
v 0.0140623 0.2900985 -0.06615274
v 0.01902206 0.3017413 -0.06878553
v 0.0142744 0.27699 -0.1086499
v 0.01924258 0.2881066 -0.112988
v 0.01447416 0.2576938 -0.148718
v 0.0194502 0.2680361 -0.1546648
v 0.01964098 0.2419779 -0.1928845
v 0.01465709 0.2326411 -0.1854633
v 0.01481981 0.2023916 -0.2180642
v 0.01980988 0.2105144 -0.2267937
v 0.01995353 0.1743483 -0.2556348
v 0.01495785 0.1676211 -0.2457925
v 0.02006912 0.1342876 -0.2787633
v 0.01506895 0.1291062 -0.2680288
v 0.02015329 0.09122707 -0.2956632
v 0.01514976 0.08770715 -0.2842763
v 0.01519913 0.04434919 -0.2941723
v 0.02020435 0.04612907 -0.3059564
v 0.02022175 2.805614E-07 -0.3094135
v 0.01521541 2.805614E-07 -0.2974958
v 0.01519913 -0.04434862 -0.2941723
v 0.02020435 -0.0461285 -0.3059564
v 0.02015329 -0.09122707 -0.2956632
v 0.01514976 -0.08770715 -0.2842763
v 0.02006912 -0.1342876 -0.2787633
v 0.01506895 -0.1291062 -0.2680287
v 0.01495785 -0.1676206 -0.2457923
v 0.01995353 -0.1743484 -0.2556347
v 0.01481981 -0.2023917 -0.2180641
v 0.01980988 -0.2105145 -0.2267936
v 0.01964098 -0.2419778 -0.1928844
v 0.01465709 -0.2326407 -0.1854633
v 0.0194502 -0.2680357 -0.1546648
v 0.01447416 -0.2576937 -0.148718
v 0.01924258 -0.2881066 -0.112988
v 0.0142744 -0.2769896 -0.1086499
v 0.01902206 -0.3017413 -0.06878553
v 0.0140623 -0.2900985 -0.06615274
v 0.01879425 -0.3086358 -0.02304503
v 0.01384346 -0.2967271 -0.02217698
v 0.01362182 -0.2967271 0.02229537
v 0.01856363 -0.3086358 0.02321281
v -0.01544154 0.3017413 0.06878553
v -0.01521372 0.3086358 0.02304447
v 0.01856363 0.3086358 0.02321281
v 0.01833581 0.3017413 0.06895386
v -0.01566206 0.2881066 0.112988
v 0.01811529 0.2881066 0.1131563
v 0.01790767 0.2680361 0.1548326
v -0.01586968 0.2680361 0.1546642
v -0.01606046 0.241978 0.1928846
v 0.01771745 0.241978 0.1930529
v -0.01622936 0.2105145 0.2267932
v 0.01754799 0.2105145 0.2269621
v -0.016373 0.1743484 0.2556344
v 0.01740435 0.1743484 0.2558027
v -0.01648859 0.1342876 0.2787633
v 0.01728932 0.1342876 0.2789316
v -0.01657276 0.09122707 0.2956632
v 0.01720515 0.09122707 0.2958315
v 0.01715353 0.04612907 0.3061248
v -0.01662382 0.04612907 0.3059564
v 0.01713613 2.805614E-07 0.3095813
v -0.01664122 2.805614E-07 0.309413
v -0.01662382 -0.04612907 0.3059564
v 0.01715353 -0.04612907 0.3061248
v 0.01720459 -0.09122707 0.2958315
v -0.01657276 -0.09122707 0.2956632
v 0.01728932 -0.1342876 0.2789316
v -0.01648859 -0.1342876 0.2787633
v -0.016373 -0.1743484 0.2556344
v 0.01740435 -0.1743484 0.2558027
v 0.01754799 -0.2105145 0.2269616
v -0.01622936 -0.2105145 0.2267932
v -0.01606046 -0.2419778 0.192884
v 0.01771689 -0.2419778 0.1930524
v 0.01790767 -0.2680357 0.1548326
v -0.01586968 -0.2680357 0.1546642
v -0.01566206 -0.2881066 0.1129874
v 0.01811529 -0.2881066 0.1131563
v 0.01833581 -0.3017413 0.06895386
v -0.0154421 -0.3017413 0.06878497
v 0.01856363 -0.3086358 0.02321281
v -0.01521372 -0.3086358 0.02304447
v 0.01856363 0.3086358 0.02321281
v -0.01521372 0.3086358 0.02304447
v -0.0149831 0.3086358 -0.02321281
v 0.01879425 0.3086358 -0.02304447
v 0.01902206 0.3017413 -0.06878553
v -0.01475529 0.3017413 -0.06895386
v 0.01924258 0.2881066 -0.112988
v -0.01453476 0.2881066 -0.1131563
v -0.01432715 0.2680361 -0.1548332
v 0.0194502 0.2680361 -0.1546648
v 0.01964098 0.2419779 -0.1928845
v -0.01413637 0.2419779 -0.1930529
v -0.01396747 0.2105144 -0.2269621
v 0.01980988 0.2105144 -0.2267937
v -0.01382382 0.1743483 -0.2558032
v 0.01995353 0.1743483 -0.2556348
v 0.02006912 0.1342876 -0.2787633
v -0.01370823 0.1342876 -0.2789316
v 0.02015329 0.09122707 -0.2956632
v -0.01362406 0.09122707 -0.2958315
v 0.02020435 0.04612907 -0.3059564
v -0.013573 0.04612907 -0.3061253
v -0.0135556 2.805614E-07 -0.3095818
v 0.02022175 2.805614E-07 -0.3094135
v 0.02020435 -0.0461285 -0.3059564
v -0.013573 -0.0461285 -0.3061248
v 0.02015329 -0.09122707 -0.2956632
v -0.01362406 -0.09122707 -0.2958315
v -0.01370879 -0.1342876 -0.2789316
v 0.02006912 -0.1342876 -0.2787633
v -0.01382382 -0.1743484 -0.2558031
v 0.01995353 -0.1743484 -0.2556347
v 0.01980988 -0.2105145 -0.2267936
v -0.01396747 -0.2105145 -0.226962
v 0.01964098 -0.2419778 -0.1928844
v -0.01413693 -0.2419778 -0.1930528
v -0.01432715 -0.2680357 -0.1548332
v 0.0194502 -0.2680357 -0.1546648
v 0.01924258 -0.2881066 -0.112988
v -0.01453476 -0.2881066 -0.1131563
v -0.01475529 -0.3017413 -0.06895386
v 0.01902206 -0.3017413 -0.06878553
v -0.0149831 -0.3086358 -0.02321337
v 0.01879425 -0.3086358 -0.02304503
v 0.01856363 -0.3086358 0.02321281
v -0.01521372 -0.3086358 0.02304447
v -0.0480265 -0.2702831 0.06008588
v -0.04782394 -0.2764133 0.01941401
v -0.05002803 -0.2817148 0.01980006
v -0.05023452 -0.2754661 0.06125806
v -0.04822234 -0.2581589 0.09938972
v -0.05534523 -0.283911 0.0199381
v -0.05043428 -0.263108 0.1013211
v -0.04840751 -0.2403124 0.136448
v -0.05555341 -0.277613 0.06172155
v -0.05062282 -0.2449169 0.1390953
v -0.04857641 -0.2171419 0.1704324
v -0.0608678 -0.2754661 0.06120476
v -0.0606613 -0.2817148 0.01974731
v -0.05575485 -0.2651583 0.1020994
v -0.05079508 -0.2212987 0.1737363
v -0.04872679 -0.1891655 0.2005837
v -0.06306403 -0.2702831 0.06001068
v -0.06286147 -0.2764133 0.01933882
v -0.06325987 -0.2581589 0.0993151
v -0.06106756 -0.263108 0.1012684
v -0.06344504 -0.2403124 0.1363733
v -0.0612561 -0.2449169 0.1390426
v -0.06361394 -0.2171419 0.1703572
v -0.05594451 -0.2468242 0.1401699
v -0.06142836 -0.2212987 0.1736835
v -0.06376432 -0.1891655 0.2005091
v -0.05611902 -0.2230208 0.175083
v -0.06158155 -0.1927813 0.2044173
v -0.05094883 -0.1927813 0.2044701
v -0.06171173 -0.1600022 0.2305578
v -0.06389225 -0.1570069 0.2261541
v -0.05627333 -0.1942795 0.2060581
v -0.05640463 -0.1612423 0.2324039
v -0.05107902 -0.1600022 0.2306105
v -0.04885472 -0.1570069 0.2262287
v -0.06181666 -0.1236925 0.2515208
v -0.06399494 -0.1213857 0.2467198
v -0.06406956 -0.08309696 0.2617467
v -0.05650956 -0.1246481 0.2535313
v -0.05118338 -0.1236925 0.2515735
v -0.04895741 -0.1213857 0.2467944
v -0.04903204 -0.08309696 0.2618213
v -0.056587 -0.08531339 0.2689689
v -0.06189297 -0.08466418 0.2668378
v -0.05125969 -0.08466418 0.2668911
v -0.06193954 -0.04378862 0.2761676
v -0.06411558 -0.04299632 0.2708992
v -0.05663357 -0.04411688 0.2783716
v -0.05664928 -0.001979361 0.2815291
v -0.05130627 -0.04378862 0.2762203
v -0.04907805 -0.04299632 0.2709744
v -0.0619547 -0.001979361 0.2793003
v -0.06413073 -0.001979361 0.273973
v -0.06411558 0.0390376 0.2708992
v -0.05132198 -0.001979361 0.2793536
v -0.0490932 -0.001979361 0.2740476
v -0.04907805 0.0390376 0.2709744
v -0.06193954 0.03983046 0.2761676
v -0.06406956 0.07913824 0.2617467
v -0.05130627 0.03983046 0.2762203
v -0.04903204 0.07913824 0.2618213
v -0.06189297 0.08070546 0.2668378
v -0.06399494 0.117427 0.2467193
v -0.05663357 0.04015816 0.2783716
v -0.05125969 0.08070546 0.2668911
v -0.04895741 0.117427 0.2467944
v -0.06181666 0.1197338 0.2515208
v -0.06389225 0.1530482 0.2261535
v -0.056587 0.08135467 0.2689689
v -0.05118338 0.1197338 0.2515735
v -0.04885472 0.1530482 0.2262287
v -0.06171173 0.1560435 0.2305572
v -0.06376432 0.1852064 0.2005085
v -0.05650956 0.1206894 0.2535313
v -0.05107902 0.1560435 0.2306105
v -0.04872679 0.1852064 0.2005837
v -0.06158155 0.1888227 0.2044168
v -0.06361394 0.2131832 0.1703572
v -0.05640463 0.1572836 0.2324033
v -0.05094883 0.1888227 0.2044701
v -0.04857641 0.2131832 0.1704324
v -0.06142836 0.2173399 0.173683
v -0.06344504 0.2363535 0.1363728
v -0.05627333 0.1903205 0.2060581
v -0.05611902 0.2190617 0.1750824
v -0.05079564 0.2173399 0.1737363
v -0.04840751 0.2363535 0.136448
v -0.05594451 0.2428651 0.1401699
v -0.0612561 0.2409579 0.139042
v -0.05062282 0.2409579 0.1390953
v -0.06106756 0.2591491 0.1012684
v -0.06325987 0.2542 0.09931453
v -0.05575485 0.2611991 0.1020994
v -0.05043428 0.2591491 0.1013211
v -0.04822234 0.2542 0.09938972
v -0.0608678 0.2715072 0.06120476
v -0.06306403 0.2663238 0.06001068
v -0.06286147 0.2724542 0.01933882
v -0.05555397 0.2736542 0.06172155
v -0.05534523 0.279952 0.0199381
v -0.05023452 0.2715072 0.0612575
v -0.0480265 0.2663238 0.06008588
v -0.04782394 0.2724542 0.01941345
v -0.0606613 0.277756 0.01974675
v -0.06265666 0.2724542 -0.02179261
v -0.06045201 0.277756 -0.02217922
v -0.05513481 0.279952 -0.02231726
v -0.04981929 0.277756 -0.02212592
v -0.05002803 0.277756 0.01980006
v -0.04761913 0.2724542 -0.02171742
v -0.05553713 -0.2629525 0.05837501
v -0.05533962 -0.2689156 0.01881473
v -0.0500241 -0.2711113 0.01900551
v -0.05022274 -0.2650994 0.05889181
v -0.04782394 -0.2764133 0.01941401
v -0.05572735 -0.25116 0.09660544
v -0.0480265 -0.2702831 0.06008588
v -0.0504152 -0.2532098 0.09743646
v -0.05590747 -0.2338011 0.1326514
v -0.04822234 -0.2581589 0.09938972
v -0.05059645 -0.2357083 0.1337787
v -0.04840751 -0.2403124 0.136448
v -0.05607188 -0.2112636 0.1657071
v -0.04857641 -0.2171419 0.1704324
v -0.05076254 -0.2129851 0.1671066
v -0.05621834 -0.1840514 0.1950348
v -0.04872679 -0.1891655 0.2005837
v -0.05090955 -0.185549 0.1966755
v -0.05103524 -0.1540122 0.221825
v -0.05634234 -0.1527716 0.219979
v -0.04885472 -0.1570069 0.2262287
v -0.05113569 -0.119079 0.2419935
v -0.05644223 -0.1181234 0.239983
v -0.04895741 -0.1213857 0.2467944
v -0.05120919 -0.08152975 0.2567303
v -0.05651517 -0.08088109 0.2545991
v -0.04903204 -0.08309696 0.2618213
v -0.05125352 -0.04220401 0.265706
v -0.0565595 -0.04187576 0.2635019
v -0.04907805 -0.04299632 0.2709744
v -0.05126867 -0.001979361 0.2687203
v -0.05657465 -0.001979361 0.2664915
v -0.0490932 -0.001979361 0.2740476
v -0.0565595 0.03791703 0.2635019
v -0.05125352 0.03824529 0.265706
v -0.04907805 0.0390376 0.2709744
v -0.05651517 0.07692236 0.2545991
v -0.04903204 0.07913824 0.2618213
v -0.05120919 0.07757102 0.2567303
v -0.05644223 0.1141647 0.239983
v -0.04895741 0.117427 0.2467944
v -0.05113569 0.1151202 0.2419935
v -0.05634234 0.1488129 0.219979
v -0.05103524 0.1500529 0.221825
v -0.04885472 0.1530482 0.2262287
v -0.05621834 0.1800923 0.1950348
v -0.05090955 0.1815902 0.1966755
v -0.04872679 0.1852064 0.2005837
v -0.04857641 0.2131832 0.1704324
v -0.05076254 0.2090264 0.1671066
v -0.05607188 0.2073047 0.1657066
v -0.05059645 0.2317492 0.1337787
v -0.04840751 0.2363535 0.136448
v -0.05590747 0.2298421 0.1326508
v -0.04822234 0.2542 0.09938972
v -0.0504152 0.2492509 0.09743646
v -0.05572735 0.2472009 0.09660544
v -0.0480265 0.2663238 0.06008588
v -0.05022274 0.2611405 0.05889181
v -0.05553713 0.2589935 0.05837501
v -0.04782394 0.2724542 0.01941345
v -0.0500241 0.2671524 0.01900551
v -0.05533962 0.2649564 0.01881417
v -0.04761913 0.2724542 -0.02171742
v -0.05514042 0.2649564 -0.02119333
v -0.04982322 0.2671524 -0.02133136
v -0.05553713 -0.2629525 0.05837501
v -0.06065738 -0.2711113 0.01895277
v -0.05533962 -0.2689156 0.01881473
v -0.06085602 -0.2650994 0.0588385
v -0.06286147 -0.2764133 0.01933882
v -0.05572735 -0.25116 0.09660544
v -0.06306403 -0.2702831 0.06001068
v -0.06104792 -0.2532098 0.09738371
v -0.05590747 -0.2338011 0.1326514
v -0.06325987 -0.2581589 0.0993151
v -0.06122917 -0.2357083 0.133726
v -0.06344504 -0.2403124 0.1363733
v -0.05607188 -0.2112636 0.1657071
v -0.06361394 -0.2171419 0.1703572
v -0.06139526 -0.2129851 0.1670533
v -0.05621834 -0.1840514 0.1950348
v -0.06376432 -0.1891655 0.2005091
v -0.06154283 -0.185549 0.1966228
v -0.06166796 -0.1540122 0.2217723
v -0.05634234 -0.1527716 0.219979
v -0.06389225 -0.1570069 0.2261541
v -0.06176896 -0.119079 0.2419407
v -0.05644223 -0.1181234 0.239983
v -0.06399494 -0.1213857 0.2467198
v -0.06184191 -0.08152975 0.2566769
v -0.05651517 -0.08088109 0.2545991
v -0.06406956 -0.08309696 0.2617467
v -0.0618868 -0.04220401 0.2656532
v -0.0565595 -0.04187576 0.2635019
v -0.06411558 -0.04299632 0.2708992
v -0.06190195 -0.001979361 0.2686676
v -0.05657465 -0.001979361 0.2664915
v -0.06413073 -0.001979361 0.273973
v -0.0565595 0.03791703 0.2635019
v -0.0618868 0.03824529 0.2656527
v -0.06411558 0.0390376 0.2708992
v -0.05651517 0.07692236 0.2545991
v -0.06406956 0.07913824 0.2617467
v -0.06184247 0.07757102 0.2566769
v -0.05644223 0.1141647 0.239983
v -0.06399494 0.117427 0.2467193
v -0.06176896 0.1151202 0.2419402
v -0.05634234 0.1488129 0.219979
v -0.06166796 0.1500529 0.2217717
v -0.06389225 0.1530482 0.2261535
v -0.05621834 0.1800923 0.1950348
v -0.06154283 0.1815902 0.1966222
v -0.06376432 0.1852064 0.2005085
v -0.06361394 0.2131832 0.1703572
v -0.06139526 0.2090264 0.1670533
v -0.05607188 0.2073047 0.1657066
v -0.06122917 0.2317492 0.1337254
v -0.06344504 0.2363535 0.1363728
v -0.05590747 0.2298421 0.1326508
v -0.06325987 0.2542 0.09931453
v -0.06104792 0.2492509 0.09738316
v -0.05572735 0.2472009 0.09660544
v -0.06306403 0.2663238 0.06001068
v -0.06085602 0.2611405 0.0588385
v -0.05553713 0.2589935 0.05837501
v -0.06286147 0.2724542 0.01933882
v -0.06065738 0.2671524 0.0189522
v -0.05533962 0.2649564 0.01881417
v -0.06265666 0.2724542 -0.02179261
v -0.05514042 0.2649564 -0.02119333
v -0.06045594 0.2671524 -0.02138411
v -0.04761913 -0.2764133 -0.02171742
v -0.05002803 -0.2817148 0.01980006
v -0.04782394 -0.2764133 0.01941401
v -0.04981929 -0.2817148 -0.02212592
v -0.05513481 -0.283911 -0.02231726
v -0.05534523 -0.283911 0.0199381
v -0.04741601 -0.2702831 -0.06238984
v -0.0606613 -0.2817148 0.01974731
v -0.04961224 -0.2754661 -0.06358392
v -0.04722017 -0.2581589 -0.1016937
v -0.04941248 -0.263108 -0.103647
v -0.05492663 -0.277613 -0.06410015
v -0.0492245 -0.2449169 -0.1414212
v -0.04703556 -0.2403124 -0.1387519
v -0.05472519 -0.2651578 -0.104478
v -0.04905168 -0.2212987 -0.176062
v -0.0468661 -0.2171419 -0.1727362
v -0.05453553 -0.2468242 -0.1425485
v -0.04889849 -0.1927813 -0.2067959
v -0.04671572 -0.1891649 -0.2028877
v -0.05436158 -0.2230202 -0.1774615
v -0.04876831 -0.1600017 -0.2329364
v -0.04658778 -0.1570069 -0.2285327
v -0.04866394 -0.1236925 -0.2538995
v -0.04648566 -0.1213857 -0.2490984
v -0.04858763 -0.08466418 -0.2692167
v -0.04641047 -0.08309696 -0.2641253
v -0.04854105 -0.04378862 -0.2785462
v -0.04636502 -0.04299632 -0.2732779
v -0.04634987 -0.001979361 -0.2763516
v -0.04852534 -0.001979361 -0.2816795
v -0.05383076 -0.001979361 -0.2839077
v -0.04636502 0.0390376 -0.2732779
v -0.05384647 -0.04411688 -0.2807502
v -0.0538936 -0.08531339 -0.2713476
v -0.05397048 -0.1246481 -0.25591
v -0.04854105 0.0398299 -0.2785462
v -0.04858763 0.08070546 -0.2692167
v -0.04641047 0.07913824 -0.2641253
v -0.04648566 0.117427 -0.2490983
v -0.05407597 -0.1612423 -0.2347825
v -0.05384647 0.04015816 -0.2807502
v -0.04866394 0.1197338 -0.2538993
v -0.04658778 0.1530482 -0.2285326
v -0.05420727 -0.1942795 -0.2084368
v -0.05953177 -0.1927813 -0.206849
v -0.05940159 -0.1600017 -0.2329894
v -0.0538936 0.08135411 -0.2713476
v -0.04876831 0.1560429 -0.2329363
v -0.04671572 0.1852062 -0.2028876
v -0.05968495 -0.2212987 -0.176115
v -0.05929665 -0.1236925 -0.2539525
v -0.05397048 0.1206894 -0.25591
v -0.04889849 0.1888225 -0.2067959
v -0.0468661 0.2131831 -0.1727362
v -0.05985778 -0.2449169 -0.1414739
v -0.05922035 -0.08466418 -0.2692697
v -0.05407597 0.1572836 -0.2347824
v -0.04905168 0.2173398 -0.1760619
v -0.04703556 0.2363535 -0.1387519
v -0.06004576 -0.263108 -0.1037003
v -0.06024552 -0.2754661 -0.06363666
v -0.0622577 -0.2581589 -0.1017689
v -0.06207309 -0.2403124 -0.1388266
v -0.06190363 -0.2171419 -0.1728111
v -0.06175325 -0.1891649 -0.2029626
v -0.06162532 -0.1570069 -0.2286076
v -0.06152319 -0.1213857 -0.2491733
v -0.06245353 -0.2702831 -0.06246448
v -0.061448 -0.08309696 -0.2642003
v -0.06045201 -0.2817148 -0.02217866
v -0.06265666 -0.2764133 -0.02179261
v -0.06286147 -0.2764133 0.01933882
v -0.05917433 -0.04378862 -0.2785989
v -0.06140255 -0.04299632 -0.2733529
v -0.0613874 -0.001979361 -0.2764268
v -0.05915862 -0.001979361 -0.2817322
v -0.06140255 0.0390376 -0.2733528
v -0.05917433 0.0398299 -0.2785989
v -0.061448 0.07913824 -0.2642003
v -0.05922035 0.08070546 -0.2692697
v -0.06152319 0.117427 -0.2491733
v -0.05929722 0.1197338 -0.2539524
v -0.06162532 0.1530482 -0.2286076
v -0.05940159 0.1560429 -0.2329894
v -0.06175325 0.1852062 -0.2029626
v -0.05953177 0.1888225 -0.2068489
v -0.06190363 0.2131831 -0.1728111
v -0.05420727 0.1903204 -0.2084367
v -0.05436158 0.2190615 -0.1774615
v -0.05968495 0.2173398 -0.176115
v -0.06207309 0.2363535 -0.1388266
v -0.05453553 0.242865 -0.1425485
v -0.05985778 0.2409578 -0.1414739
v -0.0622577 0.2542 -0.1017689
v -0.0492245 0.2409578 -0.1414212
v -0.04722017 0.2542 -0.1016937
v -0.06004576 0.2591491 -0.1037003
v -0.06245353 0.2663238 -0.06246448
v -0.05472519 0.261199 -0.104478
v -0.04941248 0.2591491 -0.103647
v -0.04741601 0.2663238 -0.06238984
v -0.06024552 0.2715072 -0.06363666
v -0.06265666 0.2724542 -0.02179261
v -0.06045201 0.277756 -0.02217922
v -0.05513481 0.279952 -0.02231726
v -0.05492663 0.2736541 -0.06410015
v -0.04961224 0.2715072 -0.06358392
v -0.04761913 0.2724542 -0.02171742
v -0.04981929 0.277756 -0.02212592
v -0.04761913 -0.2764133 -0.02171742
v -0.04782394 -0.2764133 0.01941401
v -0.0500241 -0.2711113 0.01900551
v -0.04982322 -0.2711113 -0.02133136
v -0.05533962 -0.2689156 0.01881473
v -0.05514042 -0.2689156 -0.02119333
v -0.05494346 -0.2629525 -0.06075417
v -0.04741601 -0.2702831 -0.06238984
v -0.04962402 -0.2650994 -0.06121766
v -0.05475268 -0.25116 -0.09898403
v -0.04943212 -0.2532098 -0.09976231
v -0.04722017 -0.2581589 -0.1016937
v -0.05457313 -0.2338011 -0.13503
v -0.04703556 -0.2403124 -0.1387519
v -0.04925087 -0.2357078 -0.1361046
v -0.05440815 -0.2112636 -0.1680858
v -0.0468661 -0.2171419 -0.1727362
v -0.04908478 -0.2129851 -0.1694323
v -0.05426226 -0.1840508 -0.1974135
v -0.04671572 -0.1891649 -0.2028877
v -0.04893721 -0.185549 -0.1990013
v -0.04881208 -0.1540122 -0.2241509
v -0.05413769 -0.1527716 -0.2223578
v -0.04658778 -0.1570069 -0.2285327
v -0.04871164 -0.119079 -0.2443192
v -0.05403781 -0.1181234 -0.2423616
v -0.04648566 -0.1213857 -0.2490984
v -0.04863813 -0.08152975 -0.2590559
v -0.04641047 -0.08309696 -0.2641253
v -0.05396543 -0.08088052 -0.2569781
v -0.04636502 -0.04299632 -0.2732779
v -0.04859324 -0.04220401 -0.2680317
v -0.05392054 -0.04187576 -0.2658806
v -0.04634987 -0.001979361 -0.2763516
v -0.04857809 -0.001979361 -0.2710461
v -0.05390595 -0.001979361 -0.2688704
v -0.05392054 0.03791703 -0.2658806
v -0.04859324 0.03824529 -0.2680317
v -0.04636502 0.0390376 -0.2732779
v -0.05396543 0.07692181 -0.256978
v -0.04863813 0.07757102 -0.2590559
v -0.04641047 0.07913824 -0.2641253
v -0.05403781 0.1141647 -0.2423616
v -0.04648566 0.117427 -0.2490983
v -0.04871164 0.1151202 -0.2443192
v -0.05413769 0.1488123 -0.2223578
v -0.04658778 0.1530482 -0.2285326
v -0.04881208 0.1500529 -0.2241508
v -0.05426226 0.1800922 -0.1974134
v -0.04671572 0.1852062 -0.2028876
v -0.04893721 0.18159 -0.1990012
v -0.04908478 0.2090263 -0.1694323
v -0.05440815 0.2073045 -0.1680857
v -0.0468661 0.2131831 -0.1727362
v -0.04925087 0.2317491 -0.1361046
v -0.04703556 0.2363535 -0.1387519
v -0.05457313 0.229842 -0.13503
v -0.04722017 0.2542 -0.1016937
v -0.04943212 0.2492508 -0.09976231
v -0.05475268 0.2472008 -0.09898403
v -0.04741601 0.2663238 -0.06238984
v -0.04962402 0.2611404 -0.06121766
v -0.05494346 0.2589934 -0.06075417
v -0.04982322 0.2671524 -0.02133136
v -0.04761913 0.2724542 -0.02171742
v -0.05514042 0.2649564 -0.02119333
v -0.06065738 -0.2711113 0.01895277
v -0.06286147 -0.2764133 0.01933882
v -0.06265666 -0.2764133 -0.02179261
v -0.06045594 -0.2711113 -0.02138411
v -0.05533962 -0.2689156 0.01881473
v -0.05514042 -0.2689156 -0.02119333
v -0.05494346 -0.2629525 -0.06075417
v -0.06245353 -0.2702831 -0.06246448
v -0.0602573 -0.2650994 -0.06127041
v -0.05475268 -0.25116 -0.09898403
v -0.0600654 -0.2532098 -0.09981505
v -0.0622577 -0.2581589 -0.1017689
v -0.05457313 -0.2338011 -0.13503
v -0.06207309 -0.2403124 -0.1388266
v -0.05988415 -0.2357078 -0.1361573
v -0.05440815 -0.2112636 -0.1680858
v -0.06190363 -0.2171419 -0.1728111
v -0.05971806 -0.2129851 -0.1694854
v -0.05426226 -0.1840508 -0.1974135
v -0.06175325 -0.1891649 -0.2029626
v -0.05957048 -0.185549 -0.1990543
v -0.05944536 -0.1540122 -0.2242039
v -0.05413769 -0.1527716 -0.2223578
v -0.06162532 -0.1570069 -0.2286076
v -0.05934491 -0.119079 -0.2443722
v -0.05403781 -0.1181234 -0.2423616
v -0.06152319 -0.1213857 -0.2491733
v -0.05927141 -0.08152975 -0.259109
v -0.061448 -0.08309696 -0.2642003
v -0.05396543 -0.08088052 -0.2569781
v -0.06140255 -0.04299632 -0.2733529
v -0.05922652 -0.04220401 -0.2680847
v -0.05392054 -0.04187576 -0.2658806
v -0.0613874 -0.001979361 -0.2764268
v -0.05921137 -0.001979361 -0.2710991
v -0.05390595 -0.001979361 -0.2688704
v -0.05392054 0.03791703 -0.2658806
v -0.06140255 0.0390376 -0.2733528
v -0.05922652 0.03824529 -0.2680847
v -0.05396543 0.07692181 -0.256978
v -0.05927141 0.07757102 -0.2591089
v -0.061448 0.07913824 -0.2642003
v -0.05403781 0.1141647 -0.2423616
v -0.06152319 0.117427 -0.2491733
v -0.05934491 0.1151202 -0.2443722
v -0.05413769 0.1488123 -0.2223578
v -0.06162532 0.1530482 -0.2286076
v -0.05944536 0.1500529 -0.2242038
v -0.05426226 0.1800922 -0.1974134
v -0.06175325 0.1852062 -0.2029626
v -0.05957048 0.18159 -0.1990542
v -0.05971806 0.2090263 -0.1694853
v -0.05440815 0.2073045 -0.1680857
v -0.06190363 0.2131831 -0.1728111
v -0.05988415 0.2317491 -0.1361573
v -0.06207309 0.2363535 -0.1388266
v -0.05457313 0.229842 -0.13503
v -0.0622577 0.2542 -0.1017689
v -0.0600654 0.2492508 -0.09981505
v -0.05475268 0.2472008 -0.09898403
v -0.06245353 0.2663238 -0.06246448
v -0.0602573 0.2611404 -0.06127041
v -0.05494346 0.2589934 -0.06075417
v -0.06045594 0.2671524 -0.02138411
v -0.06265666 0.2724542 -0.02179261
v -0.05514042 0.2649564 -0.02119333
v -0.01273749 0.009046703 0.007744337
v -0.01269877 0.01158747 -7.378765E-05
v 0.01691729 0.01158747 7.378765E-05
v 0.01687801 0.009046703 0.007891912
v -0.01276162 0.002396275 0.01257673
v 0.01685389 0.002396275 0.0127243
v -0.01276162 -0.005824736 0.01257673
v 0.01685389 -0.005824736 0.0127243
v -0.01273749 -0.01247573 0.007744337
v 0.01687801 -0.01247573 0.007891912
v -0.01269877 -0.01501593 -7.378765E-05
v 0.01691729 -0.01501593 7.378765E-05
v -0.01265949 -0.01247573 -0.007892474
v 0.01695601 -0.01247573 -0.007744898
v -0.01263536 -0.005824736 -0.0127243
v 0.01698014 -0.005824736 -0.01257673
v -0.01263536 0.002396275 -0.0127243
v 0.01698014 0.002396275 -0.01257673
v -0.01265949 0.009046703 -0.007892474
v 0.01695601 0.009046703 -0.007744898
v -0.01269877 0.01158747 -7.378765E-05
v 0.01691729 0.01158747 7.378765E-05
v -0.01265949 0.009046703 -0.007892474
v -0.01269877 0.01158747 -7.378765E-05
v -0.01350847 0.01566739 -7.771551E-05
v -0.01345741 0.01234779 -0.01029464
v -0.01485797 0.01688447 -8.444898E-05
v -0.01480354 0.01333256 -0.0110168
v -0.01263536 0.002396275 -0.0127243
v -0.01476988 0.004033071 -0.01777329
v -0.01342599 0.003657118 -0.01660896
v -0.01342599 -0.007085579 -0.01660896
v -0.01263536 -0.005824736 -0.0127243
v -0.01476988 -0.007462092 -0.01777329
v -0.01265949 -0.01247573 -0.007892474
v -0.01480354 -0.01676158 -0.0110168
v -0.01345741 -0.01577681 -0.01029464
v -0.01269877 -0.01501593 -7.378765E-05
v -0.01485797 -0.02031349 -8.444898E-05
v -0.01350847 -0.01909641 -7.771551E-05
v -0.01355897 -0.01577681 0.01013865
v -0.01273749 -0.01247573 0.007744337
v -0.0149124 -0.01676158 0.01084735
v -0.01359096 -0.007085579 0.01645296
v -0.01276162 -0.005824736 0.01257673
v -0.01494607 -0.007461531 0.01760383
v -0.01276162 0.002396275 0.01257673
v -0.01359096 0.003657118 0.01645296
v -0.01494607 0.004033071 0.01760383
v -0.0149124 0.01333256 0.01084735
v -0.01355897 0.01234779 0.01013865
v -0.01485797 0.01688447 -8.444898E-05
v -0.01273749 0.009046703 0.007744337
v -0.01350847 0.01566739 -7.771551E-05
v -0.01269877 0.01158747 -7.378765E-05
v 0.01687801 0.009046703 0.007891912
v 0.01691729 0.01158747 7.378765E-05
v 0.01772699 0.01566739 7.771551E-05
v 0.01767593 0.01234779 0.01029464
v 0.01907649 0.01688447 8.444898E-05
v 0.01902206 0.01333256 0.0110168
v 0.01685389 0.002396275 0.0127243
v 0.01764451 0.003657118 0.01660839
v 0.01764451 -0.007085579 0.01660839
v 0.0189884 0.004033071 0.01777272
v 0.01685389 -0.005824736 0.0127243
v 0.0189884 -0.007461531 0.01777272
v 0.01687801 -0.01247573 0.007891912
v 0.01902206 -0.01676158 0.0110168
v 0.01767593 -0.01577681 0.01029464
v 0.01691729 -0.01501593 7.378765E-05
v 0.01907649 -0.02031349 8.444898E-05
v 0.01772699 -0.01909641 7.771551E-05
v 0.01777806 -0.01577681 -0.01013865
v 0.01695601 -0.01247573 -0.007744898
v 0.01913092 -0.01676158 -0.01084735
v 0.01780948 -0.007085579 -0.01645296
v 0.01698014 -0.005824736 -0.01257673
v 0.01916459 -0.007462092 -0.01760383
v 0.01698014 0.002396275 -0.01257673
v 0.01780948 0.003657118 -0.01645296
v 0.01916459 0.004033071 -0.01760383
v 0.01777806 0.01234779 -0.01013921
v 0.01913092 0.01333256 -0.01084791
v 0.01907649 0.01688447 8.444898E-05
v 0.01695601 0.009046703 -0.007744898
v 0.01772699 0.01566739 7.771551E-05
v 0.01691729 0.01158747 7.378765E-05
v 0.03357422 -0.0001826455 -0.0009564339
v 0.03357759 -0.00112926 -0.00164437
v 0.03357759 -0.002299762 -0.00164437
v 0.03357422 -0.003246376 -0.0009564339
v 0.03356861 -0.003607739 0.0001568338
v 0.03356861 0.0001792788 0.0001568338
v 0.033563 -0.0001826455 0.001269541
v 0.033563 -0.003246376 0.001269541
v 0.03355964 -0.002299762 0.001957477
v 0.03355964 -0.00112926 0.001957477
v -0.0293557 -0.0001826455 0.0009564339
v -0.02935907 -0.00112926 0.001643809
v -0.02935907 -0.002299762 0.001643809
v -0.0293557 -0.003246376 0.0009558728
v -0.02935009 -0.003607739 -0.0001568338
v -0.02935009 0.0001792788 -0.0001568338
v -0.02934448 -0.0001826455 -0.001270102
v -0.02934448 -0.003246376 -0.001270102
v -0.02934111 -0.002299762 -0.001957477
v -0.02934111 -0.00112926 -0.001957477
v 0.01907649 0.01688447 8.444898E-05
v 0.02515738 0.01688447 0.0001147496
v 0.02510295 0.01333256 0.01104711
v 0.01902206 0.01333256 0.0110168
v 0.0189884 0.004033071 0.01777272
v 0.02506929 0.004033071 0.01780302
v 0.0189884 -0.007461531 0.01777272
v 0.02506929 -0.007461531 0.01780302
v 0.01902206 -0.01676158 0.0110168
v 0.02510295 -0.01676158 0.01104711
v 0.01907649 -0.02031349 8.444898E-05
v 0.02515738 -0.02031349 0.0001147496
v 0.01913092 -0.01676158 -0.01084735
v 0.02521181 -0.01676158 -0.01081705
v 0.01916459 -0.007462092 -0.01760383
v 0.02524548 -0.007462092 -0.01757353
v 0.01916459 0.004033071 -0.01760383
v 0.02524548 0.004033071 -0.01757353
v 0.01913092 0.01333256 -0.01084791
v 0.02521181 0.01333256 -0.01081761
v 0.02515738 0.01688447 0.0001147496
v 0.01907649 0.01688447 8.444898E-05
v -0.01485797 0.01688447 -8.444898E-05
v -0.0209383 0.01688447 -0.0001147496
v -0.02088387 0.01333256 -0.01104711
v -0.01480354 0.01333256 -0.0110168
v -0.01476988 0.004033071 -0.01777329
v -0.0208502 0.004033071 -0.01780359
v -0.01476988 -0.007462092 -0.01777329
v -0.0208502 -0.007462092 -0.01780359
v -0.01480354 -0.01676158 -0.0110168
v -0.02088387 -0.01676158 -0.01104711
v -0.01485797 -0.02031349 -8.444898E-05
v -0.0209383 -0.02031349 -0.0001147496
v -0.0149124 -0.01676158 0.01084735
v -0.02099329 -0.01676158 0.01081705
v -0.01494607 -0.007461531 0.01760383
v -0.0210264 -0.007461531 0.01757353
v -0.01494607 0.004033071 0.01760383
v -0.0210264 0.004033071 0.01757353
v -0.0149124 0.01333256 0.01084735
v -0.02099329 0.01333256 0.01081705
v -0.0209383 0.01688447 -0.0001147496
v -0.01485797 0.01688447 -8.444898E-05
v 0.0255541 0.02934925 0.0001169941
v 0.02653157 0.02934925 0.0001214831
v 0.02644067 0.02341594 0.01838042
v 0.02546319 0.02341594 0.01837593
v 0.02540708 0.007884618 0.02965955
v 0.02638456 0.007884618 0.0296646
v 0.02540708 -0.01131364 0.02965955
v 0.02638456 -0.01131364 0.0296646
v 0.02546319 -0.02684552 0.01837537
v 0.02644067 -0.02684552 0.01838042
v 0.0255541 -0.03277771 0.0001169941
v 0.02653157 -0.03277771 0.0001214831
v 0.025645 -0.02684552 -0.01814138
v 0.02662303 -0.02684552 -0.01813689
v 0.02570167 -0.01131364 -0.02942612
v 0.02667915 -0.01131364 -0.02942107
v 0.02570167 0.007884056 -0.02942612
v 0.02667915 0.007884618 -0.02942163
v 0.025645 0.0234165 -0.01814194
v 0.02662303 0.0234165 -0.01813689
v 0.0255541 0.02934925 0.0001169941
v 0.02653157 0.02934925 0.0001214831
v -0.02133557 0.02934925 -0.0001169941
v -0.02231305 0.02934925 -0.0001220442
v -0.02124467 0.0234165 -0.01837537
v -0.02222215 0.0234165 -0.01838042
v -0.021188 0.007884618 -0.02965955
v -0.02216603 0.007884618 -0.0296646
v -0.021188 -0.01131364 -0.02965955
v -0.02216603 -0.01131364 -0.0296646
v -0.02124467 -0.02684552 -0.01837537
v -0.02222215 -0.02684552 -0.01838042
v -0.02133557 -0.03277771 -0.0001169941
v -0.02231305 -0.03277771 -0.0001220442
v -0.02142648 -0.02684552 0.01814138
v -0.02240395 -0.02684552 0.01813689
v -0.02148259 -0.01131364 0.02942612
v -0.02246062 -0.01131364 0.02942107
v -0.02148259 0.007884618 0.02942612
v -0.02246062 0.007884618 0.02942107
v -0.02142648 0.0234165 0.01814194
v -0.02240395 0.0234165 0.01813689
v -0.02133557 0.02934925 -0.0001169941
v -0.02231305 0.02934925 -0.0001220442
v 0.02692885 0.01539356 0.0001237276
v 0.02998191 0.01173168 0.0001388779
v 0.02687891 0.01212614 0.01017961
v 0.02994264 0.009163978 0.008042293
v 0.03244805 0.006508744 0.0001512226
v 0.02991851 0.002440604 0.01292687
v 0.02684748 0.003572389 0.01639405
v 0.02684748 -0.007000849 0.01639405
v 0.03242392 0.004938161 0.004984735
v 0.03356861 0.0001792788 0.0001568338
v 0.033563 -0.0001826455 0.001269541
v 0.03355964 -0.00112926 0.001957477
v 0.03240877 0.0008268145 0.007971591
v 0.03240877 -0.004255275 0.007971591
v 0.03355964 -0.002299762 0.001957477
v 0.033563 -0.003246376 0.001269541
v 0.02991851 -0.005869626 0.01292687
v 0.02687891 -0.01555517 0.01017961
v 0.02994264 -0.01259244 0.008042293
v 0.02692885 -0.01882258 0.0001237276
v 0.03242392 -0.008367183 0.004984735
v 0.02998191 -0.0151607 0.0001388779
v 0.02697879 -0.01555517 -0.009932155
v 0.03244805 -0.009937766 0.0001512226
v 0.03356861 -0.003607739 0.0001568338
v 0.03357422 -0.003246376 -0.0009564339
v 0.03002176 -0.01259244 -0.007764537
v 0.02700965 -0.007001411 -0.01614715
v 0.03247218 -0.008367183 -0.004682289
v 0.03357759 -0.002299762 -0.00164437
v 0.03004588 -0.005869626 -0.01264911
v 0.02700965 0.003572389 -0.01614715
v 0.03248677 -0.004255275 -0.007669147
v 0.03357759 -0.00112926 -0.00164437
v 0.03004588 0.002440604 -0.01264911
v 0.03248677 0.0008268145 -0.007669147
v 0.03357422 -0.0001826455 -0.0009564339
v 0.03247218 0.004938161 -0.004682289
v 0.03356861 0.0001792788 0.0001568338
v 0.03244805 0.006508744 0.0001512226
v 0.02998191 0.01173168 0.0001388779
v 0.03002176 0.009163978 -0.007764537
v 0.02697879 0.01212614 -0.009932155
v 0.02692885 0.01539356 0.0001237276
v -0.02271033 0.01539356 -0.0001237276
v -0.02576339 0.01173168 -0.0001388779
v -0.02265982 0.01212614 -0.01017961
v -0.02572411 0.009163978 -0.008042293
v -0.02822953 0.006508744 -0.0001512226
v -0.02262896 0.003572389 -0.01639461
v -0.0282054 0.004938161 -0.004984735
v -0.02935009 0.0001792788 -0.0001568338
v -0.02934448 -0.0001826455 -0.001270102
v -0.02934111 -0.00112926 -0.001957477
v -0.02569999 0.002440604 -0.01292687
v -0.02262896 -0.007001411 -0.01639461
v -0.02819025 0.0008268145 -0.007971591
v -0.02819025 -0.004255275 -0.007971591
v -0.02934111 -0.002299762 -0.001957477
v -0.02569999 -0.005869626 -0.01292687
v -0.0282054 -0.008367183 -0.004984735
v -0.02934448 -0.003246376 -0.001270102
v -0.02572411 -0.01259244 -0.008042293
v -0.02265982 -0.01555517 -0.01017961
v -0.02822953 -0.009937766 -0.0001512226
v -0.02935009 -0.003607739 -0.0001568338
v -0.0293557 -0.003246376 0.0009558728
v -0.02576339 -0.0151607 -0.0001388779
v -0.02271033 -0.01882258 -0.0001237276
v -0.0282531 -0.008367183 0.004682289
v -0.02935907 -0.002299762 0.001643809
v -0.02580267 -0.01259244 0.007764537
v -0.02276026 -0.01555517 0.009932155
v -0.02826825 -0.004255275 0.007669147
v -0.02582736 -0.005869626 0.01264911
v -0.02279113 -0.007000849 0.01614659
v -0.02582736 0.002440604 0.01264911
v -0.02279113 0.003572389 0.01614659
v -0.02826825 0.0008268145 0.007669147
v -0.02935907 -0.00112926 0.001643809
v -0.0282531 0.004938161 0.004682289
v -0.0293557 -0.0001826455 0.0009564339
v -0.02935009 0.0001792788 -0.0001568338
v -0.02822953 0.006508744 -0.0001512226
v -0.02580267 0.009163978 0.007764537
v -0.02276026 0.01212614 0.009932155
v -0.02576339 0.01173168 -0.0001388779
v -0.02271033 0.01539356 -0.0001237276
v -0.01538262 0.3174881 0.02370548
v -0.01514527 0.3174881 -0.02387886
v -0.01005195 0.3297385 -0.02477161
v -0.01029829 0.3297385 0.02464872
v -0.01054181 0.3223726 0.07351691
v -0.01561717 0.310396 0.07075843
v -0.0158433 0.2963702 0.1162285
v -0.01077749 0.3078053 0.1207421
v -0.01099969 0.2863626 0.1652684
v -0.01605709 0.2757237 0.1591005
v -0.01120282 0.2585229 0.2061013
v -0.01625348 0.2489182 0.1984161
v -0.0113835 0.2249081 0.242329
v -0.01642687 0.2165523 0.2332983
v -0.01153725 0.1862692 0.273142
v -0.01657501 0.1793489 0.2629666
v -0.01166013 0.1434693 0.2978522
v -0.0166934 0.1381392 0.2867588
v -0.01175047 0.09746451 0.3159074
v -0.01678038 0.09384359 0.3041429
v -0.01683312 0.0474522 0.3147313
v -0.0118049 0.04928314 0.3269043
v -0.01685052 2.805614E-07 0.3182877
v -0.01182342 2.805614E-07 0.3305976
v -0.01683312 -0.0474522 0.3147313
v -0.0118049 -0.04928314 0.3269043
v -0.01678038 -0.09384359 0.3041429
v -0.01175047 -0.09746508 0.3159074
v -0.0166934 -0.1381392 0.2867582
v -0.01166013 -0.1434693 0.2978516
v -0.01657501 -0.1793492 0.262966
v -0.01153725 -0.1862695 0.2731414
v -0.0113835 -0.2249078 0.2423285
v -0.01642687 -0.2165522 0.2332978
v -0.01120282 -0.2585225 0.2061007
v -0.01625348 -0.2489183 0.1984161
v -0.01605709 -0.2757237 0.1591005
v -0.01099969 -0.2863626 0.1652678
v -0.01077749 -0.3078053 0.1207416
v -0.01584386 -0.2963697 0.1162285
v -0.01054238 -0.3223726 0.07351691
v -0.01561717 -0.3103955 0.07075787
v -0.01538262 -0.3174881 0.02370548
v -0.01029829 -0.329738 0.02464872
v -0.01028931 0.3052377 0.02281273
v -0.01006149 0.3052377 -0.02293562
v -0.01514527 0.3174881 -0.02387886
v -0.01538262 0.3174881 0.02370548
v -0.01561717 0.310396 0.07075843
v -0.01051488 0.2984189 0.06804989
v -0.0158433 0.2963702 0.1162285
v -0.0107326 0.2849344 0.1117658
v -0.01605709 0.2757237 0.1591005
v -0.01093797 0.2650847 0.1529837
v -0.01112651 0.2393136 0.1907826
v -0.01625348 0.2489182 0.1984161
v -0.01129372 0.2081965 0.2243181
v -0.01642687 0.2165523 0.2332983
v -0.01143568 0.1724288 0.2528417
v -0.01657501 0.1793489 0.2629666
v -0.01155015 0.1328091 0.2757158
v -0.0166934 0.1381392 0.2867588
v -0.01678038 0.09384359 0.3041429
v -0.0116332 0.09022266 0.2924294
v -0.01168426 0.04562125 0.3026094
v -0.01683312 0.0474522 0.3147313
v -0.01170109 2.805614E-07 0.3060283
v -0.01685052 2.805614E-07 0.3182877
v -0.01683312 -0.0474522 0.3147313
v -0.01168426 -0.04562125 0.3026094
v -0.01678038 -0.09384359 0.3041429
v -0.0116332 -0.09022266 0.2924294
v -0.0166934 -0.1381392 0.2867582
v -0.01155015 -0.1328091 0.2757158
v -0.01143568 -0.1724288 0.2528417
v -0.01657501 -0.1793492 0.262966
v -0.01129372 -0.2081965 0.2243181
v -0.01642687 -0.2165522 0.2332978
v -0.01625348 -0.2489183 0.1984161
v -0.01112651 -0.2393136 0.190782
v -0.01605709 -0.2757237 0.1591005
v -0.01093797 -0.2650848 0.1529831
v -0.01584386 -0.2963697 0.1162285
v -0.0107326 -0.284934 0.1117658
v -0.01561717 -0.3103955 0.07075787
v -0.01051488 -0.2984189 0.06804989
v -0.01028931 -0.3052371 0.02281273
v -0.01538262 -0.3174881 0.02370548
v 0.01960114 0.3174881 -0.02370548
v 0.01450783 0.3052377 -0.02281273
v 0.01428001 0.3052377 0.02293505
v 0.01936379 0.3174881 0.02387886
v 0.01912924 0.310396 0.07093126
v 0.01405444 0.2984189 0.06817222
v 0.01890255 0.2963702 0.1164019
v 0.01383673 0.2849344 0.1118882
v 0.01868876 0.2757237 0.1592733
v 0.01363136 0.2650848 0.153106
v 0.01344282 0.2393136 0.1909049
v 0.01849293 0.2489182 0.1985895
v 0.0132756 0.2081965 0.2244404
v 0.01831898 0.2165523 0.2334712
v 0.01313364 0.1724288 0.252964
v 0.0181714 0.1793489 0.2631394
v 0.01301917 0.1328091 0.2758382
v 0.01805244 0.1381392 0.2869316
v 0.01293613 0.09022266 0.2925518
v 0.01796603 0.09384359 0.3043163
v 0.01288506 0.04562125 0.3027322
v 0.01791329 0.0474522 0.3149047
v 0.01286823 2.805614E-07 0.3061506
v 0.01789533 2.805614E-07 0.3184605
v 0.01288506 -0.04562125 0.3027317
v 0.01791329 -0.0474522 0.3149047
v 0.01293613 -0.09022266 0.2925518
v 0.01796603 -0.09384359 0.3043163
v 0.01805244 -0.1381392 0.2869316
v 0.01301917 -0.1328091 0.2758382
v 0.01313308 -0.1724288 0.252964
v 0.0181714 -0.1793492 0.2631394
v 0.0132756 -0.2081965 0.2244404
v 0.01831898 -0.2165522 0.2334712
v 0.01344282 -0.2393136 0.1909049
v 0.01849293 -0.2489183 0.1985895
v 0.01868876 -0.2757237 0.1592733
v 0.01363136 -0.2650848 0.153106
v 0.01890255 -0.2963697 0.1164013
v 0.01383673 -0.284934 0.1118882
v 0.01912924 -0.3103955 0.07093126
v 0.01405444 -0.2984189 0.06817222
v 0.01428001 -0.3052371 0.02293505
v 0.01936379 -0.3174881 0.0238783
v 0.01451737 0.3297385 -0.02464929
v 0.01960114 0.3174881 -0.02370548
v 0.01936379 0.3174881 0.02387886
v 0.01427104 0.3297385 0.02477105
v 0.01402751 0.3223726 0.0736398
v 0.01912924 0.310396 0.07093126
v 0.01890255 0.2963702 0.1164019
v 0.01379184 0.3078053 0.1208645
v 0.01356963 0.2863626 0.1653907
v 0.01868876 0.2757237 0.1592733
v 0.01336651 0.2585229 0.2062236
v 0.01849293 0.2489182 0.1985895
v 0.01318583 0.2249081 0.2424514
v 0.01831898 0.2165523 0.2334712
v 0.01303208 0.1862692 0.2732643
v 0.0181714 0.1793489 0.2631394
v 0.01290919 0.1434693 0.2979745
v 0.01805244 0.1381392 0.2869316
v 0.01281885 0.09746451 0.3160297
v 0.01796603 0.09384359 0.3043163
v 0.01791329 0.0474522 0.3149047
v 0.01276442 0.04928314 0.3270266
v 0.01789533 2.805614E-07 0.3184605
v 0.01274591 2.805614E-07 0.3307199
v 0.01791329 -0.0474522 0.3149047
v 0.01276442 -0.04928314 0.3270266
v 0.01796603 -0.09384359 0.3043163
v 0.01281885 -0.09746508 0.3160297
v 0.01805244 -0.1381392 0.2869316
v 0.01290919 -0.1434693 0.2979745
v 0.0181714 -0.1793492 0.2631394
v 0.01303208 -0.1862695 0.2732643
v 0.01318583 -0.2249078 0.2424508
v 0.01831898 -0.2165522 0.2334712
v 0.01336651 -0.2585225 0.2062236
v 0.01849293 -0.2489183 0.1985895
v 0.01868876 -0.2757237 0.1592733
v 0.01356963 -0.2863626 0.1653907
v 0.01379184 -0.3078053 0.1208645
v 0.01890255 -0.2963697 0.1164013
v 0.01402695 -0.3223726 0.0736398
v 0.01912924 -0.3103955 0.07093126
v 0.01936379 -0.3174881 0.0238783
v 0.01427104 -0.329738 0.02477105
v -0.009808428 0.3223726 -0.0736398
v 0.002233269 0.3316042 -0.02485017
v -0.01005195 0.3297385 -0.02477161
v 0.002477919 0.3241968 -0.07399499
v -0.009573317 0.3078053 -0.1208645
v 0.0147609 0.3223726 -0.07351747
v 0.01451737 0.3297385 -0.02464929
v 0.01499601 0.3078053 -0.1207421
v 0.002714712 0.3095476 -0.1214867
v -0.009351112 0.2863626 -0.1653908
v 0.01521821 0.2863626 -0.1652684
v 0.002938039 0.2879831 -0.1662652
v -0.009147986 0.2585228 -0.2062238
v 0.01542134 0.2585228 -0.2061013
v 0.003142849 0.2599857 -0.2073292
v -0.008967304 0.224908 -0.2424515
v 0.01560202 0.224908 -0.242329
v 0.003324092 0.2261808 -0.2437619
v 0.003478962 0.1873232 -0.2747496
v -0.008813556 0.1862692 -0.2732645
v 0.01575577 0.1862692 -0.273142
v 0.00360297 0.1442812 -0.2995995
v -0.008690109 0.1434693 -0.2979745
v 0.01587922 0.1434693 -0.2978522
v 0.003693311 0.0980161 -0.3177569
v -0.00860033 0.09746451 -0.3160297
v 0.015969 0.09746451 -0.3159074
v 0.0037483 0.04956146 -0.328816
v -0.008545339 0.04928258 -0.3270272
v 0.003766818 2.805614E-07 -0.3325301
v 0.01602398 0.04928258 -0.3269043
v -0.008527383 2.805614E-07 -0.3307199
v 0.01604194 2.805614E-07 -0.3305976
v -0.008545339 -0.04928258 -0.3270272
v 0.01602398 -0.04928258 -0.3269043
v 0.0037483 -0.04956146 -0.328816
v -0.00860033 -0.09746451 -0.3160297
v 0.015969 -0.09746451 -0.3159074
v 0.003693311 -0.0980161 -0.3177569
v -0.008690109 -0.1434693 -0.2979745
v 0.01587866 -0.1434693 -0.2978522
v 0.00360297 -0.1442812 -0.2995995
v -0.008813556 -0.1862689 -0.2732645
v 0.01575577 -0.1862689 -0.273142
v 0.003478962 -0.1873233 -0.274749
v -0.008967304 -0.2249078 -0.2424514
v 0.01560202 -0.2249078 -0.2423289
v 0.003324092 -0.2261805 -0.2437618
v 0.003142849 -0.2599853 -0.2073292
v -0.009147986 -0.2585225 -0.2062238
v 0.01542134 -0.2585225 -0.2061013
v 0.002938039 -0.2879831 -0.1662651
v -0.009351112 -0.2863626 -0.1653908
v 0.01521821 -0.2863626 -0.1652683
v 0.002714712 -0.3095471 -0.1214867
v -0.009573317 -0.3078053 -0.1208645
v 0.01499601 -0.3078053 -0.1207421
v 0.002477919 -0.3241968 -0.07399499
v -0.009808428 -0.3223726 -0.0736398
v 0.002233269 -0.3316042 -0.02485017
v 0.0147609 -0.3223726 -0.07351747
v -0.01005195 -0.329738 -0.02477161
v 0.01451737 -0.329738 -0.02464929
v -0.01029829 -0.329738 0.02464872
v 0.01427104 -0.329738 0.02477105
v 0.001985253 -0.3316042 0.0248496
v -0.009808428 0.3223726 -0.0736398
v -0.01005195 0.3297385 -0.02477161
v -0.01514527 0.3174881 -0.02387886
v -0.01491072 0.310396 -0.07093182
v -0.009573317 0.3078053 -0.1208645
v -0.01468402 0.2963702 -0.1164019
v -0.01447024 0.2757236 -0.1592739
v -0.009351112 0.2863626 -0.1653908
v -0.0142744 0.2489181 -0.1985898
v -0.009147986 0.2585228 -0.2062238
v -0.01410046 0.2165522 -0.2334715
v -0.008967304 0.224908 -0.2424515
v -0.01395232 0.1793489 -0.2631398
v -0.008813556 0.1862692 -0.2732645
v -0.008690109 0.1434693 -0.2979745
v -0.01383392 0.1381392 -0.2869321
v -0.01374751 0.09384359 -0.3043163
v -0.00860033 0.09746451 -0.3160297
v -0.01369476 0.04745163 -0.3149047
v -0.008545339 0.04928258 -0.3270272
v -0.01367681 2.805614E-07 -0.3184611
v -0.008527383 2.805614E-07 -0.3307199
v -0.01369476 -0.04745163 -0.3149047
v -0.008545339 -0.04928258 -0.3270272
v -0.01374751 -0.09384359 -0.3043163
v -0.00860033 -0.09746451 -0.3160297
v -0.01383392 -0.1381392 -0.2869321
v -0.008690109 -0.1434693 -0.2979745
v -0.01395232 -0.1793486 -0.2631397
v -0.008813556 -0.1862689 -0.2732645
v -0.01410046 -0.2165522 -0.2334714
v -0.008967304 -0.2249078 -0.2424514
v -0.0142744 -0.2489177 -0.1985897
v -0.009147986 -0.2585225 -0.2062238
v -0.01447024 -0.2757232 -0.1592739
v -0.009351112 -0.2863626 -0.1653908
v -0.01468402 -0.2963697 -0.1164019
v -0.009573317 -0.3078053 -0.1208645
v -0.009808428 -0.3223726 -0.0736398
v -0.01491072 -0.3103955 -0.07093182
v -0.01005195 -0.329738 -0.02477161
v -0.01514527 -0.3174875 -0.02387886
v -0.01538262 -0.3174881 0.02370548
v -0.01029829 -0.329738 0.02464872
v -0.01514527 0.3174881 -0.02387886
v -0.01006149 0.3052377 -0.02293562
v -0.009835922 0.2984189 -0.06817278
v -0.01491072 0.310396 -0.07093182
v -0.009617645 0.2849344 -0.1118882
v -0.01468402 0.2963702 -0.1164019
v -0.01447024 0.2757236 -0.1592739
v -0.009412275 0.2650847 -0.153106
v -0.0142744 0.2489181 -0.1985898
v -0.009224298 0.2393135 -0.1909051
v -0.01410046 0.2165522 -0.2334715
v -0.009057083 0.2081964 -0.2244408
v -0.008914559 0.1724288 -0.2529645
v -0.01395232 0.1793489 -0.2631398
v -0.01383392 0.1381392 -0.2869321
v -0.008800651 0.1328091 -0.2758387
v -0.008717605 0.09022266 -0.2925523
v -0.01374751 0.09384359 -0.3043163
v -0.008666542 0.04562069 -0.3027322
v -0.01369476 0.04745163 -0.3149047
v -0.008649709 2.805614E-07 -0.3061506
v -0.01367681 2.805614E-07 -0.3184611
v -0.008666542 -0.04562069 -0.3027322
v -0.01369476 -0.04745163 -0.3149047
v -0.01374751 -0.09384359 -0.3043163
v -0.008717605 -0.09022266 -0.2925523
v -0.01383392 -0.1381392 -0.2869321
v -0.008800651 -0.1328091 -0.2758382
v -0.01395232 -0.1793486 -0.2631397
v -0.008914559 -0.1724283 -0.2529643
v -0.01410046 -0.2165522 -0.2334714
v -0.009057083 -0.2081965 -0.2244408
v -0.0142744 -0.2489177 -0.1985897
v -0.009224298 -0.239313 -0.190905
v -0.01447024 -0.2757232 -0.1592739
v -0.009412275 -0.2650842 -0.153106
v -0.01468402 -0.2963697 -0.1164019
v -0.009618206 -0.284934 -0.1118882
v -0.009835922 -0.2984189 -0.06817278
v -0.01491072 -0.3103955 -0.07093182
v -0.01006149 -0.3052371 -0.02293562
v -0.01514527 -0.3174875 -0.02387886
v -0.01028931 -0.3052371 0.02281273
v -0.01538262 -0.3174881 0.02370548
v 0.0147334 0.2984189 -0.06805045
v 0.01450783 0.3052377 -0.02281273
v 0.01960114 0.3174881 -0.02370548
v 0.01983569 0.310396 -0.07075843
v 0.01495112 0.2849344 -0.1117658
v 0.02006239 0.2963702 -0.1162285
v 0.02027617 0.2757236 -0.1591005
v 0.01515705 0.2650847 -0.1529837
v 0.02047201 0.2489181 -0.1984166
v 0.01534503 0.2393136 -0.1907827
v 0.02064595 0.2165522 -0.2332983
v 0.01551224 0.2081964 -0.2243184
v 0.01565477 0.1724288 -0.2528419
v 0.02079353 0.1793489 -0.2629666
v 0.01576868 0.1328091 -0.2757158
v 0.02091249 0.1381392 -0.2867588
v 0.01585172 0.09022266 -0.29243
v 0.0209989 0.09384359 -0.3041435
v 0.01590278 0.04562069 -0.3026099
v 0.02105165 0.04745163 -0.3147318
v 0.01591962 2.805614E-07 -0.3060283
v 0.0210696 2.805614E-07 -0.3182877
v 0.01590278 -0.04562069 -0.3026099
v 0.02105165 -0.04745163 -0.3147318
v 0.0209989 -0.09384359 -0.3041435
v 0.01585172 -0.09022266 -0.2924294
v 0.02091249 -0.1381392 -0.2867588
v 0.01576868 -0.1328091 -0.2757158
v 0.02079353 -0.1793486 -0.2629665
v 0.01565477 -0.1724283 -0.2528419
v 0.02064595 -0.2165522 -0.2332983
v 0.01551224 -0.2081965 -0.2243183
v 0.02047201 -0.2489177 -0.1984165
v 0.01534503 -0.239313 -0.1907826
v 0.02027561 -0.2757232 -0.1591005
v 0.01515705 -0.2650842 -0.1529837
v 0.02006239 -0.2963697 -0.1162285
v 0.01495112 -0.284934 -0.1117658
v 0.0147334 -0.2984189 -0.06805045
v 0.01983569 -0.3103955 -0.07075843
v 0.01450783 -0.3052371 -0.02281329
v 0.01960114 -0.3174875 -0.02370548
v 0.01428001 -0.3052371 0.02293505
v 0.01936379 -0.3174881 0.0238783
v 0.0147609 0.3223726 -0.07351747
v 0.01960114 0.3174881 -0.02370548
v 0.01451737 0.3297385 -0.02464929
v 0.01983569 0.310396 -0.07075843
v 0.01499601 0.3078053 -0.1207421
v 0.02006239 0.2963702 -0.1162285
v 0.02027617 0.2757236 -0.1591005
v 0.01521821 0.2863626 -0.1652684
v 0.02047201 0.2489181 -0.1984166
v 0.01542134 0.2585228 -0.2061013
v 0.02064595 0.2165522 -0.2332983
v 0.01560202 0.224908 -0.242329
v 0.02079353 0.1793489 -0.2629666
v 0.01575577 0.1862692 -0.273142
v 0.01587922 0.1434693 -0.2978522
v 0.02091249 0.1381392 -0.2867588
v 0.0209989 0.09384359 -0.3041435
v 0.015969 0.09746451 -0.3159074
v 0.02105165 0.04745163 -0.3147318
v 0.01602398 0.04928258 -0.3269043
v 0.0210696 2.805614E-07 -0.3182877
v 0.01604194 2.805614E-07 -0.3305976
v 0.02105165 -0.04745163 -0.3147318
v 0.01602398 -0.04928258 -0.3269043
v 0.0209989 -0.09384359 -0.3041435
v 0.015969 -0.09746451 -0.3159074
v 0.02091249 -0.1381392 -0.2867588
v 0.01587866 -0.1434693 -0.2978522
v 0.02079353 -0.1793486 -0.2629665
v 0.01575577 -0.1862689 -0.273142
v 0.02064595 -0.2165522 -0.2332983
v 0.01560202 -0.2249078 -0.2423289
v 0.02047201 -0.2489177 -0.1984165
v 0.01542134 -0.2585225 -0.2061013
v 0.02027561 -0.2757232 -0.1591005
v 0.01521821 -0.2863626 -0.1652683
v 0.02006239 -0.2963697 -0.1162285
v 0.01499601 -0.3078053 -0.1207421
v 0.0147609 -0.3223726 -0.07351747
v 0.01983569 -0.3103955 -0.07075843
v 0.01451737 -0.329738 -0.02464929
v 0.01960114 -0.3174875 -0.02370548
v 0.01936379 -0.3174881 0.0238783
v 0.01427104 -0.329738 0.02477105
v -0.01054238 -0.3223726 0.07351691
v 0.001985253 -0.3316042 0.0248496
v -0.01029829 -0.329738 0.02464872
v 0.001740603 -0.3241968 0.07399443
v -0.01077749 -0.3078053 0.1207416
v 0.01402695 -0.3223726 0.0736398
v 0.01427104 -0.329738 0.02477105
v 0.01379184 -0.3078053 0.1208645
v 0.001503809 -0.3095471 0.1214867
v -0.01099969 -0.2863626 0.1652678
v 0.01356963 -0.2863626 0.1653907
v 0.001280482 -0.2879831 0.1662649
v -0.01120282 -0.2585225 0.2061007
v 0.01336651 -0.2585225 0.2062236
v 0.001075672 -0.2599859 0.207329
v -0.0113835 -0.2249078 0.2423285
v 0.01318583 -0.2249078 0.2424508
v 0.0008944298 -0.226181 0.2437616
v 0.0007395599 -0.1873233 0.274749
v -0.01153725 -0.1862695 0.2731414
v 0.01303208 -0.1862695 0.2732643
v 0.0006161129 -0.1442812 0.2995989
v -0.01166013 -0.1434693 0.2978516
v 0.01290919 -0.1434693 0.2979745
v 0.000525211 -0.09801666 0.3177563
v -0.01175047 -0.09746508 0.3159074
v 0.01281885 -0.09746508 0.3160297
v 0.000470221 -0.04956202 0.328816
v -0.0118049 -0.04928314 0.3269043
v 0.0004517039 2.805614E-07 0.3325301
v 0.01276442 -0.04928314 0.3270266
v -0.01182342 2.805614E-07 0.3305976
v 0.01274591 2.805614E-07 0.3307199
v -0.0118049 0.04928314 0.3269043
v 0.01276442 0.04928314 0.3270266
v 0.000470221 0.04956202 0.328816
v -0.01175047 0.09746451 0.3159074
v 0.01281885 0.09746451 0.3160297
v 0.000525211 0.0980161 0.3177569
v -0.01166013 0.1434693 0.2978522
v 0.01290919 0.1434693 0.2979745
v 0.0006161129 0.1442812 0.2995995
v -0.01153725 0.1862692 0.273142
v 0.01303208 0.1862692 0.2732643
v 0.0007395599 0.1873233 0.274749
v -0.0113835 0.2249081 0.242329
v 0.01318583 0.2249081 0.2424514
v 0.0008944298 0.2261809 0.2437616
v 0.001075672 0.2599859 0.207329
v -0.01120282 0.2585229 0.2061013
v 0.01336651 0.2585229 0.2062236
v 0.001280482 0.2879831 0.1662649
v -0.01099969 0.2863626 0.1652684
v 0.01356963 0.2863626 0.1653907
v 0.001503809 0.3095476 0.1214867
v -0.01077749 0.3078053 0.1207421
v 0.01379184 0.3078053 0.1208645
v 0.001740603 0.3241968 0.07399499
v -0.01054181 0.3223726 0.07351691
v 0.001985253 0.3316042 0.0248496
v 0.01402751 0.3223726 0.0736398
v -0.01029829 0.3297385 0.02464872
v 0.01427104 0.3297385 0.02477105
v -0.01005195 0.3297385 -0.02477161
v 0.01451737 0.3297385 -0.02464929
v 0.002233269 0.3316042 -0.02485017
v -0.02302231 0.0278331 0.2689106
v -0.05581377 0.0278331 0.2687473
v -0.05580479 0.02465041 0.2669096
v -0.02291065 0.02465041 0.267074
v -0.02324451 0.0278331 0.2725848
v -0.05583229 0.0278331 0.272422
v -0.05581377 0.0278331 0.2687473
v -0.02302231 0.0278331 0.2689106
v -0.05584126 0.02465041 0.2742597
v -0.05583229 0.0278331 0.272422
v -0.02335618 0.02465041 0.2744213
v -0.02324451 0.0278331 0.2725848
v -0.05583229 0.02146828 0.272422
v -0.05584126 0.02465041 0.2742597
v -0.02335618 0.02465041 0.2744213
v -0.02324451 0.02146828 0.2725848
v -0.05581377 0.02146828 0.2687473
v -0.05583229 0.02146828 0.272422
v -0.02324451 0.02146828 0.2725848
v -0.02302231 0.02146828 0.2689106
v -0.05580479 0.02465041 0.2669096
v -0.05581377 0.02146828 0.2687473
v -0.02302231 0.02146828 0.2689106
v -0.02291065 0.02465041 0.267074
v -0.01630398 0.0278331 0.2704598
v -0.02302231 0.0278331 0.2689106
v -0.02291065 0.02465041 0.267074
v -0.01550831 0.02465041 0.2687916
v -0.01094134 0.0278331 0.2746104
v -0.009527304 0.02465041 0.2734203
v -0.005965858 0.02465041 0.2801813
v -0.007748545 0.0278331 0.28067
v -0.01789477 0.0278331 0.2737963
v -0.02324451 0.0278331 0.2725848
v -0.02302231 0.0278331 0.2689106
v -0.01630398 0.0278331 0.2704598
v -0.01094134 0.0278331 0.2746104
v -0.01376827 0.0278331 0.2769907
v -0.01131504 0.0278331 0.2816464
v -0.007748545 0.0278331 0.28067
v -0.02324451 0.0278331 0.2725848
v -0.01869044 0.02465041 0.2754645
v -0.02335618 0.02465041 0.2744213
v -0.01789477 0.0278331 0.2737963
v -0.0151823 0.02465041 0.2781803
v -0.01376827 0.0278331 0.2769907
v -0.01131504 0.0278331 0.2816464
v -0.01309773 0.02465041 0.2821351
v -0.02324451 0.02146828 0.2725848
v -0.02335618 0.02465041 0.2744213
v -0.01869044 0.02465041 0.2754645
v -0.01789477 0.02146828 0.2737963
v -0.0151823 0.02465041 0.2781803
v -0.01376827 0.02146828 0.2769907
v -0.01131504 0.02146828 0.2816464
v -0.01309773 0.02465041 0.2821351
v -0.02302231 0.02146828 0.2689106
v -0.02324451 0.02146828 0.2725848
v -0.01789477 0.02146828 0.2737963
v -0.01630398 0.02146828 0.2704598
v -0.01094134 0.02146828 0.2746104
v -0.01376827 0.02146828 0.2769907
v -0.01131504 0.02146828 0.2816464
v -0.007748545 0.02146828 0.28067
v -0.02291065 0.02465041 0.267074
v -0.02302231 0.02146828 0.2689106
v -0.01630398 0.02146828 0.2704598
v -0.01550831 0.02465041 0.2687916
v -0.01094134 0.02146828 0.2746104
v -0.009527304 0.02465041 0.2734203
v -0.005965858 0.02465041 0.2801813
v -0.007748545 0.02146828 0.28067
v -0.007748545 0.0278331 0.28067
v -0.005965858 0.02465041 0.2801813
v -0.004758322 0.02465041 0.2974004
v -0.006594316 0.0278331 0.2974846
v -0.006594316 0.0278331 0.2974846
v -0.01026518 0.0278331 0.2976529
v -0.01131504 0.0278331 0.2816464
v -0.007748545 0.0278331 0.28067
v -0.01309773 0.02465041 0.2821351
v -0.01131504 0.0278331 0.2816464
v -0.01026518 0.0278331 0.2976529
v -0.01210061 0.02465041 0.2977371
v -0.01131504 0.02146828 0.2816464
v -0.01309773 0.02465041 0.2821351
v -0.01026518 0.02146828 0.2976529
v -0.01210061 0.02465041 0.2977371
v -0.007748545 0.02146828 0.28067
v -0.01131504 0.02146828 0.2816464
v -0.006594316 0.02146828 0.2974846
v -0.01026518 0.02146828 0.2976529
v -0.004758322 0.02465041 0.2974004
v -0.005965858 0.02465041 0.2801813
v -0.007748545 0.02146828 0.28067
v -0.006594316 0.02146828 0.2974846
v -0.01873477 -0.2753696 -0.01116494
v -0.05152623 -0.2753696 -0.01132823
v -0.05151051 -0.2734164 -0.01444078
v -0.01861693 -0.2734164 -0.01427693
v -0.05152567 -0.2790422 -0.01146346
v -0.05152623 -0.2753696 -0.01132823
v -0.0189379 -0.2790422 -0.01130073
v -0.01873477 -0.2753696 -0.01116494
v -0.01902431 -0.2807615 -0.01454964
v -0.0515094 -0.2807615 -0.01471124
v -0.05152567 -0.2790422 -0.01146346
v -0.0189379 -0.2790422 -0.01130073
v -0.05149368 -0.2788082 -0.01782435
v -0.0515094 -0.2807615 -0.01471124
v -0.01902431 -0.2807615 -0.01454964
v -0.01890647 -0.2788082 -0.01766162
v -0.0514948 -0.2751356 -0.01768912
v -0.05149368 -0.2788082 -0.01782435
v -0.01890647 -0.2788082 -0.01766162
v -0.01870279 -0.2751356 -0.01752527
v -0.05151051 -0.2734164 -0.01444078
v -0.0514948 -0.2751356 -0.01768912
v -0.01870279 -0.2751356 -0.01752527
v -0.01861693 -0.2734164 -0.01427693
v -0.01200859 -0.2768847 -0.01118683
v -0.01873477 -0.2753696 -0.01116494
v -0.01861693 -0.2734164 -0.01427693
v -0.01120562 -0.2750964 -0.01430162
v -0.006624616 -0.2810056 -0.01131196
v -0.005201048 -0.279692 -0.01444134
v -0.00160425 -0.2864305 -0.0146714
v -0.003400966 -0.2870449 -0.01151845
v -0.01873477 -0.2753696 -0.01116494
v -0.01358198 -0.2802267 -0.01131813
v -0.0189379 -0.2790422 -0.01130073
v -0.01200859 -0.2768847 -0.01118683
v -0.006624616 -0.2810056 -0.01131196
v -0.009439209 -0.2833982 -0.01141408
v -0.006961851 -0.2880387 -0.01157288
v -0.003400966 -0.2870449 -0.01151845
v -0.01435296 -0.2817805 -0.01456366
v -0.01902431 -0.2807615 -0.01454964
v -0.0189379 -0.2790422 -0.01130073
v -0.01358198 -0.2802267 -0.01131813
v -0.01083079 -0.2844772 -0.01464559
v -0.009439209 -0.2833982 -0.01141408
v -0.006961851 -0.2880387 -0.01157288
v -0.008726582 -0.2884186 -0.01478026
v -0.01890647 -0.2788082 -0.01766162
v -0.01902431 -0.2807615 -0.01454964
v -0.01435296 -0.2817805 -0.01456366
v -0.01355056 -0.2799922 -0.01767846
v -0.01083079 -0.2844772 -0.01464559
v -0.009407786 -0.2831636 -0.01777497
v -0.006929867 -0.2878041 -0.0179332
v -0.008726582 -0.2884186 -0.01478026
v -0.01870279 -0.2751356 -0.01752527
v -0.01890647 -0.2788082 -0.01766162
v -0.01355056 -0.2799922 -0.01767846
v -0.01197661 -0.2766501 -0.01754771
v -0.006592632 -0.280771 -0.01767284
v -0.009407786 -0.2831636 -0.01777497
v -0.006929867 -0.2878041 -0.0179332
v -0.003368981 -0.2868104 -0.01787934
v -0.01861693 -0.2734164 -0.01427693
v -0.01870279 -0.2751356 -0.01752527
v -0.01197661 -0.2766501 -0.01754771
v -0.01120562 -0.2750964 -0.01430162
v -0.006592632 -0.280771 -0.01767284
v -0.005201048 -0.279692 -0.01444134
v -0.00160425 -0.2864305 -0.0146714
v -0.003368981 -0.2868104 -0.01787934
v -0.003400966 -0.2870449 -0.01151845
v -0.00160425 -0.2864305 -0.0146714
v -0.0003080564 -0.3036323 -0.01529873
v -0.002159201 -0.3038421 -0.01213119
v -0.006961851 -0.2880387 -0.01157288
v -0.003400966 -0.2870449 -0.01151845
v -0.002159201 -0.3038421 -0.01213119
v -0.005829505 -0.3040284 -0.01215588
v -0.008726582 -0.2884186 -0.01478026
v -0.006961851 -0.2880387 -0.01157288
v -0.005829505 -0.3040284 -0.01215588
v -0.007648666 -0.3040048 -0.01534924
v -0.006929867 -0.2878041 -0.0179332
v -0.008726582 -0.2884186 -0.01478026
v -0.005797521 -0.3037944 -0.01851677
v -0.007648666 -0.3040048 -0.01534924
v -0.003368981 -0.2868104 -0.01787934
v -0.006929867 -0.2878041 -0.0179332
v -0.002127217 -0.3036081 -0.01849152
v -0.005797521 -0.3037944 -0.01851677
v -0.00160425 -0.2864305 -0.0146714
v -0.003368981 -0.2868104 -0.01787934
v -0.0003080564 -0.3036323 -0.01529873
v -0.002127217 -0.3036081 -0.01849152
v -0.01864948 0.0278331 -0.2743304
v -0.05145048 0.02465041 -0.2726566
v -0.0514415 0.0278331 -0.2744943
v -0.01855689 0.02465041 -0.2724926
v -0.0514415 0.0278331 -0.2744943
v -0.01883577 0.0278331 -0.2780063
v -0.01864948 0.0278331 -0.2743304
v -0.05142298 0.0278331 -0.2781691
v -0.05142298 0.0278331 -0.2781691
v -0.01892836 0.02465041 -0.2798446
v -0.01883577 0.0278331 -0.2780063
v -0.051414 0.02465041 -0.2800062
v -0.01892836 0.02465041 -0.2798446
v -0.051414 0.02465041 -0.2800062
v -0.05142298 0.02146828 -0.2781691
v -0.01883577 0.02146828 -0.2780063
v -0.01883577 0.02146828 -0.2780063
v -0.05142298 0.02146828 -0.2781691
v -0.0514415 0.02146828 -0.2744943
v -0.01864948 0.02146828 -0.2743304
v -0.05145048 0.02465041 -0.2726566
v -0.01855689 0.02465041 -0.2724926
v -0.01864948 0.02146828 -0.2743304
v -0.0514415 0.02146828 -0.2744943
v -0.01191657 0.0278331 -0.2758129
v -0.01855689 0.02465041 -0.2724926
v -0.01864948 0.0278331 -0.2743304
v -0.01113773 0.02465041 -0.2741368
v -0.006512392 0.0278331 -0.2799097
v -0.005110707 0.02465041 -0.2787055
v -0.001481925 0.02465041 -0.2854306
v -0.003259562 0.0278331 -0.2859367
v -0.01864948 0.0278331 -0.2743304
v -0.01883577 0.0278331 -0.2780063
v -0.01347424 0.0278331 -0.2791651
v -0.01191657 0.0278331 -0.2758129
v -0.006512392 0.0278331 -0.2799097
v -0.009315762 0.0278331 -0.282318
v -0.006815959 0.0278331 -0.2869489
v -0.003259562 0.0278331 -0.2859367
v -0.01883577 0.0278331 -0.2780063
v -0.01892836 0.02465041 -0.2798446
v -0.01425308 0.02465041 -0.2808411
v -0.01347424 0.0278331 -0.2791651
v -0.01071745 0.02465041 -0.2835216
v -0.009315762 0.0278331 -0.282318
v -0.006815959 0.0278331 -0.2869489
v -0.008594157 0.02465041 -0.2874551
v -0.01425308 0.02465041 -0.2808411
v -0.01892836 0.02465041 -0.2798446
v -0.01883577 0.02146828 -0.2780063
v -0.01347424 0.02146828 -0.2791651
v -0.01071745 0.02465041 -0.2835216
v -0.009315762 0.02146828 -0.282318
v -0.006815959 0.02146828 -0.2869489
v -0.008594157 0.02465041 -0.2874551
v -0.01347424 0.02146828 -0.2791651
v -0.01883577 0.02146828 -0.2780063
v -0.01864948 0.02146828 -0.2743304
v -0.01191657 0.02146828 -0.2758129
v -0.006512392 0.02146828 -0.2799097
v -0.009315762 0.02146828 -0.282318
v -0.006815959 0.02146828 -0.2869489
v -0.003259562 0.02146828 -0.2859367
v -0.01191657 0.02146828 -0.2758129
v -0.01864948 0.02146828 -0.2743304
v -0.01855689 0.02465041 -0.2724926
v -0.01113773 0.02465041 -0.2741368
v -0.006512392 0.02146828 -0.2799097
v -0.005110707 0.02465041 -0.2787055
v -0.001481925 0.02465041 -0.2854306
v -0.003259562 0.02146828 -0.2859367
v -0.003259562 0.0278331 -0.2859367
v -0.001937557 0.0278331 -0.3027395
v -0.0001032466 0.02465041 -0.3026368
v -0.001481925 0.02465041 -0.2854306
v -0.006815959 0.0278331 -0.2869489
v -0.005606739 0.0278331 -0.3029443
v -0.001937557 0.0278331 -0.3027395
v -0.003259562 0.0278331 -0.2859367
v -0.005606739 0.0278331 -0.3029443
v -0.006815959 0.0278331 -0.2869489
v -0.008594157 0.02465041 -0.2874551
v -0.007441611 0.02465041 -0.3030464
v -0.008594157 0.02465041 -0.2874551
v -0.005606739 0.02146828 -0.3029443
v -0.007441611 0.02465041 -0.3030464
v -0.006815959 0.02146828 -0.2869489
v -0.006815959 0.02146828 -0.2869489
v -0.003259562 0.02146828 -0.2859367
v -0.001937557 0.02146828 -0.3027395
v -0.005606739 0.02146828 -0.3029443
v -0.0001032466 0.02465041 -0.3026368
v -0.003259562 0.02146828 -0.2859367
v -0.001481925 0.02465041 -0.2854306
v -0.001937557 0.02146828 -0.3027395
v -0.01820226 0.2697131 0.01048318
v -0.01808387 0.2679941 0.00723596
v -0.05097801 0.2679941 0.007071551
v -0.05099428 0.2697131 0.01031989
v -0.01840707 0.2733856 0.01061729
v -0.05099428 0.2697131 0.01031989
v -0.05099484 0.2733856 0.01045512
v -0.01820226 0.2697131 0.01048318
v -0.01849405 0.2753389 0.007504176
v -0.01840707 0.2733856 0.01061729
v -0.05099484 0.2733856 0.01045512
v -0.05097913 0.2753389 0.007342012
v -0.01849405 0.2753389 0.007504176
v -0.05097913 0.2753389 0.007342012
v -0.05096286 0.2736198 0.004094233
v -0.01837565 0.2736198 0.004256959
v -0.01837565 0.2736198 0.004256959
v -0.05096286 0.2736198 0.004094233
v -0.0509623 0.2699474 0.003959002
v -0.01817084 0.2699474 0.004122289
v -0.01817084 0.2699474 0.004122289
v -0.0509623 0.2699474 0.003959002
v -0.05097801 0.2679941 0.007071551
v -0.01808387 0.2679941 0.00723596
v -0.01808387 0.2679941 0.00723596
v -0.01820226 0.2697131 0.01048318
v -0.01147665 0.2712277 0.0105724
v -0.01067312 0.2696738 0.007334718
v -0.006094356 0.2753488 0.01075139
v -0.004670225 0.2742697 0.007533916
v -0.001076234 0.2810083 0.007799888
v -0.002872949 0.2813881 0.01098987
v -0.01305172 0.2745698 0.01068799
v -0.01820226 0.2697131 0.01048318
v -0.01840707 0.2733856 0.01061729
v -0.01147665 0.2712277 0.0105724
v -0.006094356 0.2753488 0.01075139
v -0.00891007 0.2777413 0.01082546
v -0.006433834 0.2823819 0.01100839
v -0.002872949 0.2813881 0.01098987
v -0.01840707 0.2733856 0.01061729
v -0.01849405 0.2753389 0.007504176
v -0.01382326 0.276358 0.007564778
v -0.01305172 0.2745698 0.01068799
v -0.01030222 0.2790547 0.007682052
v -0.00891007 0.2777413 0.01082546
v -0.006433834 0.2823819 0.01100839
v -0.008199127 0.2829959 0.007837483
v -0.01382326 0.276358 0.007564778
v -0.01849405 0.2753389 0.007504176
v -0.01837565 0.2736198 0.004256959
v -0.01301973 0.2748041 0.004327099
v -0.01030222 0.2790547 0.007682052
v -0.008878086 0.2779756 0.004464574
v -0.006402412 0.2826162 0.004648061
v -0.008199127 0.2829959 0.007837483
v -0.01301973 0.2748041 0.004327099
v -0.01837565 0.2736198 0.004256959
v -0.01817084 0.2699474 0.004122289
v -0.01144522 0.2714621 0.004211508
v -0.006062371 0.2755831 0.004390506
v -0.008878086 0.2779756 0.004464574
v -0.006402412 0.2826162 0.004648061
v -0.002840965 0.2816223 0.004628983
v -0.01144522 0.2714621 0.004211508
v -0.01817084 0.2699474 0.004122289
v -0.01808387 0.2679941 0.00723596
v -0.01067312 0.2696738 0.007334718
v -0.006062371 0.2755831 0.004390506
v -0.004670225 0.2742697 0.007533916
v -0.001076234 0.2810083 0.007799888
v -0.002840965 0.2816223 0.004628983
v 0.0002137878 0.2982096 0.008440129
v -0.001076234 0.2810083 0.007799888
v -0.002872949 0.2813881 0.01098987
v -0.001637356 0.2981855 0.0116144
v -0.001637356 0.2981855 0.0116144
v -0.002872949 0.2813881 0.01098987
v -0.006433834 0.2823819 0.01100839
v -0.005307661 0.2983717 0.01160318
v -0.005307661 0.2983717 0.01160318
v -0.006433834 0.2823819 0.01100839
v -0.008199127 0.2829959 0.007837483
v -0.007126821 0.2985822 0.008417123
v -0.005275677 0.2986063 0.00524229
v -0.007126821 0.2985822 0.008417123
v -0.008199127 0.2829959 0.007837483
v -0.006402412 0.2826162 0.004648061
v -0.006402412 0.2826162 0.004648061
v -0.002840965 0.2816223 0.004628983
v -0.001605934 0.29842 0.005254074
v -0.005275677 0.2986063 0.00524229
v 0.0002137878 0.2982096 0.008440129
v -0.001605934 0.29842 0.005254074
v -0.002840965 0.2816223 0.004628983
v -0.001076234 0.2810083 0.007799888
v 0.0217379 -0.01116999 0.001704972
v 0.0217076 -0.008658406 0.007769027
v 0.06405778 -0.008658406 0.007980009
v 0.06408753 -0.01116999 0.001915954
v 0.0217682 -0.008658406 -0.004359083
v 0.06411783 -0.008658406 -0.004148101
v 0.06404488 -0.002594351 0.01049159
v 0.06405778 -0.008658406 0.007980009
v 0.0217076 -0.008658406 0.007769027
v 0.02169525 -0.002594351 0.01028061
v 0.06405778 0.003469703 0.007980009
v 0.0217076 0.003469703 0.007769027
v 0.06408753 0.005981289 0.001915954
v 0.06405778 0.003469703 0.007980009
v 0.0217076 0.003469703 0.007769027
v 0.0217379 0.005981289 0.001704972
v 0.06411783 0.003469703 -0.004148101
v 0.0217682 0.003469703 -0.004359083
v 0.0217682 0.003469703 -0.004359083
v 0.06413073 -0.002594351 -0.006659687
v 0.06411783 0.003469703 -0.004148101
v 0.02178054 -0.002594351 -0.006870668
v 0.06411783 -0.008658406 -0.004148101
v 0.0217682 -0.008658406 -0.004359083
v -0.01880996 -0.02113946 0.003179603
v -0.009460531 -0.2854788 0.1146455
v -0.006083694 -0.2846113 0.1164198
v -0.01543312 -0.02027197 0.004953312
v -0.01882792 -0.01961994 0.006784256
v -0.009478487 -0.2839593 0.1182508
v -0.009460531 -0.2854788 0.1146455
v -0.01880996 -0.02113946 0.003179603
v -0.01543312 -0.02027197 0.004953312
v -0.006083694 -0.2846113 0.1164198
v -0.009478487 -0.2839593 0.1182508
v -0.01882792 -0.01961994 0.006784256
v 0.02333822 -0.02138523 -0.001546174
v 0.01994287 -0.02098459 0.0003549102
v 0.00982975 -0.3047876 0.04208169
v 0.0132251 -0.3051883 0.0401806
v 0.02331858 -0.02081513 0.00232389
v 0.02333822 -0.02138523 -0.001546174
v 0.0132251 -0.3051883 0.0401806
v 0.01320546 -0.3046181 0.04405067
v 0.01994287 -0.02098459 0.0003549102
v 0.02331858 -0.02081513 0.00232389
v 0.01320546 -0.3046181 0.04405067
v 0.00982975 -0.3047876 0.04208169
v 0.02329165 -0.01964856 0.007795399
v 0.01989854 -0.01833609 0.009233557
v 0.009100852 -0.2424418 0.1882519
v 0.01249396 -0.2437537 0.1868138
v 0.0232765 -0.01720655 0.01085127
v 0.02329165 -0.01964856 0.007795399
v 0.01247881 -0.2413117 0.1898702
v 0.01249396 -0.2437537 0.1868138
v 0.01989854 -0.01833609 0.009233557
v 0.0232765 -0.01720655 0.01085127
v 0.01247881 -0.2413117 0.1898702
v 0.009100852 -0.2424418 0.1882519
v -0.01009179 -0.1893282 0.2412578
v -0.01547296 -0.01548727 0.01288759
v -0.01885317 -0.01712182 0.01179003
v -0.00671159 -0.1876936 0.2423554
v -0.01010358 -0.1861999 0.2436061
v -0.01009179 -0.1893282 0.2412578
v -0.01885317 -0.01712182 0.01179003
v -0.01886495 -0.013993 0.01413833
v -0.00671159 -0.1876936 0.2423554
v -0.01886495 -0.013993 0.01413833
v -0.01547296 -0.01548727 0.01288759
v -0.01010358 -0.1861999 0.2436061
v 0.02325574 -0.01344142 0.01498955
v 0.01986712 -0.01157512 0.01556863
v 0.01201701 -0.1168098 0.2825273
v 0.008628386 -0.1149435 0.2831058
v 0.01201701 -0.1168098 0.2825273
v 0.01200971 -0.1131608 0.2839369
v 0.02324844 -0.009792436 0.0163991
v 0.02325574 -0.01344142 0.01498955
v 0.01200971 -0.1131608 0.2839369
v 0.008628386 -0.1149435 0.2831058
v 0.02324844 -0.009792436 0.0163991
v 0.01986712 -0.01157512 0.01556863
v -0.01039592 -0.04248289 0.3021868
v -0.01549485 -0.007356601 0.01733056
v -0.0188801 -0.009312675 0.01720375
v -0.007010669 -0.04052626 0.3023136
v -0.01888235 -0.005427461 0.01765601
v -0.01039817 -0.03859711 0.3026391
v -0.01039592 -0.04248289 0.3021868
v -0.0188801 -0.009312675 0.01720375
v -0.01888235 -0.005427461 0.01765601
v -0.01549485 -0.007356601 0.01733056
v -0.007010669 -0.04052626 0.3023136
v -0.01039817 -0.03859711 0.3026391
v 0.02324002 -0.004455596 0.01807741
v 0.01985645 -0.002542728 0.01763469
v 0.008540289 0.04298005 0.3008081
v 0.01192386 0.04106774 0.3012509
v 0.02324339 -0.0005933874 0.01745681
v 0.02324002 -0.004455596 0.01807741
v 0.01192386 0.04106774 0.3012509
v 0.01192667 0.04492995 0.3006297
v 0.01192667 0.04492995 0.3006297
v 0.008540289 0.04298005 0.3008081
v 0.01985645 -0.002542728 0.01763469
v 0.02324339 -0.0005933874 0.01745681
v -0.01888403 0.0001596395 0.01794611
v -0.01028931 0.1150613 0.2808366
v -0.006899006 0.1168064 0.279963
v -0.01549372 0.001905293 0.01707244
v -0.01887617 0.003744092 0.01637946
v -0.01028145 0.1186458 0.2792694
v -0.01028931 0.1150613 0.2808366
v -0.01888403 0.0001596395 0.01794611
v -0.01549372 0.001905293 0.01707244
v -0.006899006 0.1168064 0.279963
v -0.01028145 0.1186458 0.2792694
v -0.01887617 0.003744092 0.01637946
v -0.009801694 0.2403933 0.1830228
v -0.006407462 0.2414524 0.1813911
v -0.01546903 0.009775601 0.01218338
v -0.01886327 0.008716763 0.01381512
v -0.01884755 0.01102354 0.010656
v -0.009785982 0.2427003 0.1798637
v -0.009801694 0.2403933 0.1830228
v -0.01886327 0.008716763 0.01381512
v -0.006407462 0.2414524 0.1813911
v -0.01884755 0.01102354 0.010656
v -0.01546903 0.009775601 0.01218338
v -0.009785982 0.2427003 0.1798637
v 0.02324956 0.00486241 0.01621729
v 0.01987048 0.006300007 0.01486891
v 0.00886013 0.1883156 0.2365371
v 0.01223977 0.186878 0.2378849
v 0.02326191 0.007885739 0.01373545
v 0.02324956 0.00486241 0.01621729
v 0.01225212 0.1899016 0.2354031
v 0.01223977 0.186878 0.2378849
v 0.01225212 0.1899016 0.2354031
v 0.00886013 0.1883156 0.2365371
v 0.01987048 0.006300007 0.01486891
v 0.02326191 0.007885739 0.01373545
v 0.02328155 0.01208182 0.009750912
v 0.01990527 0.01263228 0.007853756
v 0.01289404 0.2820772 0.1066119
v 0.009517205 0.2826279 0.1047148
v 0.02330006 0.01340326 0.006069385
v 0.02328155 0.01208182 0.009750912
v 0.012912 0.2833987 0.1029298
v 0.01289404 0.2820772 0.1066119
v 0.012912 0.2833987 0.1029298
v 0.009517205 0.2826279 0.1047148
v 0.02330006 0.01340326 0.006069385
v 0.01990527 0.01263228 0.007853756
v -0.009049228 0.2997409 0.03211502
v -0.005653874 0.2998043 0.03017354
v -0.01542751 0.01415236 0.003807499
v -0.01882287 0.01408951 0.005749545
v -0.00903015 0.3001 0.02821971
v -0.009049228 0.2997409 0.03211502
v -0.01882287 0.01408951 0.005749545
v -0.01880379 0.01444807 0.001853669
v -0.01880379 0.01444807 0.001853669
v -0.01542751 0.01415236 0.003807499
v -0.005653874 0.2998043 0.03017354
v -0.00903015 0.3001 0.02821971
v -0.004961448 0.2811797 -0.1087049
v -0.01538655 0.01398851 -0.004360205
v -0.01878134 0.01480943 -0.002597718
v -0.008356242 0.2820004 -0.1069424
v -0.008338286 0.2805767 -0.1105858
v -0.01878134 0.01480943 -0.002597718
v -0.01876339 0.01338587 -0.00624165
v -0.008356242 0.2820004 -0.1069424
v -0.01538655 0.01398851 -0.004360205
v -0.004961448 0.2811797 -0.1087049
v -0.008338286 0.2805767 -0.1105858
v -0.01876339 0.01338587 -0.00624165
v 0.02332139 0.01486611 0.00184918
v 0.01994511 0.01451653 -9.567144E-05
v 0.01021075 0.299324 -0.03440833
v 0.01358703 0.2996736 -0.03246348
v 0.01358703 0.2996736 -0.03246348
v 0.01360667 0.2992067 -0.03634758
v 0.02334047 0.01439869 -0.002034912
v 0.02332139 0.01486611 0.00184918
v 0.01360667 0.2992067 -0.03634758
v 0.01021075 0.299324 -0.03440833
v 0.01994511 0.01451653 -9.567144E-05
v 0.02334047 0.01439869 -0.002034912
v 0.02336796 0.01337689 -0.007535038
v 0.01998944 0.01210314 -0.009041091
v 0.01094751 0.2408619 -0.1821749
v 0.01432603 0.2421353 -0.1806688
v 0.02338367 0.01101625 -0.01065488
v 0.02336796 0.01337689 -0.007535038
v 0.01432603 0.2421353 -0.1806688
v 0.01434118 0.2397749 -0.1837883
v 0.01434118 0.2397749 -0.1837883
v 0.01094751 0.2408619 -0.1821749
v 0.01998944 0.01210314 -0.009041091
v 0.02338367 0.01101625 -0.01065488
v -0.007712633 0.1892288 -0.2360508
v -0.01534671 0.00941536 -0.01241793
v -0.01873814 0.01102073 -0.0113114
v -0.004321207 0.1876235 -0.2371574
v -0.007700289 0.1861634 -0.2384811
v -0.01873814 0.01102073 -0.0113114
v -0.01872579 0.007955319 -0.01374162
v -0.007712633 0.1892288 -0.2360508
v -0.004321207 0.1876235 -0.2371574
v -0.01872579 0.007955319 -0.01374162
v -0.01534671 0.00941536 -0.01241793
v -0.007700289 0.1861634 -0.2384811
v 0.02340443 0.007362213 -0.0148908
v 0.02002198 0.005512191 -0.01555292
v 0.01481925 0.1177648 -0.2797026
v 0.01143681 0.1159148 -0.2803642
v 0.02341229 0.003751387 -0.01639629
v 0.02340443 0.007362213 -0.0148908
v 0.01482711 0.114154 -0.2812081
v 0.01481925 0.1177648 -0.2797026
v 0.01482711 0.114154 -0.2812081
v 0.01143681 0.1159148 -0.2803642
v 0.02341229 0.003751387 -0.01639629
v 0.02002198 0.005512191 -0.01555292
v -0.007389988 0.04404506 -0.3008384
v -0.01532314 0.001404771 -0.01707469
v -0.01871008 0.00335804 -0.01692992
v -0.00400305 0.04209235 -0.3009832
v -0.01870728 -0.0005148302 -0.01748487
v -0.007387182 0.04017219 -0.3013928
v -0.007389988 0.04404506 -0.3008384
v -0.01871008 0.00335804 -0.01692992
v -0.01870728 -0.0005148302 -0.01748487
v -0.01532314 0.001404771 -0.01707469
v -0.00400305 0.04209235 -0.3009832
v -0.007387182 0.04017219 -0.3013928
v 0.02342127 -0.001538879 -0.01821489
v 0.02003377 -0.003462408 -0.01785689
v 0.01154566 -0.04148634 -0.3022328
v 0.01493372 -0.03956281 -0.3025908
v 0.02341846 -0.0054168 -0.01769641
v 0.02342127 -0.001538879 -0.01821489
v 0.01493372 -0.03956281 -0.3025908
v 0.01493092 -0.04344016 -0.3020723
v 0.01493092 -0.04344016 -0.3020723
v 0.01154566 -0.04148634 -0.3022328
v 0.02003377 -0.003462408 -0.01785689
v 0.02341846 -0.0054168 -0.01769641
v -0.01870503 -0.006092391 -0.01792254
v -0.007475279 -0.1140081 -0.2836585
v -0.004093952 -0.1157768 -0.2827972
v -0.0153237 -0.007860489 -0.01706122
v -0.007482573 -0.1176329 -0.2821867
v -0.007475279 -0.1140081 -0.2836585
v -0.01870503 -0.006092391 -0.01792254
v -0.01871233 -0.009716684 -0.01645072
v -0.0153237 -0.007860489 -0.01706122
v -0.004093952 -0.1157768 -0.2827972
v -0.007482573 -0.1176329 -0.2821867
v -0.01871233 -0.009716684 -0.01645072
v 0.02341341 -0.0109029 -0.01660166
v 0.02002086 -0.01237528 -0.01532567
v 0.0112449 -0.1884691 -0.2418243
v 0.01463689 -0.1869967 -0.2431003
v 0.01463689 -0.1869967 -0.2431003
v 0.01462511 -0.1900846 -0.240699
v 0.02340107 -0.01399132 -0.01420062
v 0.02341341 -0.0109029 -0.01660166
v 0.01462511 -0.1900846 -0.240699
v 0.0112449 -0.1884691 -0.2418243
v 0.02002086 -0.01237528 -0.01532567
v 0.02340107 -0.01399132 -0.01420062
v -0.007946061 -0.2418813 -0.1891903
v -0.01534671 -0.01585705 -0.01238202
v -0.01872467 -0.01475501 -0.01401881
v -0.004568662 -0.2429833 -0.1875533
v -0.01873982 -0.01714427 -0.01092141
v -0.007961771 -0.2442711 -0.186093
v -0.007946061 -0.2418813 -0.1891903
v -0.01872467 -0.01475501 -0.01401881
v -0.004568662 -0.2429833 -0.1875533
v -0.01873982 -0.01714427 -0.01092141
v -0.01534671 -0.01585705 -0.01238202
v -0.007961771 -0.2442711 -0.186093
v 0.02338255 -0.01817898 -0.01049103
v 0.01998776 -0.01879958 -0.008648867
v 0.01401068 -0.2843796 -0.1174338
v 0.01061588 -0.2850002 -0.1155921
v 0.02336459 -0.01963677 -0.006860568
v 0.02338255 -0.01817898 -0.01049103
v 0.01401068 -0.2843796 -0.1174338
v 0.01399272 -0.2858374 -0.1138038
v 0.01998776 -0.01879958 -0.008648867
v 0.02336459 -0.01963677 -0.006860568
v 0.01061588 -0.2850002 -0.1155921
v 0.01399272 -0.2858374 -0.1138038
v -0.02262223 0.004033071 -0.017812
v -0.02216603 0.007884618 -0.0296646
v -0.02222215 0.0234165 -0.01838042
v -0.02216603 -0.01131364 -0.0296646
v -0.0226559 0.01333256 -0.01105608
v -0.02271033 0.01688447 -0.0001237276
v -0.02231305 0.02934925 -0.0001220442
v -0.02240395 0.0234165 0.01813689
v -0.02276475 0.01333256 0.01080863
v -0.02246062 0.007884618 0.02942107
v -0.02271033 0.01539356 -0.0001237276
v -0.02276026 0.01212614 0.009932155
v -0.02265982 0.01212614 -0.01017961
v -0.02279113 0.003572389 0.01614659
v -0.02262896 0.003572389 -0.01639461
v -0.02279842 0.004033071 0.01756455
v -0.02279113 -0.007000849 0.01614659
v -0.02262223 -0.007462092 -0.017812
v -0.02262896 -0.007001411 -0.01639461
v -0.02279842 -0.007461531 0.01756455
v -0.02246062 -0.01131364 0.02942107
v -0.02276026 -0.01555517 0.009932155
v -0.0226559 -0.01676158 -0.01105608
v -0.02222215 -0.02684552 -0.01838042
v -0.02265982 -0.01555517 -0.01017961
v -0.02276475 -0.01676158 0.01080807
v -0.02240395 -0.02684552 0.01813689
v -0.02271033 -0.01882258 -0.0001237276
v -0.02271033 -0.02031349 -0.0001237276
v -0.02231305 -0.03277771 -0.0001220442
v -0.02099329 0.01333256 0.01081705
v -0.0210264 0.004033071 0.01757353
v -0.02148259 0.007884618 0.02942612
v -0.0210264 -0.007461531 0.01757353
v -0.02142648 0.0234165 0.01814194
v -0.02148259 -0.01131364 0.02942612
v -0.02099329 -0.01676158 0.01081705
v -0.02142648 -0.02684552 0.01814138
v -0.0209383 0.01688447 -0.0001147496
v -0.02133557 0.02934925 -0.0001169941
v -0.0209383 -0.02031349 -0.0001147496
v -0.02133557 -0.03277771 -0.0001169941
v -0.02124467 -0.02684552 -0.01837537
v -0.02088387 -0.01676158 -0.01104711
v -0.02124467 0.0234165 -0.01837537
v -0.02088387 0.01333256 -0.01104711
v -0.021188 -0.01131364 -0.02965955
v -0.0208502 -0.007462092 -0.01780359
v -0.0208502 0.004033071 -0.01780359
v -0.021188 0.007884618 -0.02965955
v 0.02701694 -0.007462092 -0.01756511
v 0.02667915 -0.01131364 -0.02942107
v 0.02662303 -0.02684552 -0.01813689
v 0.02667915 0.007884618 -0.02942163
v 0.02701694 0.004033071 -0.01756511
v 0.02662303 0.0234165 -0.01813689
v 0.02698327 0.01333256 -0.01080863
v 0.02653157 0.02934925 0.0001214831
v 0.02698327 -0.01676158 -0.01080863
v 0.02700965 -0.007001411 -0.01614715
v 0.02700965 0.003572389 -0.01614715
v 0.02697879 0.01212614 -0.009932155
v 0.02697879 -0.01555517 -0.009932155
v 0.02692885 0.01539356 0.0001237276
v 0.02692885 -0.02031349 0.0001237276
v 0.02653157 -0.03277771 0.0001214831
v 0.02692885 -0.01882258 0.0001237276
v 0.02644067 -0.02684552 0.01838042
v 0.02687442 -0.01676158 0.01105552
v 0.02687891 -0.01555517 0.01017961
v 0.02638456 -0.01131364 0.0296646
v 0.02684075 -0.007461531 0.017812
v 0.02684748 -0.007000849 0.01639405
v 0.02638456 0.007884618 0.0296646
v 0.02684075 0.004033071 0.017812
v 0.02684748 0.003572389 0.01639405
v 0.02644067 0.02341594 0.01838042
v 0.02687891 0.01212614 0.01017961
v 0.02687442 0.01333256 0.01105608
v 0.02692885 0.01688447 0.0001237276
v 0.02524548 -0.007462092 -0.01757353
v 0.02521181 -0.01676158 -0.01081705
v 0.025645 -0.02684552 -0.01814138
v 0.02515738 -0.02031349 0.0001147496
v 0.02570167 -0.01131364 -0.02942612
v 0.0255541 -0.03277771 0.0001169941
v 0.02570167 0.007884056 -0.02942612
v 0.02546319 -0.02684552 0.01837537
v 0.02524548 0.004033071 -0.01757353
v 0.02510295 -0.01676158 0.01104711
v 0.025645 0.0234165 -0.01814194
v 0.02540708 -0.01131364 0.02965955
v 0.02521181 0.01333256 -0.01081761
v 0.02506929 -0.007461531 0.01780302
v 0.02540708 0.007884618 0.02965955
v 0.02506929 0.004033071 0.01780302
v 0.02546319 0.02341594 0.01837593
v 0.02510295 0.01333256 0.01104711
v 0.0255541 0.02934925 0.0001169941
v 0.02515738 0.01688447 0.0001147496
vt 0.037648 0.94317
vt 0.044317 0.965178
vt 0.03801779 0.965803
vt 0.0440606 0.943063
vt 0.04405089 0.920827
vt 0.0376623 0.920846
vt 0.0440228 0.898579
vt 0.0376403 0.898587
vt 0.0439944 0.876328
vt 0.03761259 0.876329
vt 0.04398949 0.854072
vt 0.0376075 0.854063
vt 0.0440338 0.831813
vt 0.0376504 0.831788
vt 0.0377554 0.809497
vt 0.0441315 0.809553
vt 0.0381571 0.787252
vt 0.0445423 0.787313
vt 0.0446981 0.765087
vt 0.0383175 0.765061
vt 0.0383427 0.742867
vt 0.0447219 0.742867
vt 0.0446987 0.720647
vt 0.0383181 0.720673
vt 0.0445435 0.698423
vt 0.0381583 0.698483
vt 0.044133 0.676185
vt 0.037757 0.676241
vt 0.0376519 0.653954
vt 0.0440352 0.653928
vt 0.03760689 0.631683
vt 0.0439889 0.631672
vt 0.0376038 0.60942
vt 0.0439856 0.60942
vt 0.03762159 0.587166
vt 0.044004 0.58717
vt 0.0376325 0.564908
vt 0.0440211 0.564924
vt 0.0440193 0.542689
vt 0.0376066 0.542586
vt 0.0442639 0.520574
vt 0.0379644 0.519953
vt 0.05008 0.96509
vt 0.044317 0.965178
vt 0.0440606 0.943063
vt 0.0500367 0.942989
vt 0.04405089 0.920827
vt 0.0560131 0.943043
vt 0.05584349 0.965158
vt 0.0559296 0.92081
vt 0.0499902 0.920806
vt 0.0440228 0.898579
vt 0.0558698 0.89857
vt 0.0499463 0.898573
vt 0.0439944 0.876328
vt 0.0558354 0.876332
vt 0.049915 0.87633
vt 0.04398949 0.854072
vt 0.0558296 0.854098
vt 0.0499099 0.854085
vt 0.0499567 0.831839
vt 0.0440338 0.831813
vt 0.0558777 0.831866
vt 0.0500696 0.809599
vt 0.0441315 0.809553
vt 0.056027 0.80963
vt 0.0505519 0.787386
vt 0.0445423 0.787313
vt 0.0565376 0.787381
vt 0.0505511 0.765148
vt 0.0446981 0.765087
vt 0.0505533 0.742867
vt 0.0564096 0.765119
vt 0.0447219 0.742867
vt 0.0563876 0.742867
vt 0.0446987 0.720647
vt 0.0564101 0.720614
vt 0.0505517 0.720586
vt 0.0445435 0.698423
vt 0.0565385 0.698354
vt 0.0505529 0.698349
vt 0.044133 0.676185
vt 0.0560286 0.676106
vt 0.05007119 0.676138
vt 0.0440352 0.653928
vt 0.05587929 0.653873
vt 0.04995809 0.653901
vt 0.0439889 0.631672
vt 0.0558289 0.631643
vt 0.0499092 0.631658
vt 0.0499061 0.609415
vt 0.0439856 0.60942
vt 0.0558265 0.60941
vt 0.0499275 0.587174
vt 0.044004 0.58717
vt 0.055851 0.587174
vt 0.0499604 0.564942
vt 0.0440211 0.564924
vt 0.0558999 0.564935
vt 0.0499954 0.54276
vt 0.0440193 0.542689
vt 0.0559718 0.542703
vt 0.0500268 0.52066
vt 0.0442639 0.520574
vt 0.0557903 0.520589
vt 0.0621453 0.965758
vt 0.05584349 0.965158
vt 0.0560131 0.943043
vt 0.0624263 0.943124
vt 0.0559296 0.92081
vt 0.0623183 0.920806
vt 0.0558698 0.89857
vt 0.0622519 0.89856
vt 0.0558354 0.876332
vt 0.0622164 0.876329
vt 0.0558296 0.854098
vt 0.0622101 0.854107
vt 0.0558777 0.831866
vt 0.0622575 0.831896
vt 0.056027 0.80963
vt 0.0624153 0.809697
vt 0.0565376 0.787381
vt 0.0629071 0.787425
vt 0.0564096 0.765119
vt 0.06279619 0.765117
vt 0.0627698 0.742867
vt 0.0563876 0.742867
vt 0.0627967 0.720616
vt 0.0564101 0.720614
vt 0.0629082 0.69831
vt 0.0565385 0.698354
vt 0.0560286 0.676106
vt 0.0624169 0.676039
vt 0.0622591 0.653841
vt 0.05587929 0.653873
vt 0.0622094 0.631631
vt 0.0558289 0.631643
vt 0.0622075 0.60941
vt 0.0558265 0.60941
vt 0.06223319 0.58718
vt 0.055851 0.587174
vt 0.0622885 0.564935
vt 0.0558999 0.564935
vt 0.062385 0.542618
vt 0.0559718 0.542703
vt 0.0620917 0.519985
vt 0.0557903 0.520589
vt 0.292693 0.02312458
vt 0.292926 0.000500083
vt 0.299226 0.001092553
vt 0.299107 0.02320838
vt 0.299122 0.04544258
vt 0.292735 0.04543424
vt 0.299132 0.06768692
vt 0.29275 0.0676868
vt 0.299135 0.08993161
vt 0.292753 0.08993185
vt 0.292754 0.1121761
vt 0.299135 0.1121761
vt 0.299136 0.134421
vt 0.292754 0.134421
vt 0.292755 0.156667
vt 0.299136 0.156667
vt 0.292755 0.178911
vt 0.299136 0.178911
vt 0.292755 0.201156
vt 0.299136 0.201156
vt 0.299136 0.2234
vt 0.292755 0.2234
vt 0.292754 0.245644
vt 0.299135 0.245644
vt 0.299136 0.267887
vt 0.292755 0.2678881
vt 0.292755 0.290131
vt 0.299137 0.290131
vt 0.292755 0.312374
vt 0.299136 0.3123751
vt 0.299136 0.334618
vt 0.292754 0.334618
vt 0.299136 0.3568621
vt 0.292754 0.356861
vt 0.292754 0.379105
vt 0.299135 0.379105
vt 0.292753 0.401348
vt 0.299135 0.401348
vt 0.29275 0.423592
vt 0.299132 0.423592
vt 0.292735 0.4458441
vt 0.299122 0.4458361
vt 0.292693 0.468153
vt 0.299107 0.4680691
vt 0.299226 0.490185
vt 0.292926 0.490777
vt 0.299107 0.02320838
vt 0.299226 0.001092553
vt 0.305055 0.001145124
vt 0.305055 0.02325845
vt 0.299122 0.04544258
vt 0.311003 0.02320838
vt 0.310884 0.001092553
vt 0.310988 0.04544258
vt 0.305055 0.0454545
vt 0.299132 0.06768692
vt 0.310978 0.06768692
vt 0.305055 0.06768894
vt 0.299135 0.08993161
vt 0.310975 0.08993161
vt 0.305055 0.08993185
vt 0.299135 0.1121761
vt 0.310974 0.1121761
vt 0.305055 0.1121761
vt 0.299136 0.134421
vt 0.310974 0.134421
vt 0.305055 0.134421
vt 0.305055 0.156667
vt 0.299136 0.156667
vt 0.310974 0.156666
vt 0.305055 0.178911
vt 0.299136 0.178911
vt 0.310975 0.178911
vt 0.305056 0.201156
vt 0.299136 0.201156
vt 0.310975 0.201156
vt 0.305056 0.2234
vt 0.299136 0.2234
vt 0.305054 0.245644
vt 0.310975 0.2234
vt 0.299135 0.245644
vt 0.310974 0.245644
vt 0.299136 0.267887
vt 0.310975 0.267887
vt 0.305056 0.267887
vt 0.299137 0.290131
vt 0.310976 0.290131
vt 0.305056 0.290131
vt 0.299136 0.3123751
vt 0.310975 0.3123751
vt 0.305055 0.3123751
vt 0.299136 0.334618
vt 0.310974 0.334618
vt 0.305055 0.334618
vt 0.299136 0.3568621
vt 0.310974 0.3568621
vt 0.305055 0.3568621
vt 0.305055 0.379105
vt 0.299135 0.379105
vt 0.310974 0.379105
vt 0.305055 0.401348
vt 0.299135 0.401348
vt 0.310975 0.4013491
vt 0.305055 0.4235901
vt 0.299132 0.423592
vt 0.310978 0.423592
vt 0.305055 0.445824
vt 0.299122 0.4458361
vt 0.305055 0.468019
vt 0.310988 0.4458361
vt 0.299107 0.4680691
vt 0.311003 0.4680691
vt 0.299226 0.490185
vt 0.310884 0.490185
vt 0.305055 0.490132
vt 0.317417 0.02312458
vt 0.310884 0.001092553
vt 0.317184 0.000500083
vt 0.311003 0.02320838
vt 0.310988 0.04544258
vt 0.317375 0.04543424
vt 0.310978 0.06768692
vt 0.31736 0.0676868
vt 0.310975 0.08993161
vt 0.317356 0.08993185
vt 0.317356 0.1121761
vt 0.310974 0.1121761
vt 0.310974 0.134421
vt 0.317355 0.134421
vt 0.317356 0.156666
vt 0.310974 0.156666
vt 0.317356 0.178911
vt 0.310975 0.178911
vt 0.317357 0.201156
vt 0.310975 0.201156
vt 0.310975 0.2234
vt 0.317356 0.2234
vt 0.317355 0.245644
vt 0.310974 0.245644
vt 0.310975 0.267887
vt 0.317356 0.267887
vt 0.317357 0.290131
vt 0.310976 0.290131
vt 0.317356 0.3123751
vt 0.310975 0.3123751
vt 0.310974 0.334618
vt 0.317356 0.334618
vt 0.310974 0.3568621
vt 0.317356 0.3568621
vt 0.317356 0.379105
vt 0.310974 0.379105
vt 0.317356 0.401348
vt 0.310975 0.4013491
vt 0.31736 0.423592
vt 0.310978 0.423592
vt 0.317375 0.4458441
vt 0.310988 0.4458361
vt 0.317417 0.468153
vt 0.311003 0.4680691
vt 0.310884 0.490185
vt 0.317184 0.4907781
vt 0.017211 0.945546
vt 0.017211 0.968432
vt 0.0005000409 0.968432
vt 0.0005000189 0.945546
vt 0.0172109 0.922659
vt 0.0005 0.922659
vt 0.0005 0.899772
vt 0.0172109 0.899772
vt 0.0172109 0.876883
vt 0.0005000189 0.876883
vt 0.0172109 0.853993
vt 0.0005 0.853993
vt 0.0172109 0.831102
vt 0.0005000189 0.831102
vt 0.0172109 0.808212
vt 0.0005000189 0.808212
vt 0.0172109 0.785322
vt 0.0005000189 0.785322
vt 0.0005000189 0.7624331
vt 0.0172109 0.7624331
vt 0.0005000189 0.739545
vt 0.0172109 0.739545
vt 0.0172109 0.716656
vt 0.0005000189 0.716656
vt 0.0005000189 0.693768
vt 0.0172109 0.693768
vt 0.0005000189 0.670881
vt 0.0172109 0.670881
vt 0.0172109 0.647994
vt 0.0005000189 0.647994
vt 0.0005000189 0.625107
vt 0.0172109 0.625107
vt 0.0172109 0.602221
vt 0.0005 0.602221
vt 0.0005000189 0.579335
vt 0.0172109 0.579335
vt 0.0172109 0.556449
vt 0.0005 0.556449
vt 0.0005000189 0.533563
vt 0.0172109 0.533563
vt 0.0005 0.510677
vt 0.0172109 0.510677
vt 0.0357628 0.50867
vt 0.019052 0.50867
vt 0.019052 0.4857841
vt 0.0357628 0.4857841
vt 0.0357628 0.462898
vt 0.0190519 0.462898
vt 0.0357628 0.4400101
vt 0.0190519 0.4400101
vt 0.0190519 0.4171211
vt 0.0357628 0.4171211
vt 0.0357628 0.394232
vt 0.0190519 0.394232
vt 0.0190519 0.3713421
vt 0.0357628 0.3713421
vt 0.0190519 0.3484501
vt 0.0357627 0.3484501
vt 0.0357627 0.32556
vt 0.0190519 0.32556
vt 0.0357627 0.30267
vt 0.0190519 0.30267
vt 0.0357627 0.27978
vt 0.0190519 0.27978
vt 0.0190519 0.256891
vt 0.0357628 0.256891
vt 0.0357628 0.234002
vt 0.0190519 0.234002
vt 0.0357628 0.211114
vt 0.0190519 0.211114
vt 0.0190519 0.188226
vt 0.0357627 0.188226
vt 0.0190519 0.165339
vt 0.0357628 0.165339
vt 0.0357627 0.142452
vt 0.0190519 0.142452
vt 0.0357627 0.1195661
vt 0.0190519 0.1195661
vt 0.0190519 0.09667969
vt 0.0357627 0.09667969
vt 0.0357627 0.07379401
vt 0.0190519 0.07379401
vt 0.0190519 0.05090845
vt 0.0357627 0.05090845
vt 0.0190519 0.02802312
vt 0.0357627 0.02802312
vt 0.0357627 0.00513804
vt 0.0190519 0.00513804
vt 0.155166 0.531799
vt 0.15468 0.511448
vt 0.157686 0.510902
vt 0.157976 0.531548
vt 0.155147 0.552158
vt 0.160771 0.510677
vt 0.157962 0.552044
vt 0.155115 0.572513
vt 0.160772 0.531445
vt 0.157943 0.572462
vt 0.155098 0.592866
vt 0.163568 0.531548
vt 0.163857 0.510902
vt 0.160772 0.551997
vt 0.157933 0.592843
vt 0.15509 0.613219
vt 0.166378 0.531799
vt 0.166863 0.511447
vt 0.166397 0.552158
vt 0.163583 0.552044
vt 0.166429 0.572512
vt 0.163601 0.572461
vt 0.166446 0.592865
vt 0.160772 0.57244
vt 0.163611 0.592843
vt 0.166452 0.613218
vt 0.160772 0.592834
vt 0.163614 0.613208
vt 0.157928 0.613209
vt 0.163603 0.633566
vt 0.166443 0.63357
vt 0.160771 0.613204
vt 0.160759 0.633565
vt 0.157914 0.633567
vt 0.155074 0.633572
vt 0.163582 0.65392
vt 0.166423 0.653921
vt 0.166408 0.674272
vt 0.160737 0.653921
vt 0.157891 0.653923
vt 0.15505 0.653926
vt 0.155027 0.674279
vt 0.160717 0.674275
vt 0.163565 0.674273
vt 0.157869 0.674276
vt 0.16357 0.694624
vt 0.166435 0.694622
vt 0.160699 0.694626
vt 0.161251 0.714973
vt 0.157848 0.69463
vt 0.155019 0.694631
vt 0.164042 0.714973
vt 0.166828 0.714973
vt 0.166436 0.735324
vt 0.15842 0.714973
vt 0.155564 0.714974
vt 0.155019 0.735316
vt 0.16357 0.735322
vt 0.166409 0.755674
vt 0.157848 0.735317
vt 0.155027 0.755667
vt 0.163566 0.755672
vt 0.166424 0.776023
vt 0.160699 0.735321
vt 0.157869 0.755669
vt 0.15505 0.776019
vt 0.163583 0.776023
vt 0.166445 0.796373
vt 0.160717 0.755671
vt 0.157891 0.776021
vt 0.155072 0.79637
vt 0.163605 0.796374
vt 0.166456 0.816722
vt 0.160737 0.776022
vt 0.157913 0.796373
vt 0.155086 0.816721
vt 0.163616 0.816726
vt 0.166454 0.837071
vt 0.160759 0.796374
vt 0.157926 0.816725
vt 0.155089 0.837071
vt 0.163616 0.837081
vt 0.166447 0.857422
vt 0.160771 0.816727
vt 0.160772 0.837085
vt 0.157928 0.83708
vt 0.155097 0.857422
vt 0.160772 0.857452
vt 0.163612 0.857443
vt 0.157932 0.857443
vt 0.163604 0.87782
vt 0.166433 0.877773
vt 0.160772 0.87784
vt 0.157941 0.87782
vt 0.155111 0.877773
vt 0.163593 0.898232
vt 0.166418 0.898125
vt 0.166523 0.918477
vt 0.160772 0.898275
vt 0.160772 0.918809
vt 0.157951 0.898232
vt 0.155126 0.898125
vt 0.15502 0.918477
vt 0.163654 0.918711
vt 0.166519 0.938829
vt 0.163659 0.939346
vt 0.160772 0.939563
vt 0.157885 0.939346
vt 0.15789 0.918711
vt 0.155024 0.938829
vt 0.149487 0.532192
vt 0.148915 0.512282
vt 0.151772 0.512005
vt 0.152334 0.53206
vt 0.15468 0.511448
vt 0.149477 0.552323
vt 0.155166 0.531799
vt 0.15232 0.552275
vt 0.149436 0.572582
vt 0.155147 0.552158
vt 0.152281 0.572564
vt 0.155115 0.572513
vt 0.149414 0.592895
vt 0.155098 0.592866
vt 0.15226 0.592888
vt 0.149404 0.613231
vt 0.15509 0.613219
vt 0.15225 0.613228
vt 0.152233 0.633576
vt 0.149387 0.633576
vt 0.155074 0.633572
vt 0.152209 0.653928
vt 0.149362 0.653927
vt 0.15505 0.653926
vt 0.152185 0.674284
vt 0.149338 0.674285
vt 0.155027 0.674279
vt 0.152179 0.694636
vt 0.149329 0.694661
vt 0.155019 0.694631
vt 0.152728 0.714974
vt 0.149892 0.714974
vt 0.155564 0.714974
vt 0.149329 0.735287
vt 0.152179 0.735312
vt 0.155019 0.735316
vt 0.149338 0.755662
vt 0.155027 0.755667
vt 0.152185 0.755663
vt 0.149362 0.776019
vt 0.15505 0.776019
vt 0.152209 0.776017
vt 0.149385 0.79637
vt 0.152232 0.796369
vt 0.155072 0.79637
vt 0.149399 0.816717
vt 0.152246 0.816717
vt 0.155086 0.816721
vt 0.155089 0.837071
vt 0.15225 0.837062
vt 0.149404 0.837059
vt 0.152258 0.857401
vt 0.155097 0.857422
vt 0.149413 0.857393
vt 0.155111 0.877773
vt 0.152275 0.877725
vt 0.14943 0.877706
vt 0.155126 0.898125
vt 0.152291 0.898017
vt 0.149445 0.897969
vt 0.15502 0.918477
vt 0.152179 0.918242
vt 0.14934 0.918136
vt 0.155024 0.938829
vt 0.149283 0.938088
vt 0.152151 0.938312
vt 0.172057 0.532192
vt 0.169771 0.512004
vt 0.172628 0.512281
vt 0.16921 0.532059
vt 0.166863 0.511447
vt 0.172068 0.552323
vt 0.166378 0.531799
vt 0.169224 0.552275
vt 0.172108 0.572582
vt 0.166397 0.552158
vt 0.169263 0.572563
vt 0.166429 0.572512
vt 0.17213 0.592895
vt 0.166446 0.592865
vt 0.169284 0.592887
vt 0.172137 0.613231
vt 0.166452 0.613218
vt 0.169291 0.613227
vt 0.169283 0.633574
vt 0.172129 0.633576
vt 0.166443 0.63357
vt 0.169263 0.653922
vt 0.172109 0.653923
vt 0.166423 0.653921
vt 0.169251 0.674269
vt 0.172098 0.674266
vt 0.166408 0.674272
vt 0.169294 0.694619
vt 0.172147 0.694604
vt 0.166435 0.694622
vt 0.169629 0.714974
vt 0.172461 0.714974
vt 0.166828 0.714973
vt 0.172147 0.735343
vt 0.169294 0.735328
vt 0.166436 0.735324
vt 0.172099 0.75568
vt 0.166409 0.755674
vt 0.169251 0.755677
vt 0.172111 0.776023
vt 0.166424 0.776023
vt 0.169265 0.776024
vt 0.172131 0.796369
vt 0.169285 0.796371
vt 0.166445 0.796373
vt 0.172142 0.816715
vt 0.169296 0.816718
vt 0.166456 0.816722
vt 0.166454 0.837071
vt 0.169294 0.837062
vt 0.17214 0.837059
vt 0.169286 0.857401
vt 0.166447 0.857422
vt 0.172132 0.857393
vt 0.166433 0.877773
vt 0.169269 0.877725
vt 0.172114 0.877706
vt 0.166418 0.898125
vt 0.169253 0.898017
vt 0.172099 0.897969
vt 0.166523 0.918477
vt 0.169365 0.918242
vt 0.172204 0.918136
vt 0.166519 0.938829
vt 0.17226 0.938088
vt 0.169392 0.938312
vt 0.138696 0.541041
vt 0.135831 0.52017
vt 0.138692 0.520687
vt 0.135825 0.540807
vt 0.132943 0.540709
vt 0.132943 0.519953
vt 0.13859 0.561394
vt 0.130056 0.52017
vt 0.135765 0.561288
vt 0.138606 0.581749
vt 0.135775 0.581701
vt 0.132943 0.561244
vt 0.135783 0.602081
vt 0.13862 0.602102
vt 0.132943 0.581681
vt 0.135787 0.622445
vt 0.138627 0.622455
vt 0.132943 0.602072
vt 0.135789 0.642803
vt 0.13863 0.642807
vt 0.132943 0.622441
vt 0.13579 0.663157
vt 0.138631 0.663159
vt 0.13579 0.68351
vt 0.138632 0.68351
vt 0.13579 0.703861
vt 0.138632 0.703861
vt 0.13579 0.724212
vt 0.138632 0.724212
vt 0.138633 0.744562
vt 0.135791 0.744562
vt 0.132943 0.744562
vt 0.138632 0.764912
vt 0.132943 0.724212
vt 0.132943 0.703861
vt 0.132943 0.683509
vt 0.135791 0.764912
vt 0.13579 0.785262
vt 0.138632 0.785261
vt 0.138631 0.80561
vt 0.132943 0.663156
vt 0.132943 0.764912
vt 0.13579 0.805611
vt 0.13863 0.825957
vt 0.132943 0.642801
vt 0.130097 0.642803
vt 0.130096 0.663157
vt 0.132943 0.785262
vt 0.135789 0.825962
vt 0.138626 0.846306
vt 0.130099 0.622445
vt 0.130096 0.68351
vt 0.132943 0.805612
vt 0.135787 0.846316
vt 0.138618 0.866656
vt 0.130103 0.602081
vt 0.130096 0.703861
vt 0.132943 0.825964
vt 0.135783 0.866678
vt 0.138601 0.887006
vt 0.130112 0.581701
vt 0.130121 0.561288
vt 0.127282 0.581749
vt 0.127267 0.602102
vt 0.12726 0.622455
vt 0.127257 0.642807
vt 0.127255 0.663159
vt 0.127255 0.68351
vt 0.127297 0.561394
vt 0.127255 0.703861
vt 0.130061 0.540807
vt 0.127192 0.541041
vt 0.127195 0.520687
vt 0.130096 0.724212
vt 0.127255 0.724212
vt 0.127255 0.744562
vt 0.130096 0.744562
vt 0.127255 0.764912
vt 0.130096 0.764912
vt 0.127255 0.785261
vt 0.130096 0.785262
vt 0.127255 0.805609
vt 0.130096 0.805611
vt 0.127257 0.825957
vt 0.130097 0.825962
vt 0.12726 0.846306
vt 0.130099 0.846316
vt 0.127268 0.866656
vt 0.132943 0.84632
vt 0.132943 0.866688
vt 0.130104 0.866678
vt 0.127286 0.887006
vt 0.132943 0.887078
vt 0.130114 0.887057
vt 0.127318 0.907359
vt 0.135773 0.887057
vt 0.138569 0.90736
vt 0.130133 0.907473
vt 0.127336 0.927718
vt 0.132943 0.90752
vt 0.135754 0.907474
vt 0.13855 0.927718
vt 0.130146 0.927969
vt 0.126852 0.948069
vt 0.129857 0.948614
vt 0.132941 0.948839
vt 0.132943 0.928072
vt 0.13574 0.927969
vt 0.13903 0.94807
vt 0.136026 0.948615
vt 0.138696 0.541041
vt 0.138692 0.520687
vt 0.141565 0.521205
vt 0.141538 0.541275
vt 0.144434 0.521428
vt 0.144377 0.541381
vt 0.144272 0.56155
vt 0.13859 0.561394
vt 0.141426 0.561502
vt 0.144287 0.581815
vt 0.141442 0.581797
vt 0.138606 0.581749
vt 0.144304 0.60213
vt 0.13862 0.602102
vt 0.141458 0.602123
vt 0.144313 0.622467
vt 0.138627 0.622455
vt 0.141467 0.622464
vt 0.144318 0.642812
vt 0.13863 0.642807
vt 0.141471 0.642811
vt 0.141473 0.663161
vt 0.14432 0.663161
vt 0.138631 0.663159
vt 0.141474 0.683511
vt 0.14432 0.683511
vt 0.138632 0.68351
vt 0.141474 0.703862
vt 0.138632 0.703861
vt 0.144321 0.703862
vt 0.138632 0.724212
vt 0.141474 0.724212
vt 0.144321 0.724212
vt 0.138633 0.744562
vt 0.141474 0.744562
vt 0.144321 0.744562
vt 0.14432 0.764911
vt 0.141474 0.764911
vt 0.138632 0.764912
vt 0.14432 0.78526
vt 0.141474 0.78526
vt 0.138632 0.785261
vt 0.144319 0.805607
vt 0.138631 0.80561
vt 0.141473 0.805608
vt 0.144317 0.825952
vt 0.13863 0.825957
vt 0.141471 0.825953
vt 0.144313 0.846293
vt 0.138626 0.846306
vt 0.141467 0.846297
vt 0.141457 0.866634
vt 0.144303 0.866626
vt 0.138618 0.866656
vt 0.141436 0.886956
vt 0.138601 0.887006
vt 0.144281 0.886937
vt 0.138569 0.90736
vt 0.141397 0.907243
vt 0.144241 0.907195
vt 0.13855 0.927718
vt 0.141383 0.927458
vt 0.144229 0.927326
vt 0.141938 0.947513
vt 0.13903 0.94807
vt 0.144795 0.947237
vt 0.124322 0.521205
vt 0.127195 0.520687
vt 0.127192 0.541041
vt 0.12435 0.541275
vt 0.121454 0.521428
vt 0.121511 0.541381
vt 0.121615 0.56155
vt 0.127297 0.561394
vt 0.124461 0.561502
vt 0.121601 0.581815
vt 0.124446 0.581797
vt 0.127282 0.581749
vt 0.121583 0.60213
vt 0.127267 0.602102
vt 0.124429 0.602123
vt 0.121574 0.622467
vt 0.12726 0.622455
vt 0.12442 0.622464
vt 0.12157 0.642812
vt 0.127257 0.642807
vt 0.124416 0.642811
vt 0.124414 0.663161
vt 0.121568 0.663161
vt 0.127255 0.663159
vt 0.124414 0.683511
vt 0.121567 0.683511
vt 0.127255 0.68351
vt 0.124413 0.703862
vt 0.127255 0.703861
vt 0.121567 0.703862
vt 0.127255 0.724212
vt 0.124413 0.724212
vt 0.121567 0.724212
vt 0.127255 0.744562
vt 0.124414 0.744562
vt 0.121567 0.744562
vt 0.121567 0.764911
vt 0.127255 0.764912
vt 0.124414 0.764911
vt 0.121567 0.78526
vt 0.124414 0.78526
vt 0.127255 0.785261
vt 0.121568 0.805607
vt 0.127255 0.805609
vt 0.124415 0.805608
vt 0.12157 0.825952
vt 0.127257 0.825957
vt 0.124416 0.825953
vt 0.121574 0.846293
vt 0.12726 0.846306
vt 0.124421 0.846296
vt 0.12443 0.866634
vt 0.121584 0.866626
vt 0.127268 0.866656
vt 0.124451 0.886955
vt 0.127286 0.887006
vt 0.121606 0.886937
vt 0.127318 0.907359
vt 0.12449 0.907242
vt 0.121647 0.907194
vt 0.127336 0.927718
vt 0.124504 0.927457
vt 0.121658 0.927325
vt 0.123944 0.947512
vt 0.126852 0.948069
vt 0.121087 0.947235
vt 0.8770779 0.592441
vt 0.8770779 0.589523
vt 0.89288 0.589523
vt 0.89288 0.592441
vt 0.8770779 0.595359
vt 0.89288 0.595359
vt 0.8770779 0.598277
vt 0.89288 0.598277
vt 0.8770779 0.601195
vt 0.89288 0.601195
vt 0.8770779 0.604113
vt 0.89288 0.604113
vt 0.8770779 0.607031
vt 0.89288 0.607031
vt 0.8770779 0.609948
vt 0.89288 0.609948
vt 0.8770779 0.612866
vt 0.89288 0.612866
vt 0.8770779 0.615784
vt 0.89288 0.615784
vt 0.8770779 0.618702
vt 0.89288 0.618702
vt 0.8445749 0.625872
vt 0.847649 0.628399
vt 0.846843 0.630392
vt 0.8428559 0.627203
vt 0.846264 0.631379
vt 0.841933 0.627881
vt 0.843208 0.621991
vt 0.8400049 0.622698
vt 0.8411189 0.622469
vt 0.841105 0.617459
vt 0.8432369 0.617753
vt 0.8399739 0.617298
vt 0.844527 0.613679
vt 0.8415489 0.612164
vt 0.8425809 0.612686
vt 0.847052 0.61024
vt 0.8447369 0.607829
vt 0.845538 0.608663
vt 0.8496619 0.605843
vt 0.850564 0.607833
vt 0.849187 0.604789
vt 0.8545049 0.60459
vt 0.854672 0.606721
vt 0.854411 0.603437
vt 0.858812 0.606699
vt 0.8595389 0.604662
vt 0.859916 0.603607
vt 0.864581 0.606735
vt 0.8637509 0.607488
vt 0.867185 0.611649
vt 0.862175 0.608889
vt 0.866107 0.612026
vt 0.864 0.612419
vt 0.8590339 0.574164
vt 0.85498 0.574289
vt 0.854118 0.572176
vt 0.8592069 0.572078
vt 0.8538879 0.570996
vt 0.859342 0.570971
vt 0.8630409 0.575412
vt 0.86403 0.57348
vt 0.867988 0.576545
vt 0.86455 0.572455
vt 0.866365 0.577997
vt 0.8688459 0.575778
vt 0.868546 0.581603
vt 0.871657 0.580418
vt 0.8705809 0.580828
vt 0.8693039 0.585752
vt 0.8726339 0.585752
vt 0.871482 0.585752
vt 0.870582 0.590676
vt 0.868546 0.589901
vt 0.871658 0.591085
vt 0.8679889 0.594959
vt 0.866366 0.593507
vt 0.868847 0.595726
vt 0.863042 0.596093
vt 0.864031 0.598025
vt 0.864552 0.599049
vt 0.8592089 0.599427
vt 0.859344 0.600534
vt 0.853889 0.600509
vt 0.859035 0.597341
vt 0.8541189 0.599329
vt 0.8549809 0.597216
vt 0.9897159 0.976244
vt 0.989141 0.976315
vt 0.988634 0.976035
vt 0.988389 0.97551
vt 0.9884989 0.974942
vt 0.990139 0.975848
vt 0.990248 0.97528
vt 0.988922 0.974547
vt 0.989496 0.974475
vt 0.990003 0.974755
vt 0.9796779 0.974527
vt 0.980255 0.974475
vt 0.980752 0.974772
vt 0.980979 0.975304
vt 0.98085 0.975869
vt 0.979242 0.974908
vt 0.979113 0.975473
vt 0.980415 0.97625
vt 0.979838 0.976302
vt 0.9793409 0.976005
vt 0.84925 0.348348
vt 0.853102 0.348348
vt 0.853102 0.353192
vt 0.84925 0.353192
vt 0.84925 0.358036
vt 0.853102 0.358036
vt 0.84925 0.36288
vt 0.853102 0.36288
vt 0.84925 0.367723
vt 0.853102 0.367723
vt 0.84925 0.3725671
vt 0.853102 0.3725671
vt 0.84925 0.3774101
vt 0.853102 0.3774101
vt 0.84925 0.3822531
vt 0.853102 0.3822531
vt 0.84925 0.387097
vt 0.853102 0.387097
vt 0.84925 0.3919411
vt 0.853102 0.3919411
vt 0.853102 0.396785
vt 0.84925 0.396785
vt 0.593375 0.726082
vt 0.589523 0.726082
vt 0.589523 0.721238
vt 0.593375 0.721238
vt 0.593375 0.716394
vt 0.589523 0.716394
vt 0.593375 0.711551
vt 0.589523 0.711551
vt 0.593375 0.706707
vt 0.589523 0.706707
vt 0.593375 0.701864
vt 0.589523 0.701864
vt 0.593375 0.69702
vt 0.589523 0.69702
vt 0.593375 0.692177
vt 0.589523 0.692177
vt 0.593375 0.687333
vt 0.589523 0.687333
vt 0.593375 0.682489
vt 0.589523 0.682489
vt 0.589523 0.677645
vt 0.593375 0.677645
vt 0.9976649 0.09789753
vt 0.998392 0.09789753
vt 0.998392 0.1076081
vt 0.9976649 0.1076081
vt 0.9976649 0.112174
vt 0.998392 0.112174
vt 0.9976649 0.1196331
vt 0.998392 0.1196331
vt 0.9976649 0.1316221
vt 0.998392 0.1316221
vt 0.9976649 0.144986
vt 0.998392 0.144986
vt 0.9976649 0.153072
vt 0.998392 0.153072
vt 0.9976649 0.157639
vt 0.998392 0.157639
vt 0.9976649 0.165097
vt 0.998392 0.165097
vt 0.9976649 0.177086
vt 0.998392 0.177086
vt 0.9976649 0.190451
vt 0.998392 0.190451
vt 0.9983749 0.91415
vt 0.9976649 0.91415
vt 0.9983749 0.904882
vt 0.9976649 0.904882
vt 0.9983749 0.895621
vt 0.9976649 0.895621
vt 0.9983749 0.886366
vt 0.9976649 0.886366
vt 0.9983749 0.8771
vt 0.9976649 0.8771
vt 0.9983749 0.867824
vt 0.9976649 0.867824
vt 0.9983749 0.858548
vt 0.9976649 0.858548
vt 0.9983749 0.849272
vt 0.9976649 0.849272
vt 0.9983749 0.840004
vt 0.9976649 0.840004
vt 0.9983749 0.830712
vt 0.9976649 0.830712
vt 0.9983749 0.821422
vt 0.9976649 0.821422
vt 0.902336 0.673794
vt 0.899545 0.674103
vt 0.9008709 0.668949
vt 0.8985159 0.670356
vt 0.896426 0.674148
vt 0.89587 0.66758
vt 0.897287 0.665235
vt 0.892308 0.663731
vt 0.895918 0.671837
vt 0.8932999 0.673772
vt 0.89316 0.673203
vt 0.8926769 0.672744
vt 0.8943219 0.670141
vt 0.892116 0.669473
vt 0.8919979 0.672557
vt 0.8913 0.67272
vt 0.8922139 0.666472
vt 0.887224 0.664875
vt 0.888489 0.66731
vt 0.883359 0.668374
vt 0.889877 0.669978
vt 0.885658 0.669873
vt 0.881716 0.673322
vt 0.888178 0.671516
vt 0.890767 0.673205
vt 0.8905389 0.673887
vt 0.884454 0.673497
vt 0.88272 0.678437
vt 0.887455 0.673691
vt 0.8906699 0.674591
vt 0.88519 0.677244
vt 0.886106 0.682385
vt 0.8878959 0.675944
vt 0.891114 0.675136
vt 0.8876799 0.680141
vt 0.889398 0.677692
vt 0.891729 0.675392
vt 0.8915939 0.678467
vt 0.892305 0.67529
vt 0.8939129 0.677997
vt 0.895131 0.680868
vt 0.891289 0.681441
vt 0.8909529 0.684164
vt 0.895977 0.683546
vt 0.729565 0.618983
vt 0.732327 0.61848
vt 0.731365 0.623714
vt 0.7336149 0.622145
vt 0.735435 0.618218
vt 0.735201 0.627171
vt 0.7361029 0.620488
vt 0.7385789 0.618375
vt 0.738758 0.618932
vt 0.739269 0.619356
vt 0.7364479 0.624731
vt 0.7402769 0.628318
vt 0.7378119 0.622069
vt 0.740059 0.622578
vt 0.739956 0.619493
vt 0.740175 0.625577
vt 0.742255 0.621913
vt 0.7406369 0.61928
vt 0.743832 0.624473
vt 0.7452689 0.62681
vt 0.7438359 0.620255
vt 0.7411309 0.61876
vt 0.741308 0.618064
vt 0.746469 0.621709
vt 0.748871 0.623036
vt 0.7443969 0.618033
vt 0.7411239 0.617372
vt 0.747404 0.618006
vt 0.7501479 0.61798
vt 0.743791 0.615819
vt 0.7463939 0.614323
vt 0.74877 0.612952
vt 0.7436969 0.611616
vt 0.745101 0.609263
vt 0.742164 0.614186
vt 0.740641 0.616862
vt 0.7399169 0.613575
vt 0.740009 0.616652
vt 0.7394409 0.616796
vt 0.737639 0.614214
vt 0.7400019 0.610586
vt 0.740137 0.607846
vt 0.736212 0.611441
vt 0.735171 0.608832
vt 0.07759739 0.472718
vt 0.0790948 0.496223
vt 0.0719848 0.497586
vt 0.07107459 0.4733701
vt 0.07101509 0.449473
vt 0.07747249 0.4491611
vt 0.0775601 0.425629
vt 0.0710676 0.4257721
vt 0.0711114 0.4021721
vt 0.07763709 0.40211
vt 0.0711367 0.378618
vt 0.07768179 0.3785931
vt 0.0711495 0.355085
vt 0.0777043 0.355075
vt 0.0711557 0.33156
vt 0.0777155 0.3315561
vt 0.07115969 0.308038
vt 0.0777237 0.3080361
vt 0.07116769 0.284518
vt 0.0777382 0.284517
vt 0.07777229 0.2609991
vt 0.07122159 0.2609991
vt 0.07756029 0.23748
vt 0.0709997 0.23748
vt 0.0777719 0.213963
vt 0.07122129 0.2139621
vt 0.0777363 0.190447
vt 0.0711665 0.190444
vt 0.0777192 0.166931
vt 0.0711571 0.166927
vt 0.07770529 0.143416
vt 0.0711499 0.1434051
vt 0.07113689 0.1198751
vt 0.07768209 0.1199011
vt 0.0711115 0.09632421
vt 0.0776372 0.09638608
vt 0.07755999 0.07286847
vt 0.0710676 0.07272625
vt 0.0710149 0.04902661
vt 0.0774723 0.04933786
vt 0.0710742 0.02512991
vt 0.07759699 0.02578223
vt 0.0790945 0.002277493
vt 0.07198429 0.000914216
vt 0.0841721 0.471985
vt 0.08584079 0.494766
vt 0.0790948 0.496223
vt 0.07759739 0.472718
vt 0.07747249 0.4491611
vt 0.08398619 0.4488211
vt 0.0775601 0.425629
vt 0.0840867 0.4254841
vt 0.07763709 0.40211
vt 0.08418049 0.402051
vt 0.0842353 0.3785701
vt 0.07768179 0.3785931
vt 0.084263 0.355067
vt 0.0777043 0.355075
vt 0.0842769 0.3315541
vt 0.0777155 0.3315561
vt 0.0842877 0.308035
vt 0.0777237 0.3080361
vt 0.0777382 0.284517
vt 0.0843074 0.2845141
vt 0.08434249 0.2609971
vt 0.07777229 0.2609991
vt 0.08408859 0.23748
vt 0.07756029 0.23748
vt 0.0777719 0.213963
vt 0.0843422 0.213964
vt 0.0777363 0.190447
vt 0.0843052 0.190451
vt 0.0777192 0.166931
vt 0.08428219 0.166934
vt 0.08426429 0.143424
vt 0.07770529 0.143416
vt 0.08423559 0.119923
vt 0.07768209 0.1199011
vt 0.0776372 0.09638608
vt 0.08418059 0.09644449
vt 0.07755999 0.07286847
vt 0.0840866 0.07301331
vt 0.0774723 0.04933786
vt 0.08398589 0.04967785
vt 0.07759699 0.02578223
vt 0.0841718 0.02651525
vt 0.08584039 0.003734469
vt 0.0790945 0.002277493
vt 0.05093 0.496223
vt 0.04418389 0.494766
vt 0.0458535 0.471985
vt 0.05242839 0.472718
vt 0.0525542 0.4491611
vt 0.0460407 0.4488211
vt 0.0524657 0.425629
vt 0.0459392 0.425485
vt 0.0523865 0.40211
vt 0.0458428 0.402052
vt 0.045788 0.378571
vt 0.0523418 0.3785931
vt 0.0457603 0.355067
vt 0.0523194 0.355075
vt 0.0457459 0.3315541
vt 0.0523077 0.3315561
vt 0.0457339 0.308035
vt 0.0522982 0.3080361
vt 0.04571339 0.2845141
vt 0.0522828 0.284517
vt 0.0456787 0.2609971
vt 0.052249 0.2609991
vt 0.0459331 0.23748
vt 0.0524617 0.23748
vt 0.0456789 0.213964
vt 0.0522493 0.2139621
vt 0.0457151 0.1904501
vt 0.0522842 0.190447
vt 0.0523023 0.166931
vt 0.045739 0.166934
vt 0.0457581 0.1434231
vt 0.0523176 0.143415
vt 0.0457875 0.119923
vt 0.0523415 0.1199
vt 0.0458429 0.09644401
vt 0.0523866 0.09638584
vt 0.0524658 0.07286835
vt 0.0459393 0.07301319
vt 0.052554 0.04933774
vt 0.04604059 0.04967773
vt 0.052428 0.02578223
vt 0.0458531 0.02651525
vt 0.04418319 0.003734708
vt 0.0509294 0.002277613
vt 0.0580404 0.497586
vt 0.05093 0.496223
vt 0.05242839 0.472718
vt 0.0589515 0.4733701
vt 0.0590113 0.449473
vt 0.0525542 0.4491611
vt 0.0524657 0.425629
vt 0.058958 0.425771
vt 0.05891269 0.4021721
vt 0.0523865 0.40211
vt 0.0588875 0.378618
vt 0.0523418 0.3785931
vt 0.0588748 0.355085
vt 0.0523194 0.355075
vt 0.0588681 0.33156
vt 0.0523077 0.3315561
vt 0.0588626 0.308038
vt 0.0522982 0.3080361
vt 0.0588536 0.284518
vt 0.0522828 0.284517
vt 0.052249 0.2609991
vt 0.0588001 0.2609991
vt 0.0524617 0.23748
vt 0.0590223 0.23748
vt 0.0522493 0.2139621
vt 0.0588002 0.2139621
vt 0.0522842 0.190447
vt 0.0588543 0.190444
vt 0.0523023 0.166931
vt 0.0588649 0.166927
vt 0.0523176 0.143415
vt 0.0588736 0.1434051
vt 0.0588872 0.1198751
vt 0.0523415 0.1199
vt 0.0589128 0.09632421
vt 0.0523866 0.09638584
vt 0.0524658 0.07286835
vt 0.058958 0.07272625
vt 0.0590112 0.04902649
vt 0.052554 0.04933774
vt 0.05895109 0.0251298
vt 0.052428 0.02578223
vt 0.0509294 0.002277613
vt 0.0580398 0.000914216
vt 0.229076 0.473044
vt 0.235209 0.49757
vt 0.228759 0.497249
vt 0.235209 0.473235
vt 0.229107 0.4492021
vt 0.241341 0.473044
vt 0.241659 0.497249
vt 0.241311 0.4492021
vt 0.235209 0.449301
vt 0.229096 0.425536
vt 0.241322 0.425536
vt 0.235209 0.425583
vt 0.229084 0.40195
vt 0.241333 0.40195
vt 0.235209 0.4019721
vt 0.229076 0.378401
vt 0.241341 0.378401
vt 0.235209 0.3784111
vt 0.235209 0.354872
vt 0.229069 0.3548681
vt 0.241349 0.3548681
vt 0.235209 0.331344
vt 0.229065 0.331342
vt 0.241353 0.331342
vt 0.235209 0.307822
vt 0.229063 0.307821
vt 0.241356 0.307821
vt 0.235209 0.284302
vt 0.229062 0.284302
vt 0.235209 0.2607831
vt 0.241357 0.284302
vt 0.229062 0.2607831
vt 0.241357 0.2607831
vt 0.229062 0.237265
vt 0.241357 0.237265
vt 0.235209 0.237265
vt 0.229062 0.213748
vt 0.241357 0.213748
vt 0.235209 0.213747
vt 0.229063 0.19023
vt 0.241355 0.19023
vt 0.235209 0.1902291
vt 0.229065 0.166711
vt 0.241353 0.166711
vt 0.235209 0.1667091
vt 0.22907 0.1431891
vt 0.241347 0.1431891
vt 0.235209 0.143185
vt 0.235209 0.11965
vt 0.229075 0.11966
vt 0.241342 0.11966
vt 0.235209 0.09609199
vt 0.229083 0.09611392
vt 0.241334 0.09611392
vt 0.235209 0.0724839
vt 0.229095 0.07253098
vt 0.241322 0.07253098
vt 0.235209 0.04876828
vt 0.229107 0.04886746
vt 0.235209 0.02483487
vt 0.241311 0.04886734
vt 0.229076 0.02502584
vt 0.241341 0.02502573
vt 0.228759 0.0008219481
vt 0.241659 0.0008219481
vt 0.235209 0.000500083
vt 0.229076 0.473044
vt 0.228759 0.497249
vt 0.221964 0.495983
vt 0.222545 0.4724571
vt 0.229107 0.4492021
vt 0.222571 0.4489341
vt 0.222553 0.425415
vt 0.229096 0.425536
vt 0.222536 0.401896
vt 0.229084 0.40195
vt 0.222524 0.3783771
vt 0.229076 0.378401
vt 0.222512 0.3548571
vt 0.229069 0.3548681
vt 0.229065 0.331342
vt 0.222504 0.331338
vt 0.222501 0.307819
vt 0.229063 0.307821
vt 0.222499 0.284301
vt 0.229062 0.284302
vt 0.222499 0.2607831
vt 0.229062 0.2607831
vt 0.222499 0.237265
vt 0.229062 0.237265
vt 0.222499 0.213748
vt 0.229062 0.213748
vt 0.222501 0.190232
vt 0.229063 0.19023
vt 0.222506 0.166716
vt 0.229065 0.166711
vt 0.222515 0.1432
vt 0.22907 0.1431891
vt 0.222522 0.119684
vt 0.229075 0.11966
vt 0.222535 0.0961684
vt 0.229083 0.09611392
vt 0.222552 0.07265246
vt 0.229095 0.07253098
vt 0.229107 0.04886746
vt 0.22257 0.04913533
vt 0.229076 0.02502584
vt 0.222544 0.02561319
vt 0.221963 0.002087116
vt 0.228759 0.0008219481
vt 0.221964 0.495983
vt 0.215592 0.4946921
vt 0.215912 0.471846
vt 0.222545 0.4724571
vt 0.215976 0.448658
vt 0.222571 0.4489341
vt 0.222553 0.425415
vt 0.215983 0.4252911
vt 0.222536 0.401896
vt 0.215976 0.401841
vt 0.222524 0.3783771
vt 0.215967 0.378353
vt 0.215952 0.354848
vt 0.222512 0.3548571
vt 0.222504 0.331338
vt 0.215942 0.331334
vt 0.215938 0.3078181
vt 0.222501 0.307819
vt 0.215936 0.2843001
vt 0.222499 0.284301
vt 0.215935 0.2607831
vt 0.222499 0.2607831
vt 0.215935 0.237265
vt 0.222499 0.237265
vt 0.222499 0.213748
vt 0.215936 0.2137491
vt 0.222501 0.190232
vt 0.215939 0.190233
vt 0.222506 0.166716
vt 0.215944 0.16672
vt 0.222515 0.1432
vt 0.215957 0.1432101
vt 0.222522 0.119684
vt 0.215964 0.1197081
vt 0.222535 0.0961684
vt 0.215973 0.09622324
vt 0.222552 0.07265246
vt 0.215982 0.0727762
vt 0.215975 0.04941094
vt 0.22257 0.04913533
vt 0.215911 0.02622378
vt 0.222544 0.02561319
vt 0.215592 0.003377914
vt 0.221963 0.002087116
vt 0.254506 0.471846
vt 0.254825 0.4946921
vt 0.248454 0.495983
vt 0.247873 0.4724571
vt 0.254442 0.448658
vt 0.247847 0.4489341
vt 0.247864 0.425415
vt 0.254434 0.4252911
vt 0.247881 0.401896
vt 0.254442 0.401841
vt 0.247893 0.3783771
vt 0.25445 0.378353
vt 0.254466 0.354848
vt 0.247906 0.3548571
vt 0.254476 0.331334
vt 0.247914 0.331338
vt 0.254481 0.3078181
vt 0.247918 0.307819
vt 0.254483 0.284301
vt 0.24792 0.284301
vt 0.254484 0.2607831
vt 0.24792 0.2607831
vt 0.254484 0.237265
vt 0.24792 0.237265
vt 0.24792 0.213748
vt 0.254483 0.2137491
vt 0.247917 0.190232
vt 0.25448 0.190233
vt 0.247912 0.166716
vt 0.254474 0.1667191
vt 0.247902 0.1432
vt 0.25446 0.1432101
vt 0.247895 0.119684
vt 0.254453 0.1197081
vt 0.247882 0.09616828
vt 0.254444 0.09622324
vt 0.247865 0.07265234
vt 0.254436 0.07277608
vt 0.254443 0.04941082
vt 0.247847 0.04913521
vt 0.254506 0.02622378
vt 0.247873 0.02561319
vt 0.254826 0.003377914
vt 0.248454 0.002086997
vt 0.241341 0.473044
vt 0.248454 0.495983
vt 0.241659 0.497249
vt 0.247873 0.4724571
vt 0.241311 0.4492021
vt 0.247847 0.4489341
vt 0.247864 0.425415
vt 0.241322 0.425536
vt 0.247881 0.401896
vt 0.241333 0.40195
vt 0.247893 0.3783771
vt 0.241341 0.378401
vt 0.247906 0.3548571
vt 0.241349 0.3548681
vt 0.241353 0.331342
vt 0.247914 0.331338
vt 0.247918 0.307819
vt 0.241356 0.307821
vt 0.24792 0.284301
vt 0.241357 0.284302
vt 0.24792 0.2607831
vt 0.241357 0.2607831
vt 0.24792 0.237265
vt 0.241357 0.237265
vt 0.24792 0.213748
vt 0.241357 0.213748
vt 0.247917 0.190232
vt 0.241355 0.19023
vt 0.247912 0.166716
vt 0.241353 0.166711
vt 0.247902 0.1432
vt 0.241347 0.1431891
vt 0.247895 0.119684
vt 0.241342 0.11966
vt 0.247882 0.09616828
vt 0.241334 0.09611392
vt 0.247865 0.07265234
vt 0.241322 0.07253098
vt 0.241311 0.04886734
vt 0.247847 0.04913521
vt 0.241341 0.02502573
vt 0.247873 0.02561319
vt 0.248454 0.002086997
vt 0.241659 0.0008219481
vt 0.0710742 0.02512991
vt 0.06501229 0.000500083
vt 0.07198429 0.000914216
vt 0.0650128 0.02488327
vt 0.0710149 0.04902661
vt 0.05895109 0.0251298
vt 0.0580398 0.000914216
vt 0.0590112 0.04902649
vt 0.0650128 0.04890418
vt 0.0710676 0.07272625
vt 0.058958 0.07272625
vt 0.06501259 0.07266867
vt 0.0711115 0.09632421
vt 0.0589128 0.09632421
vt 0.06501229 0.09629858
vt 0.07113689 0.1198751
vt 0.0588872 0.1198751
vt 0.06501229 0.119864
vt 0.06501199 0.143401
vt 0.0711499 0.1434051
vt 0.0588736 0.1434051
vt 0.0650112 0.1669251
vt 0.0711571 0.166927
vt 0.0588649 0.166927
vt 0.06501059 0.190443
vt 0.0711665 0.190444
vt 0.0588543 0.190444
vt 0.06501099 0.213941
vt 0.07122129 0.2139621
vt 0.0650111 0.23748
vt 0.0588002 0.2139621
vt 0.0709997 0.23748
vt 0.0590223 0.23748
vt 0.07122159 0.2609991
vt 0.0588001 0.2609991
vt 0.0650111 0.2610201
vt 0.07116769 0.284518
vt 0.0588536 0.284518
vt 0.0650108 0.2845191
vt 0.07115969 0.308038
vt 0.0588626 0.308038
vt 0.0650114 0.3080391
vt 0.0711557 0.33156
vt 0.0588681 0.33156
vt 0.0650121 0.331562
vt 0.0711495 0.355085
vt 0.0588748 0.355085
vt 0.06501229 0.35509
vt 0.06501229 0.3786291
vt 0.0711367 0.378618
vt 0.0588875 0.378618
vt 0.06501229 0.402197
vt 0.0711114 0.4021721
vt 0.05891269 0.4021721
vt 0.06501259 0.4258291
vt 0.0710676 0.4257721
vt 0.058958 0.425771
vt 0.06501299 0.449595
vt 0.07101509 0.449473
vt 0.0650132 0.4736171
vt 0.0590113 0.449473
vt 0.07107459 0.4733701
vt 0.0589515 0.4733701
vt 0.0719848 0.497586
vt 0.0580404 0.497586
vt 0.0650128 0.498
vt 0.631315 0.663832
vt 0.6474819 0.663832
vt 0.6474819 0.665707
vt 0.6312649 0.665707
vt 0.631416 0.661956
vt 0.647483 0.661956
vt 0.6474819 0.663832
vt 0.631315 0.663832
vt 0.647483 0.660081
vt 0.647483 0.661956
vt 0.631467 0.660081
vt 0.631416 0.661956
vt 0.6474839 0.658206
vt 0.647483 0.660081
vt 0.631467 0.660081
vt 0.631418 0.658206
vt 0.6474839 0.65633
vt 0.6474839 0.658206
vt 0.631418 0.658206
vt 0.631317 0.65633
vt 0.6474839 0.654455
vt 0.6474839 0.65633
vt 0.631317 0.65633
vt 0.631267 0.654455
vt 0.8656529 0.67342
vt 0.868855 0.672544
vt 0.8694999 0.674303
vt 0.865886 0.675248
vt 0.862417 0.673376
vt 0.862131 0.675195
vt 0.858526 0.67414
vt 0.859262 0.672415
vt 0.8653439 0.671508
vt 0.867968 0.670978
vt 0.868855 0.672544
vt 0.8656529 0.67342
vt 0.862417 0.673376
vt 0.862782 0.671477
vt 0.860278 0.670907
vt 0.859262 0.672415
vt 0.867968 0.670978
vt 0.865194 0.669486
vt 0.867543 0.669504
vt 0.8653439 0.671508
vt 0.862978 0.669469
vt 0.862782 0.671477
vt 0.860278 0.670907
vt 0.860781 0.669452
vt 0.86799 0.668036
vt 0.867543 0.669504
vt 0.865194 0.669486
vt 0.8653749 0.667467
vt 0.862978 0.669469
vt 0.862813 0.667458
vt 0.8602999 0.66799
vt 0.860781 0.669452
vt 0.868902 0.666485
vt 0.86799 0.668036
vt 0.8653749 0.667467
vt 0.8657119 0.665559
vt 0.8624769 0.665554
vt 0.862813 0.667458
vt 0.8602999 0.66799
vt 0.8593069 0.666467
vt 0.869573 0.664735
vt 0.868902 0.666485
vt 0.8657119 0.665559
vt 0.8659739 0.663735
vt 0.8624769 0.665554
vt 0.862218 0.663731
vt 0.8585969 0.664731
vt 0.8593069 0.666467
vt 0.6117439 0.691597
vt 0.611923 0.693465
vt 0.6034369 0.693465
vt 0.6034579 0.691599
vt 0.6034579 0.691599
vt 0.603497 0.68974
vt 0.611383 0.689741
vt 0.6117439 0.691597
vt 0.6112 0.687874
vt 0.611383 0.689741
vt 0.603497 0.68974
vt 0.603514 0.687874
vt 0.611383 0.686007
vt 0.6112 0.687874
vt 0.603496 0.686008
vt 0.603514 0.687874
vt 0.6117439 0.684151
vt 0.611383 0.686007
vt 0.6034579 0.684149
vt 0.603496 0.686008
vt 0.6034369 0.682283
vt 0.611923 0.682283
vt 0.6117439 0.684151
vt 0.6034579 0.684149
vt 0.775893 0.618621
vt 0.79206 0.618621
vt 0.79206 0.620497
vt 0.775843 0.620497
vt 0.79206 0.616746
vt 0.79206 0.618621
vt 0.7759939 0.616746
vt 0.775893 0.618621
vt 0.776045 0.61487
vt 0.792061 0.614871
vt 0.79206 0.616746
vt 0.7759939 0.616746
vt 0.7920619 0.612995
vt 0.792061 0.614871
vt 0.776045 0.61487
vt 0.775995 0.612995
vt 0.7920619 0.61112
vt 0.7920619 0.612995
vt 0.775995 0.612995
vt 0.775895 0.61112
vt 0.7920619 0.609244
vt 0.7920619 0.61112
vt 0.775895 0.61112
vt 0.7758449 0.609244
vt 0.8656529 0.687334
vt 0.868855 0.686457
vt 0.8694999 0.688217
vt 0.865886 0.689162
vt 0.862417 0.68729
vt 0.862131 0.689109
vt 0.858526 0.688054
vt 0.859262 0.686329
vt 0.868855 0.686457
vt 0.8653439 0.685422
vt 0.867968 0.684892
vt 0.8656529 0.687334
vt 0.862417 0.68729
vt 0.862782 0.685391
vt 0.860278 0.684821
vt 0.859262 0.686329
vt 0.865194 0.6834
vt 0.867543 0.683418
vt 0.867968 0.684892
vt 0.8653439 0.685422
vt 0.862978 0.683383
vt 0.862782 0.685391
vt 0.860278 0.684821
vt 0.860781 0.683366
vt 0.86799 0.68195
vt 0.867543 0.683418
vt 0.865194 0.6834
vt 0.8653749 0.681381
vt 0.862978 0.683383
vt 0.862813 0.681372
vt 0.8602999 0.681904
vt 0.860781 0.683366
vt 0.868902 0.680398
vt 0.86799 0.68195
vt 0.8653749 0.681381
vt 0.8657119 0.679473
vt 0.8624769 0.679468
vt 0.862813 0.681372
vt 0.8602999 0.681904
vt 0.8593069 0.680381
vt 0.869573 0.678649
vt 0.868902 0.680398
vt 0.8657119 0.679473
vt 0.8659739 0.677649
vt 0.8624769 0.679468
vt 0.862218 0.677645
vt 0.8585969 0.678645
vt 0.8593069 0.680381
vt 0.6117439 0.733339
vt 0.611923 0.735207
vt 0.6034369 0.735207
vt 0.6034579 0.733341
vt 0.611383 0.731483
vt 0.6117439 0.733339
vt 0.6034579 0.733341
vt 0.603497 0.731481
vt 0.6112 0.729616
vt 0.611383 0.731483
vt 0.603497 0.731481
vt 0.603514 0.729616
vt 0.611383 0.727749
vt 0.6112 0.729616
vt 0.603497 0.72775
vt 0.603514 0.729616
vt 0.6117439 0.725892
vt 0.611383 0.727749
vt 0.6034579 0.72589
vt 0.603497 0.72775
vt 0.611923 0.724025
vt 0.6117439 0.725892
vt 0.6034369 0.724024
vt 0.6034579 0.72589
vt 0.812196 0.62209
vt 0.8283629 0.623966
vt 0.8283629 0.62209
vt 0.8121459 0.623966
vt 0.8283629 0.62209
vt 0.8122979 0.620215
vt 0.812196 0.62209
vt 0.828364 0.620215
vt 0.828364 0.620215
vt 0.812348 0.618339
vt 0.8122979 0.620215
vt 0.828364 0.618339
vt 0.812348 0.618339
vt 0.828364 0.618339
vt 0.828365 0.616464
vt 0.812299 0.616464
vt 0.812299 0.616464
vt 0.828365 0.616464
vt 0.828365 0.614588
vt 0.8121979 0.614588
vt 0.828365 0.612713
vt 0.812148 0.612713
vt 0.8121979 0.614588
vt 0.828365 0.614588
vt 0.823911 0.636316
vt 0.827758 0.637199
vt 0.827114 0.63544
vt 0.824145 0.638145
vt 0.820676 0.636272
vt 0.8203889 0.638092
vt 0.816784 0.637036
vt 0.81752 0.635311
vt 0.827114 0.63544
vt 0.826226 0.633874
vt 0.823602 0.634404
vt 0.823911 0.636316
vt 0.820676 0.636272
vt 0.8210399 0.634374
vt 0.8185359 0.633803
vt 0.81752 0.635311
vt 0.826226 0.633874
vt 0.825802 0.6324
vt 0.823452 0.632382
vt 0.823602 0.634404
vt 0.821236 0.632366
vt 0.8210399 0.634374
vt 0.8185359 0.633803
vt 0.819039 0.632348
vt 0.823452 0.632382
vt 0.825802 0.6324
vt 0.8262479 0.630933
vt 0.823633 0.630363
vt 0.821236 0.632366
vt 0.821071 0.630355
vt 0.818558 0.630886
vt 0.819039 0.632348
vt 0.823633 0.630363
vt 0.8262479 0.630933
vt 0.82716 0.629381
vt 0.8239709 0.628455
vt 0.820735 0.628451
vt 0.821071 0.630355
vt 0.818558 0.630886
vt 0.817565 0.629363
vt 0.8239709 0.628455
vt 0.82716 0.629381
vt 0.8278309 0.627632
vt 0.824232 0.626631
vt 0.820735 0.628451
vt 0.8204759 0.626627
vt 0.816856 0.627627
vt 0.817565 0.629363
vt 0.6117439 0.705511
vt 0.6034579 0.705513
vt 0.6034369 0.707379
vt 0.611923 0.707379
vt 0.611383 0.703655
vt 0.603497 0.703654
vt 0.6034579 0.705513
vt 0.6117439 0.705511
vt 0.603497 0.703654
vt 0.611383 0.703655
vt 0.6112 0.701788
vt 0.603514 0.701788
vt 0.6112 0.701788
vt 0.603496 0.699922
vt 0.603514 0.701788
vt 0.611383 0.699921
vt 0.611383 0.699921
vt 0.6117439 0.698065
vt 0.6034579 0.698063
vt 0.603496 0.699922
vt 0.6034369 0.696197
vt 0.6117439 0.698065
vt 0.611923 0.696197
vt 0.6034579 0.698063
vt 0.812196 0.608176
vt 0.8121459 0.610052
vt 0.8283629 0.610052
vt 0.8283629 0.608176
vt 0.8122979 0.606301
vt 0.8283629 0.608176
vt 0.828364 0.606301
vt 0.812196 0.608176
vt 0.812348 0.604425
vt 0.8122979 0.606301
vt 0.828364 0.606301
vt 0.828364 0.604426
vt 0.812348 0.604425
vt 0.828364 0.604426
vt 0.828365 0.60255
vt 0.812299 0.60255
vt 0.812299 0.60255
vt 0.828365 0.60255
vt 0.828365 0.600675
vt 0.8121979 0.600675
vt 0.8121979 0.600675
vt 0.828365 0.600675
vt 0.828365 0.598799
vt 0.812148 0.598799
vt 0.864862 0.660389
vt 0.8642169 0.65863
vt 0.861015 0.659506
vt 0.861248 0.661334
vt 0.857779 0.659462
vt 0.8574929 0.661282
vt 0.8538879 0.660226
vt 0.8546239 0.658501
vt 0.860706 0.657594
vt 0.8642169 0.65863
vt 0.86333 0.657064
vt 0.861015 0.659506
vt 0.857779 0.659462
vt 0.8581439 0.657563
vt 0.8556399 0.656993
vt 0.8546239 0.658501
vt 0.86333 0.657064
vt 0.862905 0.65559
vt 0.860556 0.655572
vt 0.860706 0.657594
vt 0.85834 0.655556
vt 0.8581439 0.657563
vt 0.8556399 0.656993
vt 0.856143 0.655538
vt 0.860556 0.655572
vt 0.862905 0.65559
vt 0.8633519 0.654123
vt 0.860737 0.653553
vt 0.85834 0.655556
vt 0.8581749 0.653545
vt 0.855662 0.654076
vt 0.856143 0.655538
vt 0.860737 0.653553
vt 0.8633519 0.654123
vt 0.864264 0.652571
vt 0.861074 0.651645
vt 0.857839 0.651641
vt 0.8581749 0.653545
vt 0.855662 0.654076
vt 0.854669 0.652553
vt 0.861074 0.651645
vt 0.864264 0.652571
vt 0.8649349 0.650821
vt 0.861336 0.649821
vt 0.857839 0.651641
vt 0.8575799 0.649817
vt 0.853959 0.650817
vt 0.854669 0.652553
vt 0.797927 0.625535
vt 0.8064129 0.625534
vt 0.806234 0.623667
vt 0.797948 0.623669
vt 0.797948 0.623669
vt 0.806234 0.623667
vt 0.8058729 0.621811
vt 0.797987 0.621809
vt 0.797987 0.621809
vt 0.8058729 0.621811
vt 0.8056899 0.619944
vt 0.7980039 0.619944
vt 0.797987 0.618078
vt 0.7980039 0.619944
vt 0.8056899 0.619944
vt 0.8058729 0.618076
vt 0.8058729 0.618076
vt 0.806234 0.61622
vt 0.797948 0.616218
vt 0.797987 0.618078
vt 0.797927 0.614352
vt 0.797948 0.616218
vt 0.806234 0.61622
vt 0.8064129 0.614353
vt 0.724295 0.608075
vt 0.726984 0.608075
vt 0.726984 0.629587
vt 0.724295 0.629587
vt 0.721606 0.608075
vt 0.721606 0.629587
vt 0.708161 0.629587
vt 0.705472 0.629587
vt 0.705472 0.608075
vt 0.708161 0.608075
vt 0.71085 0.629587
vt 0.71085 0.608075
vt 0.713539 0.629587
vt 0.71085 0.629587
vt 0.71085 0.608075
vt 0.713539 0.608075
vt 0.716228 0.629587
vt 0.716228 0.608075
vt 0.716228 0.608075
vt 0.718917 0.629587
vt 0.716228 0.629587
vt 0.718917 0.608075
vt 0.721606 0.629587
vt 0.721606 0.608075
vt 0.489423 0.473574
vt 0.489423 0.615586
vt 0.487488 0.615586
vt 0.487488 0.473574
vt 0.491358 0.473574
vt 0.491358 0.615586
vt 0.489423 0.615586
vt 0.489423 0.473574
vt 0.493294 0.473574
vt 0.493294 0.615586
vt 0.491358 0.615586
vt 0.491358 0.473574
vt 0.535803 0.4689361
vt 0.533867 0.4689361
vt 0.533867 0.610948
vt 0.535803 0.610948
vt 0.537738 0.4689361
vt 0.535803 0.4689361
vt 0.535803 0.610948
vt 0.537738 0.610948
vt 0.5396739 0.4689361
vt 0.537738 0.4689361
vt 0.537738 0.610948
vt 0.5396739 0.610948
vt 0.433767 0.4828501
vt 0.431832 0.4828501
vt 0.431832 0.624862
vt 0.433767 0.624862
vt 0.435703 0.4828501
vt 0.433767 0.4828501
vt 0.435703 0.624862
vt 0.433767 0.624862
vt 0.437638 0.4828501
vt 0.435703 0.4828501
vt 0.435703 0.624862
vt 0.437638 0.624862
vt 0.443043 0.624862
vt 0.441108 0.4828501
vt 0.443043 0.4828501
vt 0.441108 0.624862
vt 0.444979 0.624862
vt 0.443043 0.624862
vt 0.443043 0.4828501
vt 0.444979 0.4828501
vt 0.446914 0.624862
vt 0.444979 0.4828501
vt 0.446914 0.4828501
vt 0.444979 0.624862
vt 0.452319 0.4828501
vt 0.450384 0.4828501
vt 0.452319 0.624862
vt 0.450384 0.624862
vt 0.452319 0.624862
vt 0.454254 0.624862
vt 0.454254 0.4828501
vt 0.452319 0.4828501
vt 0.454254 0.624862
vt 0.45619 0.624862
vt 0.454254 0.4828501
vt 0.45619 0.4828501
vt 0.461595 0.624862
vt 0.45966 0.4828501
vt 0.461595 0.4828501
vt 0.45966 0.624862
vt 0.46353 0.4828501
vt 0.46353 0.624862
vt 0.461595 0.624862
vt 0.461595 0.4828501
vt 0.46353 0.4828501
vt 0.465466 0.4828501
vt 0.465466 0.624862
vt 0.46353 0.624862
vt 0.545079 0.4689361
vt 0.5431429 0.4689361
vt 0.5431429 0.610948
vt 0.545079 0.610948
vt 0.547014 0.4689361
vt 0.545079 0.4689361
vt 0.545079 0.610948
vt 0.547014 0.610948
vt 0.547014 0.610948
vt 0.548949 0.610948
vt 0.548949 0.4689361
vt 0.547014 0.4689361
vt 0.897565 0.09789753
vt 0.897565 0.23991
vt 0.89563 0.23991
vt 0.89563 0.09789753
vt 0.8995 0.09789753
vt 0.8995 0.23991
vt 0.897565 0.23991
vt 0.897565 0.09789753
vt 0.901436 0.09789753
vt 0.901436 0.23991
vt 0.8995 0.23991
vt 0.8995 0.09789753
vt 0.925393 0.23991
vt 0.923457 0.23991
vt 0.923457 0.09789753
vt 0.925393 0.09789753
vt 0.927328 0.09789753
vt 0.927328 0.23991
vt 0.925393 0.23991
vt 0.925393 0.09789753
vt 0.9292639 0.23991
vt 0.927328 0.09789753
vt 0.9292639 0.09789753
vt 0.927328 0.23991
vt 0.934669 0.09789753
vt 0.9327329 0.09789753
vt 0.9327329 0.23991
vt 0.934669 0.23991
vt 0.936604 0.09789753
vt 0.934669 0.09789753
vt 0.936604 0.23991
vt 0.934669 0.23991
vt 0.936604 0.23991
vt 0.93854 0.23991
vt 0.93854 0.09789753
vt 0.936604 0.09789753
vt 0.9810489 0.09789753
vt 0.979113 0.09789753
vt 0.9810489 0.23991
vt 0.979113 0.23991
vt 0.9829839 0.09789753
vt 0.9810489 0.09789753
vt 0.9829839 0.23991
vt 0.9810489 0.23991
vt 0.9829839 0.23991
vt 0.984919 0.23991
vt 0.9829839 0.09789753
vt 0.984919 0.09789753
vt 0.8790129 0.866037
vt 0.8770779 0.866037
vt 0.8770779 0.724024
vt 0.8790129 0.724024
vt 0.8809479 0.866037
vt 0.8790129 0.866037
vt 0.8790129 0.724024
vt 0.8809479 0.724024
vt 0.8809479 0.724024
vt 0.882884 0.724024
vt 0.882884 0.866037
vt 0.8809479 0.866037
vt 0.8956289 0.866037
vt 0.8956289 0.724024
vt 0.897565 0.724024
vt 0.897565 0.866037
vt 0.8995 0.866037
vt 0.897565 0.724024
vt 0.8995 0.724024
vt 0.897565 0.866037
vt 0.901436 0.724024
vt 0.901436 0.866037
vt 0.8995 0.866037
vt 0.8995 0.724024
vt 0.9068409 0.724024
vt 0.904905 0.724024
vt 0.904905 0.866037
vt 0.9068409 0.866037
vt 0.9068409 0.866037
vt 0.9087759 0.866037
vt 0.9087759 0.724024
vt 0.9068409 0.724024
vt 0.9087759 0.866037
vt 0.910712 0.866037
vt 0.910712 0.724024
vt 0.9087759 0.724024
vt 0.953221 0.770404
vt 0.951285 0.770404
vt 0.951285 0.912416
vt 0.953221 0.912416
vt 0.955156 0.770404
vt 0.953221 0.770404
vt 0.953221 0.912416
vt 0.955156 0.912416
vt 0.955156 0.912416
vt 0.957091 0.912416
vt 0.957091 0.770404
vt 0.955156 0.770404
vt 0.925393 0.866037
vt 0.923457 0.724024
vt 0.925393 0.724024
vt 0.923457 0.866036
vt 0.927328 0.866037
vt 0.925393 0.724024
vt 0.927328 0.724024
vt 0.925393 0.866037
vt 0.9292639 0.866036
vt 0.927328 0.724024
vt 0.9292639 0.724024
vt 0.927328 0.866037
vt 0.470871 0.4828501
vt 0.468936 0.4828501
vt 0.470871 0.624862
vt 0.468936 0.624862
vt 0.472806 0.4828501
vt 0.470871 0.4828501
vt 0.472806 0.624862
vt 0.470871 0.624862
vt 0.472806 0.624862
vt 0.474742 0.624862
vt 0.472806 0.4828501
vt 0.474742 0.4828501
vt 0.480147 0.615586
vt 0.478212 0.473574
vt 0.480147 0.473574
vt 0.478212 0.615586
vt 0.482082 0.473574
vt 0.482082 0.615586
vt 0.480147 0.615586
vt 0.480147 0.473574
vt 0.482082 0.473574
vt 0.484018 0.473574
vt 0.484018 0.615586
vt 0.482082 0.615586
vt 0.517251 0.473574
vt 0.5153149 0.473574
vt 0.5153149 0.615586
vt 0.517251 0.615586
vt 0.519186 0.473574
vt 0.517251 0.473574
vt 0.517251 0.615586
vt 0.519186 0.615586
vt 0.519186 0.615586
vt 0.521122 0.615586
vt 0.521122 0.473574
vt 0.519186 0.473574
vt 0.424491 0.4828501
vt 0.424491 0.624862
vt 0.422556 0.624862
vt 0.422556 0.4828501
vt 0.426427 0.624862
vt 0.424491 0.624862
vt 0.424491 0.4828501
vt 0.426427 0.4828501
vt 0.428362 0.4828501
vt 0.428362 0.624862
vt 0.426427 0.624862
vt 0.426427 0.4828501
vt 0.5821819 0.4596601
vt 0.5802469 0.4596601
vt 0.5802469 0.601672
vt 0.5821819 0.601672
vt 0.5821819 0.601672
vt 0.584118 0.601672
vt 0.584118 0.4596601
vt 0.5821819 0.4596601
vt 0.584118 0.601672
vt 0.586053 0.601672
vt 0.586053 0.4596601
vt 0.584118 0.4596601
vt 0.600734 0.587758
vt 0.598799 0.4457461
vt 0.600734 0.4457461
vt 0.598799 0.587758
vt 0.60267 0.4457461
vt 0.60267 0.587758
vt 0.600734 0.587758
vt 0.600734 0.4457461
vt 0.604605 0.587758
vt 0.60267 0.4457461
vt 0.604605 0.4457461
vt 0.60267 0.587758
vt 0.888289 0.09789753
vt 0.886353 0.09789753
vt 0.888289 0.23991
vt 0.886353 0.23991
vt 0.890224 0.09789753
vt 0.888289 0.09789753
vt 0.888289 0.23991
vt 0.890224 0.23991
vt 0.8921599 0.09789753
vt 0.890224 0.09789753
vt 0.8921599 0.23991
vt 0.890224 0.23991
vt 0.9139559 0.598092
vt 0.910059 0.602879
vt 0.904905 0.594899
vt 0.9189199 0.606306
vt 0.910872 0.593316
vt 0.911184 0.58764
vt 0.905427 0.585413
vt 0.9114239 0.578045
vt 0.914773 0.58323
vt 0.920606 0.575609
vt 0.911872 0.587906
vt 0.9151729 0.58385
vt 0.911584 0.593127
vt 0.920228 0.582509
vt 0.914421 0.59752
vt 0.9202679 0.581773
vt 0.925105 0.584395
vt 0.919258 0.600143
vt 0.919299 0.599406
vt 0.92557 0.583823
vt 0.929467 0.579036
vt 0.9279419 0.588788
vt 0.924753 0.598685
vt 0.928102 0.60387
vt 0.924353 0.598065
vt 0.928655 0.588599
vt 0.934621 0.587016
vt 0.927655 0.594009
vt 0.928342 0.594275
vt 0.934099 0.596502
vt 0.980405 0.68721
vt 0.978213 0.681967
vt 0.982893 0.677943
vt 0.9733579 0.679013
vt 0.986557 0.686706
vt 0.974779 0.673007
vt 0.967693 0.679478
vt 0.965312 0.673783
vt 0.9790959 0.692741
vt 0.9843689 0.695949
vt 0.9633839 0.683183
vt 0.95811 0.679975
vt 0.955923 0.689218
vt 0.962075 0.688714
vt 0.977167 0.702141
vt 0.9747859 0.696446
vt 0.959586 0.697981
vt 0.964267 0.693958
vt 0.9691219 0.696911
vt 0.967701 0.702918
vt 0.820325 0.586924
vt 0.815511 0.590788
vt 0.8121459 0.581904
vt 0.8234559 0.595996
vt 0.825079 0.590041
vt 0.8329459 0.595539
vt 0.830758 0.589767
vt 0.840353 0.589591
vt 0.8183119 0.581607
vt 0.8209 0.586462
vt 0.8252729 0.58933
vt 0.830497 0.589078
vt 0.8190479 0.581572
vt 0.834574 0.585803
vt 0.8198069 0.576122
vt 0.814644 0.572738
vt 0.820424 0.576526
vt 0.822052 0.566791
vt 0.82424 0.572563
vt 0.8245009 0.573252
vt 0.831542 0.566333
vt 0.829919 0.572289
vt 0.829725 0.573
vt 0.839487 0.571542
vt 0.8346729 0.575405
vt 0.834098 0.575867
vt 0.842852 0.580426
vt 0.83595 0.580757
vt 0.836686 0.580722
vt 0.835191 0.586207
vt 0.9187219 0.664847
vt 0.9243239 0.663892
vt 0.9271899 0.669358
vt 0.928296 0.659826
vt 0.917827 0.670954
vt 0.933828 0.662564
vt 0.909315 0.666741
vt 0.935205 0.653167
vt 0.913628 0.662326
vt 0.9291199 0.654202
vt 0.904905 0.658328
vt 0.930795 0.644754
vt 0.91099 0.657292
vt 0.926482 0.649169
vt 0.9222829 0.640541
vt 0.921389 0.646648
vt 0.91292 0.642136
vt 0.915786 0.647603
vt 0.906283 0.64893
vt 0.911814 0.651669
vn -0.9234425 -0.373091 -0.08976155
vn -0.9231989 -0.3793248 -0.06177742
vn -0.9231935 -0.3793381 -0.06177538
vn -0.9234444 -0.3730857 -0.08976353
vn -0.9231761 -0.3596989 -0.1355087
vn -0.9230896 -0.3527105 -0.1533001
vn -0.9229196 -0.3361662 -0.1876478
vn -0.9228348 -0.3266117 -0.2042078
vn -0.9226744 -0.3051383 -0.2357172
vn -0.9225986 -0.2932201 -0.2506667
vn -0.9224615 -0.2672839 -0.2786113
vn -0.9223976 -0.2532698 -0.2916113
vn -0.922289 -0.2155781 -0.3207942
vn -0.9222917 -0.2155725 -0.3207904
vn -0.922118 -0.1746557 -0.3452443
vn -0.9220762 -0.1574311 -0.3535406
vn -0.9220421 -0.1128008 -0.3702895
vn -0.9220427 -0.1127957 -0.3702896
vn -0.9219822 -0.05703662 -0.3830087
vn -0.921989 -0.05703314 -0.3829928
vn -0.921959 -1.769511E-07 -0.3872876
vn -0.9219505 -1.813276E-07 -0.3873078
vn -0.9219339 0.04758119 -0.3844136
vn -0.921953 0.06648382 -0.3815529
vn -0.9219939 0.1036546 -0.3730724
vn -0.9220149 0.1219283 -0.3674535
vn -0.9221432 0.1660447 -0.3494012
vn -0.9221349 0.1660537 -0.3494186
vn -0.9222181 0.2076721 -0.326169
vn -0.9222776 0.2234635 -0.3153856
vn -0.9223973 0.2532713 -0.2916109
vn -0.9224586 0.2672897 -0.278615
vn -0.9225936 0.29323 -0.2506737
vn -0.9226689 0.3051486 -0.2357255
vn -0.9228309 0.3266192 -0.2042128
vn -0.9229186 0.3361689 -0.1876481
vn -0.9231712 0.3562308 -0.1444114
vn -0.9231766 0.3562165 -0.1444113
vn -0.9233463 0.3709655 -0.09907629
vn -0.9234388 0.3752203 -0.080439
vn -0.9231981 0.3793267 -0.06177786
vn -0.9232087 0.3793005 -0.06178186
vn 0.0007442163 -0.9888307 -0.149041
vn 0.06035904 -0.9870717 -0.14848
vn 0.06076214 -0.9784281 -0.19745
vn 0.001229029 -0.9690675 -0.2467928
vn 0.06148101 -0.9380268 -0.3410658
vn -0.05878962 -0.9784279 -0.1980469
vn -0.05886991 -0.9870717 -0.1490768
vn -0.05808171 -0.9380266 -0.3416615
vn 0.001933989 -0.921461 -0.3884659
vn 0.06216262 -0.8766716 -0.4770564
vn -0.05740895 -0.8766713 -0.4776522
vn 0.002596926 -0.8532697 -0.5214634
vn 0.06278573 -0.795731 -0.602387
vn -0.05678239 -0.7957311 -0.6029825
vn 0.003202583 -0.7660174 -0.6428118
vn 0.06344606 -0.6789553 -0.731433
vn -0.05615425 -0.6789549 -0.7320294
vn 0.003653482 -0.6801711 -0.7330443
vn 0.004045034 -0.5837781 -0.8119032
vn 0.06394557 -0.5415435 -0.8382372
vn -0.05559032 -0.5415433 -0.8388329
vn 0.004433654 -0.4562475 -0.8898419
vn 0.06431507 -0.4105129 -0.9095839
vn -0.05524968 -0.410513 -0.9101794
vn 0.004720804 -0.3185274 -0.9479018
vn 0.06456146 -0.2703187 -0.9606038
vn -0.0549914 -0.2703178 -0.9611994
vn 0.004904735 -0.1736896 -0.9847882
vn 0.06472278 -0.1240796 -0.9901592
vn 0.004981073 -4.708685E-07 -0.9999876
vn -0.0548555 -0.12408 -0.9907548
vn 0.0647725 -4.706064E-07 -0.9979
vn -0.05482839 -4.706112E-07 -0.9984958
vn 0.06472278 0.124083 -0.9901587
vn -0.05485551 0.1240794 -0.9907548
vn 0.004912348 0.1736912 -0.9847879
vn 0.06459118 0.2703184 -0.9606019
vn -0.0549914 0.2703178 -0.9611994
vn 0.004735719 0.3185256 -0.9479024
vn 0.06432963 0.410509 -0.9095845
vn -0.05524968 0.410513 -0.9101794
vn 0.004433654 0.4562475 -0.8898419
vn 0.06394556 0.5415432 -0.8382373
vn -0.05559032 0.5415435 -0.8388327
vn 0.004044104 0.5837812 -0.8119009
vn 0.06341778 0.6789572 -0.7314338
vn -0.05612814 0.678957 -0.7320294
vn 0.003650577 0.6801735 -0.7330421
vn 0.003202471 0.7660169 -0.6428125
vn 0.0627574 0.795734 -0.602386
vn -0.05675316 0.7957335 -0.6029819
vn 0.00259645 0.8532706 -0.5214619
vn 0.06214815 0.8766733 -0.4770551
vn -0.0573953 0.8766732 -0.4776503
vn 0.001934506 0.921461 -0.3884659
vn 0.06148412 0.9380261 -0.341067
vn -0.05808286 0.9380258 -0.3416635
vn 0.001229538 0.9690664 -0.246797
vn 0.06075525 0.9784276 -0.197454
vn -0.05878409 0.9784277 -0.1980497
vn 0.0007431675 0.9888306 -0.1490416
vn 0.06035903 0.9870716 -0.1484808
vn -0.05887415 0.9870717 -0.1490749
vn 0.9237757 -0.3793086 -0.05256854
vn 0.9237803 -0.3792981 -0.05256346
vn 0.9242046 -0.3751963 -0.0712283
vn 0.9242988 -0.3709395 -0.08986426
vn 0.924485 -0.3596909 -0.1262924
vn 0.9245768 -0.3527001 -0.1440847
vn 0.9247464 -0.3361616 -0.1784363
vn 0.9248226 -0.3266154 -0.1950016
vn 0.9249752 -0.3051443 -0.2265123
vn 0.9250524 -0.2932205 -0.2414535
vn 0.9251994 -0.2672763 -0.2693873
vn 0.9252655 -0.2532599 -0.2823884
vn 0.9253776 -0.2234561 -0.306176
vn 0.9254256 -0.2076648 -0.3169587
vn 0.9255216 -0.1746465 -0.3360184
vn 0.9255601 -0.1574258 -0.3443191
vn 0.9256256 -0.1219361 -0.358258
vn 0.9256522 -0.1036677 -0.363897
vn 0.9257497 -0.05703898 -0.3738101
vn 0.9257498 -0.05704128 -0.3738096
vn 0.9257342 -0.009557523 -0.3780541
vn 0.925734 0.009559236 -0.3780544
vn 0.9257172 0.04757878 -0.3752117
vn 0.9257026 0.06648297 -0.3723636
vn 0.9256908 0.1128014 -0.3610714
vn 0.9256929 0.1128009 -0.3610661
vn 0.9255854 0.1660434 -0.3401782
vn 0.9255859 0.1660437 -0.340177
vn 0.9254256 0.2076658 -0.3169581
vn 0.9253706 0.2234644 -0.3061907
vn 0.9252523 0.2532774 -0.2824163
vn 0.9251893 0.2672901 -0.2694083
vn 0.9250519 0.293223 -0.2414525
vn 0.924975 0.3051474 -0.226509
vn 0.9248137 0.3266337 -0.1950129
vn 0.9247311 0.3361924 -0.1784575
vn 0.9245635 0.3527296 -0.1440976
vn 0.9244778 0.3597086 -0.1262956
vn 0.9242951 0.3709487 -0.08986416
vn 0.9242049 0.3751962 -0.07122523
vn 0.9237761 0.3793076 -0.05256805
vn 0.9237812 0.3792961 -0.05256248
vn -0.9240034 -0.3816307 0.02399679
vn -0.923478 -0.3836238 -0.004604115
vn -0.9234791 -0.3836211 -0.004603301
vn -0.9240023 -0.3816331 0.02399898
vn -0.9241993 -0.3752091 0.0712298
vn -0.9242931 -0.3709537 0.08986413
vn -0.9244735 -0.3597182 0.1262988
vn -0.9245602 -0.3527375 0.1441
vn -0.9248177 -0.3314225 0.1867389
vn -0.9248133 -0.3314324 0.1867425
vn -0.9250576 -0.2991939 0.2339902
vn -0.9250634 -0.2991821 0.2339825
vn -0.9252655 -0.2602914 0.2759205
vn -0.9252635 -0.2602938 0.275925
vn -0.9253713 -0.2234662 0.3061874
vn -0.9254297 -0.2076632 0.3169478
vn -0.9255295 -0.1746379 0.3360012
vn -0.9255725 -0.1574117 0.344292
vn -0.9256949 -0.1127959 0.3610626
vn -0.9256929 -0.1127994 0.3610666
vn -0.9257582 -0.05703384 0.3737901
vn -0.9257559 -0.05703571 0.3737953
vn -0.9257799 1.421682E-06 0.3780631
vn -0.9257853 0 0.3780497
vn -0.9257551 0.05703447 0.3737976
vn -0.9257498 0.05703748 0.3738102
vn -0.9256626 0.1036596 0.363873
vn -0.9256345 0.1219323 0.3582363
vn -0.925585 0.1660432 0.3401797
vn -0.9255825 0.1660455 0.3401852
vn -0.9254279 0.2076623 0.3169537
vn -0.9253758 0.2234569 0.3061809
vn -0.9252653 0.2602945 0.2759183
vn -0.9252672 0.2602923 0.275914
vn -0.9250477 0.2932312 0.2414587
vn -0.9249756 0.3051451 0.2265097
vn -0.9248233 0.3266131 0.1950019
vn -0.9247422 0.3361687 0.1784446
vn -0.924568 0.3527184 0.1440964
vn -0.9244763 0.3597105 0.1263008
vn -0.9242945 0.3709502 0.08986437
vn -0.9242049 0.3751963 0.07122522
vn -0.924015 0.3816026 0.02399253
vn -0.924018 0.3815956 0.02399014
vn -0.9234945 0.3835841 -0.00460335
vn -0.9234933 0.3835867 -0.004604136
vn 0.0595125 -0.9969739 0.05001394
vn 0.0596128 -0.9982215 0.0002971012
vn 0 -1 0
vn -0.0004962415 -0.9950266 0.09960848
vn 0.05878963 -0.9784282 0.1980455
vn -0.06000779 -0.9969739 0.04941855
vn -0.05961267 -0.9982216 -0.0002970968
vn -0.06075981 -0.9784282 0.19745
vn -0.001229497 -0.9690681 0.2467905
vn 0.05808172 -0.9380271 0.34166
vn -0.06148294 -0.938027 0.3410649
vn -0.0019372 -0.9214603 0.3884678
vn 0.05739514 -0.8766704 0.4776556
vn -0.0621609 -0.8766696 0.4770601
vn -0.002604159 -0.8532687 0.5214651
vn 0.05677076 -0.7957314 0.6029832
vn -0.06278832 -0.7957325 0.6023847
vn -0.003205391 -0.766018 0.6428111
vn 0.05614464 -0.6789565 0.7320286
vn -0.06343982 -0.6789564 0.7314325
vn -0.003650869 -0.6801728 0.7330427
vn -0.004048166 -0.5837778 0.8119034
vn 0.05558476 -0.5415422 0.838834
vn -0.06394809 -0.5415418 0.8382382
vn -0.004436094 -0.4562459 0.8898427
vn 0.05523199 -0.4105107 0.9101815
vn -0.06430007 -0.410512 0.9095852
vn -0.004722904 -0.3185245 0.9479028
vn 0.05499054 -0.2703156 0.9612001
vn -0.06456247 -0.2703156 0.9606045
vn -0.004903799 -0.1736896 0.9847882
vn 0.05485722 -0.1240798 0.9907547
vn -0.004979672 0 0.9999876
vn -0.06472076 -0.1240799 0.9901593
vn 0.05482839 0 0.9984958
vn -0.0647725 0 0.9979
vn 0.05485721 0.1240788 0.9907548
vn -0.06472076 0.1240789 0.9901595
vn -0.004902867 0.1736877 0.9847886
vn 0.05499225 0.2703139 0.9612004
vn -0.06456047 0.2703148 0.9606049
vn -0.004721762 0.3185246 0.9479028
vn 0.05523286 0.4105139 0.91018
vn -0.06430187 0.4105147 0.9095839
vn -0.004437492 0.4562483 0.8898414
vn 0.05560486 0.5415429 0.8388321
vn -0.06396953 0.5415403 0.8382375
vn -0.004043725 0.5837764 0.8119044
vn 0.05617083 0.6789553 0.7320278
vn -0.06344925 0.6789563 0.7314319
vn -0.003636359 0.6801739 0.7330418
vn -0.003197339 0.7660186 0.6428105
vn 0.05678716 0.7957298 0.6029835
vn -0.06279244 0.7957318 0.6023852
vn -0.0025973 0.8532683 0.5214656
vn 0.05740997 0.8766703 0.477654
vn -0.06216275 0.8766704 0.4770586
vn -0.001933089 0.9214604 0.3884675
vn 0.05808929 0.9380254 0.3416635
vn -0.06148682 0.9380257 0.3410678
vn -0.001228585 0.9690669 0.2467952
vn 0.05878962 0.9784275 0.1980487
vn -0.0003712265 0.9972038 0.07472976
vn -0.06075888 0.9784278 0.1974525
vn 0.05940681 0.9954203 0.07489564
vn -0.06014724 0.9954205 0.07429987
vn 0.05961273 0.9982216 0.000297119
vn -0.05960995 0.9982217 -0.0002971051
vn 1.458009E-06 1 0
vn 0.9237298 -0.3816032 0.03320008
vn 0.9234945 -0.3835842 0.004603348
vn 0.9234956 -0.3835815 0.004604203
vn 0.9237302 -0.3816024 0.03319858
vn 0.92345 -0.3751941 0.0804332
vn 0.923356 -0.3709418 0.09907465
vn 0.9231745 -0.3597023 0.1355104
vn 0.9230888 -0.3527121 0.1533007
vn 0.9229187 -0.3314047 0.1959391
vn 0.9229249 -0.3313913 0.1959324
vn 0.9226801 -0.299191 0.2431998
vn 0.9226741 -0.2992031 0.2432075
vn 0.922471 -0.26029 0.2851253
vn 0.9224741 -0.2602854 0.2851192
vn 0.922279 -0.2234576 0.3153859
vn 0.922223 -0.2076629 0.3261608
vn 0.9221266 -0.174643 0.345228
vn 0.922084 -0.1574225 0.353524
vn 0.9220451 -0.1128003 0.3702822
vn 0.9220427 -0.1128 0.3702883
vn 0.9219838 -0.0570375 0.3830047
vn 0.921989 -0.05703546 0.3829925
vn 0.9219623 0 0.3872796
vn 0.921957 0 0.3872923
vn 0.9219838 0.05703698 0.3830048
vn 0.921989 0.05703494 0.3829925
vn 0.9219897 0.1036596 0.3730813
vn 0.9220151 0.1219293 0.3674526
vn 0.9221492 0.1660389 0.3493878
vn 0.9221481 0.1660417 0.3493896
vn 0.9222262 0.2076583 0.3261546
vn 0.9222817 0.2234529 0.3153808
vn 0.9224725 0.2602877 0.2851225
vn 0.922474 0.2602862 0.2851191
vn 0.9225986 0.2932214 0.2506652
vn 0.9226748 0.3051375 0.2357168
vn 0.9228356 0.3266093 0.2042082
vn 0.9229207 0.3361635 0.1876472
vn 0.9230909 0.3527074 0.1532991
vn 0.9231772 0.3596961 0.1355083
vn 0.9233575 0.3709382 0.09907495
vn 0.9234504 0.375193 0.08043437
vn 0.9237301 0.3816026 0.03320017
vn 0.9237308 0.381601 0.03319842
vn 0.9234945 0.3835842 0.00460335
vn 0.9234955 0.3835816 0.004604147
vn -0.0009872925 0.9801806 0.1981035
vn -0.0007427838 0.9888306 0.1490421
vn -0.0007427838 0.9888306 0.1490421
vn -0.001229951 0.9690673 0.2467937
vn -0.001820729 0.9308742 0.3653354
vn -0.001820729 0.9308742 0.3653354
vn -0.002491801 0.8660273 0.4999906
vn -0.002491813 0.8660273 0.4999906
vn -0.003008947 0.7971589 0.6037621
vn -0.003207333 0.7660179 0.6428113
vn -0.003575595 0.698265 0.7158304
vn -0.003744913 0.661653 0.7498009
vn -0.004050647 0.5837756 0.8119049
vn -0.004186495 0.54251 0.8400389
vn -0.004434669 0.4562491 0.8898411
vn -0.00454264 0.4112509 0.9115109
vn -0.004762187 0.2947564 0.9555606
vn -0.004762167 0.2947564 0.9555606
vn -0.004907884 0.1736873 0.9847887
vn -0.004945009 0.1242984 0.9922326
vn -0.004983658 4.532012E-07 0.9999876
vn -0.004983658 4.532012E-07 0.9999876
vn -0.004927997 -0.1490389 0.9888191
vn -0.004927997 -0.1490389 0.9888191
vn -0.004797445 -0.2708017 0.9626232
vn -0.004724052 -0.3185272 0.947902
vn -0.00449008 -0.4338852 0.9009569
vn -0.004490042 -0.4338852 0.9009569
vn -0.00411767 -0.5633211 0.8262278
vn -0.004117688 -0.5633211 0.8262278
vn -0.003653272 -0.6801746 0.7330411
vn -0.003653272 -0.6801746 0.7330411
vn -0.003107247 -0.7818335 0.6234795
vn -0.003107247 -0.7818335 0.6234795
vn -0.002493639 -0.8660251 0.4999943
vn -0.002491826 -0.8660258 0.4999932
vn -0.001824994 -0.9308735 0.3653372
vn -0.001826814 -0.930873 0.3653384
vn -0.001234038 -0.9690673 0.2467937
vn -0.0009897467 -0.9801805 0.1981041
vn -0.0007440199 -0.9888304 0.1490429
vn -0.0007427926 -0.9888303 0.1490438
vn 0 1 0
vn 0 1 0
vn 0.0003724333 0.9972037 -0.07472999
vn 0.0003724333 0.9972037 -0.07472999
vn 0.0009872925 0.9801806 -0.1981035
vn 0.001229951 0.9690673 -0.2467937
vn 0.001820717 0.9308751 -0.365333
vn 0.001820717 0.9308751 -0.365333
vn 0.002492055 0.8660264 -0.4999921
vn 0.002491821 0.8660263 -0.4999922
vn 0.003108061 0.7818314 -0.6234822
vn 0.003108296 0.7818315 -0.623482
vn 0.00356868 0.6982667 -0.7158288
vn 0.003738038 0.6616542 -0.7497998
vn 0.004118713 0.5633173 -0.8262304
vn 0.004119073 0.5633175 -0.8262303
vn 0.00443521 0.4562451 -0.8898431
vn 0.00454272 0.4112487 -0.9115118
vn 0.004724078 0.3185272 -0.947902
vn 0.004802851 0.2708055 -0.9626222
vn 0.004936206 0.1490453 -0.988818
vn 0.004944419 0.1490452 -0.988818
vn 0.004987811 -3.024034E-06 -0.9999876
vn 0.004983658 0 -0.9999876
vn 0.004945005 -0.1243055 -0.9922317
vn 0.004907909 -0.1736895 -0.9847882
vn 0.004762229 -0.2947551 -0.955561
vn 0.004762248 -0.2947551 -0.955561
vn 0.004542671 -0.4112487 -0.9115119
vn 0.00443564 -0.4562453 -0.889843
vn 0.004119379 -0.563318 -0.82623
vn 0.004120443 -0.5633182 -0.8262298
vn 0.003738466 -0.6616555 -0.7497987
vn 0.003568652 -0.6982684 -0.7158271
vn 0.003108026 -0.781833 -0.6234802
vn 0.003108234 -0.7818331 -0.62348
vn 0.002492053 -0.8660253 -0.499994
vn 0.00249183 -0.8660253 -0.4999941
vn 0.001820732 -0.930874 -0.365336
vn 0.001820732 -0.930874 -0.365336
vn 0.001229954 -0.9690671 -0.2467943
vn 0.0009872983 -0.9801804 -0.1981047
vn 0.0003724378 -0.9972037 -0.07473089
vn 0.0003724378 -0.9972037 -0.07473089
vn 0 -1 0
vn 0 -1 0
vn 0.9234464 -0.375203 0.08043373
vn 0.9232005 -0.3793219 0.06177127
vn 0.7961228 -0.5977795 0.09406449
vn 0.7066193 -0.6907023 0.1536863
vn 0.9231701 -0.3597115 0.1355161
vn -0.0007279985 -0.9888309 0.14904
vn 0.7061312 -0.6605914 0.2549468
vn 0.9229212 -0.3361616 0.1876482
vn -0.001221116 -0.9690675 0.2467929
vn 0.7056646 -0.6157339 0.3505842
vn 0.9226819 -0.3051284 0.2357005
vn -0.7081122 -0.6907063 0.1466359
vn -0.7970129 -0.597789 0.08613197
vn -0.001914948 -0.9214616 0.3884647
vn 0.7052024 -0.5571441 0.4384975
vn 0.9224529 -0.2603154 0.2851603
vn -0.9242015 -0.3752038 0.07123008
vn -0.9237701 -0.3793215 0.05257242
vn -0.9244854 -0.3596908 0.1262901
vn -0.7086372 -0.6605947 0.2478869
vn -0.9247459 -0.3361622 0.1784377
vn -0.7091007 -0.6157515 0.3435495
vn -0.92499 -0.3051136 0.2264932
vn -0.002579034 -0.8532693 0.5214642
vn -0.7095516 -0.5571357 0.4314354
vn -0.9252645 -0.2602943 0.2759214
vn -0.003212891 -0.7660166 0.6428127
vn -0.6069495 -0.5420625 0.581189
vn 0.601111 -0.5420691 0.5872194
vn -0.7102856 -0.392133 0.5845734
vn -0.925422 -0.2076783 0.3169603
vn -0.003644919 -0.6801703 0.7330451
vn -0.00404072 -0.583778 0.8119032
vn 0.7044289 -0.3921306 0.5916195
vn 0.9222201 -0.2076679 0.3261659
vn -0.7508575 -0.2783819 0.5989295
vn -0.9255872 -0.1660381 0.3401761
vn -0.9256967 -0.1127939 0.3610583
vn -0.004405786 -0.4562477 0.8898419
vn 0.7448592 -0.2783772 0.6063752
vn 0.9221551 -0.1660348 0.3493743
vn 0.9220483 -0.1127955 0.3702757
vn -0.004733931 -0.3185262 0.9479023
vn -0.6502103 -0.2105529 0.729996
vn 0.6428816 -0.2105586 0.7364566
vn -0.7108619 -0.09812237 0.6964535
vn -0.9257116 -0.04757925 0.3752254
vn -0.004898238 -0.1736871 0.9847887
vn -0.004979041 -1.98092E-07 0.9999876
vn 0.7038916 -0.09812058 0.7034976
vn 0.9219368 -0.04757809 0.3844072
vn -0.8003802 -2.676428E-07 0.5994927
vn -0.9257488 0 0.3781392
vn -0.9257131 0.04757849 0.3752221
vn 0.7943746 -2.677417E-07 0.6074282
vn 0.9219654 0 0.3872723
vn 0.9219382 0.04757733 0.3844039
vn -0.71086 0.09812307 0.6964552
vn -0.9256716 0.1036556 0.3638513
vn 0.7038898 0.09812129 0.7034994
vn 0.9219922 0.1036559 0.3730762
vn -0.7107657 0.2013514 0.6739953
vn -0.9255775 0.157407 0.3442807
vn -0.004898238 0.1736881 0.9847885
vn 0.7039943 0.2013588 0.6810629
vn 0.9220907 0.1574173 0.3535089
vn -0.7105618 0.3000954 0.6364313
vn -0.9254261 0.207675 0.3169506
vn -0.004733931 0.3185262 0.9479023
vn 0.7041896 0.300088 0.6434783
vn 0.9222201 0.2076684 0.3261656
vn -0.7102872 0.3921359 0.5845696
vn -0.9252521 0.2532794 0.2824147
vn -0.004418799 0.4562531 0.8898391
vn 0.7044129 0.392141 0.5916316
vn 0.9223751 0.2533041 0.2916524
vn -0.6671194 0.511578 0.5415162
vn -0.9250559 0.2932117 0.241451
vn -0.004077349 0.5837789 0.8119024
vn 0.6616407 0.5116078 0.5481688
vn 0.9225698 0.2932768 0.2507064
vn -0.7094114 0.5635248 0.4232909
vn -0.9248292 0.3313973 0.1867265
vn -0.003677864 0.6801721 0.7330433
vn -0.003229512 0.7660183 0.6428106
vn 0.7051274 0.5635496 0.4303572
vn 0.9229106 0.3314199 0.1959508
vn -0.00259636 0.8532685 0.5214654
vn -0.6483641 0.6680116 0.3652184
vn 0.644713 0.6679956 0.3716545
vn -0.7086337 0.6605964 0.2478924
vn -0.924492 0.3596763 0.1262836
vn -0.001921493 0.9214601 0.3884682
vn 0.7061189 0.6606028 0.2549513
vn 0.9231719 0.3597082 0.1355128
vn -0.7485508 0.6494866 0.1335621
vn -0.9242975 0.3730763 0.0805492
vn -0.9240193 0.3808729 0.03352639
vn -0.001239242 0.9690673 0.2467935
vn -0.0003695961 0.9972039 0.07472766
vn 0.7471724 0.6494974 0.1410199
vn 0.9234464 0.3730829 0.08975495
vn 0.9236408 0.3808699 0.04272791
vn -0.7634971 0.6446748 0.03829582
vn -0.9234756 0.3836296 -0.00460422
vn -0.6029302 0.7977882 -0.003008204
vn 1.431723E-06 1 0
vn 0.6029614 0.7977648 0.003002116
vn 0.7630984 0.6446502 0.04590149
vn 0.9234927 0.3835886 0.004598157
vn 0.3834526 0.9056249 -0.1811285
vn 0.3824019 0.9139542 -0.1358541
vn 0.6035264 0.7888747 -0.1158986
vn 0.7081908 0.6874506 -0.1608644
vn 0.9237849 0.3792863 -0.05256725
vn 0.3841392 0.8682215 -0.3140519
vn 0.9242973 0.370943 -0.08986568
vn 0.7086776 0.6552861 -0.2614883
vn 0.3847715 0.8114302 -0.4399227
vn 0.9245494 0.3527623 -0.1441083
vn 0.7495359 0.5695195 -0.3374072
vn 0.9248149 0.331428 -0.186743
vn 0.3853435 0.736514 -0.5559294
vn 0.9249575 0.305177 -0.2265407
vn 0.7095164 0.5415384 -0.4509133
vn 0.3860347 0.6284038 -0.6753414
vn 0.9252561 0.2603091 -0.2759355
vn 0.7099525 0.4807709 -0.5146133
vn 0.7101313 0.4126922 -0.5704372
vn 0.3864716 0.5012301 -0.7742145
vn 0.9254167 0.2076827 -0.316973
vn 0.7104128 0.322535 -0.6255277
vn 0.3867816 0.3799612 -0.8402556
vn 0.9255579 0.1574258 -0.344325
vn 0.7106103 0.2251725 -0.6665812
vn 0.3870223 0.2501957 -0.8874773
vn 0.925659 0.1036616 -0.3638815
vn 0.7107627 0.1227849 -0.6926329
vn 0.3871313 0.1148478 -0.9148438
vn 0.925746 0.04757423 -0.3751415
vn 0.6681204 0.004429481 -0.74404
vn 0.3872723 0 -0.9219654
vn 0.9257503 -0.009557596 -0.3780148
vn 0.3871313 -0.1148478 -0.9148438
vn 0.7511325 -0.109482 -0.6510097
vn 0.9257907 -0.05702496 -0.3737108
vn 0.3870223 -0.2501957 -0.8874773
vn 0.925659 -0.1036616 -0.3638815
vn 0.7106103 -0.2251725 -0.6665812
vn 0.3867816 -0.3799612 -0.8402556
vn 0.9255787 -0.1660476 -0.3401945
vn 0.6499254 -0.3443856 -0.6774922
vn 0.3864404 -0.5012409 -0.7742231
vn 0.7102479 -0.4041921 -0.5763476
vn 0.9253679 -0.2234744 -0.3061918
vn 0.386056 -0.6283972 -0.6753353
vn 0.7995703 -0.4104734 -0.4384051
vn 0.9252656 -0.2602935 -0.2759181
vn 0.9250427 -0.2992192 -0.2340167
vn 0.6489568 -0.5870273 -0.4839979
vn 0.3854081 -0.736496 -0.5559084
vn 0.7495522 -0.5695044 -0.3373962
vn 0.9248207 -0.3314161 -0.1867354
vn 0.3848009 -0.8114185 -0.4399185
vn 0.9245514 -0.3527581 -0.1441056
vn 0.7086846 -0.6552793 -0.2614867
vn 0.3841627 -0.8682117 -0.31405
vn 0.9242917 -0.3709565 -0.08986785
vn 0.7081921 -0.6874495 -0.160864
vn 0.3834922 -0.9056091 -0.1811239
vn 0.9240189 -0.3808741 -0.03352666
vn 0.6646515 -0.7456024 -0.04812096
vn 0.3830403 -0.921289 -0.06713174
vn 0.9234927 -0.3835886 0.004598797
vn 0.381778 -0.9242521 0.00190109
vn 0.7064068 -0.7077973 0.003517982
vn -0.3816269 0.9056255 -0.1849414
vn -0.6023371 0.7888779 -0.1219089
vn -0.380997 0.9139662 -0.1396674
vn -0.7065548 0.687449 -0.1679115
vn -0.9232156 0.3792861 -0.06176625
vn -0.3809861 0.8682228 -0.317866
vn -0.9233622 0.3709285 -0.099067
vn -0.7060492 0.6552731 -0.2685363
vn -0.3803894 0.8114215 -0.4437329
vn -0.9230706 0.3527507 -0.1533218
vn -0.7461376 0.5695164 -0.3448619
vn -0.9228815 0.3314815 -0.1959843
vn -0.379763 0.736519 -0.5597498
vn -0.9226664 0.3051568 -0.2357248
vn -0.7050022 0.5415264 -0.457953
vn -0.3792973 0.6284021 -0.6791498
vn -0.922473 0.260286 -0.2851223
vn -0.7048157 0.4807546 -0.5216415
vn -0.7044231 0.4126819 -0.5774787
vn -0.3787421 0.5012283 -0.7780262
vn -0.9222146 0.2076718 -0.3261788
vn -0.7041491 0.3225275 -0.6325741
vn -0.3783819 0.3799578 -0.844073
vn -0.9220907 0.1574183 -0.3535084
vn -0.70394 0.2251755 -0.6736203
vn -0.3781562 0.2502007 -0.8912898
vn -0.9219796 0.1036623 -0.3731056
vn -0.7038006 0.1227865 -0.6997058
vn -0.3780589 0.1148425 -0.9186308
vn -0.9219086 0.04758636 -0.3844737
vn -0.6606651 0.004430033 -0.7506678
vn -0.3781392 0 -0.9257488
vn -0.9219065 -0.009560649 -0.3872943
vn -0.3780039 -0.1148501 -0.9186525
vn -0.7445785 -0.1094889 -0.6584945
vn -0.9219654 -0.05703928 -0.3830489
vn -0.3781062 -0.2502037 -0.8913101
vn -0.9220076 -0.1036475 -0.3730405
vn -0.7039426 -0.2251762 -0.6736174
vn -0.3783203 -0.3799706 -0.8440948
vn -0.9221591 -0.166031 -0.3493655
vn -0.6431097 -0.3443933 -0.6839613
vn -0.3786407 -0.5012547 -0.7780585
vn -0.7044535 -0.4041974 -0.5834121
vn -0.9222748 -0.2234628 -0.3153944
vn -0.3792717 -0.6284068 -0.6791597
vn -0.7951731 -0.4104603 -0.4463431
vn -0.9224787 -0.2602746 -0.2851143
vn -0.9226763 -0.2992007 -0.2432023
vn -0.6441063 -0.5870231 -0.4904395
vn -0.3798125 -0.7365078 -0.559731
vn -0.7461459 -0.5695104 -0.344854
vn -0.9228873 -0.3314703 -0.1959755
vn -0.3803791 -0.8114243 -0.4437369
vn -0.9230726 -0.3527463 -0.1533196
vn -0.7060436 -0.6552773 -0.2685407
vn -0.3809893 -0.8682204 -0.3178687
vn -0.9233566 -0.3709415 -0.09907039
vn -0.7065543 -0.6874493 -0.1679123
vn -0.3816625 -0.9056115 -0.1849368
vn -0.9236412 -0.3808691 -0.04272772
vn -0.6641233 -0.7456162 -0.0547423
vn -0.3823116 -0.9213057 -0.070949
vn -0.9234751 -0.3836307 -0.004605134
vn -0.3817607 -0.9242592 -0.001903673
vn -0.7063739 -0.7078301 -0.003527693
vn 0.9239177 -0.3823179 -0.0144596
vn 0.7064095 -0.7077947 0.003517291
vn 0.9234862 -0.383604 0.004598408
vn 0.7635792 -0.6437255 -0.05063931
vn 0.0003726226 -0.9972038 -0.07472955
vn 1.709599E-05 -1 0
vn 0.9242016 -0.375205 -0.07122188
vn -0.7063871 -0.707817 -0.003521907
vn 0.7081135 -0.6907053 -0.1466338
vn 0.9245718 -0.3562136 -0.1351997
vn 0.647839 -0.7154711 -0.261545
vn 0.001218956 -0.9690661 -0.2467983
vn 0.7089623 -0.6208532 -0.3345351
vn 0.9248269 -0.3266065 -0.1949961
vn 0.00193841 -0.9214614 -0.3884651
vn 0.7093998 -0.5635355 -0.4232963
vn 0.9250584 -0.2932092 -0.2414445
vn 0.002595804 -0.8532693 -0.5214642
vn 0.6671072 -0.5115847 -0.5415248
vn 0.9252527 -0.2532773 -0.2824146
vn 0.003196241 -0.766018 -0.6428112
vn 0.7102927 -0.3921278 -0.5845683
vn 0.9254185 -0.2076782 -0.3169707
vn 0.7105592 -0.3000911 -0.6364362
vn 0.9255615 -0.1574219 -0.3443171
vn 0.7107423 -0.2013602 -0.6740174
vn 0.925651 -0.1036678 -0.3639001
vn 0.751132 -0.08837477 -0.6542099
vn 0.9257524 -0.05703242 -0.3738045
vn 0.9257468 -0.00956012 -0.3780231
vn 0.7665189 0.006190805 -0.6421919
vn 0.004984317 0 -0.9999876
vn 0.9257552 0.05703681 -0.373797
vn 0.004909753 -0.1736861 -0.9847888
vn 0.004720566 -0.3185254 -0.9479026
vn 0.004432166 -0.4562487 -0.8898412
vn 0.6502985 0.09892379 -0.7532104
vn 0.7510247 0.1854526 -0.633695
vn 0.9256743 0.1128107 -0.3611105
vn 0.9255607 0.157423 -0.3443188
vn 0.004040262 -0.5837759 -0.8119048
vn 0.004909746 0.1736876 -0.9847885
vn 0.7105593 0.3000903 -0.6364364
vn 0.9254181 0.2076784 -0.3169717
vn 0.003642598 -0.6801738 -0.7330419
vn -0.6616868 -0.5115787 -0.5481403
vn -0.704458 -0.3921102 -0.5915984
vn 0.004726672 0.3185243 -0.9479029
vn 0.710292 0.3921286 -0.5845686
vn 0.9252508 0.2532808 -0.2824176
vn -0.7051496 -0.563531 -0.430345
vn -0.704174 -0.3000943 -0.6434923
vn 0.004444482 0.4562485 -0.8898413
vn 0.6671 0.5115894 -0.5415292
vn 0.9250566 0.2932128 -0.2414469
vn -0.7055925 -0.6208543 -0.3415835
vn -0.7039856 -0.2013599 -0.6810716
vn 0.004040266 0.5837784 -0.8119031
vn 0.7094018 0.5635355 -0.4232929
vn 0.9248232 0.3266145 -0.1950002
vn -0.6451908 -0.7154785 -0.2679912
vn -0.7066209 -0.6907009 -0.1536852
vn -0.9231724 -0.3562281 -0.1444104
vn -0.922842 -0.3265954 -0.2042013
vn -0.9226066 -0.2932063 -0.2506533
vn -0.9224095 -0.2532488 -0.291592
vn -0.9222265 -0.2076596 -0.3261532
vn -0.9220659 -0.1574422 -0.3535626
vn -0.9234346 -0.3752301 -0.08044147
vn -0.9219859 -0.1036626 -0.3730899
vn -0.7630137 -0.6437517 -0.05825676
vn -0.9237049 -0.3823724 -0.02367681
vn -0.9234845 -0.3836082 -0.004598399
vn -0.7445705 -0.08837666 -0.6616679
vn -0.9219872 -0.05703851 -0.3829965
vn -0.9219138 -0.009558294 -0.3872772
vn -0.7600616 0.006192588 -0.6498216
vn -0.9219338 0.04758318 -0.3844138
vn -0.7038779 0.09812726 -0.7035105
vn -0.9219863 0.1036625 -0.3730888
vn -0.7039914 0.2013552 -0.681067
vn -0.9220881 0.1574155 -0.3535164
vn -0.704187 0.3000877 -0.6434812
vn -0.9222377 0.2076494 -0.3261279
vn -0.7044529 0.392116 -0.5916006
vn -0.9224075 0.2532523 -0.291595
vn -0.6616797 0.5115833 -0.5481446
vn -0.9226048 0.2932099 -0.2506557
vn 0.003642601 0.680173 -0.7330425
vn 0.00319624 0.7660182 -0.6428109
vn -0.7051516 0.563531 -0.4303417
vn -0.9228383 0.3266033 -0.2042053
vn 0.0025958 0.8532697 -0.5214634
vn -0.7055903 0.6208551 -0.3415863
vn -0.9230847 0.3527227 -0.1533015
vn 0.7089602 0.6208541 -0.334538
vn 0.924575 0.3527021 -0.1440911
vn -0.7060653 0.6643112 -0.2452803
vn -0.9233583 0.370936 -0.09907493
vn 0.001938427 0.9214599 -0.3884686
vn 0.7084822 0.6643041 -0.2382291
vn 0.924305 0.3709259 -0.08985687
vn -0.7065752 0.6929205 -0.1435713
vn -0.9231931 0.3793383 -0.0617815
vn -0.7058501 0.6999226 -0.1090133
vn 0.0007373859 0.988831 -0.1490396
vn 0.001218942 0.9690667 -0.2467957
vn 0.7079734 0.6929192 -0.1365163
vn 0.9237785 0.3793033 -0.05255738
vn 0.7069352 0.6998905 -0.1019607
vn 0.9237422 0.382283 0.02366717
vn 0.9234989 0.3835736 0.004598471
vn 0.7965705 0.6045325 0.003966773
vn 0.6640754 0.7449571 0.0635831
vn 0.3817197 0.9242762 0.001900787
vn 0.382288 0.9213155 0.07094885
vn 0.3816155 0.9056297 0.1849444
vn 0.9234517 0.3730689 0.08975833
vn 0.6456038 0.7402974 0.1874978
vn 0.3809746 0.8682265 0.3178698
vn 0.7465901 0.6139893 0.2561647
vn 0.9231666 0.3562403 0.1444169
vn 0.3803186 0.8114452 0.4437503
vn 0.9229214 0.3361607 0.1876485
vn 0.7054269 0.6032092 0.3721715
vn 0.3797528 0.7365248 0.5597492
vn 0.9226817 0.3051241 0.2357068
vn 0.7050097 0.5415207 0.4579483
vn 0.3793013 0.6283997 0.6791498
vn 0.9224676 0.2602934 0.2851327
vn 0.7048082 0.4807577 0.5216488
vn 0.704411 0.4126927 0.5774859
vn 0.3787242 0.5012337 0.7780313
vn 0.9222141 0.2076803 0.3261748
vn 0.7041481 0.3225315 0.6325732
vn 0.3783883 0.3799594 0.8440694
vn 0.922089 0.1574175 0.3535132
vn 0.7447094 0.2058467 0.6348504
vn 0.922038 0.1128015 0.3702998
vn 0.3781336 0.250199 0.8912999
vn 0.9219527 0.066485 0.3815533
vn 0.703904 0.1125576 0.7013202
vn 0.3779949 0.114846 0.9186568
vn 0.9219806 -1.963764E-07 0.387236
vn 0.6000627 -1.854167E-07 0.7999529
vn 0.3780466 -6.4793E-07 0.9257866
vn 0.3780004 -0.1148461 0.9186545
vn 0.7039052 -0.1125578 0.7013189
vn 0.9219517 -0.06648569 0.3815556
vn 0.3781363 -0.2501988 0.8912988
vn 0.7447082 -0.2058471 0.6348517
vn 0.922038 -0.1128015 0.3702998
vn 0.3783833 -0.3799622 0.8440704
vn 0.922089 -0.1574175 0.3535132
vn 0.7041478 -0.3225344 0.6325721
vn 0.3787162 -0.5012376 0.7780327
vn 0.9222203 -0.2076727 0.326162
vn 0.7044125 -0.4126915 0.5774849
vn 0.3792886 -0.6284013 0.6791553
vn 0.9224737 -0.2602834 0.2851223
vn 0.7048016 -0.48076 0.5216556
vn 0.7050139 -0.541517 0.4579462
vn 0.3797886 -0.7365133 0.5597399
vn 0.9226802 -0.3051271 0.2357089
vn 0.7461555 -0.5694998 0.3448508
vn 0.9229239 -0.331394 0.1959326
vn 0.3803671 -0.8114288 0.4437388
vn 0.9230856 -0.3527198 0.1533027
vn 0.7060495 -0.6552725 0.268537
vn 0.3810005 -0.8682165 0.3178658
vn 0.9234468 -0.3730807 0.08976039
vn 0.6456093 -0.7402928 0.1874975
vn 0.3816457 -0.9056173 0.1849432
vn 0.7058722 -0.6998996 0.1090186
vn 0.9232072 -0.3793038 0.06178203
vn 0.3810893 -0.9139301 0.1396524
vn -0.796544 0.6045675 -0.00397313
vn -0.9235007 0.3835693 -0.004598479
vn -0.9239089 0.3823391 0.01445761
vn -0.6646568 0.7449747 0.05695755
vn -0.3817026 0.9242833 -0.001903356
vn -0.3829762 0.9213152 0.06713884
vn -0.3834634 0.9056205 0.1811282
vn -0.9242968 0.3730789 0.08054554
vn -0.6474487 0.7402908 0.1810519
vn -0.3841196 0.868228 0.3140579
vn -0.7491099 0.6139847 0.248711
vn -0.9245817 0.3561907 0.135192
vn -0.3847119 0.81145 0.4399381
vn -0.9247476 0.3361573 0.1784377
vn -0.7090949 0.6032169 0.3651216
vn -0.3853044 0.7365281 0.5559378
vn -0.9249845 0.3051285 0.2264961
vn -0.7095416 0.5415209 0.4508946
vn -0.3860671 0.6283951 0.6753309
vn -0.9252696 0.260287 0.2759111
vn -0.7099825 0.4807507 0.5145907
vn -0.7101526 0.4126803 0.5704194
vn -0.386438 0.5012409 0.7742243
vn -0.9254413 0.2076463 0.316925
vn -0.7104152 0.3225301 0.6255275
vn -0.3867657 0.3799615 0.8402628
vn -0.9255729 0.1574123 0.3442909
vn -0.7510101 0.205845 0.6273848
vn -0.9257085 0.1127861 0.3610306
vn -0.3870094 0.2501988 0.887482
vn -0.9257094 0.06648184 0.372347
vn -0.7108363 0.1125632 0.6942919
vn -0.3871293 0.1148482 0.9148447
vn -0.9257222 0.009559744 0.3780833
vn -0.6680983 -0.004431651 0.7440599
vn -0.3872822 -6.452534E-07 0.9219612
vn -0.3871347 -0.1148483 0.9148424
vn -0.925753 -0.05703506 0.3738025
vn -0.6502744 -0.1284408 0.7487631
vn -0.3870121 -0.2501986 0.8874809
vn -0.7510089 -0.2058455 0.6273861
vn -0.9257085 -0.1127861 0.3610306
vn -0.3867607 -0.3799642 0.8402638
vn -0.9255729 -0.1574123 0.3442909
vn -0.7104154 -0.3225325 0.625526
vn -0.3864346 -0.5012433 0.7742245
vn -0.9254466 -0.2076396 0.316914
vn -0.7101557 -0.4126779 0.5704173
vn -0.3860591 -0.6283956 0.6753349
vn -0.9252747 -0.2602783 0.275902
vn -0.7099773 -0.4807523 0.5145964
vn -0.7095461 -0.541517 0.450892
vn -0.3853401 -0.7365167 0.5559282
vn -0.9249829 -0.3051313 0.2264982
vn -0.7495561 -0.5695002 0.3373946
vn -0.9248225 -0.3314116 0.1867343
vn -0.3847603 -0.8114336 0.4399261
vn -0.9245794 -0.3526932 0.1440847
vn -0.7086977 -0.6552657 0.2614849
vn -0.3841456 -0.868218 0.3140537
vn -0.9242918 -0.3730907 0.08054766
vn -0.6474543 -0.7402861 0.1810515
vn -0.3834935 -0.905608 0.1811267
vn -0.7069144 -0.6999096 0.1019728
vn -0.9237429 -0.3793881 0.0525714
vn -0.3824596 -0.9139306 0.1358512
vn -0.002477879 0.8675956 0.4972643
vn -0.001540054 0.9510397 0.309065
vn -0.001540069 0.9510397 0.3090649
vn -0.00334588 0.7410393 0.6714533
vn -0.004545653 0.4096658 0.9122244
vn -0.004877327 0.2048329 0.9787849
vn -0.004877339 -0.2048204 0.9787874
vn -0.004545709 -0.4096408 0.9122356
vn -0.003345906 -0.7410348 0.6714583
vn -0.002477743 -0.8676113 0.4972369
vn -0.000536566 -0.9941856 0.1076784
vn 0.0005364615 -0.9941879 -0.1076574
vn 0.002477756 -0.8676097 -0.4972397
vn 0.00334602 -0.7410141 -0.6714813
vn 0.004545785 -0.4096065 -0.9122509
vn 0.004877357 -0.2048032 -0.978791
vn 0.004877344 0.2048157 -0.9787884
vn 0.00454573 0.4096315 -0.9122398
vn 0.003345995 0.7410185 -0.6714762
vn 0.002477893 0.8675941 -0.497267
vn 0.001539969 0.9510462 -0.3090448
vn 0.001539954 0.9510462 -0.3090449
vn 0.9811223 0.1698607 -0.09244774
vn 0.9792174 0.1942791 -0.05821376
vn 0.9133732 0.3885193 -0.1216642
vn 0.8490258 0.4237545 -0.3155746
vn 0.6522019 0.7218971 -0.2312949
vn 0.6718856 0.6007933 -0.4331479
vn 0.9817732 0.06016661 -0.1802814
vn 0.6732221 0.2294892 -0.7029274
vn 0.8740252 0.1514286 -0.461681
vn 0.8740362 -0.1514127 -0.4616654
vn 0.9817723 -0.06016728 -0.1802862
vn 0.6732665 -0.2294633 -0.7028932
vn 0.981289 -0.1450916 -0.1265719
vn 0.6700701 -0.551719 -0.4966008
vn 0.8717127 -0.4270064 -0.24038
vn 0.9808598 -0.1946543 0.004878529
vn 0.6697026 -0.7426219 0.003341122
vn 0.8717273 -0.4899722 0.004337219
vn 0.8692796 -0.426992 0.2490599
vn 0.9799879 -0.1450401 0.1363349
vn 0.6650491 -0.5517326 0.5032901
vn 0.8912589 -0.1723691 0.4194598
vn 0.9799216 -0.06017435 0.1900858
vn 0.6639943 -0.1524801 0.7320256
vn 0.9799281 0.06014616 0.1900613
vn 0.8094824 0.1802476 0.5587925
vn 0.6662565 0.2294691 0.7095394
vn 0.6650476 0.5517437 0.5032798
vn 0.8699982 0.4141815 0.2675008
vn 0.6498407 0.721916 0.2377907
vn 0.9801629 0.1698191 0.1021868
vn 0.9121261 0.3884975 0.1307501
vn 0.9785884 0.1942758 0.06798272
vn -0.9811239 0.1698559 0.09243914
vn -0.9792172 0.194279 0.05821792
vn -0.9133741 0.3885168 0.1216649
vn -0.872618 0.4141878 0.258817
vn -0.6522019 0.7218971 0.2312949
vn -0.6700372 0.5517281 0.4966349
vn -0.9817709 0.06016626 0.1802938
vn -0.8386812 0.2164595 0.4997593
vn -0.874023 -0.1514118 0.4616907
vn -0.6711759 0.1524924 0.725444
vn -0.9817676 -0.0601793 0.1803074
vn -0.6732141 -0.2294667 0.7029423
vn -0.981289 -0.1450901 0.1265733
vn -0.6700388 -0.551717 0.4966452
vn -0.8717157 -0.4269986 0.2403829
vn -0.9808531 -0.1946872 -0.004901912
vn -0.6697409 -0.7425874 -0.003339376
vn -0.8717274 -0.4899718 -0.004360554
vn -0.8692835 -0.4269863 -0.2490559
vn -0.9799691 -0.1451253 -0.1363786
vn -0.6651855 -0.5516528 -0.5031973
vn -0.8912727 -0.1723688 -0.4194305
vn -0.9799216 -0.06016855 -0.1900876
vn -0.6640292 -0.1524681 -0.7319964
vn -0.9799212 0.06017486 -0.1900879
vn -0.8335412 0.1210621 -0.5390298
vn -0.664246 0.3049499 -0.6824828
vn -0.8458593 0.4237194 -0.324012
vn -0.6676412 0.6007088 -0.4397774
vn -0.6499159 0.7218531 -0.2377759
vn -0.980146 0.169877 -0.1022526
vn -0.9121084 0.388528 -0.1307836
vn -0.9785888 0.1942758 -0.06797787
vn 0.9999877 0 0.004967082
vn 0.9999881 0 0.004893906
vn 0.9999881 0 0.004893906
vn 0.9999877 0 0.004967082
vn 0.9999872 0 0.005041529
vn 0.9999872 0 0.005041529
vn 0.9999876 0 0.004968353
vn 0.9999876 0 0.004968353
vn 0.9999881 0 0.004893906
vn 0.9999881 0 0.004893906
vn -0.9999876 4.550476E-07 -0.0049691
vn -0.999988 0 -0.0048979
vn -0.999988 4.482728E-07 -0.00489652
vn -0.9999876 9.100951E-07 -0.00496912
vn -0.9999872 2.309112E-07 -0.005040968
vn -0.9999872 0 -0.005040258
vn -0.9999876 0 -0.00496908
vn -0.9999876 0 -0.00496908
vn -0.999988 0 -0.0048979
vn -0.999988 0 -0.0048979
vn -0.001539683 0.9510636 0.3089916
vn -0.001539683 0.9510636 0.3089916
vn -0.002928877 0.8090139 0.5877822
vn -0.002928877 0.8090139 0.5877822
vn -0.004545682 0.4096065 0.9122509
vn -0.004877246 0.2048032 0.978791
vn -0.004877255 -0.2047943 0.9787929
vn -0.004545722 -0.4095886 0.912259
vn -0.003346026 -0.740999 0.6714978
vn -0.002477776 -0.8676021 0.4972529
vn -0.0005364748 -0.9941874 0.1076626
vn 0.0005365495 -0.9941857 -0.1076775
vn 0.002477726 -0.8676078 -0.497243
vn 0.003345872 -0.7410269 -0.6714669
vn 0.004545627 -0.4096311 -0.91224
vn 0.004877233 -0.2048155 -0.9787884
vn 0.004877246 0.2048032 -0.978791
vn 0.004545682 0.4096065 -0.9122509
vn 0.002928877 0.8090139 -0.5877822
vn 0.002928877 0.8090139 -0.5877822
vn 0.001539683 0.9510636 -0.3089916
vn 0.001539683 0.9510636 -0.3089916
vn 0.001539825 0.9510636 -0.3089916
vn 0.001539825 0.9510636 -0.3089916
vn 0.002929068 0.8090255 -0.5877662
vn 0.002929068 0.8090255 -0.5877662
vn 0.004546046 0.4096311 -0.91224
vn 0.004877684 0.2048155 -0.9787884
vn 0.004877684 -0.2048155 -0.9787884
vn 0.004546046 -0.4096311 -0.91224
vn 0.003346163 -0.7410302 -0.6714634
vn 0.002477911 -0.8676129 -0.497234
vn 0.0005365243 -0.9941874 -0.1076626
vn -0.0005365494 -0.9941857 0.1076775
vn -0.002477815 -0.8676032 0.4972509
vn -0.003346074 -0.7410138 0.6714814
vn -0.004545957 -0.4096132 0.912248
vn -0.004877693 -0.2048066 0.9787903
vn -0.004877684 0.2048155 0.9787884
vn -0.004545917 0.409631 0.9122399
vn -0.002928963 0.8090211 0.5877724
vn -0.002928828 0.8090211 0.5877724
vn -0.001539825 0.9510589 0.3090059
vn -0.001539897 0.9510589 0.3090059
vn -0.001419241 0.9510481 0.3090397
vn -0.001419241 0.9510481 0.3090397
vn -0.002821465 0.8090075 0.5877917
vn -0.002699412 0.8090039 0.587797
vn -0.004551256 0.4096239 0.9122432
vn -0.005056882 0.2048156 0.9787875
vn -0.005056887 -0.2048102 0.9787886
vn -0.004713085 -0.4096206 0.9122438
vn -0.003469144 -0.7410217 0.6714721
vn -0.002507161 -0.8676106 0.497238
vn -0.0005562523 -0.9941871 0.1076654
vn 0.0004941898 -0.9941864 -0.1076716
vn 0.002282487 -0.8676128 -0.4972352
vn 0.003244461 -0.7410272 -0.6714672
vn 0.004550506 -0.4096279 -0.9122413
vn 0.004856862 -0.2048201 -0.9787876
vn 0.004577499 0.2047952 -0.9787942
vn 0.004232857 0.4096141 -0.9122491
vn 0.003188613 0.7410192 -0.6714762
vn 0.002506051 0.8676049 -0.4972479
vn 0.001507374 0.9510553 -0.3090171
vn 0.001419159 0.9510539 -0.3090218
vn 0.001596549 0.9510539 -0.309021
vn 0.001596549 0.9510539 -0.309021
vn 0.002569065 0.8675997 -0.4972568
vn 0.003468342 0.7410158 -0.6714786
vn 0.004711217 0.4096206 -0.9122438
vn 0.005053986 0.2048102 -0.9787887
vn 0.005053985 -0.2048103 -0.9787886
vn 0.004711217 -0.4096206 -0.9122438
vn 0.003468308 -0.7410218 -0.6714721
vn 0.00256898 -0.8676091 -0.4972403
vn 0.0005562664 -0.9941867 -0.1076685
vn -0.0004944464 -0.9941871 0.1076657
vn -0.002345308 -0.8676143 0.4972322
vn -0.003244642 -0.7410291 0.6714651
vn -0.004549381 -0.4096279 0.9122413
vn -0.005053985 -0.2048103 0.9787886
vn -0.005053986 0.2048102 0.9787887
vn -0.004711217 0.4096206 0.9122438
vn -0.003468331 0.7410177 0.6714765
vn -0.002569037 0.8676027 0.4972514
vn -0.001596505 0.9510567 0.3090124
vn -0.001596505 0.9510567 0.3090124
vn 0.7509373 0.6269462 0.2074405
vn 0.8049324 0.5631415 0.1869642
vn 0.7661597 0.5180904 0.3802387
vn 0.8639114 0.4054017 0.2988423
vn 0.9321899 0.3428628 0.1160479
vn 0.8305721 0.1516257 0.5358728
vn 0.7649429 0.1978922 0.6129445
vn 0.7629892 -0.1316125 0.6328709
vn 0.9648026 0.2104223 0.157729
vn 0.9828212 0.1740113 0.06150231
vn 0.9841669 0.1410136 0.1073808
vn 0.9838459 0.05387249 0.1707193
vn 0.9427203 0.1278774 0.3081003
vn 0.9516059 -0.09357033 0.2927298
vn 0.9838404 -0.05392421 0.1707344
vn 0.9841612 -0.141041 0.107397
vn 0.8260337 -0.2121726 0.5221601
vn 0.7640544 -0.4761604 0.435307
vn 0.8417704 -0.4413415 0.3108702
vn 0.7658767 -0.6388301 0.07299937
vn 0.9433768 -0.2817957 0.1750186
vn 0.8433287 -0.5373511 -0.007099142
vn 0.7677698 -0.5575393 -0.3157205
vn 0.958556 -0.2845044 -0.01508865
vn 0.9846773 -0.1743153 0.004978457
vn 0.9849381 -0.1520983 -0.08223835
vn 0.844893 -0.4280811 -0.3207839
vn 0.7690964 -0.2632377 -0.5824059
vn 0.9535539 -0.2255399 -0.1996669
vn 0.9852901 -0.07179639 -0.1550762
vn 0.845855 -0.1552613 -0.5103168
vn 0.7710443 0.1979017 -0.6052484
vn 0.9540154 -0.06231757 -0.2932082
vn 0.9853461 0.03590774 -0.1667448
vn 0.8677642 0.1548241 -0.4722444
vn 0.9620222 0.09653798 -0.2553306
vn 0.9850841 0.1299074 -0.1128426
vn 0.9479618 0.2644567 -0.177288
vn 0.9833804 0.1740582 -0.05163939
vn 0.9489429 0.3013688 -0.0931886
vn 0.8549334 0.4945987 -0.1564
vn 0.8213556 0.4634188 -0.3325927
vn 0.769841 0.5181608 -0.3726318
vn 0.75292 0.6270024 -0.1999492
vn -0.7509307 0.6269408 -0.2074806
vn -0.8049123 0.5631632 -0.1869852
vn -0.7645718 0.5575557 -0.3233601
vn -0.8509495 0.404587 -0.3349542
vn -0.9321899 0.3428628 -0.1160479
vn -0.7632546 0.2632467 -0.5900369
vn -0.9648017 0.21042 -0.1577374
vn -0.9828199 0.1740229 -0.06149056
vn -0.9841651 0.1410068 -0.1074059
vn -0.9838433 0.05386302 -0.1707373
vn -0.8392966 0.1105161 -0.5323226
vn -0.764991 -0.1979104 -0.6128786
vn -0.9427203 0.1278774 -0.3081003
vn -0.9510488 -0.06231769 -0.3026924
vn -0.9836976 -0.0718025 -0.1648739
vn -0.8540357 -0.1859896 -0.4858301
vn -0.9515134 -0.2255549 -0.2091588
vn -0.9840667 -0.1520975 -0.09208162
vn -0.8416476 -0.4280914 -0.3291915
vn -0.7645987 -0.557521 -0.3233561
vn -0.9583554 -0.2845117 -0.02465726
vn -0.9846774 -0.1743153 -0.004950015
vn -0.9849294 -0.1521176 0.08230703
vn -0.843225 -0.5373373 -0.01549722
vn -0.7665626 -0.6388333 0.06537473
vn -0.9537695 -0.253003 0.1622135
vn -0.9854925 -0.05389325 0.160935
vn -0.8448265 -0.4413471 0.3024583
vn -0.7683388 -0.4761778 0.4276798
vn -0.9402348 -0.1066202 0.3234047
vn -0.8311895 -0.2121872 0.5139073
vn -0.7692564 -0.1316207 0.6252365
vn -0.8551238 0.1329272 0.5010924
vn -0.7690729 0.2632422 0.5824348
vn -0.9620591 0.07477932 0.2623934
vn -0.9852844 0.07183506 0.1550948
vn -0.9593637 0.2184773 0.1785751
vn -0.985171 0.1410826 0.0976418
vn -0.9833694 0.1740997 0.05171003
vn -0.933305 0.3428309 0.1068119
vn -0.8347578 0.4588411 0.3043752
vn -0.7698987 0.518096 0.3726023
vn -0.8316224 0.5293679 0.1678505
vn -0.752946 0.6269663 0.199964
vn -0.9239986 0.3816421 0.02399446
vn -0.9234811 0.3836162 -0.004606407
vn -0.9234788 0.3836219 -0.004604712
vn -0.9239986 0.3816423 0.02399568
vn -0.9242818 0.3731139 0.08055555
vn -0.9242758 0.3731274 0.08056235
vn -0.9245653 0.3562299 0.1352012
vn -0.9245684 0.3562243 0.135195
vn -0.9247479 0.3361576 0.1784363
vn -0.9248266 0.3266067 0.1949974
vn -0.9249773 0.3051411 0.226508
vn -0.92505 0.2932256 0.2414565
vn -0.9251936 0.2672826 0.2694007
vn -0.9252614 0.2532636 0.2823983
vn -0.9253789 0.2234558 0.306172
vn -0.9254306 0.2076614 0.3169464
vn -0.9255245 0.1746428 0.3360125
vn -0.9255661 0.1574209 0.3443052
vn -0.9256914 0.1127975 0.3610711
vn -0.9256945 0.1127965 0.3610631
vn -0.9257022 0.06648251 0.3723648
vn -0.9257159 0.0475799 0.3752151
vn -0.9257329 0.009560406 0.3780572
vn -0.925733 -0.009558026 0.378057
vn -0.925716 -0.04758195 0.3752145
vn -0.9257025 -0.06648391 0.3723637
vn -0.9256642 -0.1036563 0.3638696
vn -0.9256383 -0.1219275 0.3582282
vn -0.9255668 -0.157423 0.3443024
vn -0.9255245 -0.1746438 0.3360118
vn -0.9254471 -0.2155687 0.3115731
vn -0.9254473 -0.2155679 0.3115731
vn -0.925261 -0.2532679 0.282396
vn -0.92519 -0.2672892 0.2694066
vn -0.9250533 -0.2992 0.2339995
vn -0.9250425 -0.2992211 0.2340153
vn -0.9248205 -0.3314159 0.1867367
vn -0.9248311 -0.3313932 0.1867245
vn -0.9245648 -0.3527257 0.1440987
vn -0.924475 -0.3597122 0.1263058
vn -0.924289 -0.3730973 0.08054931
vn -0.9242979 -0.3730758 0.08054676
vn -0.9237671 -0.3793298 0.05256614
vn -0.9237553 -0.3793592 0.05256212
vn -0.9237226 -0.3816203 -0.03320381
vn -0.9234915 -0.3835913 -0.004598768
vn -0.9234864 -0.3836037 -0.004602588
vn -0.9237183 -0.3816307 -0.03320509
vn -0.9234452 -0.3752057 -0.08043454
vn -0.9233566 -0.3709419 -0.09906916
vn -0.9231772 -0.3596988 -0.1355013
vn -0.9230878 -0.352715 -0.1533006
vn -0.9229118 -0.3314169 -0.1959509
vn -0.9229123 -0.3314177 -0.1959469
vn -0.9226649 -0.305154 -0.2357341
vn -0.9225935 -0.2932316 -0.2506722
vn -0.922461 -0.2672887 -0.2786082
vn -0.9223985 -0.2532692 -0.2916089
vn -0.9222754 -0.2234602 -0.3153943
vn -0.9222227 -0.2076634 -0.3261612
vn -0.922152 -0.1660351 -0.3493821
vn -0.9221613 -0.1660255 -0.3493625
vn -0.9220456 -0.1127949 -0.3702826
vn -0.9220389 -0.1128016 -0.3702973
vn -0.9219463 -0.06648608 -0.3815685
vn -0.9219372 -0.04758529 -0.3844053
vn -0.9219664 -1.720182E-07 -0.3872698
vn -0.9219695 -1.694678E-07 -0.3872626
vn -0.9219372 0.04758506 -0.3844053
vn -0.9219463 0.06648597 -0.3815685
vn -0.9219857 0.1036577 -0.3730917
vn -0.9220151 0.1219261 -0.3674537
vn -0.9221484 0.1660398 -0.3493895
vn -0.9221556 0.1660316 -0.3493747
vn -0.9222186 0.2076714 -0.3261677
vn -0.9222708 0.2234705 -0.3154006
vn -0.9224666 0.2602977 -0.2851323
vn -0.9224722 0.2602884 -0.2851228
vn -0.9225951 0.2932283 -0.2506701
vn -0.9226692 0.3051466 -0.2357269
vn -0.922829 0.3266227 -0.2042163
vn -0.9229102 0.3361871 -0.1876568
vn -0.9230773 0.3527401 -0.1533063
vn -0.9231634 0.3597293 -0.1355148
vn -0.9234366 0.3731051 -0.08976337
vn -0.9234357 0.3731077 -0.08976172
vn -0.9231989 0.3793247 -0.06177825
vn -0.9232023 0.3793164 -0.0617795
vn 0.9234861 -0.3836043 0.004602615
vn 0.9234809 -0.3836167 0.004598772
vn 0.9240117 -0.3816107 -0.02399194
vn 0.9240139 -0.3816057 -0.02398985
vn 0.9242087 -0.3751875 -0.07122293
vn 0.924304 -0.3709276 -0.08985996
vn 0.9244875 -0.3596852 -0.1262915
vn 0.9245775 -0.3526976 -0.1440864
vn 0.9248301 -0.3313956 -0.1867247
vn 0.9248311 -0.3313944 -0.1867222
vn 0.9249834 -0.3051292 -0.2264991
vn 0.9250569 -0.2932118 -0.2414471
vn 0.9251969 -0.2672766 -0.2693954
vn 0.9252611 -0.253262 -0.2824007
vn 0.9253781 -0.2234566 -0.3061739
vn 0.9254296 -0.2076667 -0.3169454
vn 0.9255244 -0.1746469 -0.3360106
vn 0.9255662 -0.1574184 -0.3443061
vn 0.9256368 -0.1219259 -0.3582326
vn 0.9256611 -0.1036612 -0.3638762
vn 0.9256984 -0.06648862 -0.3723731
vn 0.9257119 -0.04758228 -0.3752245
vn 0.9257308 -0.009559372 -0.3780624
vn 0.925733 0.009558067 -0.378057
vn 0.925716 0.0475846 -0.3752141
vn 0.9257022 0.0664893 -0.3723637
vn 0.925691 0.1127967 -0.3610722
vn 0.9256945 0.1127933 -0.3610642
vn 0.9255847 0.1660415 -0.3401811
vn 0.9255865 0.1660363 -0.3401787
vn 0.9254209 0.2076793 -0.3169628
vn 0.9253689 0.2234721 -0.3061906
vn 0.925256 0.2532728 -0.2824081
vn 0.9251967 0.2672764 -0.2693965
vn 0.9250633 0.2991826 -0.2339822
vn 0.9250621 0.2991845 -0.2339845
vn 0.9248286 0.3266036 -0.1949925
vn 0.9247468 0.3361614 -0.178435
vn 0.9245748 0.3527051 -0.1440852
vn 0.9244828 0.3596959 -0.1262955
vn 0.9242962 0.3730799 -0.08054776
vn 0.9242919 0.37309 -0.0805497
vn 0.9237774 0.3793049 -0.05256659
vn 0.9237822 0.3792928 -0.05256836
vn 0.9234936 0.3835862 0.004604786
vn 0.9234912 0.3835919 0.004606458
vn 0.9237318 0.3815981 0.03320179
vn 0.9237326 0.3815962 0.03320083
vn 0.9234492 0.3730753 0.08975773
vn 0.9234521 0.3730689 0.08975419
vn 0.9231726 0.3562253 0.1444159
vn 0.9231693 0.3562322 0.1444198
vn 0.9229132 0.3361783 0.1876576
vn 0.9228336 0.3266146 0.2042081
vn 0.922679 0.3051326 0.2357065
vn 0.9226067 0.293207 0.2506521
vn 0.9224678 0.2672716 0.2786022
vn 0.9223987 0.2532657 0.2916111
vn 0.922276 0.2234638 0.3153902
vn 0.9222237 0.2076661 0.3261568
vn 0.9221343 0.1746359 0.345211
vn 0.9220923 0.1574117 0.3535074
vn 0.9220456 0.1127989 0.3702815
vn 0.9220389 0.1128056 0.370296
vn 0.9219464 0.06648661 0.3815681
vn 0.9219373 0.04758005 0.3844056
vn 0.9219251 0.009558558 0.3872501
vn 0.9219252 -0.009556677 0.38725
vn 0.9219374 -0.04757776 0.3844057
vn 0.9219471 -0.0664874 0.3815667
vn 0.921987 -0.1036641 0.3730868
vn 0.9220181 -0.1219278 0.3674456
vn 0.922093 -0.1574112 0.3535056
vn 0.9221344 -0.1746356 0.3452109
vn 0.9222933 -0.2155728 0.3207854
vn 0.9222873 -0.215582 0.3207967
vn 0.9223952 -0.253273 0.2916159
vn 0.9224626 -0.267282 0.2786092
vn 0.9226811 -0.2991902 0.2431972
vn 0.9226815 -0.2991894 0.2431968
vn 0.9229168 -0.3314092 0.1959399
vn 0.922915 -0.3314127 0.1959427
vn 0.923089 -0.3527119 0.1533006
vn 0.9231774 -0.3596973 0.1355039
vn 0.9234452 -0.3730848 0.08975951
vn 0.9234432 -0.3730893 0.08976144
vn 0.9232039 -0.3793125 0.0617789
vn 0.9232049 -0.37931 0.06177926
vn -0.1495515 0.9690119 -0.1965968
vn 0.0007388731 0.9888309 -0.1490402
vn -0.1494163 0.9776201 -0.1481004
vn 0.001225433 0.9690672 -0.246794
vn -0.1488681 0.9289962 -0.338828
vn 0.1514944 0.9690131 -0.1950979
vn 0.1508804 0.9776208 -0.146604
vn 0.1522308 0.9289972 -0.3373279
vn 0.001934071 0.921461 -0.388466
vn -0.1481882 0.8682326 -0.4735107
vn 0.1528971 0.8682329 -0.4720106
vn 0.002599833 0.8532689 -0.5214647
vn -0.1475535 0.788074 -0.5976347
vn 0.1535095 0.7880731 -0.5961338
vn 0.003207262 0.7660178 -0.6428114
vn -0.1469711 0.6724173 -0.7254341
vn 0.1541988 0.6724173 -0.7239321
vn 0.003653397 0.6801743 -0.7330413
vn 0.004048597 0.5837775 -0.8119036
vn -0.1464131 0.5363255 -0.8312149
vn 0.1546924 0.5363272 -0.8297128
vn 0.004433056 0.4562453 -0.889843
vn -0.1460689 0.4065589 -0.9018724
vn 0.1550428 0.4065602 -0.9003725
vn 0.004720072 0.3185238 -0.9479031
vn -0.1458025 0.2677153 -0.9524023
vn 0.1552923 0.2677114 -0.9509022
vn 0.004916163 0.1736887 -0.9847884
vn -0.1456419 0.1228864 -0.9816758
vn 0.004989763 4.230407E-07 -0.9999876
vn 0.1554365 0.1228856 -0.9801728
vn -0.1456682 4.194169E-07 -0.9893335
vn 0.1555173 4.194648E-07 -0.9878331
vn -0.1456418 -0.1228858 -0.9816759
vn 0.1554365 -0.122885 -0.9801728
vn 0.004916163 -0.1736884 -0.9847884
vn -0.1458025 -0.2677153 -0.9524023
vn 0.1552923 -0.267712 -0.950902
vn 0.004721236 -0.318524 -0.947903
vn -0.1460689 -0.4065599 -0.9018719
vn 0.1550474 -0.4065608 -0.9003714
vn 0.004435393 -0.4562488 -0.8898412
vn -0.1463995 -0.53633 -0.8312144
vn 0.1546812 -0.5363308 -0.8297126
vn 0.004048031 -0.5837792 -0.8119024
vn -0.1469613 -0.6724182 -0.7254351
vn 0.1541875 -0.6724184 -0.7239335
vn 0.003651766 -0.6801736 -0.733042
vn 0.003206761 -0.766017 -0.6428124
vn -0.1475512 -0.7880723 -0.5976377
vn 0.1535071 -0.7880716 -0.5961366
vn 0.002599837 -0.8532684 -0.5214654
vn -0.1481749 -0.8682351 -0.4735105
vn 0.1528839 -0.8682353 -0.4720105
vn 0.001934073 -0.9214609 -0.3884663
vn -0.1488407 -0.9289988 -0.3388328
vn 0.1522035 -0.9289998 -0.3373331
vn 0.001225451 -0.9690663 -0.2467976
vn -0.1495662 -0.9690104 -0.1965929
vn 0.0003687611 -0.9972041 -0.07472637
vn 0.151509 -0.9690115 -0.1950938
vn -0.1502382 -0.9858296 -0.07462257
vn 0.1509706 -0.9858301 -0.07312144
vn -0.150197 -0.9886558 -0.0007490877
vn 0.1501903 -0.9886568 0.0007490542
vn -5.137079E-06 -1 0
vn -0.9234402 0.3752172 -0.08043787
vn -0.9231962 0.3793315 -0.06177692
vn -0.9231958 0.3793322 -0.06177681
vn -0.9233491 0.3709587 -0.09907629
vn -0.9231681 0.3562368 -0.1444166
vn -0.9231693 0.3562333 -0.1444169
vn -0.9229121 0.3361802 -0.1876599
vn -0.9228324 0.3266175 -0.2042095
vn -0.922678 0.3051342 -0.2357085
vn -0.9226059 0.2932091 -0.2506526
vn -0.9224665 0.2672734 -0.2786047
vn -0.922402 0.2532586 -0.2916068
vn -0.9222952 0.2155665 -0.3207845
vn -0.9222999 0.2155585 -0.3207763
vn -0.9221452 0.1660447 -0.3493958
vn -0.9221405 0.1660524 -0.3494045
vn -0.9220099 0.1219342 -0.3674638
vn -0.9219828 0.1036635 -0.3730973
vn -0.9219406 0.06648765 -0.3815822
vn -0.9219293 0.04758392 -0.3844244
vn -0.9219181 0.009561202 -0.3872669
vn -0.9219182 -0.009558816 -0.3872667
vn -0.9219294 -0.04758366 -0.3844243
vn -0.9219406 -0.06648955 -0.3815819
vn -0.9219828 -0.1036629 -0.3730975
vn -0.9220099 -0.1219342 -0.3674637
vn -0.9220785 -0.1574319 -0.3535341
vn -0.9221249 -0.1746491 -0.3452297
vn -0.9222258 -0.2076599 -0.3261549
vn -0.9222841 -0.2234471 -0.3153782
vn -0.9224014 -0.25326 -0.2916078
vn -0.9224656 -0.2672759 -0.2786053
vn -0.9226057 -0.2932091 -0.2506535
vn -0.9226798 -0.3051304 -0.2357063
vn -0.9228356 -0.3266104 -0.2042062
vn -0.9229169 -0.3361703 -0.1876534
vn -0.9231735 -0.3562244 -0.1444118
vn -0.9231751 -0.3562212 -0.1444097
vn -0.923355 -0.3709452 -0.09907155
vn -0.9234442 -0.3752078 -0.08043578
vn -0.9237169 -0.3816341 -0.03320393
vn -0.9237183 -0.3816306 -0.03320735
vn -0.9234757 -0.3836293 -0.004606959
vn -0.9234702 -0.3836426 -0.004602986
vn -0.9237775 -0.3793046 0.05256664
vn -0.9237761 -0.3793077 0.05256811
vn -0.9242083 -0.3751887 0.07122087
vn -0.924299 -0.3709401 0.08986008
vn -0.9245639 -0.3562329 0.1352026
vn -0.924561 -0.3562392 0.1352063
vn -0.9247357 -0.3361829 0.1784518
vn -0.9248211 -0.3266164 0.1950068
vn -0.9249802 -0.3051337 0.226506
vn -0.9250572 -0.2932099 0.2414479
vn -0.9252706 -0.2602867 0.2759081
vn -0.9252719 -0.260285 0.275905
vn -0.9254463 -0.2155721 0.3115731
vn -0.9254456 -0.2155724 0.3115751
vn -0.9255866 -0.166036 0.3401788
vn -0.9255865 -0.1660367 0.3401785
vn -0.925633 -0.1219256 0.3582425
vn -0.9256573 -0.1036605 0.3638862
vn -0.9256964 -0.06648769 0.3723784
vn -0.9257138 -0.0475833 0.3752196
vn -0.9257348 -0.009562521 0.3780525
vn -0.9257351 0.00955699 0.3780518
vn -0.9257501 0.05703901 0.3738092
vn -0.9257423 0.05704331 0.3738277
vn -0.9256573 0.1036605 0.3638862
vn -0.9256349 0.1219252 0.3582377
vn -0.925568 0.1574138 0.3443033
vn -0.9255283 0.1746383 0.3360044
vn -0.9254325 0.2076605 0.3169414
vn -0.9253788 0.2234576 0.3061712
vn -0.9252607 0.253268 0.2823969
vn -0.9251968 0.2672805 0.269392
vn -0.9250578 0.2932114 0.241444
vn -0.9249808 0.3051332 0.2265043
vn -0.9248211 0.3266166 0.1950064
vn -0.9247398 0.3361745 0.1784458
vn -0.9245687 0.3562218 0.1351988
vn -0.9245741 0.35621 0.1351935
vn -0.9242994 0.3709382 0.08986285
vn -0.9242043 0.3751979 0.07122388
vn -0.9240175 0.3808777 0.03352296
vn -0.9239224 0.3823065 0.01446043
vn -0.9234894 0.3835964 -0.004600341
vn -0.9234872 0.3836015 -0.004601914
vn 0.9234442 -0.3752077 0.08043671
vn 0.9231961 -0.3793312 0.06178067
vn 0.923199 -0.3793247 0.0617776
vn 0.9233507 -0.3709549 0.09907558
vn 0.9231657 -0.3562414 0.1444203
vn 0.9231619 -0.35625 0.1444235
vn 0.9229089 -0.3361861 0.187665
vn 0.9228261 -0.3266293 0.204219
vn 0.9226664 -0.3051564 0.235725
vn 0.9225892 -0.2932402 0.2506778
vn 0.9224635 -0.260301 0.2851393
vn 0.9224594 -0.260305 0.2851491
vn 0.9222775 -0.2234612 0.3153877
vn 0.9222264 -0.2076607 0.3261528
vn 0.922128 -0.1746449 0.3452232
vn 0.9220822 -0.1574268 0.3535267
vn 0.922012 -0.1219333 0.3674589
vn 0.9219857 -0.1036605 0.3730908
vn 0.9219463 -0.06648397 0.3815689
vn 0.9219324 -0.04757937 0.3844176
vn 0.9219152 -0.009557123 0.3872738
vn 0.9219151 0.00955892 0.3872741
vn 0.9219815 0.05703387 0.3830107
vn 0.9219844 0.05703203 0.3830039
vn 0.9219898 0.1036592 0.3730812
vn 0.922016 0.1219306 0.3674499
vn 0.9220843 0.1574243 0.3535227
vn 0.9221286 0.1746444 0.3452218
vn 0.9222275 0.2076599 0.32615
vn 0.9222786 0.2234589 0.3153859
vn 0.922391 0.2532779 0.291625
vn 0.9224504 0.2673006 0.2786317
vn 0.9225904 0.2932359 0.2506786
vn 0.9226726 0.3051427 0.2357184
vn 0.9228366 0.3266083 0.2042047
vn 0.9229178 0.3361701 0.1876496
vn 0.9231667 0.3562403 0.1444168
vn 0.9231601 0.3562531 0.1444269
vn 0.923346 0.3709655 0.09907927
vn 0.9234399 0.3752177 0.08043937
vn 0.923628 0.3809004 0.04273313
vn 0.9237286 0.3823156 0.02367085
vn 0.9234892 0.383597 0.00460489
vn 0.9234974 0.383577 0.004611066
vn 0.9242046 0.3751963 -0.07122828
vn 0.9237748 0.3793109 -0.05256815
vn 0.923777 0.3793055 -0.05256889
vn 0.9242924 0.3709543 -0.08986907
vn 0.9245584 0.3562448 -0.135209
vn 0.9245535 0.356256 -0.1352129
vn 0.9247332 0.3361896 -0.1784519
vn 0.9248164 0.3266273 -0.1950107
vn 0.9249709 0.3051517 -0.2265199
vn 0.9250432 0.2932365 -0.2414695
vn 0.9251829 0.2673005 -0.2694199
vn 0.9252517 0.2532796 -0.2824159
vn 0.9254432 0.2155767 -0.3115792
vn 0.9254469 0.2155724 -0.3115711
vn 0.9255869 0.1660405 -0.3401756
vn 0.9255865 0.1660419 -0.340176
vn 0.9256331 0.121925 -0.3582426
vn 0.9256621 0.1036575 -0.3638746
vn 0.925706 0.0664865 -0.3723545
vn 0.925717 0.04758064 -0.3752121
vn 0.9257261 0.009556451 -0.3780739
vn 0.9257259 -0.009559794 -0.3780744
vn 0.9257168 -0.04757928 -0.3752128
vn 0.9257061 -0.06648276 -0.3723549
vn 0.9256622 -0.1036579 -0.3638744
vn 0.9256282 -0.1219338 -0.358252
vn 0.9255545 -0.1574347 -0.34433
vn 0.9255148 -0.174657 -0.3360316
vn 0.925426 -0.2076674 -0.3169559
vn 0.9253742 -0.2234603 -0.3061831
vn 0.9252511 -0.2532805 -0.2824169
vn 0.925182 -0.2673047 -0.2694189
vn 0.925043 -0.2932411 -0.2414646
vn 0.9249774 -0.3051408 -0.2265079
vn 0.9248292 -0.3265992 -0.1949974
vn 0.9247482 -0.3361551 -0.1784394
vn 0.924568 -0.3562225 -0.1352024
vn 0.9245592 -0.3562427 -0.1352087
vn 0.9242985 -0.3709401 -0.08986499
vn 0.9242087 -0.3751877 -0.07122208
vn 0.9240139 -0.3816054 -0.02399103
vn 0.9240139 -0.3816055 -0.02399178
vn 0.9234906 -0.3835935 0.004602537
vn 0.9234898 -0.3835953 0.004603084
vn -0.1515113 -0.9690114 0.1950932
vn -0.0007439111 -0.9888318 0.1490342
vn -0.1509308 -0.9776151 0.14659
vn -0.00123096 -0.9690666 0.2467965
vn -0.1522142 -0.9289986 0.3373312
vn 0.1495574 -0.9690117 0.1965932
vn 0.1494535 -0.9776162 0.1480888
vn 0.1488363 -0.9289997 0.3388323
vn -0.001941762 -0.921461 0.388466
vn -0.1528976 -0.8682331 0.4720101
vn 0.1481719 -0.8682348 0.4735117
vn -0.002607967 -0.8532698 0.5214632
vn -0.153547 -0.788069 0.5961297
vn 0.1475725 -0.7880706 0.5976347
vn -0.003212229 -0.7660186 0.6428104
vn -0.154224 -0.672415 0.7239289
vn 0.1469898 -0.6724159 0.7254316
vn -0.003648483 -0.680172 0.7330435
vn -0.004055461 -0.5837781 0.8119032
vn -0.1546866 -0.5363271 0.8297139
vn 0.1463775 -0.5363329 0.8312163
vn -0.004451005 -0.4562461 0.8898426
vn -0.1550289 -0.4065664 0.900372
vn 0.1460286 -0.4065635 0.9018768
vn -0.004727011 -0.3185315 0.9479005
vn -0.1552666 -0.2677207 0.9509038
vn 0.1457866 -0.2677174 0.9524041
vn -0.004905968 -0.1736901 0.9847882
vn -0.1554411 -0.1228844 0.9801722
vn -0.004982015 4.230472E-07 0.9999876
vn 0.1456666 -0.1228848 0.9816723
vn -0.1555173 4.194653E-07 0.9878331
vn 0.1456682 4.194612E-07 0.9893335
vn -0.1554411 0.1228857 0.980172
vn 0.1456666 0.1228862 0.9816721
vn -0.004905959 0.1736883 0.9847885
vn -0.1552946 0.2677129 0.9509013
vn 0.1458147 0.267713 0.9524011
vn -0.00472007 0.3185246 0.9479028
vn -0.1550428 0.4065608 0.9003721
vn 0.1460689 0.4065594 0.9018722
vn -0.004431129 0.4562485 0.8898414
vn -0.1546723 0.5363298 0.8297148
vn 0.1464002 0.5363302 0.8312141
vn -0.004043174 0.5837785 0.8119029
vn -0.1541786 0.6724182 0.7239356
vn 0.1469606 0.6724172 0.7254363
vn -0.003648517 0.6801721 0.7330434
vn -0.003202963 0.7660183 0.6428108
vn -0.1535044 0.7880749 0.5961328
vn 0.1475565 0.7880749 0.5976329
vn -0.002596349 0.8532692 0.5214643
vn -0.1528898 0.8682336 0.4720119
vn 0.1481852 0.8682324 0.4735119
vn -0.001933112 0.9214606 0.388467
vn -0.1522374 0.9289967 0.337326
vn 0.1488659 0.9289961 0.338829
vn -0.001233271 0.9690675 0.2467929
vn -0.1515076 0.9690115 0.1950952
vn -0.0003763988 0.9972039 0.07472835
vn 0.1495448 0.969013 0.1965965
vn -0.1509334 0.9858354 0.07312758
vn 0.1501875 0.9858369 0.07462759
vn -0.1501528 0.9886625 -0.0007488675
vn 0.1501461 0.9886636 0.000748834
vn -1.644808E-06 1 0
vn 0.004320484 0.4999732 -0.8660302
vn 0.004312263 0.5000353 -0.8659942
vn 0.004320484 0.4999732 -0.8660302
vn 0.004328705 0.499911 -0.866066
vn 0 1 0
vn 0 1 0
vn 0 1 0
vn 0 1 0
vn -0.004308057 0.5000353 0.8659943
vn -0.004316361 0.4999731 0.8660302
vn -0.004316361 0.4999731 0.8660302
vn -0.004324663 0.4999109 0.866066
vn -0.004316171 -0.5000392 0.865992
vn -0.004307867 -0.5001014 0.8659561
vn -0.004316171 -0.5000392 0.865992
vn -0.004324473 -0.499977 0.8660279
vn 0 -1 0
vn 0 -1 0
vn 0 -1 0
vn 0 -1 0
vn 0.004320293 -0.5000393 -0.865992
vn 0.004312073 -0.5001014 -0.8659561
vn 0.004320293 -0.5000393 -0.865992
vn 0.004328514 -0.4999772 -0.8660278
vn 0.3128996 0.5018456 -0.8063776
vn 0.1952041 0.4953158 -0.8464973
vn 0.1959095 0.494306 -0.8469244
vn 0.4270021 0.5012625 -0.7525989
vn 0.6622722 0.5021138 -0.556127
vn 0.6622495 0.5021774 -0.5560967
vn 0.7695436 0.4933926 -0.4054212
vn 0.7695619 0.4933135 -0.4054827
vn 0 1 0
vn 0 1 0
vn 0 1 0
vn 0 1 0
vn 0 1 0
vn 0 1 0
vn 0 1 0
vn 0 1 0
vn -0.1908319 0.4942906 0.848092
vn -0.3096241 0.5020558 0.8075103
vn -0.1894895 0.4957257 0.8475551
vn -0.4257378 0.5012839 0.7533007
vn -0.6622871 0.5020666 0.556152
vn -0.6622845 0.502104 0.5561213
vn -0.7694988 0.4933646 0.4055403
vn -0.7695052 0.4933006 0.4056061
vn -0.1908236 -0.4943565 0.8480554
vn -0.1894813 -0.4957916 0.8475184
vn -0.3096103 -0.502122 0.8074744
vn -0.4257189 -0.50135 0.7532673
vn -0.6622577 -0.5021328 0.5561273
vn -0.662255 -0.5021702 0.5560966
vn -0.7694658 -0.4934304 0.4055229
vn -0.7694722 -0.4933664 0.4055887
vn 0 -1 0
vn 0 -1 0
vn 0 -1 0
vn 0 -1 0
vn 0 -1 0
vn 0 -1 0
vn 0 -1 0
vn 0 -1 0
vn 0.1959011 -0.4943719 -0.846888
vn 0.1951957 -0.4953817 -0.8464606
vn 0.3128858 -0.5019118 -0.8063418
vn 0.4269831 -0.5013286 -0.7525656
vn 0.6622428 -0.50218 -0.5561023
vn 0.6622201 -0.5022436 -0.5560719
vn 0.7695106 -0.4934584 -0.4054037
vn 0.7695289 -0.4933792 -0.4054653
vn 0.8654242 0.4974285 -0.06004932
vn 0.8668389 0.4948686 -0.06078918
vn 0.8654242 0.4974285 -0.06004932
vn 0.8640015 0.4999839 -0.05930892
vn 0 1 0
vn 0 1 0
vn 0 1 0
vn 0 1 0
vn -0.8658121 0.4972188 0.05606201
vn -0.8672988 0.4945268 0.05688552
vn -0.8658121 0.4972188 0.05606201
vn -0.8643166 0.4999057 0.05523793
vn -0.8672615 -0.4945926 0.05688306
vn -0.8657743 -0.4972847 0.05605956
vn -0.8657743 -0.4972847 0.05605956
vn -0.8642784 -0.4999718 0.05523549
vn 0 -1 0
vn 0 -1 0
vn 0 -1 0
vn 0 -1 0
vn 0.8653864 -0.4974945 -0.0600467
vn 0.8668015 -0.4949345 -0.06078655
vn 0.8653864 -0.4974945 -0.0600467
vn 0.8639634 -0.50005 -0.0593063
vn -0.00264726 0.8470286 0.5315408
vn -0.002646819 0.8470305 0.5315377
vn -0.00264726 0.8470286 0.5315408
vn -0.0026477 0.8470265 0.531544
vn -0.004990013 -0.03679737 0.9993103
vn -0.004983076 -0.0367358 0.9993126
vn -0.004983076 -0.0367358 0.9993126
vn -0.00497614 -0.03667424 0.9993149
vn -0.002331625 -0.8838233 0.467815
vn -0.002327407 -0.8838052 0.4678493
vn -0.002331625 -0.8838233 0.467815
vn -0.002335842 -0.8838415 0.4677807
vn 0.002649091 -0.8470502 -0.5315064
vn 0.002643896 -0.8470737 -0.531469
vn 0.002649091 -0.8470502 -0.5315064
vn 0.002654287 -0.8470266 -0.5315439
vn 0.004991612 0.03681156 -0.9993098
vn 0.004990099 0.03679813 -0.9993103
vn 0.004991612 0.03681156 -0.9993098
vn 0.004993127 0.036825 -0.9993093
vn 0.002333865 0.8838234 -0.4678149
vn 0.002337331 0.8838385 -0.4677864
vn 0.002333865 0.8838234 -0.4678149
vn 0.002330398 0.8838083 -0.4678434
vn 0.3062203 0.7888639 0.5328441
vn 0.1883519 0.8285976 0.5272092
vn 0.1890722 0.8290733 0.5262027
vn 0.42061 0.7357258 0.5308435
vn 0.6568519 0.5405387 0.525703
vn 0.6568483 0.5405442 0.5257016
vn 0.7649208 0.3907976 0.5120288
vn 0.7649173 0.3907848 0.5120438
vn -0.004961323 -0.03678047 0.999311
vn -0.004985608 -0.03680712 0.99931
vn -0.00486677 -0.0366803 0.9993152
vn -0.005036526 -0.03688975 0.9993067
vn -0.004990014 -0.03683445 0.9993089
vn -0.004973798 -0.0368025 0.9993102
vn -0.004970136 -0.03683513 0.9993089
vn -0.004995285 -0.03683393 0.9993089
vn -0.3079516 -0.8269505 0.4704452
vn -0.1875415 -0.8661158 0.4633265
vn -0.1889111 -0.8666199 0.4618251
vn -0.4243458 -0.7733384 0.4710397
vn -0.6619001 -0.5775219 0.4778668
vn -0.6618931 -0.5775243 0.4778737
vn -0.7698409 -0.4272093 0.4741701
vn -0.7698407 -0.4272073 0.4741722
vn -0.1839356 -0.8302341 -0.5261931
vn -0.1825571 -0.8296237 -0.5276338
vn -0.3029283 -0.789994 -0.5330516
vn -0.4193502 -0.7364333 -0.5308592
vn -0.6568848 -0.5405673 -0.5256325
vn -0.656873 -0.5405965 -0.5256171
vn -0.7648867 -0.3909208 -0.5119857
vn -0.7648813 -0.3908621 -0.5120385
vn 0.004971484 0.03679491 -0.9993105
vn 0.004999552 0.03682465 -0.9993092
vn 0.004949053 0.03680416 -0.9993103
vn 0.004932874 0.03677012 -0.9993116
vn 0.004931526 0.03678527 -0.999311
vn 0.004972763 0.03680256 -0.9993102
vn 0.004936431 0.03675714 -0.999312
vn 0.004858246 0.0367609 -0.9993123
vn 0.1939916 0.8654859 -0.4618456
vn 0.1932321 0.8650579 -0.4629646
vn 0.3112231 0.8258471 -0.4702305
vn 0.4256193 0.7726849 -0.4709631
vn 0.6618899 0.5775528 -0.4778436
vn 0.6618756 0.5775449 -0.4778729
vn 0.769895 0.4271461 -0.4741391
vn 0.7698998 0.4271625 -0.4741165
vn 0.8625599 0.04600425 0.5038591
vn 0.8639286 0.04681209 0.5014341
vn 0.8625599 0.04600425 0.5038591
vn 0.8611841 0.04519602 0.5062799
vn -0.00492679 -0.03680168 0.9993104
vn -0.004998243 -0.03682335 0.9993093
vn -0.00492679 -0.03680168 0.9993104
vn -0.004855336 -0.03677999 0.9993116
vn -0.867945 -0.07863767 0.4903953
vn -0.8693765 -0.07935013 0.4877377
vn -0.867945 -0.07863767 0.4903953
vn -0.8665052 -0.07792445 0.4930482
vn -0.8644097 -0.04293044 -0.5009519
vn -0.8629354 -0.04201465 -0.5035647
vn -0.8629354 -0.04201465 -0.5035647
vn -0.8614525 -0.04109843 -0.5061725
vn 0.004853432 0.03677811 -0.9993117
vn 0.004929638 0.03680123 -0.9993104
vn 0.004929638 0.03680123 -0.9993104
vn 0.005005845 0.03682435 -0.9993092
vn 0.868934 0.08326852 -0.487873
vn 0.8675723 0.08263344 -0.4903978
vn 0.8675723 0.08263344 -0.4903978
vn 0.8662032 0.08199766 -0.4929183
vn -0.00432192 0.4999951 0.8660175
vn -0.00432192 0.4999951 0.8660175
vn -0.004327008 0.5000353 0.8659942
vn -0.004316833 0.4999549 0.8660407
vn 0 1 0
vn 0 1 0
vn 0 1 0
vn 0 1 0
vn 0.004316329 0.4999835 -0.8660242
vn 0.004316329 0.4999835 -0.8660242
vn 0.004324348 0.5000463 -0.8659879
vn 0.004308312 0.4999208 -0.8660604
vn 0.00431614 -0.5000497 -0.865986
vn 0.004308122 -0.4999869 -0.8660223
vn 0.00431614 -0.5000497 -0.865986
vn 0.004324157 -0.5001124 -0.8659497
vn 0 -1 0
vn 0 -1 0
vn 0 -1 0
vn 0 -1 0
vn -0.00432173 -0.5000612 0.8659792
vn -0.004316643 -0.500021 0.8660024
vn -0.00432173 -0.5000612 0.8659792
vn -0.004326817 -0.5001014 0.8659561
vn 0.3048633 0.5018379 0.8094547
vn 0.1875056 0.4943082 0.8488232
vn 0.1868023 0.4953212 0.8483878
vn 0.4194787 0.5012348 0.7568364
vn 0.6567015 0.5020663 0.5627367
vn 0.656688 0.5021129 0.5627109
vn 0.7654911 0.49333 0.4130968
vn 0.7655061 0.4932624 0.4131495
vn 0 1 0
vn 0 1 0
vn 0 1 0
vn 0 1 0
vn 0 1 0
vn 0 1 0
vn 0 1 0
vn 0 1 0
vn -0.182422 0.4943421 -0.8499107
vn -0.1810408 0.4958246 -0.8493423
vn -0.3015627 0.5020801 -0.8105403
vn -0.4181951 0.5012541 -0.7575337
vn -0.6566928 0.5020504 -0.562761
vn -0.6567025 0.5020387 -0.5627602
vn -0.7654285 0.4933572 -0.4131799
vn -0.7654285 0.4933586 -0.4131785
vn -0.3015493 -0.5021463 -0.8105043
vn -0.1810329 -0.4958905 -0.8493055
vn -0.1824141 -0.494408 -0.8498741
vn -0.4181765 -0.5013203 -0.7575001
vn -0.6566637 -0.5021166 -0.562736
vn -0.6566734 -0.5021049 -0.5627351
vn -0.7653958 -0.4934231 -0.4131622
vn -0.7653956 -0.4934244 -0.4131608
vn 0 -1 0
vn 0 -1 0
vn 0 -1 0
vn 0 -1 0
vn 0 -1 0
vn 0 -1 0
vn 0 -1 0
vn 0 -1 0
vn 0.3048498 -0.5019041 0.8094189
vn 0.1867942 -0.4953872 0.8483511
vn 0.1874975 -0.4943741 0.8487868
vn 0.4194601 -0.501301 0.7568029
vn 0.6566723 -0.5021325 0.5627117
vn 0.6566588 -0.5021791 0.5626859
vn 0.7654582 -0.4933958 0.4130791
vn 0.7654734 -0.4933282 0.4131318
vn 0.8648334 0.4973404 0.06867055
vn 0.8634528 0.4998342 0.06793437
vn 0.8648334 0.4973404 0.06867055
vn 0.8662065 0.4948424 0.06940612
vn 0 1 0
vn 0 1 0
vn 0 1 0
vn 0 1 0
vn -0.8651646 0.4972992 -0.06468105
vn -0.8666378 0.4946176 -0.06551619
vn -0.8651646 0.4972992 -0.06468105
vn -0.8636828 0.4999758 -0.06384526
vn -0.8651269 -0.4973652 -0.06467823
vn -0.8651269 -0.4973652 -0.06467823
vn -0.8636447 -0.5000419 -0.06384245
vn -0.8666004 -0.4946834 -0.06551336
vn 0 -1 0
vn 0 -1 0
vn 0 -1 0
vn 0 -1 0
vn 0.8647957 -0.4974065 0.06866755
vn 0.8647957 -0.4974065 0.06866755
vn 0.8661691 -0.4949084 0.06940313
vn 0.8634148 -0.4999003 0.06793138
vn -0.002333623 -0.8838456 0.4677728
vn -0.002338158 -0.8838274 0.4678073
vn -0.002333623 -0.8838456 0.4677728
vn -0.002329088 -0.8838639 0.4677384
vn -0.004974422 -0.0367842 0.9993109
vn -0.004974422 -0.0367842 0.9993109
vn -0.004972807 -0.03679849 0.9993103
vn -0.004976037 -0.03676991 0.9993114
vn -0.002649106 0.8470472 0.5315111
vn -0.002645082 0.8470275 0.5315424
vn -0.002649106 0.8470472 0.5315111
vn -0.00265313 0.8470668 0.5314798
vn 0.002335633 0.8838289 -0.4678044
vn 0.00233525 0.8838304 -0.4678016
vn 0.002335633 0.8838289 -0.4678044
vn 0.002336016 0.8838274 -0.4678074
vn 0.004983096 0.036861 -0.999308
vn 0.004990099 0.03679905 -0.9993103
vn 0.004983096 0.036861 -0.999308
vn 0.004976095 0.03692295 -0.9993057
vn 0.002651677 -0.8470402 -0.5315222
vn 0.002646928 -0.8470168 -0.5315595
vn 0.002651677 -0.8470402 -0.5315222
vn 0.002656427 -0.8470636 -0.5314849
vn 0.1893739 -0.8654667 0.4637941
vn 0.1886501 -0.8650646 0.4648379
vn 0.3065075 -0.8258138 0.4733759
vn 0.4208837 -0.7726337 0.4752831
vn 0.6570797 -0.5775072 0.4844912
vn 0.6570737 -0.5774914 0.4845181
vn 0.7651126 -0.4271173 0.4818436
vn 0.7651231 -0.4271505 0.4817977
vn -0.004992324 -0.03684571 0.9993085
vn -0.005004122 -0.03683464 0.9993088
vn -0.005060807 -0.03677461 0.9993108
vn -0.004961131 -0.03690111 0.9993066
vn -0.004991527 -0.036807 0.9993099
vn -0.004964238 -0.03678017 0.999311
vn -0.005002527 -0.03675722 0.9993117
vn -0.005062805 -0.03676011 0.9993113
vn -0.1892388 0.8302377 0.5243032
vn -0.187844 0.8296139 0.5257903
vn -0.3082851 0.7899978 0.5299659
vn -0.4246521 0.7364411 0.5266168
vn -0.6620795 0.5405893 0.5190509
vn -0.66205 0.5405931 0.5190847
vn -0.7699312 0.3909567 0.5043401
vn -0.7699311 0.3909564 0.5043404
vn -0.3032415 0.8269313 -0.4735284
vn -0.1829488 0.8661044 -0.4651805
vn -0.1843146 0.8666018 -0.4637126
vn -0.4195987 0.7733216 -0.4753005
vn -0.6570649 0.5775203 -0.4844956
vn -0.6570586 0.5775093 -0.4845174
vn -0.7650421 0.427215 -0.4818692
vn -0.7650448 0.4272414 -0.4818416
vn 0.004957934 0.03688168 -0.9993074
vn 0.004922986 0.03692 -0.9993061
vn 0.004935297 0.03690697 -0.9993066
vn 0.004961261 0.03690035 -0.9993067
vn 0.004975003 0.03684602 -0.9993086
vn 0.004999727 0.03682188 -0.9993093
vn 0.004969434 0.03683564 -0.9993089
vn 0.004925642 0.03683354 -0.9993093
vn 0.3115163 -0.7889016 -0.5297092
vn 0.1935797 -0.8286335 -0.5252557
vn 0.1942971 -0.8291138 -0.5242317
vn 0.4258918 -0.7357585 -0.5265697
vn 0.6620973 -0.5405616 -0.5190571
vn 0.6620888 -0.5405475 -0.5190828
vn 0.7700409 -0.3908165 -0.5042812
vn 0.7700485 -0.3908446 -0.5042477
vn 0.8626061 -0.08263887 0.4990807
vn 0.8640026 -0.08327843 0.4965523
vn 0.8626061 -0.08263887 0.4990807
vn 0.8612019 -0.08199861 0.5016049
vn -0.004996748 -0.03680356 0.99931
vn -0.005068832 -0.03678169 0.9993105
vn -0.004996748 -0.03680356 0.99931
vn -0.004924664 -0.03682541 0.9993095
vn -0.8679407 0.04201564 0.4948875
vn -0.8693665 0.0429173 0.4923007
vn -0.8679407 0.04201564 0.4948875
vn -0.8665066 0.04111359 0.4974695
vn -0.8629819 0.0786454 -0.4990764
vn -0.861509 0.07792903 -0.5017263
vn -0.8629819 0.0786454 -0.4990764
vn -0.8644463 0.07936101 -0.4964217
vn 0.004999602 0.03680217 -0.9993101
vn 0.004923339 0.03682529 -0.9993095
vn 0.004999602 0.03680217 -0.9993101
vn 0.005075866 0.03677904 -0.9993106
vn 0.8675668 -0.04599708 -0.495189
vn 0.8661731 -0.04516365 -0.4976991
vn 0.8675668 -0.04599708 -0.495189
vn 0.8689528 -0.04683008 -0.4926744
vn -0.0006813083 -0.9906042 0.1367581
vn -0.001906279 -0.9238935 0.382645
vn -0.001906292 -0.9238935 0.3826451
vn 0.0006813168 -0.9906042 -0.136758
vn 0.001906304 -0.9238935 -0.382645
vn 0.001906304 -0.9238935 -0.382645
vn -0.00493502 -0.1367631 0.9905915
vn -0.004602623 -0.3826581 0.9238786
vn -0.004602653 -0.3826579 0.9238786
vn -0.00493502 0.1367632 0.9905915
vn -0.004602653 0.3826579 0.9238786
vn -0.004602623 0.3826578 0.9238787
vn -0.0006813083 0.9906042 0.1367581
vn -0.00190628 0.9238935 0.3826451
vn -0.001906292 0.9238935 0.3826451
vn 0.0006813171 0.9906042 -0.1367581
vn 0.001906304 0.9238935 -0.382645
vn 0.001906304 0.9238935 -0.382645
vn 0.004602653 0.3826579 -0.9238786
vn 0.004934998 0.1367631 -0.9905915
vn 0.004602684 0.3826581 -0.9238786
vn 0.004934998 -0.1367632 -0.9905915
vn 0.004602653 -0.3826579 -0.9238786
vn 0.004602684 -0.3826578 -0.9238787
vn 0.5037563 -0.3204563 -0.8022078
vn 0.5038059 -0.3204429 -0.8021819
vn 0.5037563 -0.3204563 -0.8022078
vn 0.5037066 -0.3204698 -0.8022336
vn -0.9994588 -0.03179738 0.008424719
vn -0.9994588 -0.0317976 0.008424159
vn -0.9994588 -0.03179738 0.008424719
vn -0.9994588 -0.03179715 0.00842528
vn 0.4957823 0.3522626 0.7937953
vn 0.4957823 0.3522626 0.7937953
vn 0.4957823 0.3522626 0.7937953
vn 0.4957823 0.3522626 0.7937953
vn -0.4953939 -0.1090544 -0.8617958
vn -0.4953939 -0.1090544 -0.8617958
vn -0.4953939 -0.1090544 -0.8617958
vn -0.4953939 -0.1090544 -0.8617958
vn 0.9993665 -0.03412693 0.01009871
vn 0.9993665 -0.03412693 0.01009871
vn 0.9993665 -0.03412693 0.01009871
vn 0.9993665 -0.03412693 0.01009871
vn -0.503997 0.1431905 0.8517532
vn -0.503997 0.1431905 0.8517532
vn -0.503997 0.1431905 0.8517532
vn -0.503997 0.1431905 0.8517532
vn -0.4962393 -0.5271391 -0.689834
vn -0.4962721 -0.527126 -0.6898204
vn -0.4962393 -0.5271391 -0.689834
vn -0.4962066 -0.5271521 -0.6898476
vn 0.9992847 -0.02697188 0.02650795
vn 0.9992847 -0.02697309 0.02650648
vn 0.9992847 -0.02697309 0.02650648
vn 0.9992847 -0.02697429 0.02650502
vn -0.5030301 0.5540822 0.66329
vn -0.5029547 0.5541084 0.6633254
vn -0.5030301 0.5540822 0.66329
vn -0.5031055 0.5540561 0.6632546
vn 0.5023848 -0.6822451 -0.5311791
vn 0.5023848 -0.6822451 -0.5311791
vn 0.5023848 -0.6822451 -0.5311791
vn 0.5023848 -0.6822451 -0.5311791
vn -0.9995295 -0.02073197 0.02260477
vn -0.9995295 -0.02073317 0.02260389
vn -0.9995295 -0.02073197 0.02260477
vn -0.9995295 -0.02073077 0.02260564
vn 0.4971564 0.7029819 0.5085784
vn 0.4971564 0.7029819 0.5085784
vn 0.4972001 0.7029631 0.5085618
vn 0.4971128 0.7030007 0.508595
vn -0.4980178 -0.801652 -0.3306544
vn -0.4979973 -0.8016632 -0.3306582
vn -0.4979973 -0.8016632 -0.3306582
vn -0.4979767 -0.8016744 -0.330662
vn 0.9992314 -0.01237068 0.03719607
vn 0.9992314 -0.01237068 0.03719607
vn 0.9992314 -0.01237068 0.03719607
vn 0.9992314 -0.01237068 0.03719607
vn -0.5012779 0.8140073 0.2934497
vn -0.5012596 0.8140168 0.2934545
vn -0.5012596 0.8140168 0.2934545
vn -0.5012414 0.8140262 0.2934591
vn 0.5002728 -0.8582258 -0.1147847
vn 0.5002728 -0.8582258 -0.1147847
vn 0.5002195 -0.8582565 -0.1147875
vn 0.500326 -0.8581952 -0.1147819
vn -0.9995629 -0.003987146 0.02929373
vn -0.9995629 -0.003986862 0.02929376
vn -0.9995629 -0.003987146 0.02929373
vn -0.9995629 -0.00398743 0.02929369
vn 0.499245 0.8622327 0.08549377
vn 0.499245 0.8622327 0.08549377
vn 0.499245 0.8622327 0.08549377
vn 0.499245 0.8622327 0.08549377
vn -0.5002981 -0.857788 0.1179054
vn -0.5003513 -0.857758 0.1178976
vn -0.5002981 -0.857788 0.1179054
vn -0.5002449 -0.8578179 0.1179132
vn 0.9992222 0.005479333 0.03905104
vn 0.9992222 0.005405648 0.03906185
vn 0.9992222 0.005479333 0.03905104
vn 0.9992222 0.005553016 0.03904022
vn -0.498917 0.8523181 -0.1569573
vn -0.4990107 0.8522645 -0.1569509
vn -0.498917 0.8523181 -0.1569573
vn -0.4988233 0.8523719 -0.1569637
vn 0.4980331 -0.8004363 0.3335639
vn 0.4979834 -0.8004615 0.3335775
vn 0.4980331 -0.8004363 0.3335639
vn 0.4980828 -0.8004109 0.3335504
vn -0.9995496 0.01383295 0.02663248
vn -0.9995496 0.01383471 0.02663174
vn -0.9995496 0.01383295 0.02663248
vn -0.9995496 0.01383119 0.02663322
vn 0.5015119 0.786603 -0.3601965
vn 0.5015831 0.7865648 -0.3601809
vn 0.5015119 0.786603 -0.3601965
vn 0.5014408 0.7866412 -0.3602121
vn 0.4962295 -0.5246348 0.6917475
vn 0.4962426 -0.5246305 0.6917414
vn 0.4962295 -0.5246348 0.6917475
vn 0.4962165 -0.524639 0.6917537
vn -0.9994935 0.02786342 0.01537565
vn -0.9994935 0.02786306 0.01537613
vn -0.9994935 0.02786342 0.01537565
vn -0.9994935 0.02786378 0.01537517
vn 0.5031735 0.4967774 -0.707127
vn 0.5031735 0.4967774 -0.707127
vn 0.5031766 0.4967763 -0.7071257
vn 0.5031704 0.4967786 -0.7071283
vn -0.5023167 -0.6803357 0.5336866
vn -0.5023808 -0.6803091 0.5336601
vn -0.5023167 -0.6803357 0.5336866
vn -0.5022525 -0.6803623 0.533713
vn 0.9992591 0.02190013 0.03164857
vn 0.9992591 0.02189965 0.03164897
vn 0.9992591 0.02189965 0.03164897
vn 0.9992591 0.02189917 0.03164938
vn -0.4968399 0.6584413 -0.5653363
vn -0.4968606 0.6584319 -0.5653292
vn -0.4968399 0.6584413 -0.5653363
vn -0.4968193 0.6584508 -0.5653434
vn -0.5036952 -0.3088179 0.8067978
vn -0.5036735 -0.3088217 0.8068098
vn -0.5036735 -0.3088217 0.8068098
vn -0.5036519 -0.3088256 0.8068219
vn 0.9993337 0.03246557 0.01667954
vn 0.999334 0.0324891 0.01661106
vn 0.999334 0.0324891 0.01661106
vn 0.9993344 0.03251263 0.01654259
vn -0.4956645 0.2763179 -0.8233864
vn -0.4956184 0.2763291 -0.8234104
vn -0.4956184 0.2763291 -0.8234104
vn -0.4955724 0.2763402 -0.8234344
vn 0.4954702 -0.09662943 0.8632334
vn 0.4954225 -0.09663106 0.8632607
vn 0.4954702 -0.09662943 0.8632334
vn 0.4955179 -0.09662778 0.8632062
vn -0.9994082 0.03435466 -0.001729935
vn -0.9994082 0.03435447 -0.001727602
vn -0.9994082 0.03435466 -0.001729935
vn -0.9994082 0.03435484 -0.001732268
vn 0.5039799 0.0622708 -0.8614677
vn 0.5039799 0.0622708 -0.8614677
vn 0.5039799 0.0622708 -0.8614677
vn 0.5039799 0.0622708 -0.8614677
vn 0.4956497 0.2990942 0.8153981
vn 0.4956571 0.2990923 0.8153943
vn 0.4956497 0.2990942 0.8153981
vn 0.4956422 0.2990961 0.8154019
vn -0.9993297 0.03216094 -0.01749018
vn -0.9993297 0.03216094 -0.01749018
vn -0.9993297 0.0321615 -0.0174888
vn -0.9993297 0.03216038 -0.01749155
vn 0.5036215 -0.3312479 -0.7978974
vn 0.5035823 -0.3312554 -0.797919
vn 0.5036215 -0.3312479 -0.7978974
vn 0.5036606 -0.3312403 -0.7978758
vn -0.5039771 0.0863116 0.8593936
vn -0.5039771 0.0863116 0.8593936
vn -0.5039771 0.0863116 0.8593936
vn -0.5039771 0.0863116 0.8593936
vn 0.9994125 0.03426133 0.0008606157
vn 0.9994122 0.03426918 0.0009343356
vn 0.9994125 0.03426133 0.0008606157
vn 0.9994129 0.03425347 0.0007868959
vn -0.4954489 -0.1205707 -0.8602285
vn -0.4954106 -0.1205726 -0.8602503
vn -0.4954489 -0.1205707 -0.8602285
vn -0.4954873 -0.1205688 -0.8602067
vn -0.5031861 0.5087854 0.6985279
vn -0.5031995 0.5087801 0.6985221
vn -0.5031861 0.5087854 0.6985279
vn -0.5031727 0.5087906 0.6985338
vn 0.9994959 0.0275006 -0.01586439
vn 0.9994956 0.02754282 -0.01580698
vn 0.9994959 0.0275006 -0.01586439
vn 0.9994962 0.02745838 -0.01592181
vn -0.4963223 -0.5362965 -0.6826788
vn -0.4963301 -0.5362939 -0.6826751
vn -0.4963223 -0.5362965 -0.6826788
vn -0.4963145 -0.5362991 -0.6826825
vn 0.4969311 0.6679274 0.5540149
vn 0.4969311 0.6679274 0.5540149
vn 0.4969318 0.667927 0.5540146
vn 0.4969304 0.6679277 0.5540151
vn -0.999257 0.02139228 -0.03205949
vn -0.999257 0.02139228 -0.03205949
vn -0.999257 0.02139228 -0.03205949
vn -0.999257 0.02139228 -0.03205949
vn 0.5023316 -0.6893488 -0.5219782
vn 0.5023316 -0.6893488 -0.5219782
vn 0.5023305 -0.6893492 -0.5219786
vn 0.5023326 -0.6893484 -0.5219778
vn -0.5014295 0.7926819 0.346733
vn -0.501408 0.7926936 0.3467376
vn -0.501408 0.7926936 0.3467376
vn -0.5013866 0.7927052 0.3467421
vn 0.9995506 0.01336286 -0.02683425
vn 0.9995506 0.01336286 -0.02683425
vn 0.9995506 0.01336286 -0.02683425
vn 0.9995506 0.01336286 -0.02683425
vn -0.4981847 -0.8059223 -0.3198457
vn -0.4981648 -0.8059325 -0.3198509
vn -0.4981648 -0.8059325 -0.3198509
vn -0.498145 -0.8059427 -0.3198561
vn 0.498998 0.8548232 0.142402
vn 0.498998 0.8548232 0.142402
vn 0.4990511 0.8547927 0.142399
vn 0.4989449 0.8548536 0.1424051
vn -0.9992218 0.004881985 -0.0391417
vn -0.9992217 0.004879211 -0.03914213
vn -0.9992218 0.004881985 -0.0391417
vn -0.9992218 0.004884757 -0.03914126
vn 0.5002367 -0.8597095 -0.1032606
vn 0.5001898 -0.859736 -0.103267
vn 0.5002367 -0.8597095 -0.1032606
vn 0.5002837 -0.859683 -0.1032542
vn -0.4992488 0.8606482 -0.1001762
vn -0.4992798 0.8606307 -0.1001724
vn -0.4992488 0.8606482 -0.1001762
vn -0.4992178 0.8606658 -0.1001799
vn 0.9995624 -0.004629432 -0.02921415
vn 0.9995624 -0.004629103 -0.02921419
vn 0.9995624 -0.004629432 -0.02921415
vn 0.9995624 -0.004629762 -0.02921411
vn -0.5003514 -0.8560979 0.1294022
vn -0.5002673 -0.8561463 0.1294075
vn -0.5003514 -0.8560979 0.1294022
vn -0.5004357 -0.8560494 0.1293969
vn 0.5013017 0.8088663 -0.3072979
vn 0.5013519 0.8088403 -0.3072844
vn 0.5013017 0.8088663 -0.3072979
vn 0.5012516 0.8088922 -0.3073114
vn -0.9992326 -0.01299325 -0.03695004
vn -0.9992326 -0.0129924 -0.0369504
vn -0.9992326 -0.01299325 -0.03695004
vn -0.9992326 -0.01299411 -0.03694967
vn 0.4980022 -0.7959108 0.3442671
vn 0.4980022 -0.7959108 0.3442671
vn 0.4980022 -0.7959108 0.3442671
vn 0.4980022 -0.7959108 0.3442671
vn -0.4971171 0.6942416 -0.5204836
vn -0.4970798 0.6942574 -0.5204982
vn -0.4971171 0.6942416 -0.5204836
vn -0.4971545 0.6942257 -0.5204691
vn 0.9995277 -0.02120195 -0.02224549
vn 0.9995279 -0.02114674 -0.02228723
vn 0.9995277 -0.02120195 -0.02224549
vn 0.9995275 -0.02125717 -0.02220375
vn -0.5023946 -0.673069 0.5427502
vn -0.5023663 -0.6730822 0.54276
vn -0.5023946 -0.673069 0.5427502
vn -0.5024228 -0.6730558 0.5427405
vn 0.5030338 0.5426629 -0.6726619
vn 0.5030338 0.5426629 -0.6726619
vn 0.5029943 0.5426762 -0.6726807
vn 0.5030733 0.5426495 -0.6726432
vn -0.9992869 -0.02732387 -0.02605827
vn -0.9992867 -0.02727787 -0.02611625
vn -0.9992869 -0.02732387 -0.02605827
vn -0.9992872 -0.02736987 -0.0260003
vn 0.4962692 -0.5153149 0.6986898
vn 0.4962692 -0.5153149 0.6986898
vn 0.4962545 -0.5153207 0.698696
vn 0.4962839 -0.5153092 0.6986837
vn -0.4958387 0.338702 -0.7996405
vn -0.4957889 0.3387119 -0.7996672
vn -0.4957889 0.3387119 -0.7996672
vn -0.4957391 0.3387216 -0.7996939
vn 0.9994563 -0.03200898 -0.007910462
vn 0.9994563 -0.0320092 -0.007909938
vn 0.9994563 -0.03200898 -0.007910462
vn 0.9994563 -0.03200876 -0.007910985
vn -0.50372 -0.3067058 0.8075876
vn -0.50372 -0.3067058 0.8075876
vn -0.50372 -0.3067058 0.8075876
vn -0.50372 -0.3067058 0.8075876
vn -0.9997381 0.005581126 -0.02219438
vn -0.9993296 0.009843243 -0.03526445
vn -0.9993869 0.02577136 -0.02369936
vn -0.9993295 -0.009842482 -0.03526641
vn -0.9998709 0.01020957 -0.01240808
vn -0.9998221 0.01819364 -0.004979898
vn -0.9994801 0.0318559 -0.004976056
vn -0.9995534 0.0278059 0.01094997
vn -0.9999136 0.01183354 0.005734202
vn -0.9996318 0.009842946 0.0252881
vn -0.9999877 -0.000105915 -0.004954518
vn -0.9999875 -4.68334E-05 -0.005005312
vn -0.9999884 -0.000208835 -0.00481424
vn -0.999987 -5.0381E-05 -0.005100606
vn -0.9999887 -4.21426E-05 -0.004764237
vn -0.9999676 0.003914888 0.007034154
vn -0.9999868 3.493127E-05 -0.005133023
vn -0.9998484 -0.003908878 -0.01696716
vn -0.9999887 0.0001042435 -0.004756356
vn -0.9999382 -0.003252082 0.01062453
vn -0.9996204 -0.0131235 0.02422335
vn -0.9999872 8.318495E-05 -0.005053551
vn -0.9998083 -0.01177153 -0.01564656
vn -0.9993948 -0.02780142 -0.02090802
vn -0.9999881 0.0001560637 -0.004876393
vn -0.9999132 -0.01184837 0.005756313
vn -0.9995534 -0.02780603 0.01094957
vn -0.9999875 3.107209E-05 -0.004999113
vn -0.9998227 -0.01816424 -0.004970422
vn -0.9994801 -0.03185733 -0.004976056
vn 0.9993678 0.02372403 0.02647932
vn 0.9993296 0.009864884 0.03525742
vn 0.9993299 0.009847903 0.03525245
vn 0.9993184 -0.006576045 0.0363254
vn 0.9993958 0.02776621 0.02090407
vn 0.9993293 -0.01313045 0.03418225
vn 0.9993678 -0.02372425 0.02647939
vn 0.9993958 -0.0277674 0.02090427
vn 0.9994807 0.03183769 0.004982799
vn 0.9994801 0.03185612 0.004975888
vn 0.9994805 -0.03183858 0.004982972
vn 0.9994801 -0.03185755 0.004976125
vn 0.9995534 -0.02780629 -0.01094983
vn 0.9995815 -0.02374355 -0.01652206
vn 0.9995734 0.02577389 -0.01373827
vn 0.9995733 0.02577404 -0.01374734
vn 0.9996318 -0.00984337 -0.02528889
vn 0.9996319 -0.009834509 -0.02528631
vn 0.9996316 0.009845523 -0.02529186
vn 0.9996319 0.009845801 -0.02528264
vn 0.9998639 -0.00653913 -0.01514789
vn 0.9996319 -0.00983161 -0.02528725
vn 0.9995743 -0.02574877 -0.01371962
vn 0.9996313 0.006553824 -0.02635108
vn 0.9999565 0.005596192 -0.007458177
vn 0.9995825 0.02371824 -0.01650324
vn 0.9998994 0.01386919 -0.002960949
vn 0.9994802 0.03184998 0.004986173
vn 0.9999444 -0.01024888 -0.002455811
vn 0.9999869 3.788951E-05 0.005111469
vn 0.9999869 -5.25353E-05 0.005127305
vn 0.9999872 -8.225924E-05 0.005052778
vn 0.9999875 4.688854E-05 0.005005237
vn 0.9999876 0 0.004987247
vn 0.9998222 -0.01818753 0.004986422
vn 0.9994799 -0.03185755 0.004991245
vn 0.9999876 -3.107208E-05 0.004980513
vn 0.9993948 -0.02780097 0.02090767
vn 0.9998052 -0.01189615 0.01575075
vn 0.9999877 1.203261E-05 0.004952582
vn 0.9993289 -0.01312295 0.03420013
vn 0.9997824 -0.003258684 0.02060262
vn 0.9999887 6.028629E-05 0.004768247
vn 0.9993183 0.006562315 0.03633017
vn 0.9998325 0.005606682 0.0174253
vn 0.9999886 -9.043424E-05 0.004778041
vn 0.9993671 0.02374368 0.02649082
vn 0.9999877 -1.310458E-05 0.00495191
vn 0.999819 0.01392508 0.01296133
vn 0.9998608 0.01592965 0.004978043
vn -0.9993299 -0.009829389 -0.03525974
vn -0.9993883 -0.02573555 -0.02367534
vn -0.9993882 -0.02573554 -0.02368456
vn -0.9994815 -0.0318124 -0.00497625
vn -0.9993296 -0.00982911 -0.03526904
vn -0.9994815 -0.0318126 -0.004976132
vn -0.9993182 0.006552378 -0.0363337
vn -0.9995548 -0.02776105 0.01093562
vn -0.9993293 0.01310513 -0.03419283
vn -0.9995825 -0.02371222 0.01651241
vn -0.9993683 0.02370903 -0.02647609
vn -0.9996207 -0.01310807 0.02421928
vn -0.9993963 0.02776039 -0.0208876
vn -0.9996313 -0.006555235 0.02635004
vn -0.9996313 0.006553862 0.0263508
vn -0.9996208 0.01310782 0.02421844
vn -0.9995825 0.02371198 0.01651222
vn -0.9995548 0.0277617 0.01093446
vn -0.9994815 0.03181173 -0.004975741
vn -0.9994815 0.03181117 -0.004976191
g MaterialSlot_0
usemtl MaterialSlot_0
f 1/1/1 3/3/3 2/2/2
f 1/1/1 2/2/2 4/4/4
f 5/5/5 1/1/1 4/4/4
f 1/1/1 5/5/5 6/6/6
f 7/7/7 6/6/6 5/5/5
f 6/6/6 7/7/7 8/8/8
f 9/9/9 8/8/8 7/7/7
f 8/8/8 9/9/9 10/10/10
f 11/11/11 10/10/10 9/9/9
f 10/10/10 11/11/11 12/12/12
f 13/13/13 12/12/12 11/11/11
f 12/12/12 13/13/13 14/14/14
f 13/13/13 15/15/15 14/14/14
f 13/13/13 16/16/16 15/15/15
f 16/16/16 17/17/17 15/15/15
f 17/17/17 16/16/16 18/18/18
f 19/19/19 17/17/17 18/18/18
f 17/17/17 19/19/19 20/20/20
f 19/19/19 21/21/21 20/20/20
f 21/21/21 19/19/19 22/22/22
f 23/23/23 21/21/21 22/22/22
f 21/21/21 23/23/23 24/24/24
f 25/25/25 24/24/24 23/23/23
f 24/24/24 25/25/25 26/26/26
f 27/27/27 26/26/26 25/25/25
f 26/26/26 27/27/27 28/28/28
f 29/29/29 28/28/28 27/27/27
f 29/29/29 27/27/27 30/30/30
f 31/31/31 29/29/29 30/30/30
f 31/31/31 30/30/30 32/32/32
f 33/33/33 31/31/31 32/32/32
f 32/32/32 34/34/34 33/33/33
f 35/35/35 33/33/33 34/34/34
f 34/34/34 36/36/36 35/35/35
f 37/37/37 35/35/35 36/36/36
f 36/36/36 38/38/38 37/37/37
f 39/39/39 37/37/37 38/38/38
f 37/37/37 39/39/39 40/40/40
f 41/41/41 40/40/40 39/39/39
f 40/40/40 41/41/41 42/42/42
f 43/43/43 45/45/45 44/44/44
f 45/45/45 43/43/43 46/46/46
f 46/46/46 47/47/47 45/45/45
f 43/43/43 48/48/48 46/46/46
f 48/48/48 43/43/43 49/49/49
f 50/50/50 46/46/46 48/48/48
f 47/47/47 46/46/46 51/51/51
f 46/46/46 50/50/50 51/51/51
f 51/51/51 52/52/52 47/47/47
f 53/53/53 51/51/51 50/50/50
f 52/52/52 51/51/51 54/54/54
f 51/51/51 53/53/53 54/54/54
f 54/54/54 55/55/55 52/52/52
f 56/56/56 54/54/54 53/53/53
f 55/55/55 54/54/54 57/57/57
f 54/54/54 56/56/56 57/57/57
f 57/57/57 58/58/58 55/55/55
f 59/59/59 57/57/57 56/56/56
f 58/58/58 57/57/57 60/60/60
f 57/57/57 59/59/59 60/60/60
f 61/61/61 58/58/58 60/60/60
f 59/59/59 61/61/61 60/60/60
f 58/58/58 61/61/61 62/62/62
f 61/61/61 59/59/59 63/63/63
f 64/64/64 62/62/62 61/61/61
f 63/63/63 64/64/64 61/61/61
f 62/62/62 64/64/64 65/65/65
f 64/64/64 63/63/63 66/66/66
f 67/67/67 65/65/65 64/64/64
f 66/66/66 67/67/67 64/64/64
f 65/65/65 67/67/67 68/68/68
f 67/67/67 66/66/66 69/69/69
f 70/70/70 68/68/68 67/67/67
f 69/69/69 70/70/70 67/67/67
f 68/68/68 70/70/70 71/71/71
f 72/72/72 71/71/71 70/70/70
f 70/70/70 69/69/69 73/73/73
f 73/73/73 72/72/72 70/70/70
f 71/71/71 72/72/72 74/74/74
f 72/72/72 73/73/73 75/75/75
f 72/72/72 76/76/76 74/74/74
f 77/77/77 72/72/72 75/75/75
f 76/76/76 72/72/72 78/78/78
f 72/72/72 77/77/77 78/78/78
f 78/78/78 79/79/79 76/76/76
f 80/80/80 78/78/78 77/77/77
f 79/79/79 78/78/78 81/81/81
f 78/78/78 80/80/80 81/81/81
f 81/81/81 82/82/82 79/79/79
f 83/83/83 81/81/81 80/80/80
f 82/82/82 81/81/81 84/84/84
f 81/81/81 83/83/83 84/84/84
f 84/84/84 85/85/85 82/82/82
f 86/86/86 84/84/84 83/83/83
f 85/85/85 84/84/84 87/87/87
f 84/84/84 86/86/86 87/87/87
f 87/87/87 88/88/88 85/85/85
f 89/89/89 87/87/87 86/86/86
f 88/88/88 87/87/87 90/90/90
f 87/87/87 89/89/89 90/90/90
f 91/91/91 88/88/88 90/90/90
f 89/89/89 91/91/91 90/90/90
f 88/88/88 91/91/91 92/92/92
f 91/91/91 89/89/89 93/93/93
f 94/94/94 92/92/92 91/91/91
f 93/93/93 94/94/94 91/91/91
f 92/92/92 94/94/94 95/95/95
f 94/94/94 93/93/93 96/96/96
f 97/97/97 95/95/95 94/94/94
f 96/96/96 97/97/97 94/94/94
f 95/95/95 97/97/97 98/98/98
f 97/97/97 96/96/96 99/99/99
f 100/100/100 98/98/98 97/97/97
f 99/99/99 100/100/100 97/97/97
f 98/98/98 100/100/100 101/101/101
f 100/100/100 99/99/99 102/102/102
f 103/103/103 101/101/101 100/100/100
f 102/102/102 103/103/103 100/100/100
f 101/101/101 103/103/103 104/104/104
f 103/103/103 102/102/102 105/105/105
f 106/106/106 108/108/108 107/107/107
f 106/106/106 109/109/109 108/108/108
f 110/110/110 108/108/108 109/109/109
f 109/109/109 111/111/111 110/110/110
f 112/112/112 110/110/110 111/111/111
f 111/111/111 113/113/113 112/112/112
f 114/114/114 112/112/112 113/113/113
f 113/113/113 115/115/115 114/114/114
f 116/116/116 114/114/114 115/115/115
f 115/115/115 117/117/117 116/116/116
f 118/118/118 116/116/116 117/117/117
f 118/118/118 117/117/117 119/119/119
f 119/119/119 120/120/120 118/118/118
f 120/120/120 119/119/119 121/121/121
f 121/121/121 122/122/122 120/120/120
f 122/122/122 121/121/121 123/123/123
f 123/123/123 124/124/124 122/122/122
f 124/124/124 123/123/123 125/125/125
f 126/126/126 124/124/124 125/125/125
f 124/124/124 126/126/126 127/127/127
f 128/128/128 127/127/127 126/126/126
f 127/127/127 128/128/128 129/129/129
f 130/130/130 129/129/129 128/128/128
f 129/129/129 130/130/130 131/131/131
f 130/130/130 132/132/132 131/131/131
f 130/130/130 133/133/133 132/132/132
f 134/134/134 132/132/132 133/133/133
f 132/132/132 134/134/134 135/135/135
f 136/136/136 135/135/135 134/134/134
f 135/135/135 136/136/136 137/137/137
f 138/138/138 137/137/137 136/136/136
f 137/137/137 138/138/138 139/139/139
f 140/140/140 139/139/139 138/138/138
f 139/139/139 140/140/140 141/141/141
f 142/142/142 141/141/141 140/140/140
f 141/141/141 142/142/142 143/143/143
f 144/144/144 143/143/143 142/142/142
f 143/143/143 144/144/144 145/145/145
f 146/146/146 145/145/145 144/144/144
f 145/145/145 146/146/146 147/147/147
f 148/148/148 150/150/150 149/149/149
f 150/150/150 148/148/148 151/151/151
f 148/148/148 152/152/152 151/151/151
f 152/152/152 148/148/148 153/153/153
f 153/153/153 154/154/154 152/152/152
f 154/154/154 153/153/153 155/155/155
f 155/155/155 156/156/156 154/154/154
f 156/156/156 155/155/155 157/157/157
f 158/158/158 156/156/156 157/157/157
f 156/156/156 158/158/158 159/159/159
f 158/158/158 160/160/160 159/159/159
f 160/160/160 158/158/158 161/161/161
f 162/162/162 160/160/160 161/161/161
f 160/160/160 162/162/162 163/163/163
f 164/164/164 163/163/163 162/162/162
f 163/163/163 164/164/164 165/165/165
f 166/166/166 165/165/165 164/164/164
f 165/165/165 166/166/166 167/167/167
f 168/168/168 167/167/167 166/166/166
f 166/166/166 169/169/169 168/168/168
f 170/170/170 168/168/168 169/169/169
f 168/168/168 170/170/170 171/171/171
f 172/172/172 171/171/171 170/170/170
f 170/170/170 173/173/173 172/172/172
f 174/174/174 172/172/172 173/173/173
f 172/172/172 174/174/174 175/175/175
f 176/176/176 175/175/175 174/174/174
f 175/175/175 176/176/176 177/177/177
f 176/176/176 178/178/178 177/177/177
f 178/178/178 176/176/176 179/179/179
f 179/179/179 180/180/180 178/178/178
f 180/180/180 179/179/179 181/181/181
f 182/182/182 180/180/180 181/181/181
f 180/180/180 182/182/182 183/183/183
f 184/184/184 183/183/183 182/182/182
f 183/183/183 184/184/184 185/185/185
f 186/186/186 185/185/185 184/184/184
f 185/185/185 186/186/186 187/187/187
f 188/188/188 187/187/187 186/186/186
f 187/187/187 188/188/188 189/189/189
f 190/190/190 189/189/189 188/188/188
f 189/189/189 190/190/190 191/191/191
f 192/192/192 191/191/191 190/190/190
f 192/192/192 190/190/190 193/193/193
f 194/194/194 196/196/196 195/195/195
f 196/196/196 194/194/194 197/197/197
f 198/198/198 197/197/197 194/194/194
f 199/199/199 196/196/196 197/197/197
f 196/196/196 199/199/199 200/200/200
f 197/197/197 201/201/201 199/199/199
f 197/197/197 198/198/198 202/202/202
f 201/201/201 197/197/197 202/202/202
f 203/203/203 202/202/202 198/198/198
f 202/202/202 204/204/204 201/201/201
f 202/202/202 203/203/203 205/205/205
f 204/204/204 202/202/202 205/205/205
f 206/206/206 205/205/205 203/203/203
f 205/205/205 207/207/207 204/204/204
f 205/205/205 206/206/206 208/208/208
f 207/207/207 205/205/205 208/208/208
f 209/209/209 208/208/208 206/206/206
f 208/208/208 210/210/210 207/207/207
f 208/208/208 209/209/209 211/211/211
f 210/210/210 208/208/208 211/211/211
f 212/212/212 211/211/211 209/209/209
f 211/211/211 213/213/213 210/210/210
f 211/211/211 212/212/212 214/214/214
f 213/213/213 211/211/211 214/214/214
f 215/215/215 214/214/214 212/212/212
f 215/215/215 213/213/213 214/214/214
f 212/212/212 216/216/216 215/215/215
f 213/213/213 215/215/215 217/217/217
f 218/218/218 215/215/215 216/216/216
f 218/218/218 217/217/217 215/215/215
f 216/216/216 219/219/219 218/218/218
f 217/217/217 218/218/218 220/220/220
f 221/221/221 218/218/218 219/219/219
f 221/221/221 220/220/220 218/218/218
f 219/219/219 222/222/222 221/221/221
f 220/220/220 221/221/221 223/223/223
f 224/224/224 221/221/221 222/222/222
f 224/224/224 223/223/223 221/221/221
f 222/222/222 225/225/225 224/224/224
f 226/226/226 224/224/224 225/225/225
f 223/223/223 224/224/224 227/227/227
f 226/226/226 227/227/227 224/224/224
f 225/225/225 228/228/228 226/226/226
f 227/227/227 226/226/226 229/229/229
f 230/230/230 226/226/226 228/228/228
f 231/231/231 229/229/229 226/226/226
f 226/226/226 230/230/230 232/232/232
f 226/226/226 232/232/232 231/231/231
f 233/233/233 232/232/232 230/230/230
f 234/234/234 231/231/231 232/232/232
f 232/232/232 233/233/233 235/235/235
f 232/232/232 235/235/235 234/234/234
f 236/236/236 235/235/235 233/233/233
f 237/237/237 234/234/234 235/235/235
f 235/235/235 236/236/236 238/238/238
f 235/235/235 238/238/238 237/237/237
f 239/239/239 238/238/238 236/236/236
f 240/240/240 237/237/237 238/238/238
f 238/238/238 239/239/239 241/241/241
f 238/238/238 241/241/241 240/240/240
f 242/242/242 241/241/241 239/239/239
f 243/243/243 240/240/240 241/241/241
f 241/241/241 242/242/242 244/244/244
f 241/241/241 244/244/244 243/243/243
f 242/242/242 245/245/245 244/244/244
f 245/245/245 243/243/243 244/244/244
f 245/245/245 242/242/242 246/246/246
f 243/243/243 245/245/245 247/247/247
f 246/246/246 248/248/248 245/245/245
f 248/248/248 247/247/247 245/245/245
f 248/248/248 246/246/246 249/249/249
f 247/247/247 248/248/248 250/250/250
f 249/249/249 251/251/251 248/248/248
f 251/251/251 250/250/250 248/248/248
f 251/251/251 249/249/249 252/252/252
f 250/250/250 251/251/251 253/253/253
f 252/252/252 254/254/254 251/251/251
f 254/254/254 253/253/253 251/251/251
f 254/254/254 252/252/252 255/255/255
f 255/255/255 256/256/256 254/254/254
f 253/253/253 254/254/254 257/257/257
f 256/256/256 257/257/257 254/254/254
f 256/256/256 255/255/255 258/258/258
f 257/257/257 256/256/256 259/259/259
f 260/260/260 256/256/256 258/258/258
f 256/256/256 261/261/261 259/259/259
f 256/256/256 260/260/260 262/262/262
f 261/261/261 256/256/256 262/262/262
f 263/263/263 265/265/265 264/264/264
f 263/263/263 264/264/264 266/266/266
f 267/267/267 263/263/263 266/266/266
f 263/263/263 267/267/267 268/268/268
f 269/269/269 268/268/268 267/267/267
f 268/268/268 269/269/269 270/270/270
f 271/271/271 270/270/270 269/269/269
f 270/270/270 271/271/271 272/272/272
f 271/271/271 273/273/273 272/272/272
f 273/273/273 271/271/271 274/274/274
f 275/275/275 273/273/273 274/274/274
f 273/273/273 275/275/275 276/276/276
f 275/275/275 277/277/277 276/276/276
f 277/277/277 275/275/275 278/278/278
f 278/278/278 279/279/279 277/277/277
f 278/278/278 280/280/280 279/279/279
f 280/280/280 281/281/281 279/279/279
f 280/280/280 282/282/282 281/281/281
f 283/283/283 281/281/281 282/282/282
f 281/281/281 283/283/283 284/284/284
f 285/285/285 284/284/284 283/283/283
f 283/283/283 286/286/286 285/285/285
f 287/287/287 285/285/285 286/286/286
f 285/285/285 287/287/287 288/288/288
f 289/289/289 288/288/288 287/287/287
f 287/287/287 290/290/290 289/289/289
f 291/291/291 289/289/289 290/290/290
f 291/291/291 290/290/290 292/292/292
f 293/293/293 291/291/291 292/292/292
f 291/291/291 293/293/293 294/294/294
f 295/295/295 294/294/294 293/293/293
f 294/294/294 295/295/295 296/296/296
f 295/295/295 297/297/297 296/296/296
f 297/297/297 295/295/295 298/298/298
f 298/298/298 299/299/299 297/297/297
f 299/299/299 298/298/298 300/300/300
f 300/300/300 301/301/301 299/299/299
f 301/301/301 300/300/300 302/302/302
f 302/302/302 303/303/303 301/301/301
f 303/303/303 302/302/302 304/304/304
f 304/304/304 305/305/305 303/303/303
f 305/305/305 304/304/304 306/306/306
f 307/307/307 305/305/305 306/306/306
f 305/305/305 307/307/307 308/308/308
f 309/309/309 311/311/311 310/310/310
f 312/312/312 311/311/311 309/309/309
f 313/313/313 312/312/312 309/309/309
f 312/312/312 313/313/313 314/314/314
f 313/313/313 315/315/315 314/314/314
f 315/315/315 313/313/313 316/316/316
f 317/317/317 315/315/315 316/316/316
f 318/318/318 315/315/315 317/317/317
f 319/319/319 318/318/318 317/317/317
f 320/320/320 318/318/318 319/319/319
f 320/320/320 319/319/319 321/321/321
f 320/320/320 321/321/321 322/322/322
f 322/322/322 321/321/321 323/323/323
f 322/322/322 323/323/323 324/324/324
f 324/324/324 323/323/323 325/325/325
f 324/324/324 325/325/325 326/326/326
f 325/325/325 327/327/327 326/326/326
f 327/327/327 325/325/325 328/328/328
f 328/328/328 329/329/329 327/327/327
f 329/329/329 328/328/328 330/330/330
f 329/329/329 330/330/330 331/331/331
f 329/329/329 331/331/331 332/332/332
f 331/331/331 333/333/333 332/332/332
f 333/333/333 331/331/331 334/334/334
f 334/334/334 335/335/335 333/333/333
f 335/335/335 334/334/334 336/336/336
f 335/335/335 336/336/336 337/337/337
f 335/335/335 337/337/337 338/338/338
f 337/337/337 339/339/339 338/338/338
f 339/339/339 337/337/337 340/340/340
f 341/341/341 339/339/339 340/340/340
f 342/342/342 339/339/339 341/341/341
f 341/341/341 343/343/343 342/342/342
f 343/343/343 341/341/341 344/344/344
f 345/345/345 343/343/343 344/344/344
f 346/346/346 343/343/343 345/345/345
f 345/345/345 347/347/347 346/346/346
f 347/347/347 345/345/345 348/348/348
f 348/348/348 349/349/349 347/347/347
f 349/349/349 348/348/348 350/350/350
f 351/351/351 353/353/353 352/352/352
f 353/353/353 351/351/351 354/354/354
f 355/355/355 353/353/353 354/354/354
f 353/353/353 355/355/355 356/356/356
f 355/355/355 357/357/357 356/356/356
f 356/356/356 357/357/357 358/358/358
f 357/357/357 359/359/359 358/358/358
f 359/359/359 357/357/357 360/360/360
f 360/360/360 361/361/361 359/359/359
f 359/359/359 361/361/361 362/362/362
f 361/361/361 363/363/363 362/362/362
f 363/363/363 361/361/361 364/364/364
f 364/364/364 365/365/365 363/363/363
f 365/365/365 364/364/364 366/366/366
f 366/366/366 367/367/367 365/365/365
f 365/365/365 367/367/367 368/368/368
f 367/367/367 369/369/369 368/368/368
f 368/368/368 369/369/369 370/370/370
f 369/369/369 371/371/371 370/370/370
f 370/370/370 371/371/371 372/372/372
f 371/371/371 373/373/373 372/372/372
f 373/373/373 371/371/371 374/374/374
f 374/374/374 375/375/375 373/373/373
f 373/373/373 375/375/375 376/376/376
f 375/375/375 377/377/377 376/376/376
f 376/376/376 377/377/377 378/378/378
f 377/377/377 379/379/379 378/378/378
f 379/379/379 377/377/377 380/380/380
f 380/380/380 381/381/381 379/379/379
f 381/381/381 380/380/380 382/382/382
f 382/382/382 383/383/383 381/381/381
f 381/381/381 383/383/383 384/384/384
f 385/385/385 384/384/384 383/383/383
f 384/384/384 385/385/385 386/386/386
f 385/385/385 387/387/387 386/386/386
f 387/387/387 385/385/385 388/388/388
f 389/389/389 387/387/387 388/388/388
f 387/387/387 389/389/389 390/390/390
f 389/389/389 391/391/391 390/390/390
f 391/391/391 389/389/389 392/392/392
f 392/392/392 393/393/393 391/391/391
f 393/393/393 392/392/392 394/394/394
f 394/394/394 395/395/395 393/393/393
f 393/393/393 395/395/395 396/396/396
f 397/397/397 399/399/399 398/398/398
f 399/399/399 397/397/397 400/400/400
f 401/401/401 400/400/400 397/397/397
f 400/400/400 402/402/402 399/399/399
f 400/400/400 401/401/401 403/403/403
f 404/404/404 403/403/403 401/401/401
f 402/402/402 400/400/400 405/405/405
f 403/403/403 405/405/405 400/400/400
f 403/403/403 404/404/404 406/406/406
f 407/407/407 406/406/406 404/404/404
f 408/408/408 402/402/402 405/405/405
f 402/402/402 408/408/408 409/409/409
f 405/405/405 403/403/403 410/410/410
f 406/406/406 410/410/410 403/403/403
f 406/406/406 407/407/407 411/411/411
f 412/412/412 411/411/411 407/407/407
f 413/413/413 409/409/409 408/408/408
f 409/409/409 413/413/413 414/414/414
f 408/408/408 415/415/415 413/413/413
f 405/405/405 416/416/416 408/408/408
f 415/415/415 408/408/408 416/416/416
f 416/416/416 405/405/405 410/410/410
f 416/416/416 417/417/417 415/415/415
f 417/417/417 416/416/416 418/418/418
f 410/410/410 418/418/418 416/416/416
f 418/418/418 419/419/419 417/417/417
f 410/410/410 406/406/406 420/420/420
f 418/418/418 410/410/410 420/420/420
f 411/411/411 420/420/420 406/406/406
f 419/419/419 418/418/418 421/421/421
f 420/420/420 421/421/421 418/418/418
f 421/421/421 422/422/422 419/419/419
f 420/420/420 411/411/411 423/423/423
f 421/421/421 420/420/420 423/423/423
f 422/422/422 421/421/421 424/424/424
f 423/423/423 424/424/424 421/421/421
f 425/425/425 423/423/423 411/411/411
f 411/411/411 412/412/412 425/425/425
f 426/426/426 422/422/422 424/424/424
f 422/422/422 426/426/426 427/427/427
f 424/424/424 423/423/423 428/428/428
f 423/423/423 425/425/425 428/428/428
f 429/429/429 424/424/424 428/428/428
f 429/429/429 428/428/428 425/425/425
f 424/424/424 429/429/429 426/426/426
f 412/412/412 430/430/430 425/425/425
f 425/425/425 430/430/430 429/429/429
f 430/430/430 412/412/412 431/431/431
f 432/432/432 427/427/427 426/426/426
f 427/427/427 432/432/432 433/433/433
f 432/432/432 434/434/434 433/433/433
f 435/435/435 426/426/426 429/429/429
f 435/435/435 429/429/429 430/430/430
f 426/426/426 435/435/435 432/432/432
f 431/431/431 436/436/436 430/430/430
f 430/430/430 436/436/436 435/435/435
f 436/436/436 431/431/431 437/437/437
f 438/438/438 436/436/436 437/437/437
f 439/439/439 432/432/432 435/435/435
f 439/439/439 435/435/435 436/436/436
f 432/432/432 440/440/440 434/434/434
f 432/432/432 439/439/439 440/440/440
f 436/436/436 438/438/438 441/441/441
f 436/436/436 441/441/441 439/439/439
f 442/442/442 434/434/434 440/440/440
f 434/434/434 442/442/442 443/443/443
f 444/444/444 440/440/440 439/439/439
f 444/444/444 439/439/439 441/441/441
f 440/440/440 444/444/444 442/442/442
f 445/445/445 442/442/442 444/444/444
f 446/446/446 441/441/441 438/438/438
f 441/441/441 446/446/446 444/444/444
f 445/445/445 444/444/444 446/446/446
f 438/438/438 447/447/447 446/446/446
f 448/448/448 443/443/443 442/442/442
f 442/442/442 445/445/445 448/448/448
f 443/443/443 448/448/448 449/449/449
f 450/450/450 449/449/449 448/448/448
f 451/451/451 446/446/446 447/447/447
f 446/446/446 451/451/451 445/445/445
f 447/447/447 452/452/452 451/451/451
f 453/453/453 451/451/451 452/452/452
f 448/448/448 454/454/454 450/450/450
f 454/454/454 448/448/448 445/445/445
f 455/455/455 450/450/450 454/454/454
f 451/451/451 453/453/453 456/456/456
f 456/456/456 445/445/445 451/451/451
f 457/457/457 456/456/456 453/453/453
f 454/454/454 458/458/458 455/455/455
f 459/459/459 455/455/455 458/458/458
f 445/445/445 460/460/460 454/454/454
f 445/445/445 456/456/456 460/460/460
f 458/458/458 454/454/454 460/460/460
f 456/456/456 457/457/457 461/461/461
f 461/461/461 460/460/460 456/456/456
f 462/462/462 461/461/461 457/457/457
f 458/458/458 463/463/463 459/459/459
f 464/464/464 459/459/459 463/463/463
f 460/460/460 465/465/465 458/458/458
f 460/460/460 461/461/461 465/465/465
f 463/463/463 458/458/458 465/465/465
f 461/461/461 462/462/462 466/466/466
f 466/466/466 465/465/465 461/461/461
f 467/467/467 466/466/466 462/462/462
f 464/464/464 463/463/463 468/468/468
f 468/468/468 469/469/469 464/464/464
f 465/465/465 470/470/470 463/463/463
f 465/465/465 466/466/466 470/470/470
f 468/468/468 463/463/463 470/470/470
f 466/466/466 467/467/467 471/471/471
f 471/471/471 470/470/470 466/466/466
f 472/472/472 471/471/471 467/467/467
f 469/469/469 468/468/468 473/473/473
f 473/473/473 474/474/474 469/469/469
f 470/470/470 475/475/475 468/468/468
f 470/470/470 471/471/471 475/475/475
f 473/473/473 468/468/468 475/475/475
f 471/471/471 472/472/472 476/476/476
f 476/476/476 475/475/475 471/471/471
f 477/477/477 476/476/476 472/472/472
f 474/474/474 473/473/473 478/478/478
f 478/478/478 479/479/479 474/474/474
f 475/475/475 480/480/480 473/473/473
f 475/475/475 476/476/476 480/480/480
f 481/481/481 473/473/473 480/480/480
f 476/476/476 481/481/481 480/480/480
f 473/473/473 481/481/481 478/478/478
f 476/476/476 477/477/477 482/482/482
f 481/481/481 476/476/476 482/482/482
f 483/483/483 482/482/482 477/477/477
f 484/484/484 478/478/478 481/481/481
f 482/482/482 484/484/484 481/481/481
f 479/479/479 478/478/478 485/485/485
f 478/478/478 484/484/484 485/485/485
f 482/482/482 483/483/483 486/486/486
f 484/484/484 482/482/482 486/486/486
f 487/487/487 479/479/479 485/485/485
f 479/479/479 487/487/487 488/488/488
f 489/489/489 485/485/485 484/484/484
f 486/486/486 489/489/489 484/484/484
f 485/485/485 489/489/489 487/487/487
f 483/483/483 490/490/490 486/486/486
f 489/489/489 486/486/486 490/490/490
f 490/490/490 483/483/483 491/491/491
f 492/492/492 488/488/488 487/487/487
f 488/488/488 492/492/492 493/493/493
f 492/492/492 494/494/494 493/493/493
f 495/495/495 487/487/487 489/489/489
f 490/490/490 495/495/495 489/489/489
f 487/487/487 495/495/495 492/492/492
f 496/496/496 492/492/492 495/495/495
f 491/491/491 497/497/497 490/490/490
f 495/495/495 490/490/490 497/497/497
f 497/497/497 496/496/496 495/495/495
f 497/497/497 491/491/491 498/498/498
f 499/499/499 497/497/497 498/498/498
f 492/492/492 500/500/500 494/494/494
f 492/492/492 496/496/496 500/500/500
f 500/500/500 501/501/501 494/494/494
f 500/500/500 502/502/502 501/501/501
f 496/496/496 502/502/502 500/500/500
f 502/502/502 496/496/496 503/503/503
f 496/496/496 504/504/504 503/503/503
f 497/497/497 499/499/499 505/505/505
f 496/496/496 497/497/497 505/505/505
f 504/504/504 496/496/496 505/505/505
f 506/506/506 505/505/505 499/499/499
f 505/505/505 506/506/506 504/504/504
f 507/507/507 509/509/509 508/508/508
f 509/509/509 507/507/507 510/510/510
f 510/510/510 511/511/511 509/509/509
f 512/512/512 510/510/510 507/507/507
f 511/511/511 510/510/510 513/513/513
f 510/510/510 512/512/512 514/514/514
f 514/514/514 513/513/513 510/510/510
f 515/515/515 514/514/514 512/512/512
f 513/513/513 514/514/514 516/516/516
f 514/514/514 515/515/515 517/517/517
f 517/517/517 516/516/516 514/514/514
f 516/516/516 517/517/517 518/518/518
f 519/519/519 517/517/517 515/515/515
f 517/517/517 520/520/520 518/518/518
f 517/517/517 519/519/519 521/521/521
f 520/520/520 517/517/517 521/521/521
f 522/522/522 521/521/521 519/519/519
f 521/521/521 523/523/523 520/520/520
f 521/521/521 522/522/522 524/524/524
f 523/523/523 521/521/521 524/524/524
f 525/525/525 524/524/524 522/522/522
f 525/525/525 523/523/523 524/524/524
f 522/522/522 526/526/526 525/525/525
f 523/523/523 525/525/525 527/527/527
f 528/528/528 525/525/525 526/526/526
f 528/528/528 527/527/527 525/525/525
f 526/526/526 529/529/529 528/528/528
f 527/527/527 528/528/528 530/530/530
f 531/531/531 528/528/528 529/529/529
f 531/531/531 530/530/530 528/528/528
f 529/529/529 532/532/532 531/531/531
f 530/530/530 531/531/531 533/533/533
f 534/534/534 531/531/531 532/532/532
f 534/534/534 533/533/533 531/531/531
f 532/532/532 535/535/535 534/534/534
f 533/533/533 534/534/534 536/536/536
f 537/537/537 534/534/534 535/535/535
f 537/537/537 536/536/536 534/534/534
f 535/535/535 538/538/538 537/537/537
f 536/536/536 537/537/537 539/539/539
f 540/540/540 537/537/537 538/538/538
f 541/541/541 539/539/539 537/537/537
f 537/537/537 540/540/540 541/541/541
f 539/539/539 541/541/541 542/542/542
f 543/543/543 541/541/541 540/540/540
f 544/544/544 542/542/542 541/541/541
f 541/541/541 543/543/543 545/545/545
f 541/541/541 545/545/545 544/544/544
f 546/546/546 545/545/545 543/543/543
f 545/545/545 547/547/547 544/544/544
f 545/545/545 546/546/546 548/548/548
f 545/545/545 548/548/548 547/547/547
f 549/549/549 548/548/548 546/546/546
f 550/550/550 547/547/547 548/548/548
f 548/548/548 549/549/549 550/550/550
f 547/547/547 550/550/550 551/551/551
f 552/552/552 550/550/550 549/549/549
f 553/553/553 551/551/551 550/550/550
f 550/550/550 552/552/552 553/553/553
f 551/551/551 553/553/553 554/554/554
f 553/553/553 555/555/555 554/554/554
f 556/556/556 553/553/553 552/552/552
f 555/555/555 553/553/553 556/556/556
f 552/552/552 557/557/557 556/556/556
f 558/558/558 555/555/555 556/556/556
f 558/558/558 556/556/556 557/557/557
f 555/555/555 558/558/558 559/559/559
f 557/557/557 560/560/560 558/558/558
f 558/558/558 561/561/561 559/559/559
f 562/562/562 558/558/558 560/560/560
f 561/561/561 558/558/558 562/562/562
f 560/560/560 563/563/563 562/562/562
f 562/562/562 564/564/564 561/561/561
f 565/565/565 562/562/562 563/563/563
f 564/564/564 562/562/562 565/565/565
f 563/563/563 566/566/566 565/565/565
f 565/565/565 567/567/567 564/564/564
f 568/568/568 565/565/565 566/566/566
f 567/567/567 565/565/565 568/568/568
f 566/566/566 569/569/569 568/568/568
f 570/570/570 567/567/567 568/568/568
f 571/571/571 568/568/568 569/569/569
f 570/570/570 568/568/568 572/572/572
f 568/568/568 571/571/571 572/572/572
f 573/573/573 575/575/575 574/574/574
f 574/574/574 576/576/576 573/573/573
f 577/577/577 576/576/576 574/574/574
f 578/578/578 573/573/573 576/576/576
f 576/576/576 577/577/577 579/579/579
f 576/576/576 580/580/580 578/578/578
f 579/579/579 580/580/580 576/576/576
f 581/581/581 578/578/578 580/580/580
f 580/580/580 579/579/579 582/582/582
f 580/580/580 583/583/583 581/581/581
f 582/582/582 583/583/583 580/580/580
f 583/583/583 582/582/582 584/584/584
f 585/585/585 581/581/581 583/583/583
f 586/586/586 583/583/583 584/584/584
f 583/583/583 587/587/587 585/585/585
f 583/583/583 586/586/586 587/587/587
f 588/588/588 585/585/585 587/587/587
f 589/589/589 587/587/587 586/586/586
f 587/587/587 590/590/590 588/588/588
f 587/587/587 589/589/589 590/590/590
f 591/591/591 588/588/588 590/590/590
f 589/589/589 591/591/591 590/590/590
f 588/588/588 591/591/591 592/592/592
f 589/589/589 593/593/593 591/591/591
f 594/594/594 592/592/592 591/591/591
f 593/593/593 594/594/594 591/591/591
f 592/592/592 594/594/594 595/595/595
f 593/593/593 596/596/596 594/594/594
f 597/597/597 595/595/595 594/594/594
f 596/596/596 597/597/597 594/594/594
f 595/595/595 597/597/597 598/598/598
f 596/596/596 599/599/599 597/597/597
f 600/600/600 598/598/598 597/597/597
f 599/599/599 600/600/600 597/597/597
f 598/598/598 600/600/600 601/601/601
f 599/599/599 602/602/602 600/600/600
f 603/603/603 601/601/601 600/600/600
f 603/603/603 600/600/600 602/602/602
f 601/601/601 603/603/603 604/604/604
f 602/602/602 605/605/605 603/603/603
f 606/606/606 604/604/604 603/603/603
f 607/607/607 603/603/603 605/605/605
f 603/603/603 607/607/607 606/606/606
f 605/605/605 608/608/608 607/607/607
f 609/609/609 606/606/606 607/607/607
f 610/610/610 607/607/607 608/608/608
f 607/607/607 611/611/611 609/609/609
f 607/607/607 610/610/610 611/611/611
f 612/612/612 609/609/609 611/611/611
f 613/613/613 611/611/611 610/610/610
f 611/611/611 614/614/614 612/612/612
f 611/611/611 613/613/613 614/614/614
f 615/615/615 612/612/612 614/614/614
f 616/616/616 614/614/614 613/613/613
f 614/614/614 616/616/616 615/615/615
f 616/616/616 613/613/613 617/617/617
f 618/618/618 615/615/615 616/616/616
f 617/617/617 619/619/619 616/616/616
f 616/616/616 619/619/619 618/618/618
f 619/619/619 617/617/617 620/620/620
f 621/621/621 619/619/619 620/620/620
f 622/622/622 618/618/618 619/619/619
f 619/619/619 621/621/621 622/622/622
f 618/618/618 622/622/622 623/623/623
f 621/621/621 624/624/624 622/622/622
f 624/624/624 623/623/623 622/622/622
f 624/624/624 621/621/621 625/625/625
f 623/623/623 624/624/624 626/626/626
f 627/627/627 624/624/624 625/625/625
f 628/628/628 626/626/626 624/624/624
f 624/624/624 627/627/627 628/628/628
f 626/626/626 628/628/628 629/629/629
f 630/630/630 628/628/628 627/627/627
f 631/631/631 629/629/629 628/628/628
f 628/628/628 630/630/630 631/631/631
f 629/629/629 631/631/631 632/632/632
f 633/633/633 631/631/631 630/630/630
f 634/634/634 632/632/632 631/631/631
f 631/631/631 633/633/633 634/634/634
f 632/632/632 634/634/634 635/635/635
f 636/636/636 634/634/634 633/633/633
f 637/637/637 635/635/635 634/634/634
f 634/634/634 636/636/636 638/638/638
f 634/634/634 638/638/638 637/637/637
f 639/639/639 641/641/641 640/640/640
f 639/639/639 640/640/640 642/642/642
f 640/640/640 643/643/643 642/642/642
f 643/643/643 640/640/640 644/644/644
f 645/645/645 639/639/639 642/642/642
f 646/646/646 643/643/643 644/644/644
f 645/645/645 642/642/642 647/647/647
f 643/643/643 647/647/647 642/642/642
f 648/648/648 645/645/645 647/647/647
f 647/647/647 649/649/649 648/648/648
f 647/647/647 643/643/643 650/650/650
f 650/650/650 649/649/649 647/647/647
f 651/651/651 648/648/648 649/649/649
f 648/648/648 651/651/651 652/652/652
f 649/649/649 650/650/650 653/653/653
f 653/653/653 651/651/651 649/649/649
f 654/654/654 652/652/652 651/651/651
f 652/652/652 654/654/654 655/655/655
f 651/651/651 653/653/653 656/656/656
f 656/656/656 654/654/654 651/651/651
f 657/657/657 655/655/655 654/654/654
f 655/655/655 657/657/657 658/658/658
f 654/654/654 656/656/656 659/659/659
f 659/659/659 657/657/657 654/654/654
f 660/660/660 658/658/658 657/657/657
f 658/658/658 660/660/660 661/661/661
f 662/662/662 661/661/661 660/660/660
f 661/661/661 662/662/662 663/663/663
f 664/664/664 663/663/663 662/662/662
f 663/663/663 664/664/664 665/665/665
f 666/666/666 665/665/665 664/664/664
f 665/665/665 666/666/666 667/667/667
f 666/666/666 668/668/668 667/667/667
f 668/668/668 666/666/666 669/669/669
f 666/666/666 670/670/670 669/669/669
f 669/669/669 671/671/671 668/668/668
f 664/664/664 672/672/672 666/666/666
f 670/670/670 666/666/666 672/672/672
f 662/662/662 673/673/673 664/664/664
f 672/672/672 664/664/664 673/673/673
f 660/660/660 674/674/674 662/662/662
f 673/673/673 662/662/662 674/674/674
f 671/671/671 669/669/669 675/675/675
f 670/670/670 675/675/675 669/669/669
f 676/676/676 671/671/671 675/675/675
f 671/671/671 676/676/676 677/677/677
f 678/678/678 677/677/677 676/676/676
f 674/674/674 660/660/660 679/679/679
f 657/657/657 679/679/679 660/660/660
f 675/675/675 670/670/670 680/680/680
f 680/680/680 676/676/676 675/675/675
f 678/678/678 676/676/676 681/681/681
f 682/682/682 678/678/678 681/681/681
f 679/679/679 657/657/657 683/683/683
f 657/657/657 659/659/659 683/683/683
f 684/684/684 679/679/679 683/683/683
f 659/659/659 684/684/684 683/683/683
f 685/685/685 674/674/674 679/679/679
f 679/679/679 684/684/684 685/685/685
f 676/676/676 680/680/680 686/686/686
f 686/686/686 681/681/681 676/676/676
f 682/682/682 681/681/681 687/687/687
f 688/688/688 682/682/682 687/687/687
f 684/684/684 659/659/659 689/689/689
f 656/656/656 689/689/689 659/659/659
f 674/674/674 685/685/685 690/690/690
f 690/690/690 673/673/673 674/674/674
f 681/681/681 686/686/686 691/691/691
f 691/691/691 687/687/687 681/681/681
f 687/687/687 692/692/692 688/688/688
f 693/693/693 688/688/688 692/692/692
f 689/689/689 656/656/656 694/694/694
f 653/653/653 694/694/694 656/656/656
f 673/673/673 690/690/690 695/695/695
f 695/695/695 672/672/672 673/673/673
f 687/687/687 691/691/691 696/696/696
f 696/696/696 692/692/692 687/687/687
f 692/692/692 697/697/697 693/693/693
f 698/698/698 693/693/693 697/697/697
f 694/694/694 653/653/653 699/699/699
f 650/650/650 699/699/699 653/653/653
f 699/699/699 650/650/650 700/700/700
f 643/643/643 700/700/700 650/650/650
f 694/694/694 699/699/699 701/701/701
f 700/700/700 701/701/701 699/699/699
f 701/701/701 702/702/702 694/694/694
f 689/689/689 694/694/694 702/702/702
f 702/702/702 703/703/703 689/689/689
f 684/684/684 689/689/689 703/703/703
f 703/703/703 704/704/704 684/684/684
f 685/685/685 684/684/684 704/704/704
f 685/685/685 704/704/704 705/705/705
f 690/690/690 685/685/685 705/705/705
f 690/690/690 705/705/705 706/706/706
f 695/695/695 690/690/690 706/706/706
f 701/701/701 700/700/700 707/707/707
f 695/695/695 706/706/706 708/708/708
f 709/709/709 707/707/707 700/700/700
f 700/700/700 643/643/643 709/709/709
f 707/707/707 709/709/709 710/710/710
f 643/643/643 646/646/646 709/709/709
f 646/646/646 710/710/710 709/709/709
f 710/710/710 646/646/646 711/711/711
f 712/712/712 695/695/695 708/708/708
f 712/712/712 708/708/708 713/713/713
f 672/672/672 695/695/695 712/712/712
f 714/714/714 712/712/712 713/713/713
f 712/712/712 670/670/670 672/672/672
f 712/712/712 714/714/714 715/715/715
f 670/670/670 712/712/712 715/715/715
f 716/716/716 715/715/715 714/714/714
f 717/717/717 670/670/670 715/715/715
f 715/715/715 716/716/716 717/717/717
f 670/670/670 717/717/717 680/680/680
f 718/718/718 717/717/717 716/716/716
f 719/719/719 680/680/680 717/717/717
f 717/717/717 718/718/718 719/719/719
f 680/680/680 719/719/719 686/686/686
f 720/720/720 719/719/719 718/718/718
f 721/721/721 686/686/686 719/719/719
f 719/719/719 720/720/720 721/721/721
f 686/686/686 721/721/721 691/691/691
f 722/722/722 721/721/721 720/720/720
f 723/723/723 691/691/691 721/721/721
f 721/721/721 722/722/722 723/723/723
f 724/724/724 723/723/723 722/722/722
f 691/691/691 723/723/723 696/696/696
f 723/723/723 724/724/724 725/725/725
f 725/725/725 696/696/696 723/723/723
f 726/726/726 725/725/725 724/724/724
f 696/696/696 725/725/725 727/727/727
f 692/692/692 696/696/696 727/727/727
f 728/728/728 692/692/692 727/727/727
f 725/725/725 728/728/728 727/727/727
f 692/692/692 728/728/728 697/697/697
f 725/725/725 726/726/726 729/729/729
f 728/728/728 725/725/725 729/729/729
f 730/730/730 729/729/729 726/726/726
f 731/731/731 697/697/697 728/728/728
f 729/729/729 731/731/731 728/728/728
f 729/729/729 730/730/730 732/732/732
f 731/731/731 729/729/729 732/732/732
f 733/733/733 732/732/732 730/730/730
f 697/697/697 731/731/731 734/734/734
f 697/697/697 734/734/734 698/698/698
f 735/735/735 698/698/698 734/734/734
f 732/732/732 733/733/733 736/736/736
f 737/737/737 736/736/736 733/733/733
f 732/732/732 738/738/738 731/731/731
f 738/738/738 734/734/734 731/731/731
f 738/738/738 732/732/732 736/736/736
f 734/734/734 739/739/739 735/735/735
f 734/734/734 738/738/738 739/739/739
f 740/740/740 735/735/735 739/739/739
f 736/736/736 737/737/737 741/741/741
f 742/742/742 741/741/741 737/737/737
f 741/741/741 742/742/742 743/743/743
f 744/744/744 741/741/741 743/743/743
f 736/736/736 745/745/745 738/738/738
f 745/745/745 736/736/736 741/741/741
f 745/745/745 739/739/739 738/738/738
f 741/741/741 744/744/744 745/745/745
f 739/739/739 746/746/746 740/740/740
f 739/739/739 745/745/745 746/746/746
f 744/744/744 746/746/746 745/745/745
f 747/747/747 740/740/740 746/746/746
f 746/746/746 744/744/744 748/748/748
f 746/746/746 748/748/748 747/747/747
f 749/749/749 751/751/751 750/750/750
f 751/751/751 749/749/749 752/752/752
f 752/752/752 753/753/753 751/751/751
f 753/753/753 752/752/752 754/754/754
f 755/755/755 754/754/754 752/752/752
f 756/756/756 752/752/752 749/749/749
f 752/752/752 757/757/757 755/755/755
f 752/752/752 756/756/756 757/757/757
f 758/758/758 755/755/755 757/757/757
f 759/759/759 757/757/757 756/756/756
f 757/757/757 759/759/759 758/758/758
f 756/756/756 760/760/760 759/759/759
f 761/761/761 758/758/758 759/759/759
f 762/762/762 759/759/759 760/760/760
f 759/759/759 763/763/763 761/761/761
f 759/759/759 762/762/762 763/763/763
f 764/764/764 761/761/761 763/763/763
f 765/765/765 763/763/763 762/762/762
f 763/763/763 766/766/766 764/764/764
f 763/763/763 765/765/765 766/766/766
f 767/767/767 764/764/764 766/766/766
f 768/768/768 766/766/766 765/765/765
f 766/766/766 769/769/769 767/767/767
f 766/766/766 768/768/768 769/769/769
f 770/770/770 767/767/767 769/769/769
f 770/770/770 769/769/769 768/768/768
f 767/767/767 770/770/770 771/771/771
f 768/768/768 772/772/772 770/770/770
f 773/773/773 771/771/771 770/770/770
f 772/772/772 773/773/773 770/770/770
f 771/771/771 773/773/773 774/774/774
f 772/772/772 775/775/775 773/773/773
f 776/776/776 774/774/774 773/773/773
f 775/775/775 776/776/776 773/773/773
f 776/776/776 775/775/775 777/777/777
f 774/774/774 776/776/776 778/778/778
f 779/779/779 776/776/776 777/777/777
f 780/780/780 778/778/778 776/776/776
f 776/776/776 779/779/779 780/780/780
f 778/778/778 780/780/780 781/781/781
f 782/782/782 780/780/780 779/779/779
f 783/783/783 781/781/781 780/780/780
f 780/780/780 782/782/782 783/783/783
f 781/781/781 783/783/783 784/784/784
f 783/783/783 785/785/785 784/784/784
f 782/782/782 786/786/786 783/783/783
f 785/785/785 783/783/783 786/786/786
f 786/786/786 782/782/782 787/787/787
f 786/786/786 788/788/788 785/785/785
f 787/787/787 789/789/789 786/786/786
f 788/788/788 786/786/786 789/789/789
f 789/789/789 787/787/787 790/790/790
f 789/789/789 791/791/791 788/788/788
f 792/792/792 789/789/789 790/790/790
f 791/791/791 789/789/789 793/793/793
f 789/789/789 792/792/792 793/793/793
f 793/793/793 794/794/794 791/791/791
f 795/795/795 793/793/793 792/792/792
f 794/794/794 793/793/793 796/796/796
f 793/793/793 795/795/795 796/796/796
f 796/796/796 797/797/797 794/794/794
f 798/798/798 796/796/796 795/795/795
f 797/797/797 796/796/796 799/799/799
f 796/796/796 798/798/798 799/799/799
f 800/800/800 797/797/797 799/799/799
f 800/800/800 799/799/799 798/798/798
f 797/797/797 800/800/800 801/801/801
f 798/798/798 802/802/802 800/800/800
f 803/803/803 801/801/801 800/800/800
f 803/803/803 800/800/800 802/802/802
f 802/802/802 804/804/804 803/803/803
f 801/801/801 803/803/803 805/805/805
f 806/806/806 803/803/803 804/804/804
f 807/807/807 805/805/805 803/803/803
f 803/803/803 806/806/806 807/807/807
f 805/805/805 807/807/807 808/808/808
f 809/809/809 807/807/807 806/806/806
f 810/810/810 808/808/808 807/807/807
f 807/807/807 809/809/809 810/810/810
f 808/808/808 810/810/810 811/811/811
f 812/812/812 810/810/810 809/809/809
f 812/812/812 811/811/811 810/810/810
f 809/809/809 813/813/813 812/812/812
f 811/811/811 812/812/812 814/814/814
f 815/815/815 817/817/817 816/816/816
f 815/815/815 818/818/818 817/817/817
f 818/818/818 815/815/815 819/819/819
f 819/819/819 820/820/820 818/818/818
f 821/821/821 818/818/818 820/820/820
f 822/822/822 817/817/817 818/818/818
f 818/818/818 821/821/821 823/823/823
f 818/818/818 823/823/823 822/822/822
f 824/824/824 823/823/823 821/821/821
f 825/825/825 822/822/822 823/823/823
f 823/823/823 824/824/824 825/825/825
f 822/822/822 825/825/825 826/826/826
f 827/827/827 825/825/825 824/824/824
f 828/828/828 826/826/826 825/825/825
f 825/825/825 827/827/827 829/829/829
f 825/825/825 829/829/829 828/828/828
f 830/830/830 829/829/829 827/827/827
f 831/831/831 828/828/828 829/829/829
f 829/829/829 830/830/830 832/832/832
f 829/829/829 832/832/832 831/831/831
f 833/833/833 832/832/832 830/830/830
f 834/834/834 831/831/831 832/832/832
f 832/832/832 833/833/833 835/835/835
f 832/832/832 835/835/835 834/834/834
f 833/833/833 836/836/836 835/835/835
f 836/836/836 834/834/834 835/835/835
f 836/836/836 833/833/833 837/837/837
f 834/834/834 836/836/836 838/838/838
f 837/837/837 839/839/839 836/836/836
f 839/839/839 838/838/838 836/836/836
f 839/839/839 837/837/837 840/840/840
f 838/838/838 839/839/839 841/841/841
f 840/840/840 842/842/842 839/839/839
f 842/842/842 841/841/841 839/839/839
f 841/841/841 842/842/842 843/843/843
f 842/842/842 840/840/840 844/844/844
f 845/845/845 843/843/843 842/842/842
f 844/844/844 846/846/846 842/842/842
f 845/845/845 842/842/842 846/846/846
f 846/846/846 844/844/844 847/847/847
f 846/846/846 848/848/848 845/845/845
f 847/847/847 849/849/849 846/846/846
f 848/848/848 846/846/846 849/849/849
f 849/849/849 847/847/847 850/850/850
f 851/851/851 849/849/849 850/850/850
f 849/849/849 852/852/852 848/848/848
f 849/849/849 851/851/851 853/853/853
f 852/852/852 849/849/849 853/853/853
f 854/854/854 853/853/853 851/851/851
f 855/855/855 852/852/852 853/853/853
f 853/853/853 854/854/854 855/855/855
f 852/852/852 855/855/855 856/856/856
f 857/857/857 855/855/855 854/854/854
f 855/855/855 858/858/858 856/856/856
f 855/855/855 857/857/857 859/859/859
f 858/858/858 855/855/855 859/859/859
f 860/860/860 859/859/859 857/857/857
f 859/859/859 861/861/861 858/858/858
f 859/859/859 860/860/860 862/862/862
f 861/861/861 859/859/859 862/862/862
f 863/863/863 862/862/862 860/860/860
f 864/864/864 861/861/861 862/862/862
f 862/862/862 863/863/863 865/865/865
f 862/862/862 865/865/865 864/864/864
f 866/866/866 865/865/865 863/863/863
f 866/866/866 864/864/864 865/865/865
f 863/863/863 867/867/867 866/866/866
f 864/864/864 866/866/866 868/868/868
f 869/869/869 866/866/866 867/867/867
f 869/869/869 868/868/868 866/866/866
f 868/868/868 869/869/869 870/870/870
f 867/867/867 871/871/871 869/869/869
f 872/872/872 870/870/870 869/869/869
f 873/873/873 869/869/869 871/871/871
f 869/869/869 873/873/873 872/872/872
f 871/871/871 874/874/874 873/873/873
f 875/875/875 872/872/872 873/873/873
f 876/876/876 873/873/873 874/874/874
f 875/875/875 873/873/873 876/876/876
f 874/874/874 877/877/877 876/876/876
f 878/878/878 875/875/875 876/876/876
f 878/878/878 876/876/876 877/877/877
f 875/875/875 878/878/878 879/879/879
f 877/877/877 880/880/880 878/878/878
f 881/881/881 883/883/883 882/882/882
f 881/881/881 884/884/884 883/883/883
f 884/884/884 881/881/881 885/885/885
f 884/884/884 885/885/885 886/886/886
f 886/886/886 885/885/885 887/887/887
f 886/886/886 887/887/887 888/888/888
f 888/888/888 887/887/887 889/889/889
f 888/888/888 889/889/889 890/890/890
f 891/891/891 890/890/890 889/889/889
f 891/891/891 892/892/892 890/890/890
f 893/893/893 892/892/892 891/891/891
f 893/893/893 894/894/894 892/892/892
f 895/895/895 894/894/894 893/893/893
f 895/895/895 896/896/896 894/894/894
f 897/897/897 896/896/896 895/895/895
f 897/897/897 898/898/898 896/896/896
f 899/899/899 898/898/898 897/897/897
f 898/898/898 899/899/899 900/900/900
f 901/901/901 900/900/900 899/899/899
f 900/900/900 901/901/901 902/902/902
f 903/903/903 905/905/905 904/904/904
f 906/906/906 905/905/905 903/903/903
f 906/906/906 907/907/907 905/905/905
f 908/908/908 907/907/907 906/906/906
f 909/909/909 906/906/906 903/903/903
f 906/906/906 910/910/910 908/908/908
f 911/911/911 906/906/906 909/909/909
f 910/910/910 906/906/906 911/911/911
f 909/909/909 912/912/912 911/911/911
f 912/912/912 910/910/910 911/911/911
f 912/912/912 909/909/909 913/913/913
f 910/910/910 912/912/912 914/914/914
f 915/915/915 912/912/912 913/913/913
f 912/912/912 916/916/916 914/914/914
f 912/912/912 915/915/915 917/917/917
f 916/916/916 912/912/912 917/917/917
f 918/918/918 917/917/917 915/915/915
f 917/917/917 919/919/919 916/916/916
f 920/920/920 917/917/917 918/918/918
f 919/919/919 917/917/917 920/920/920
f 918/918/918 921/921/921 920/920/920
f 920/920/920 921/921/921 919/919/919
f 921/921/921 918/918/918 922/922/922
f 923/923/923 919/919/919 921/921/921
f 922/922/922 924/924/924 921/921/921
f 921/921/921 924/924/924 923/923/923
f 924/924/924 922/922/922 925/925/925
f 926/926/926 923/923/923 924/924/924
f 927/927/927 924/924/924 925/925/925
f 928/928/928 926/926/926 924/924/924
f 928/928/928 924/924/924 927/927/927
f 929/929/929 926/926/926 928/928/928
f 928/928/928 930/930/930 929/929/929
f 927/927/927 931/931/931 928/928/928
f 930/930/930 928/928/928 931/931/931
f 931/931/931 932/932/932 930/930/930
f 931/931/931 927/927/927 933/933/933
f 932/932/932 931/931/931 934/934/934
f 933/933/933 934/934/934 931/931/931
f 934/934/934 933/933/933 935/935/935
f 936/936/936 938/938/938 937/937/937
f 939/939/939 938/938/938 936/936/936
f 939/939/939 940/940/940 938/938/938
f 941/941/941 940/940/940 939/939/939
f 942/942/942 939/939/939 936/936/936
f 943/943/943 941/941/941 939/939/939
f 943/943/943 939/939/939 942/942/942
f 942/942/942 944/944/944 943/943/943
f 945/945/945 941/941/941 943/943/943
f 944/944/944 945/945/945 943/943/943
f 944/944/944 942/942/942 946/946/946
f 945/945/945 944/944/944 947/947/947
f 948/948/948 944/944/944 946/946/946
f 944/944/944 949/949/949 947/947/947
f 944/944/944 948/948/948 950/950/950
f 949/949/949 944/944/944 950/950/950
f 951/951/951 950/950/950 948/948/948
f 950/950/950 952/952/952 949/949/949
f 953/953/953 950/950/950 951/951/951
f 952/952/952 950/950/950 953/953/953
f 951/951/951 954/954/954 953/953/953
f 954/954/954 952/952/952 953/953/953
f 954/954/954 951/951/951 955/955/955
f 956/956/956 952/952/952 954/954/954
f 955/955/955 957/957/957 954/954/954
f 954/954/954 957/957/957 956/956/956
f 957/957/957 955/955/955 958/958/958
f 959/959/959 956/956/956 957/957/957
f 960/960/960 957/957/957 958/958/958
f 961/961/961 959/959/959 957/957/957
f 961/961/961 957/957/957 960/960/960
f 962/962/962 959/959/959 961/961/961
f 960/960/960 963/963/963 961/961/961
f 963/963/963 962/962/962 961/961/961
f 962/962/962 963/963/963 964/964/964
f 963/963/963 965/965/965 964/964/964
f 963/963/963 960/960/960 966/966/966
f 965/965/965 963/963/963 967/967/967
f 966/966/966 967/967/967 963/963/963
f 967/967/967 966/966/966 968/968/968
f 969/969/969 971/971/971 970/970/970
f 969/969/969 972/972/972 971/971/971
f 969/969/969 973/973/973 972/972/972
f 973/973/973 969/969/969 974/974/974
f 973/973/973 974/974/974 975/975/975
f 975/975/975 976/976/976 973/973/973
f 975/975/975 977/977/977 976/976/976
f 977/977/977 975/975/975 978/978/978
f 979/979/979 981/981/981 980/980/980
f 979/979/979 982/982/982 981/981/981
f 979/979/979 983/983/983 982/982/982
f 983/983/983 979/979/979 984/984/984
f 983/983/983 984/984/984 985/985/985
f 985/985/985 986/986/986 983/983/983
f 985/985/985 987/987/987 986/986/986
f 987/987/987 985/985/985 988/988/988
f 989/989/989 991/991/991 990/990/990
f 991/991/991 989/989/989 992/992/992
f 991/991/991 992/992/992 993/993/993
f 991/991/991 993/993/993 994/994/994
f 993/993/993 995/995/995 994/994/994
f 994/994/994 995/995/995 996/996/996
f 996/996/996 995/995/995 997/997/997
f 996/996/996 997/997/997 998/998/998
f 999/999/999 998/998/998 997/997/997
f 1000/1000/1000 998/998/998 999/999/999
f 1001/1001/1001 1000/1000/1000 999/999/999
f 1000/1000/1000 1001/1001/1001 1002/1002/1002
f 1003/1003/1003 1002/1002/1002 1001/1001/1001
f 1002/1002/1002 1003/1003/1003 1004/1004/1004
f 1005/1005/1005 1004/1004/1004 1003/1003/1003
f 1006/1006/1006 1004/1004/1004 1005/1005/1005
f 1007/1007/1007 1006/1006/1006 1005/1005/1005
f 1008/1008/1008 1006/1006/1006 1007/1007/1007
f 1007/1007/1007 1009/1009/1009 1008/1008/1008
f 1009/1009/1009 1007/1007/1007 1010/1010/1010
f 1011/1011/1011 1013/1013/1013 1012/1012/1012
f 1013/1013/1013 1011/1011/1011 1014/1014/1014
f 1013/1013/1013 1014/1014/1014 1015/1015/1015
f 1013/1013/1013 1015/1015/1015 1016/1016/1016
f 1015/1015/1015 1017/1017/1017 1016/1016/1016
f 1016/1016/1016 1017/1017/1017 1018/1018/1018
f 1018/1018/1018 1017/1017/1017 1019/1019/1019
f 1018/1018/1018 1019/1019/1019 1020/1020/1020
f 1019/1019/1019 1021/1021/1021 1020/1020/1020
f 1020/1020/1020 1021/1021/1021 1022/1022/1022
f 1021/1021/1021 1023/1023/1023 1022/1022/1022
f 1022/1022/1022 1023/1023/1023 1024/1024/1024
f 1025/1025/1025 1024/1024/1024 1023/1023/1023
f 1024/1024/1024 1025/1025/1025 1026/1026/1026
f 1027/1027/1027 1026/1026/1026 1025/1025/1025
f 1028/1028/1028 1026/1026/1026 1027/1027/1027
f 1029/1029/1029 1028/1028/1028 1027/1027/1027
f 1030/1030/1030 1028/1028/1028 1029/1029/1029
f 1029/1029/1029 1031/1031/1031 1030/1030/1030
f 1031/1031/1031 1029/1029/1029 1032/1032/1032
f 1033/1033/1033 1035/1035/1035 1034/1034/1034
f 1035/1035/1035 1033/1033/1033 1036/1036/1036
f 1036/1036/1036 1037/1037/1037 1035/1035/1035
f 1035/1035/1035 1037/1037/1037 1038/1038/1038
f 1037/1037/1037 1039/1039/1039 1038/1038/1038
f 1038/1038/1038 1039/1039/1039 1040/1040/1040
f 1039/1039/1039 1041/1041/1041 1040/1040/1040
f 1040/1040/1040 1041/1041/1041 1042/1042/1042
f 1043/1043/1043 1042/1042/1042 1041/1041/1041
f 1044/1044/1044 1042/1042/1042 1043/1043/1043
f 1045/1045/1045 1044/1044/1044 1043/1043/1043
f 1046/1046/1046 1044/1044/1044 1045/1045/1045
f 1047/1047/1047 1046/1046/1046 1045/1045/1045
f 1048/1048/1048 1046/1046/1046 1047/1047/1047
f 1049/1049/1049 1048/1048/1048 1047/1047/1047
f 1050/1050/1050 1048/1048/1048 1049/1049/1049
f 1051/1051/1051 1050/1050/1050 1049/1049/1049
f 1052/1052/1052 1050/1050/1050 1051/1051/1051
f 1053/1053/1053 1052/1052/1052 1051/1051/1051
f 1054/1054/1054 1052/1052/1052 1053/1053/1053
f 1055/1055/1055 1057/1057/1057 1056/1056/1056
f 1056/1056/1056 1057/1057/1057 1058/1058/1058
f 1057/1057/1057 1059/1059/1059 1058/1058/1058
f 1058/1058/1058 1059/1059/1059 1060/1060/1060
f 1059/1059/1059 1061/1061/1061 1060/1060/1060
f 1060/1060/1060 1061/1061/1061 1062/1062/1062
f 1061/1061/1061 1063/1063/1063 1062/1062/1062
f 1062/1062/1062 1063/1063/1063 1064/1064/1064
f 1063/1063/1063 1065/1065/1065 1064/1064/1064
f 1064/1064/1064 1065/1065/1065 1066/1066/1066
f 1065/1065/1065 1067/1067/1067 1066/1066/1066
f 1066/1066/1066 1067/1067/1067 1068/1068/1068
f 1069/1069/1069 1068/1068/1068 1067/1067/1067
f 1068/1068/1068 1069/1069/1069 1070/1070/1070
f 1071/1071/1071 1070/1070/1070 1069/1069/1069
f 1072/1072/1072 1070/1070/1070 1071/1071/1071
f 1073/1073/1073 1072/1072/1072 1071/1071/1071
f 1072/1072/1072 1073/1073/1073 1074/1074/1074
f 1073/1073/1073 1075/1075/1075 1074/1074/1074
f 1074/1074/1074 1075/1075/1075 1076/1076/1076
f 1077/1077/1077 1079/1079/1079 1078/1078/1078
f 1078/1078/1078 1079/1079/1079 1080/1080/1080
f 1078/1078/1078 1080/1080/1080 1081/1081/1081
f 1079/1079/1079 1082/1082/1082 1080/1080/1080
f 1082/1082/1082 1079/1079/1079 1083/1083/1083
f 1083/1083/1083 1084/1084/1084 1082/1082/1082
f 1081/1081/1081 1080/1080/1080 1085/1085/1085
f 1085/1085/1085 1086/1086/1086 1081/1081/1081
f 1085/1085/1085 1087/1087/1087 1086/1086/1086
f 1085/1085/1085 1088/1088/1088 1087/1087/1087
f 1080/1080/1080 1089/1089/1089 1085/1085/1085
f 1088/1088/1088 1085/1085/1085 1089/1089/1089
f 1089/1089/1089 1080/1080/1080 1082/1082/1082
f 1089/1089/1089 1090/1090/1090 1088/1088/1088
f 1082/1082/1082 1090/1090/1090 1089/1089/1089
f 1088/1088/1088 1090/1090/1090 1091/1091/1091
f 1090/1090/1090 1092/1092/1092 1091/1091/1091
f 1082/1082/1082 1084/1084/1084 1093/1093/1093
f 1090/1090/1090 1082/1082/1082 1093/1093/1093
f 1084/1084/1084 1094/1094/1094 1093/1093/1093
f 1095/1095/1095 1093/1093/1093 1094/1094/1094
f 1093/1093/1093 1095/1095/1095 1090/1090/1090
f 1096/1096/1096 1095/1095/1095 1094/1094/1094
f 1092/1092/1092 1090/1090/1090 1097/1097/1097
f 1095/1095/1095 1097/1097/1097 1090/1090/1090
f 1095/1095/1095 1096/1096/1096 1098/1098/1098
f 1098/1098/1098 1097/1097/1097 1095/1095/1095
f 1099/1099/1099 1098/1098/1098 1096/1096/1096
f 1092/1092/1092 1097/1097/1097 1100/1100/1100
f 1097/1097/1097 1098/1098/1098 1100/1100/1100
f 1100/1100/1100 1101/1101/1101 1092/1092/1092
f 1100/1100/1100 1102/1102/1102 1101/1101/1101
f 1098/1098/1098 1099/1099/1099 1103/1103/1103
f 1103/1103/1103 1100/1100/1100 1098/1098/1098
f 1099/1099/1099 1104/1104/1104 1103/1103/1103
f 1102/1102/1102 1100/1100/1100 1105/1105/1105
f 1100/1100/1100 1103/1103/1103 1105/1105/1105
f 1105/1105/1105 1106/1106/1106 1102/1102/1102
f 1107/1107/1107 1103/1103/1103 1104/1104/1104
f 1103/1103/1103 1107/1107/1107 1105/1105/1105
f 1108/1108/1108 1107/1107/1107 1104/1104/1104
f 1106/1106/1106 1105/1105/1105 1109/1109/1109
f 1107/1107/1107 1109/1109/1109 1105/1105/1105
f 1109/1109/1109 1110/1110/1110 1106/1106/1106
f 1107/1107/1107 1108/1108/1108 1111/1111/1111
f 1111/1111/1111 1109/1109/1109 1107/1107/1107
f 1110/1110/1110 1109/1109/1109 1112/1112/1112
f 1109/1109/1109 1111/1111/1111 1112/1112/1112
f 1112/1112/1112 1113/1113/1113 1110/1110/1110
f 1113/1113/1113 1112/1112/1112 1114/1114/1114
f 1111/1111/1111 1114/1114/1114 1112/1112/1112
f 1114/1114/1114 1115/1115/1115 1113/1113/1113
f 1115/1115/1115 1114/1114/1114 1116/1116/1116
f 1117/1117/1117 1116/1116/1116 1114/1114/1114
f 1108/1108/1108 1118/1118/1118 1111/1111/1111
f 1114/1114/1114 1111/1111/1111 1118/1118/1118
f 1118/1118/1118 1117/1117/1117 1114/1114/1114
f 1118/1118/1118 1108/1108/1108 1119/1119/1119
f 1120/1120/1120 1117/1117/1117 1118/1118/1118
f 1119/1119/1119 1120/1120/1120 1118/1118/1118
f 1121/1121/1121 1123/1123/1123 1122/1122/1122
f 1122/1122/1122 1123/1123/1123 1124/1124/1124
f 1122/1122/1122 1124/1124/1124 1125/1125/1125
f 1126/1126/1126 1124/1124/1124 1123/1123/1123
f 1125/1125/1125 1124/1124/1124 1127/1127/1127
f 1127/1127/1127 1128/1128/1128 1125/1125/1125
f 1127/1127/1127 1129/1129/1129 1128/1128/1128
f 1127/1127/1127 1130/1130/1130 1129/1129/1129
f 1124/1124/1124 1126/1126/1126 1131/1131/1131
f 1126/1126/1126 1132/1132/1132 1131/1131/1131
f 1124/1124/1124 1133/1133/1133 1127/1127/1127
f 1130/1130/1130 1127/1127/1127 1133/1133/1133
f 1133/1133/1133 1124/1124/1124 1131/1131/1131
f 1133/1133/1133 1134/1134/1134 1130/1130/1130
f 1131/1131/1131 1134/1134/1134 1133/1133/1133
f 1130/1130/1130 1134/1134/1134 1135/1135/1135
f 1131/1131/1131 1132/1132/1132 1136/1136/1136
f 1134/1134/1134 1131/1131/1131 1136/1136/1136
f 1137/1137/1137 1135/1135/1135 1134/1134/1134
f 1136/1136/1136 1137/1137/1137 1134/1134/1134
f 1135/1135/1135 1137/1137/1137 1138/1138/1138
f 1132/1132/1132 1139/1139/1139 1136/1136/1136
f 1137/1137/1137 1136/1136/1136 1139/1139/1139
f 1139/1139/1139 1132/1132/1132 1140/1140/1140
f 1138/1138/1138 1137/1137/1137 1141/1141/1141
f 1139/1139/1139 1141/1141/1141 1137/1137/1137
f 1141/1141/1141 1142/1142/1142 1138/1138/1138
f 1141/1141/1141 1143/1143/1143 1142/1142/1142
f 1140/1140/1140 1144/1144/1144 1139/1139/1139
f 1141/1141/1141 1139/1139/1139 1144/1144/1144
f 1144/1144/1144 1140/1140/1140 1145/1145/1145
f 1143/1143/1143 1141/1141/1141 1146/1146/1146
f 1144/1144/1144 1146/1146/1146 1141/1141/1141
f 1146/1146/1146 1147/1147/1147 1143/1143/1143
f 1145/1145/1145 1148/1148/1148 1144/1144/1144
f 1146/1146/1146 1144/1144/1144 1148/1148/1148
f 1148/1148/1148 1145/1145/1145 1149/1149/1149
f 1147/1147/1147 1146/1146/1146 1150/1150/1150
f 1148/1148/1148 1150/1150/1150 1146/1146/1146
f 1149/1149/1149 1151/1151/1151 1148/1148/1148
f 1150/1150/1150 1148/1148/1148 1151/1151/1151
f 1151/1151/1151 1149/1149/1149 1152/1152/1152
f 1152/1152/1152 1153/1153/1153 1151/1151/1151
f 1153/1153/1153 1150/1150/1150 1151/1151/1151
f 1153/1153/1153 1152/1152/1152 1154/1154/1154
f 1155/1155/1155 1147/1147/1147 1150/1150/1150
f 1150/1150/1150 1153/1153/1153 1155/1155/1155
f 1155/1155/1155 1156/1156/1156 1147/1147/1147
f 1156/1156/1156 1155/1155/1155 1157/1157/1157
f 1153/1153/1153 1157/1157/1157 1155/1155/1155
f 1156/1156/1156 1157/1157/1157 1158/1158/1158
f 1157/1157/1157 1159/1159/1159 1158/1158/1158
f 1159/1159/1159 1157/1157/1157 1160/1160/1160
f 1154/1154/1154 1161/1161/1161 1153/1153/1153
f 1157/1157/1157 1153/1153/1153 1161/1161/1161
f 1161/1161/1161 1160/1160/1160 1157/1157/1157
f 1161/1161/1161 1154/1154/1154 1162/1162/1162
f 1160/1160/1160 1161/1161/1161 1163/1163/1163
f 1162/1162/1162 1164/1164/1164 1161/1161/1161
f 1164/1164/1164 1163/1163/1163 1161/1161/1161
f 1165/1165/1165 1167/1167/1167 1166/1166/1166
f 1167/1167/1167 1165/1165/1165 1168/1168/1168
f 1169/1169/1169 1168/1168/1168 1165/1165/1165
f 1169/1169/1169 1165/1165/1165 1170/1170/1170
f 1171/1171/1171 1169/1169/1169 1170/1170/1170
f 1169/1169/1169 1171/1171/1171 1172/1172/1172
f 1173/1173/1173 1172/1172/1172 1171/1171/1171
f 1171/1171/1171 1174/1174/1174 1173/1173/1173
f 1175/1175/1175 1173/1173/1173 1174/1174/1174
f 1174/1174/1174 1176/1176/1176 1175/1175/1175
f 1177/1177/1177 1175/1175/1175 1176/1176/1176
f 1176/1176/1176 1178/1178/1178 1177/1177/1177
f 1179/1179/1179 1177/1177/1177 1178/1178/1178
f 1178/1178/1178 1180/1180/1180 1179/1179/1179
f 1180/1180/1180 1181/1181/1181 1179/1179/1179
f 1180/1180/1180 1182/1182/1182 1181/1181/1181
f 1182/1182/1182 1183/1183/1183 1181/1181/1181
f 1183/1183/1183 1182/1182/1182 1184/1184/1184
f 1185/1185/1185 1183/1183/1183 1184/1184/1184
f 1183/1183/1183 1185/1185/1185 1186/1186/1186
f 1187/1187/1187 1186/1186/1186 1185/1185/1185
f 1186/1186/1186 1187/1187/1187 1188/1188/1188
f 1189/1189/1189 1188/1188/1188 1187/1187/1187
f 1188/1188/1188 1189/1189/1189 1190/1190/1190
f 1191/1191/1191 1190/1190/1190 1189/1189/1189
f 1190/1190/1190 1191/1191/1191 1192/1192/1192
f 1193/1193/1193 1192/1192/1192 1191/1191/1191
f 1192/1192/1192 1193/1193/1193 1194/1194/1194
f 1195/1195/1195 1194/1194/1194 1193/1193/1193
f 1194/1194/1194 1195/1195/1195 1196/1196/1196
f 1197/1197/1197 1196/1196/1196 1195/1195/1195
f 1197/1197/1197 1195/1195/1195 1198/1198/1198
f 1199/1199/1199 1197/1197/1197 1198/1198/1198
f 1198/1198/1198 1200/1200/1200 1199/1199/1199
f 1201/1201/1201 1199/1199/1199 1200/1200/1200
f 1199/1199/1199 1201/1201/1201 1202/1202/1202
f 1203/1203/1203 1202/1202/1202 1201/1201/1201
f 1201/1201/1201 1204/1204/1204 1203/1203/1203
f 1205/1205/1205 1203/1203/1203 1204/1204/1204
f 1204/1204/1204 1206/1206/1206 1205/1205/1205
f 1207/1207/1207 1205/1205/1205 1206/1206/1206
f 1205/1205/1205 1207/1207/1207 1208/1208/1208
f 1209/1209/1209 1211/1211/1211 1210/1210/1210
f 1211/1211/1211 1209/1209/1209 1212/1212/1212
f 1213/1213/1213 1212/1212/1212 1209/1209/1209
f 1213/1213/1213 1209/1209/1209 1214/1214/1214
f 1215/1215/1215 1213/1213/1213 1214/1214/1214
f 1214/1214/1214 1216/1216/1216 1215/1215/1215
f 1217/1217/1217 1215/1215/1215 1216/1216/1216
f 1216/1216/1216 1218/1218/1218 1217/1217/1217
f 1219/1219/1219 1217/1217/1217 1218/1218/1218
f 1217/1217/1217 1219/1219/1219 1220/1220/1220
f 1221/1221/1221 1220/1220/1220 1219/1219/1219
f 1220/1220/1220 1221/1221/1221 1222/1222/1222
f 1223/1223/1223 1222/1222/1222 1221/1221/1221
f 1222/1222/1222 1223/1223/1223 1224/1224/1224
f 1225/1225/1225 1224/1224/1224 1223/1223/1223
f 1224/1224/1224 1225/1225/1225 1226/1226/1226
f 1225/1225/1225 1227/1227/1227 1226/1226/1226
f 1227/1227/1227 1225/1225/1225 1228/1228/1228
f 1229/1229/1229 1227/1227/1227 1228/1228/1228
f 1227/1227/1227 1229/1229/1229 1230/1230/1230
f 1231/1231/1231 1230/1230/1230 1229/1229/1229
f 1230/1230/1230 1231/1231/1231 1232/1232/1232
f 1231/1231/1231 1233/1233/1233 1232/1232/1232
f 1233/1233/1233 1231/1231/1231 1234/1234/1234
f 1234/1234/1234 1235/1235/1235 1233/1233/1233
f 1235/1235/1235 1234/1234/1234 1236/1236/1236
f 1236/1236/1236 1237/1237/1237 1235/1235/1235
f 1237/1237/1237 1236/1236/1236 1238/1238/1238
f 1239/1239/1239 1237/1237/1237 1238/1238/1238
f 1237/1237/1237 1239/1239/1239 1240/1240/1240
f 1241/1241/1241 1240/1240/1240 1239/1239/1239
f 1240/1240/1240 1241/1241/1241 1242/1242/1242
f 1243/1243/1243 1242/1242/1242 1241/1241/1241
f 1241/1241/1241 1244/1244/1244 1243/1243/1243
f 1245/1245/1245 1243/1243/1243 1244/1244/1244
f 1244/1244/1244 1246/1246/1246 1245/1245/1245
f 1247/1247/1247 1245/1245/1245 1246/1246/1246
f 1246/1246/1246 1248/1248/1248 1247/1247/1247
f 1249/1249/1249 1247/1247/1247 1248/1248/1248
f 1248/1248/1248 1250/1250/1250 1249/1249/1249
f 1251/1251/1251 1249/1249/1249 1250/1250/1250
f 1249/1249/1249 1251/1251/1251 1252/1252/1252
f 1253/1253/1253 1255/1255/1255 1254/1254/1254
f 1253/1253/1253 1256/1256/1256 1255/1255/1255
f 1257/1257/1257 1255/1255/1255 1256/1256/1256
f 1255/1255/1255 1257/1257/1257 1258/1258/1258
f 1259/1259/1259 1258/1258/1258 1257/1257/1257
f 1258/1258/1258 1259/1259/1259 1260/1260/1260
f 1261/1261/1261 1260/1260/1260 1259/1259/1259
f 1260/1260/1260 1261/1261/1261 1262/1262/1262
f 1263/1263/1263 1262/1262/1262 1261/1261/1261
f 1261/1261/1261 1264/1264/1264 1263/1263/1263
f 1265/1265/1265 1263/1263/1263 1264/1264/1264
f 1264/1264/1264 1266/1266/1266 1265/1265/1265
f 1267/1267/1267 1265/1265/1265 1266/1266/1266
f 1267/1267/1267 1266/1266/1266 1268/1268/1268
f 1268/1268/1268 1269/1269/1269 1267/1267/1267
f 1269/1269/1269 1268/1268/1268 1270/1270/1270
f 1270/1270/1270 1271/1271/1271 1269/1269/1269
f 1271/1271/1271 1270/1270/1270 1272/1272/1272
f 1272/1272/1272 1273/1273/1273 1271/1271/1271
f 1273/1273/1273 1272/1272/1272 1274/1274/1274
f 1274/1274/1274 1275/1275/1275 1273/1273/1273
f 1275/1275/1275 1274/1274/1274 1276/1276/1276
f 1276/1276/1276 1277/1277/1277 1275/1275/1275
f 1277/1277/1277 1276/1276/1276 1278/1278/1278
f 1278/1278/1278 1279/1279/1279 1277/1277/1277
f 1279/1279/1279 1278/1278/1278 1280/1280/1280
f 1281/1281/1281 1279/1279/1279 1280/1280/1280
f 1279/1279/1279 1281/1281/1281 1282/1282/1282
f 1281/1281/1281 1283/1283/1283 1282/1282/1282
f 1281/1281/1281 1284/1284/1284 1283/1283/1283
f 1284/1284/1284 1285/1285/1285 1283/1283/1283
f 1284/1284/1284 1286/1286/1286 1285/1285/1285
f 1287/1287/1287 1285/1285/1285 1286/1286/1286
f 1286/1286/1286 1288/1288/1288 1287/1287/1287
f 1289/1289/1289 1287/1287/1287 1288/1288/1288
f 1287/1287/1287 1289/1289/1289 1290/1290/1290
f 1291/1291/1291 1290/1290/1290 1289/1289/1289
f 1290/1290/1290 1291/1291/1291 1292/1292/1292
f 1293/1293/1293 1292/1292/1292 1291/1291/1291
f 1292/1292/1292 1293/1293/1293 1294/1294/1294
f 1295/1295/1295 1294/1294/1294 1293/1293/1293
f 1295/1295/1295 1293/1293/1293 1296/1296/1296
f 1297/1297/1297 1299/1299/1299 1298/1298/1298
f 1297/1297/1297 1300/1300/1300 1299/1299/1299
f 1301/1301/1301 1299/1299/1299 1300/1300/1300
f 1299/1299/1299 1301/1301/1301 1302/1302/1302
f 1303/1303/1303 1302/1302/1302 1301/1301/1301
f 1301/1301/1301 1304/1304/1304 1303/1303/1303
f 1305/1305/1305 1303/1303/1303 1304/1304/1304
f 1303/1303/1303 1305/1305/1305 1306/1306/1306
f 1307/1307/1307 1306/1306/1306 1305/1305/1305
f 1306/1306/1306 1307/1307/1307 1308/1308/1308
f 1309/1309/1309 1308/1308/1308 1307/1307/1307
f 1308/1308/1308 1309/1309/1309 1310/1310/1310
f 1311/1311/1311 1310/1310/1310 1309/1309/1309
f 1310/1310/1310 1311/1311/1311 1312/1312/1312
f 1313/1313/1313 1312/1312/1312 1311/1311/1311
f 1312/1312/1312 1313/1313/1313 1314/1314/1314
f 1315/1315/1315 1314/1314/1314 1313/1313/1313
f 1314/1314/1314 1315/1315/1315 1316/1316/1316
f 1315/1315/1315 1317/1317/1317 1316/1316/1316
f 1317/1317/1317 1315/1315/1315 1318/1318/1318
f 1318/1318/1318 1319/1319/1319 1317/1317/1317
f 1319/1319/1319 1318/1318/1318 1320/1320/1320
f 1320/1320/1320 1321/1321/1321 1319/1319/1319
f 1321/1321/1321 1320/1320/1320 1322/1322/1322
f 1322/1322/1322 1323/1323/1323 1321/1321/1321
f 1323/1323/1323 1322/1322/1322 1324/1324/1324
f 1324/1324/1324 1325/1325/1325 1323/1323/1323
f 1324/1324/1324 1326/1326/1326 1325/1325/1325
f 1326/1326/1326 1327/1327/1327 1325/1325/1325
f 1326/1326/1326 1328/1328/1328 1327/1327/1327
f 1329/1329/1329 1327/1327/1327 1328/1328/1328
f 1327/1327/1327 1329/1329/1329 1330/1330/1330
f 1331/1331/1331 1330/1330/1330 1329/1329/1329
f 1330/1330/1330 1331/1331/1331 1332/1332/1332
f 1333/1333/1333 1332/1332/1332 1331/1331/1331
f 1331/1331/1331 1334/1334/1334 1333/1333/1333
f 1335/1335/1335 1333/1333/1333 1334/1334/1334
f 1333/1333/1333 1335/1335/1335 1336/1336/1336
f 1337/1337/1337 1336/1336/1336 1335/1335/1335
f 1336/1336/1336 1337/1337/1337 1338/1338/1338
f 1339/1339/1339 1338/1338/1338 1337/1337/1337
f 1339/1339/1339 1337/1337/1337 1340/1340/1340
f 1341/1341/1341 1343/1343/1343 1342/1342/1342
f 1342/1342/1342 1344/1344/1344 1341/1341/1341
f 1345/1345/1345 1341/1341/1341 1344/1344/1344
f 1342/1342/1342 1346/1346/1346 1344/1344/1344
f 1346/1346/1346 1342/1342/1342 1347/1347/1347
f 1348/1348/1348 1344/1344/1344 1346/1346/1346
f 1344/1344/1344 1349/1349/1349 1345/1345/1345
f 1344/1344/1344 1348/1348/1348 1349/1349/1349
f 1350/1350/1350 1345/1345/1345 1349/1349/1349
f 1351/1351/1351 1349/1349/1349 1348/1348/1348
f 1349/1349/1349 1352/1352/1352 1350/1350/1350
f 1349/1349/1349 1351/1351/1351 1352/1352/1352
f 1353/1353/1353 1350/1350/1350 1352/1352/1352
f 1354/1354/1354 1352/1352/1352 1351/1351/1351
f 1352/1352/1352 1355/1355/1355 1353/1353/1353
f 1352/1352/1352 1354/1354/1354 1355/1355/1355
f 1356/1356/1356 1353/1353/1353 1355/1355/1355
f 1357/1357/1357 1355/1355/1355 1354/1354/1354
f 1355/1355/1355 1358/1358/1358 1356/1356/1356
f 1355/1355/1355 1357/1357/1357 1358/1358/1358
f 1359/1359/1359 1356/1356/1356 1358/1358/1358
f 1359/1359/1359 1358/1358/1358 1357/1357/1357
f 1356/1356/1356 1359/1359/1359 1360/1360/1360
f 1357/1357/1357 1361/1361/1361 1359/1359/1359
f 1362/1362/1362 1360/1360/1360 1359/1359/1359
f 1362/1362/1362 1359/1359/1359 1361/1361/1361
f 1360/1360/1360 1362/1362/1362 1363/1363/1363
f 1361/1361/1361 1364/1364/1364 1362/1362/1362
f 1365/1365/1365 1363/1363/1363 1362/1362/1362
f 1365/1365/1365 1362/1362/1362 1364/1364/1364
f 1363/1363/1363 1365/1365/1365 1366/1366/1366
f 1364/1364/1364 1367/1367/1367 1365/1365/1365
f 1368/1368/1368 1366/1366/1366 1365/1365/1365
f 1368/1368/1368 1365/1365/1365 1367/1367/1367
f 1366/1366/1366 1368/1368/1368 1369/1369/1369
f 1370/1370/1370 1369/1369/1369 1368/1368/1368
f 1367/1367/1367 1371/1371/1371 1368/1368/1368
f 1370/1370/1370 1368/1368/1368 1371/1371/1371
f 1369/1369/1369 1370/1370/1370 1372/1372/1372
f 1371/1371/1371 1373/1373/1373 1370/1370/1370
f 1374/1374/1374 1372/1372/1372 1370/1370/1370
f 1375/1375/1375 1370/1370/1370 1373/1373/1373
f 1370/1370/1370 1376/1376/1376 1374/1374/1374
f 1370/1370/1370 1375/1375/1375 1376/1376/1376
f 1377/1377/1377 1374/1374/1374 1376/1376/1376
f 1378/1378/1378 1376/1376/1376 1375/1375/1375
f 1376/1376/1376 1379/1379/1379 1377/1377/1377
f 1376/1376/1376 1378/1378/1378 1379/1379/1379
f 1380/1380/1380 1377/1377/1377 1379/1379/1379
f 1381/1381/1381 1379/1379/1379 1378/1378/1378
f 1379/1379/1379 1382/1382/1382 1380/1380/1380
f 1379/1379/1379 1381/1381/1381 1382/1382/1382
f 1383/1383/1383 1380/1380/1380 1382/1382/1382
f 1384/1384/1384 1382/1382/1382 1381/1381/1381
f 1382/1382/1382 1385/1385/1385 1383/1383/1383
f 1382/1382/1382 1384/1384/1384 1385/1385/1385
f 1386/1386/1386 1383/1383/1383 1385/1385/1385
f 1387/1387/1387 1385/1385/1385 1384/1384/1384
f 1385/1385/1385 1388/1388/1388 1386/1386/1386
f 1385/1385/1385 1387/1387/1387 1388/1388/1388
f 1389/1389/1389 1386/1386/1386 1388/1388/1388
f 1389/1389/1389 1388/1388/1388 1387/1387/1387
f 1386/1386/1386 1389/1389/1389 1390/1390/1390
f 1387/1387/1387 1391/1391/1391 1389/1389/1389
f 1392/1392/1392 1390/1390/1390 1389/1389/1389
f 1392/1392/1392 1389/1389/1389 1391/1391/1391
f 1390/1390/1390 1392/1392/1392 1393/1393/1393
f 1391/1391/1391 1394/1394/1394 1392/1392/1392
f 1395/1395/1395 1393/1393/1393 1392/1392/1392
f 1395/1395/1395 1392/1392/1392 1394/1394/1394
f 1393/1393/1393 1395/1395/1395 1396/1396/1396
f 1394/1394/1394 1397/1397/1397 1395/1395/1395
f 1398/1398/1398 1396/1396/1396 1395/1395/1395
f 1398/1398/1398 1395/1395/1395 1397/1397/1397
f 1396/1396/1396 1398/1398/1398 1399/1399/1399
f 1400/1400/1400 1399/1399/1399 1398/1398/1398
f 1397/1397/1397 1401/1401/1401 1398/1398/1398
f 1400/1400/1400 1398/1398/1398 1401/1401/1401
f 1399/1399/1399 1400/1400/1400 1402/1402/1402
f 1401/1401/1401 1403/1403/1403 1400/1400/1400
f 1404/1404/1404 1402/1402/1402 1400/1400/1400
f 1405/1405/1405 1400/1400/1400 1403/1403/1403
f 1400/1400/1400 1406/1406/1406 1404/1404/1404
f 1400/1400/1400 1405/1405/1405 1406/1406/1406
f 1407/1407/1407 1409/1409/1409 1408/1408/1408
f 1409/1409/1409 1407/1407/1407 1410/1410/1410
f 1411/1411/1411 1410/1410/1410 1407/1407/1407
f 1410/1410/1410 1411/1411/1411 1412/1412/1412
f 1411/1411/1411 1413/1413/1413 1412/1412/1412
f 1413/1413/1413 1411/1411/1411 1414/1414/1414
f 1414/1414/1414 1415/1415/1415 1413/1413/1413
f 1415/1415/1415 1414/1414/1414 1416/1416/1416
f 1416/1416/1416 1417/1417/1417 1415/1415/1415
f 1417/1417/1417 1416/1416/1416 1418/1418/1418
f 1418/1418/1418 1419/1419/1419 1417/1417/1417
f 1419/1419/1419 1418/1418/1418 1420/1420/1420
f 1421/1421/1421 1419/1419/1419 1420/1420/1420
f 1419/1419/1419 1421/1421/1421 1422/1422/1422
f 1423/1423/1423 1422/1422/1422 1421/1421/1421
f 1421/1421/1421 1424/1424/1424 1423/1423/1423
f 1425/1425/1425 1423/1423/1423 1424/1424/1424
f 1424/1424/1424 1426/1426/1426 1425/1425/1425
f 1427/1427/1427 1425/1425/1425 1426/1426/1426
f 1426/1426/1426 1428/1428/1428 1427/1427/1427
f 1429/1429/1429 1427/1427/1427 1428/1428/1428
f 1428/1428/1428 1430/1430/1430 1429/1429/1429
f 1431/1431/1431 1429/1429/1429 1430/1430/1430
f 1430/1430/1430 1432/1432/1432 1431/1431/1431
f 1432/1432/1432 1433/1433/1433 1431/1431/1431
f 1432/1432/1432 1434/1434/1434 1433/1433/1433
f 1434/1434/1434 1435/1435/1435 1433/1433/1433
f 1435/1435/1435 1434/1434/1434 1436/1436/1436
f 1436/1436/1436 1437/1437/1437 1435/1435/1435
f 1437/1437/1437 1436/1436/1436 1438/1438/1438
f 1438/1438/1438 1439/1439/1439 1437/1437/1437
f 1439/1439/1439 1438/1438/1438 1440/1440/1440
f 1440/1440/1440 1441/1441/1441 1439/1439/1439
f 1441/1441/1441 1440/1440/1440 1442/1442/1442
f 1442/1442/1442 1443/1443/1443 1441/1441/1441
f 1443/1443/1443 1442/1442/1442 1444/1444/1444
f 1445/1445/1445 1443/1443/1443 1444/1444/1444
f 1443/1443/1443 1445/1445/1445 1446/1446/1446
f 1447/1447/1447 1446/1446/1446 1445/1445/1445
f 1446/1446/1446 1447/1447/1447 1448/1448/1448
f 1449/1449/1449 1448/1448/1448 1447/1447/1447
f 1449/1449/1449 1447/1447/1447 1450/1450/1450
f 1451/1451/1451 1453/1453/1453 1452/1452/1452
f 1453/1453/1453 1451/1451/1451 1454/1454/1454
f 1454/1454/1454 1455/1455/1455 1453/1453/1453
f 1455/1455/1455 1454/1454/1454 1456/1456/1456
f 1457/1457/1457 1455/1455/1455 1456/1456/1456
f 1455/1455/1455 1457/1457/1457 1458/1458/1458
f 1459/1459/1459 1458/1458/1458 1457/1457/1457
f 1458/1458/1458 1459/1459/1459 1460/1460/1460
f 1461/1461/1461 1460/1460/1460 1459/1459/1459
f 1460/1460/1460 1461/1461/1461 1462/1462/1462
f 1461/1461/1461 1463/1463/1463 1462/1462/1462
f 1463/1463/1463 1461/1461/1461 1464/1464/1464
f 1465/1465/1465 1463/1463/1463 1464/1464/1464
f 1463/1463/1463 1465/1465/1465 1466/1466/1466
f 1467/1467/1467 1466/1466/1466 1465/1465/1465
f 1465/1465/1465 1468/1468/1468 1467/1467/1467
f 1469/1469/1469 1467/1467/1467 1468/1468/1468
f 1468/1468/1468 1470/1470/1470 1469/1469/1469
f 1471/1471/1471 1469/1469/1469 1470/1470/1470
f 1470/1470/1470 1472/1472/1472 1471/1471/1471
f 1473/1473/1473 1471/1471/1471 1472/1472/1472
f 1472/1472/1472 1474/1474/1474 1473/1473/1473
f 1475/1475/1475 1473/1473/1473 1474/1474/1474
f 1473/1473/1473 1475/1475/1475 1476/1476/1476
f 1477/1477/1477 1476/1476/1476 1475/1475/1475
f 1476/1476/1476 1477/1477/1477 1478/1478/1478
f 1479/1479/1479 1478/1478/1478 1477/1477/1477
f 1478/1478/1478 1479/1479/1479 1480/1480/1480
f 1481/1481/1481 1480/1480/1480 1479/1479/1479
f 1480/1480/1480 1481/1481/1481 1482/1482/1482
f 1483/1483/1483 1482/1482/1482 1481/1481/1481
f 1482/1482/1482 1483/1483/1483 1484/1484/1484
f 1485/1485/1485 1484/1484/1484 1483/1483/1483
f 1484/1484/1484 1485/1485/1485 1486/1486/1486
f 1487/1487/1487 1486/1486/1486 1485/1485/1485
f 1486/1486/1486 1487/1487/1487 1488/1488/1488
f 1487/1487/1487 1489/1489/1489 1488/1488/1488
f 1489/1489/1489 1487/1487/1487 1490/1490/1490
f 1490/1490/1490 1491/1491/1491 1489/1489/1489
f 1491/1491/1491 1490/1490/1490 1492/1492/1492
f 1493/1493/1493 1491/1491/1491 1492/1492/1492
f 1493/1493/1493 1492/1492/1492 1494/1494/1494
f 1495/1495/1495 1497/1497/1497 1496/1496/1496
f 1497/1497/1497 1495/1495/1495 1498/1498/1498
f 1499/1499/1499 1498/1498/1498 1495/1495/1495
f 1498/1498/1498 1499/1499/1499 1500/1500/1500
f 1499/1499/1499 1501/1501/1501 1500/1500/1500
f 1501/1501/1501 1499/1499/1499 1502/1502/1502
f 1502/1502/1502 1503/1503/1503 1501/1501/1501
f 1503/1503/1503 1502/1502/1502 1504/1504/1504
f 1504/1504/1504 1505/1505/1505 1503/1503/1503
f 1505/1505/1505 1504/1504/1504 1506/1506/1506
f 1507/1507/1507 1505/1505/1505 1506/1506/1506
f 1505/1505/1505 1507/1507/1507 1508/1508/1508
f 1509/1509/1509 1508/1508/1508 1507/1507/1507
f 1508/1508/1508 1509/1509/1509 1510/1510/1510
f 1511/1511/1511 1510/1510/1510 1509/1509/1509
f 1510/1510/1510 1511/1511/1511 1512/1512/1512
f 1513/1513/1513 1512/1512/1512 1511/1511/1511
f 1512/1512/1512 1513/1513/1513 1514/1514/1514
f 1515/1515/1515 1514/1514/1514 1513/1513/1513
f 1514/1514/1514 1515/1515/1515 1516/1516/1516
f 1517/1517/1517 1516/1516/1516 1515/1515/1515
f 1516/1516/1516 1517/1517/1517 1518/1518/1518
f 1519/1519/1519 1518/1518/1518 1517/1517/1517
f 1517/1517/1517 1520/1520/1520 1519/1519/1519
f 1521/1521/1521 1519/1519/1519 1520/1520/1520
f 1521/1521/1521 1520/1520/1520 1522/1522/1522
f 1523/1523/1523 1521/1521/1521 1522/1522/1522
f 1523/1523/1523 1522/1522/1522 1524/1524/1524
f 1525/1525/1525 1523/1523/1523 1524/1524/1524
f 1525/1525/1525 1524/1524/1524 1526/1526/1526
f 1526/1526/1526 1527/1527/1527 1525/1525/1525
f 1527/1527/1527 1526/1526/1526 1528/1528/1528
f 1528/1528/1528 1529/1529/1529 1527/1527/1527
f 1529/1529/1529 1528/1528/1528 1530/1530/1530
f 1530/1530/1530 1531/1531/1531 1529/1529/1529
f 1531/1531/1531 1530/1530/1530 1532/1532/1532
f 1533/1533/1533 1531/1531/1531 1532/1532/1532
f 1531/1531/1531 1533/1533/1533 1534/1534/1534
f 1535/1535/1535 1534/1534/1534 1533/1533/1533
f 1534/1534/1534 1535/1535/1535 1536/1536/1536
f 1537/1537/1537 1536/1536/1536 1535/1535/1535
f 1536/1536/1536 1537/1537/1537 1538/1538/1538
f 1539/1539/1539 1541/1541/1541 1540/1540/1540
f 1539/1539/1539 1540/1540/1540 1542/1542/1542
f 1542/1542/1542 1543/1543/1543 1539/1539/1539
f 1543/1543/1543 1542/1542/1542 1544/1544/1544
f 1545/1545/1545 1543/1543/1543 1544/1544/1544
f 1543/1543/1543 1545/1545/1545 1546/1546/1546
f 1547/1547/1547 1546/1546/1546 1545/1545/1545
f 1546/1546/1546 1547/1547/1547 1548/1548/1548
f 1549/1549/1549 1548/1548/1548 1547/1547/1547
f 1548/1548/1548 1549/1549/1549 1550/1550/1550
f 1551/1551/1551 1550/1550/1550 1549/1549/1549
f 1550/1550/1550 1551/1551/1551 1552/1552/1552
f 1551/1551/1551 1553/1553/1553 1552/1552/1552
f 1551/1551/1551 1554/1554/1554 1553/1553/1553
f 1555/1555/1555 1553/1553/1553 1554/1554/1554
f 1553/1553/1553 1555/1555/1555 1556/1556/1556
f 1557/1557/1557 1556/1556/1556 1555/1555/1555
f 1556/1556/1556 1557/1557/1557 1558/1558/1558
f 1559/1559/1559 1558/1558/1558 1557/1557/1557
f 1558/1558/1558 1559/1559/1559 1560/1560/1560
f 1561/1561/1561 1560/1560/1560 1559/1559/1559
f 1560/1560/1560 1561/1561/1561 1562/1562/1562
f 1563/1563/1563 1562/1562/1562 1561/1561/1561
f 1562/1562/1562 1563/1563/1563 1564/1564/1564
f 1565/1565/1565 1564/1564/1564 1563/1563/1563
f 1564/1564/1564 1565/1565/1565 1566/1566/1566
f 1567/1567/1567 1566/1566/1566 1565/1565/1565
f 1566/1566/1566 1567/1567/1567 1568/1568/1568
f 1569/1569/1569 1568/1568/1568 1567/1567/1567
f 1568/1568/1568 1569/1569/1569 1570/1570/1570
f 1571/1571/1571 1570/1570/1570 1569/1569/1569
f 1570/1570/1570 1571/1571/1571 1572/1572/1572
f 1573/1573/1573 1572/1572/1572 1571/1571/1571
f 1572/1572/1572 1573/1573/1573 1574/1574/1574
f 1575/1575/1575 1574/1574/1574 1573/1573/1573
f 1574/1574/1574 1575/1575/1575 1576/1576/1576
f 1575/1575/1575 1577/1577/1577 1576/1576/1576
f 1577/1577/1577 1575/1575/1575 1578/1578/1578
f 1578/1578/1578 1579/1579/1579 1577/1577/1577
f 1579/1579/1579 1578/1578/1578 1580/1580/1580
f 1581/1581/1581 1579/1579/1579 1580/1580/1580
f 1579/1579/1579 1581/1581/1581 1582/1582/1582
f 1583/1583/1583 1585/1585/1585 1584/1584/1584
f 1584/1584/1584 1586/1586/1586 1583/1583/1583
f 1587/1587/1587 1583/1583/1583 1586/1586/1586
f 1584/1584/1584 1588/1588/1588 1586/1586/1586
f 1588/1588/1588 1584/1584/1584 1589/1589/1589
f 1590/1590/1590 1586/1586/1586 1588/1588/1588
f 1586/1586/1586 1591/1591/1591 1587/1587/1587
f 1586/1586/1586 1590/1590/1590 1591/1591/1591
f 1592/1592/1592 1587/1587/1587 1591/1591/1591
f 1593/1593/1593 1591/1591/1591 1590/1590/1590
f 1591/1591/1591 1594/1594/1594 1592/1592/1592
f 1591/1591/1591 1593/1593/1593 1594/1594/1594
f 1595/1595/1595 1592/1592/1592 1594/1594/1594
f 1596/1596/1596 1594/1594/1594 1593/1593/1593
f 1594/1594/1594 1597/1597/1597 1595/1595/1595
f 1594/1594/1594 1596/1596/1596 1597/1597/1597
f 1598/1598/1598 1595/1595/1595 1597/1597/1597
f 1599/1599/1599 1597/1597/1597 1596/1596/1596
f 1597/1597/1597 1600/1600/1600 1598/1598/1598
f 1597/1597/1597 1599/1599/1599 1600/1600/1600
f 1601/1601/1601 1598/1598/1598 1600/1600/1600
f 1599/1599/1599 1601/1601/1601 1600/1600/1600
f 1598/1598/1598 1601/1601/1601 1602/1602/1602
f 1601/1601/1601 1599/1599/1599 1603/1603/1603
f 1604/1604/1604 1602/1602/1602 1601/1601/1601
f 1603/1603/1603 1604/1604/1604 1601/1601/1601
f 1602/1602/1602 1604/1604/1604 1605/1605/1605
f 1604/1604/1604 1603/1603/1603 1606/1606/1606
f 1607/1607/1607 1605/1605/1605 1604/1604/1604
f 1606/1606/1606 1607/1607/1607 1604/1604/1604
f 1605/1605/1605 1607/1607/1607 1608/1608/1608
f 1607/1607/1607 1606/1606/1606 1609/1609/1609
f 1610/1610/1610 1608/1608/1608 1607/1607/1607
f 1609/1609/1609 1610/1610/1610 1607/1607/1607
f 1608/1608/1608 1610/1610/1610 1611/1611/1611
f 1612/1612/1612 1611/1611/1611 1610/1610/1610
f 1610/1610/1610 1609/1609/1609 1613/1613/1613
f 1613/1613/1613 1612/1612/1612 1610/1610/1610
f 1611/1611/1611 1612/1612/1612 1614/1614/1614
f 1612/1612/1612 1613/1613/1613 1615/1615/1615
f 1612/1612/1612 1616/1616/1616 1614/1614/1614
f 1617/1617/1617 1612/1612/1612 1615/1615/1615
f 1616/1616/1616 1612/1612/1612 1618/1618/1618
f 1612/1612/1612 1617/1617/1617 1618/1618/1618
f 1618/1618/1618 1619/1619/1619 1616/1616/1616
f 1620/1620/1620 1618/1618/1618 1617/1617/1617
f 1619/1619/1619 1618/1618/1618 1621/1621/1621
f 1618/1618/1618 1620/1620/1620 1621/1621/1621
f 1621/1621/1621 1622/1622/1622 1619/1619/1619
f 1623/1623/1623 1621/1621/1621 1620/1620/1620
f 1622/1622/1622 1621/1621/1621 1624/1624/1624
f 1621/1621/1621 1623/1623/1623 1624/1624/1624
f 1624/1624/1624 1625/1625/1625 1622/1622/1622
f 1626/1626/1626 1624/1624/1624 1623/1623/1623
f 1625/1625/1625 1624/1624/1624 1627/1627/1627
f 1624/1624/1624 1626/1626/1626 1627/1627/1627
f 1627/1627/1627 1628/1628/1628 1625/1625/1625
f 1629/1629/1629 1627/1627/1627 1626/1626/1626
f 1628/1628/1628 1627/1627/1627 1630/1630/1630
f 1627/1627/1627 1629/1629/1629 1630/1630/1630
f 1631/1631/1631 1628/1628/1628 1630/1630/1630
f 1631/1631/1631 1630/1630/1630 1629/1629/1629
f 1628/1628/1628 1631/1631/1631 1632/1632/1632
f 1629/1629/1629 1633/1633/1633 1631/1631/1631
f 1634/1634/1634 1632/1632/1632 1631/1631/1631
f 1634/1634/1634 1631/1631/1631 1633/1633/1633
f 1632/1632/1632 1634/1634/1634 1635/1635/1635
f 1633/1633/1633 1636/1636/1636 1634/1634/1634
f 1637/1637/1637 1635/1635/1635 1634/1634/1634
f 1637/1637/1637 1634/1634/1634 1636/1636/1636
f 1635/1635/1635 1637/1637/1637 1638/1638/1638
f 1636/1636/1636 1639/1639/1639 1637/1637/1637
f 1640/1640/1640 1638/1638/1638 1637/1637/1637
f 1640/1640/1640 1637/1637/1637 1639/1639/1639
f 1638/1638/1638 1640/1640/1640 1641/1641/1641
f 1642/1642/1642 1641/1641/1641 1640/1640/1640
f 1639/1639/1639 1643/1643/1643 1640/1640/1640
f 1642/1642/1642 1640/1640/1640 1643/1643/1643
f 1641/1641/1641 1642/1642/1642 1644/1644/1644
f 1643/1643/1643 1645/1645/1645 1642/1642/1642
f 1646/1646/1646 1644/1644/1644 1642/1642/1642
f 1647/1647/1647 1642/1642/1642 1645/1645/1645
f 1642/1642/1642 1648/1648/1648 1646/1646/1646
f 1642/1642/1642 1647/1647/1647 1648/1648/1648
f 1649/1649/1649 1651/1651/1651 1650/1650/1650
f 1651/1651/1651 1649/1649/1649 1652/1652/1652
f 1653/1653/1653 1655/1655/1655 1654/1654/1654
f 1655/1655/1655 1653/1653/1653 1656/1656/1656
f 1657/1657/1657 1659/1659/1659 1658/1658/1658
f 1660/1660/1660 1658/1658/1658 1659/1659/1659
f 1661/1661/1661 1663/1663/1663 1662/1662/1662
f 1663/1663/1663 1661/1661/1661 1664/1664/1664
f 1665/1665/1665 1667/1667/1667 1666/1666/1666
f 1667/1667/1667 1665/1665/1665 1668/1668/1668
f 1669/1669/1669 1671/1671/1671 1670/1670/1670
f 1671/1671/1671 1669/1669/1669 1672/1672/1672
f 1673/1673/1673 1675/1675/1675 1674/1674/1674
f 1675/1675/1675 1673/1673/1673 1676/1676/1676
f 1677/1677/1677 1676/1676/1676 1673/1673/1673
f 1676/1676/1676 1677/1677/1677 1678/1678/1678
f 1677/1677/1677 1679/1679/1679 1678/1678/1678
f 1679/1679/1679 1677/1677/1677 1680/1680/1680
f 1681/1681/1681 1683/1683/1683 1682/1682/1682
f 1683/1683/1683 1681/1681/1681 1684/1684/1684
f 1681/1681/1681 1685/1685/1685 1684/1684/1684
f 1685/1685/1685 1681/1681/1681 1686/1686/1686
f 1685/1685/1685 1686/1686/1686 1687/1687/1687
f 1688/1688/1688 1685/1685/1685 1687/1687/1687
f 1689/1689/1689 1691/1691/1691 1690/1690/1690
f 1692/1692/1692 1689/1689/1689 1690/1690/1690
f 1692/1692/1692 1690/1690/1690 1693/1693/1693
f 1694/1694/1694 1692/1692/1692 1693/1693/1693
f 1693/1693/1693 1695/1695/1695 1694/1694/1694
f 1695/1695/1695 1693/1693/1693 1696/1696/1696
f 1697/1697/1697 1699/1699/1699 1698/1698/1698
f 1699/1699/1699 1697/1697/1697 1700/1700/1700
f 1700/1700/1700 1701/1701/1701 1699/1699/1699
f 1701/1701/1701 1700/1700/1700 1702/1702/1702
f 1701/1701/1701 1702/1702/1702 1703/1703/1703
f 1704/1704/1704 1701/1701/1701 1703/1703/1703
f 1705/1705/1705 1707/1707/1707 1706/1706/1706
f 1707/1707/1707 1705/1705/1705 1708/1708/1708
f 1707/1707/1707 1708/1708/1708 1709/1709/1709
f 1710/1710/1710 1707/1707/1707 1709/1709/1709
f 1709/1709/1709 1711/1711/1711 1710/1710/1710
f 1711/1711/1711 1709/1709/1709 1712/1712/1712
f 1713/1713/1713 1715/1715/1715 1714/1714/1714
f 1715/1715/1715 1713/1713/1713 1716/1716/1716
f 1716/1716/1716 1717/1717/1717 1715/1715/1715
f 1717/1717/1717 1716/1716/1716 1718/1718/1718
f 1719/1719/1719 1717/1717/1717 1718/1718/1718
f 1717/1717/1717 1719/1719/1719 1720/1720/1720
f 1721/1721/1721 1723/1723/1723 1722/1722/1722
f 1723/1723/1723 1721/1721/1721 1724/1724/1724
f 1725/1725/1725 1727/1727/1727 1726/1726/1726
f 1727/1727/1727 1725/1725/1725 1728/1728/1728
f 1729/1729/1729 1731/1731/1731 1730/1730/1730
f 1731/1731/1731 1729/1729/1729 1732/1732/1732
f 1733/1733/1733 1735/1735/1735 1734/1734/1734
f 1736/1736/1736 1734/1734/1734 1735/1735/1735
f 1737/1737/1737 1739/1739/1739 1738/1738/1738
f 1738/1738/1738 1739/1739/1739 1740/1740/1740
f 1741/1741/1741 1743/1743/1743 1742/1742/1742
f 1743/1743/1743 1741/1741/1741 1744/1744/1744
f 1745/1745/1745 1747/1747/1747 1746/1746/1746
f 1747/1747/1747 1745/1745/1745 1748/1748/1748
f 1749/1749/1749 1751/1751/1751 1750/1750/1750
f 1752/1752/1752 1750/1750/1750 1751/1751/1751
f 1753/1753/1753 1755/1755/1755 1754/1754/1754
f 1755/1755/1755 1753/1753/1753 1756/1756/1756
f 1757/1757/1757 1759/1759/1759 1758/1758/1758
f 1759/1759/1759 1757/1757/1757 1760/1760/1760
f 1761/1761/1761 1763/1763/1763 1762/1762/1762
f 1763/1763/1763 1761/1761/1761 1764/1764/1764
f 1765/1765/1765 1767/1767/1767 1766/1766/1766
f 1767/1767/1767 1765/1765/1765 1768/1768/1768
f 1769/1769/1769 1771/1771/1771 1770/1770/1770
f 1771/1771/1771 1769/1769/1769 1772/1772/1772
f 1773/1773/1773 1772/1772/1772 1769/1769/1769
f 1772/1772/1772 1773/1773/1773 1774/1774/1774
f 1773/1773/1773 1775/1775/1775 1774/1774/1774
f 1775/1775/1775 1773/1773/1773 1776/1776/1776
f 1777/1777/1777 1779/1779/1779 1778/1778/1778
f 1780/1780/1780 1777/1777/1777 1778/1778/1778
f 1778/1778/1778 1781/1781/1781 1780/1780/1780
f 1781/1781/1781 1778/1778/1778 1782/1782/1782
f 1783/1783/1783 1781/1781/1781 1782/1782/1782
f 1781/1781/1781 1783/1783/1783 1784/1784/1784
f 1785/1785/1785 1787/1787/1787 1786/1786/1786
f 1787/1787/1787 1785/1785/1785 1788/1788/1788
f 1789/1789/1789 1788/1788/1788 1785/1785/1785
f 1788/1788/1788 1789/1789/1789 1790/1790/1790
f 1789/1789/1789 1791/1791/1791 1790/1790/1790
f 1791/1791/1791 1789/1789/1789 1792/1792/1792
f 1793/1793/1793 1795/1795/1795 1794/1794/1794
f 1795/1795/1795 1793/1793/1793 1796/1796/1796
f 1796/1796/1796 1797/1797/1797 1795/1795/1795
f 1797/1797/1797 1796/1796/1796 1798/1798/1798
f 1798/1798/1798 1799/1799/1799 1797/1797/1797
f 1797/1797/1797 1799/1799/1799 1800/1800/1800
f 1801/1801/1801 1803/1803/1803 1802/1802/1802
f 1803/1803/1803 1801/1801/1801 1804/1804/1804
f 1803/1803/1803 1804/1804/1804 1805/1805/1805
f 1806/1806/1806 1803/1803/1803 1805/1805/1805
f 1805/1805/1805 1807/1807/1807 1806/1806/1806
f 1807/1807/1807 1805/1805/1805 1808/1808/1808
f 1809/1809/1809 1811/1811/1811 1810/1810/1810
f 1811/1811/1811 1809/1809/1809 1812/1812/1812
f 1812/1812/1812 1813/1813/1813 1811/1811/1811
f 1813/1813/1813 1812/1812/1812 1814/1814/1814
f 1814/1814/1814 1815/1815/1815 1813/1813/1813
f 1813/1813/1813 1815/1815/1815 1816/1816/1816
f 1817/1817/1817 1819/1819/1819 1818/1818/1818
f 1819/1819/1819 1817/1817/1817 1820/1820/1820
f 1821/1821/1821 1823/1823/1823 1822/1822/1822
f 1823/1823/1823 1821/1821/1821 1824/1824/1824
f 1825/1825/1825 1827/1827/1827 1826/1826/1826
f 1827/1827/1827 1825/1825/1825 1828/1828/1828
f 1829/1829/1829 1831/1831/1831 1830/1830/1830
f 1830/1830/1830 1831/1831/1831 1832/1832/1832
f 1833/1833/1833 1835/1835/1835 1834/1834/1834
f 1834/1834/1834 1835/1835/1835 1836/1836/1836
f 1837/1837/1837 1839/1839/1839 1838/1838/1838
f 1838/1838/1838 1839/1839/1839 1840/1840/1840
f 1841/1841/1841 1843/1843/1843 1842/1842/1842
f 1841/1841/1841 1842/1842/1842 1844/1844/1844
f 1845/1845/1845 1847/1847/1847 1846/1846/1846
f 1845/1845/1845 1846/1846/1846 1848/1848/1848
f 1849/1849/1849 1851/1851/1851 1850/1850/1850
f 1849/1849/1849 1850/1850/1850 1852/1852/1852
f 1853/1853/1853 1855/1855/1855 1854/1854/1854
f 1855/1855/1855 1853/1853/1853 1856/1856/1856
f 1857/1857/1857 1859/1859/1859 1858/1858/1858
f 1859/1859/1859 1857/1857/1857 1860/1860/1860
f 1861/1861/1861 1863/1863/1863 1862/1862/1862
f 1863/1863/1863 1861/1861/1861 1864/1864/1864
f 1865/1865/1865 1867/1867/1867 1866/1866/1866
f 1866/1866/1866 1868/1868/1868 1865/1865/1865
f 1869/1869/1869 1865/1865/1865 1868/1868/1868
f 1868/1868/1868 1870/1870/1870 1869/1869/1869
f 1871/1871/1871 1869/1869/1869 1870/1870/1870
f 1869/1869/1869 1871/1871/1871 1872/1872/1872
f 1873/1873/1873 1875/1875/1875 1874/1874/1874
f 1875/1875/1875 1873/1873/1873 1876/1876/1876
f 1877/1877/1877 1875/1875/1875 1876/1876/1876
f 1875/1875/1875 1877/1877/1877 1878/1878/1878
f 1877/1877/1877 1879/1879/1879 1878/1878/1878
f 1877/1877/1877 1880/1880/1880 1879/1879/1879
f 1881/1881/1881 1883/1883/1883 1882/1882/1882
f 1884/1884/1884 1883/1883/1883 1881/1881/1881
f 1884/1884/1884 1885/1885/1885 1883/1883/1883
f 1886/1886/1886 1885/1885/1885 1884/1884/1884
f 1887/1887/1887 1885/1885/1885 1886/1886/1886
f 1885/1885/1885 1887/1887/1887 1888/1888/1888
f 1889/1889/1889 1891/1891/1891 1890/1890/1890
f 1891/1891/1891 1889/1889/1889 1892/1892/1892
f 1893/1893/1893 1892/1892/1892 1889/1889/1889
f 1892/1892/1892 1893/1893/1893 1894/1894/1894
f 1893/1893/1893 1895/1895/1895 1894/1894/1894
f 1896/1896/1896 1895/1895/1895 1893/1893/1893
f 1897/1897/1897 1899/1899/1899 1898/1898/1898
f 1899/1899/1899 1897/1897/1897 1900/1900/1900
f 1901/1901/1901 1900/1900/1900 1897/1897/1897
f 1897/1897/1897 1902/1902/1902 1901/1901/1901
f 1903/1903/1903 1901/1901/1901 1902/1902/1902
f 1901/1901/1901 1903/1903/1903 1904/1904/1904
f 1905/1905/1905 1907/1907/1907 1906/1906/1906
f 1907/1907/1907 1905/1905/1905 1908/1908/1908
f 1909/1909/1909 1908/1908/1908 1905/1905/1905
f 1908/1908/1908 1909/1909/1909 1910/1910/1910
f 1911/1911/1911 1910/1910/1910 1909/1909/1909
f 1911/1911/1911 1909/1909/1909 1912/1912/1912
f 1913/1913/1913 1915/1915/1915 1914/1914/1914
f 1915/1915/1915 1913/1913/1913 1916/1916/1916
f 1917/1917/1917 1919/1919/1919 1918/1918/1918
f 1919/1919/1919 1917/1917/1917 1920/1920/1920
f 1921/1921/1921 1923/1923/1923 1922/1922/1922
f 1923/1923/1923 1921/1921/1921 1924/1924/1924
f 1925/1925/1925 1927/1927/1927 1926/1926/1926
f 1925/1925/1925 1926/1926/1926 1928/1928/1928
f 1929/1929/1929 1931/1931/1931 1930/1930/1930
f 1931/1931/1931 1929/1929/1929 1932/1932/1932
f 1933/1933/1933 1935/1935/1935 1934/1934/1934
f 1933/1933/1933 1934/1934/1934 1936/1936/1936
f 1937/1937/1937 1939/1939/1939 1938/1938/1938
f 1939/1939/1939 1937/1937/1937 1940/1940/1940
f 1941/1941/1941 1943/1943/1943 1942/1942/1942
f 1941/1941/1941 1942/1942/1942 1944/1944/1944
f 1945/1945/1945 1947/1947/1947 1946/1946/1946
f 1947/1947/1947 1945/1945/1945 1948/1948/1948
f 1949/1949/1949 1951/1951/1951 1950/1950/1950
f 1951/1951/1951 1949/1949/1949 1952/1952/1952
f 1953/1953/1953 1955/1955/1955 1954/1954/1954
f 1955/1955/1955 1953/1953/1953 1956/1956/1956
f 1957/1957/1957 1959/1959/1959 1958/1958/1958
f 1959/1959/1959 1957/1957/1957 1960/1960/1960
f 1961/1961/1961 1963/1963/1963 1962/1962/1962
f 1963/1963/1963 1961/1961/1961 1964/1964/1964
f 1964/1964/1964 1965/1965/1965 1963/1963/1963
f 1966/1966/1966 1965/1965/1965 1964/1964/1964
f 1967/1967/1967 1965/1965/1965 1966/1966/1966
f 1965/1965/1965 1967/1967/1967 1968/1968/1968
f 1969/1969/1969 1971/1971/1971 1970/1970/1970
f 1970/1970/1970 1972/1972/1972 1969/1969/1969
f 1973/1973/1973 1969/1969/1969 1972/1972/1972
f 1969/1969/1969 1973/1973/1973 1974/1974/1974
f 1973/1973/1973 1975/1975/1975 1974/1974/1974
f 1975/1975/1975 1973/1973/1973 1976/1976/1976
f 1977/1977/1977 1979/1979/1979 1978/1978/1978
f 1980/1980/1980 1979/1979/1979 1977/1977/1977
f 1980/1980/1980 1981/1981/1981 1979/1979/1979
f 1982/1982/1982 1981/1981/1981 1980/1980/1980
f 1983/1983/1983 1981/1981/1981 1982/1982/1982
f 1981/1981/1981 1983/1983/1983 1984/1984/1984
f 1985/1985/1985 1987/1987/1987 1986/1986/1986
f 1987/1987/1987 1985/1985/1985 1988/1988/1988
f 1989/1989/1989 1988/1988/1988 1985/1985/1985
f 1988/1988/1988 1989/1989/1989 1990/1990/1990
f 1989/1989/1989 1991/1991/1991 1990/1990/1990
f 1991/1991/1991 1989/1989/1989 1992/1992/1992
f 1993/1993/1993 1995/1995/1995 1994/1994/1994
f 1995/1995/1995 1993/1993/1993 1996/1996/1996
f 1997/1997/1997 1996/1996/1996 1993/1993/1993
f 1993/1993/1993 1998/1998/1998 1997/1997/1997
f 1999/1999/1999 1997/1997/1997 1998/1998/1998
f 1997/1997/1997 1999/1999/1999 2000/2000/2000
f 2001/2001/2001 2003/2003/2003 2002/2002/2002
f 2003/2003/2003 2001/2001/2001 2004/2004/2004
f 2005/2005/2005 2004/2004/2004 2001/2001/2001
f 2004/2004/2004 2005/2005/2005 2006/2006/2006
f 2007/2007/2007 2006/2006/2006 2005/2005/2005
f 2007/2007/2007 2005/2005/2005 2008/2008/2008
f 2009/2009/2009 2011/2011/2011 2010/2010/2010
f 2011/2011/2011 2009/2009/2009 2012/2012/2012
f 2013/2013/2013 2015/2015/2015 2014/2014/2014
f 2015/2015/2015 2013/2013/2013 2016/2016/2016
f 2017/2017/2017 2019/2019/2019 2018/2018/2018
f 2019/2019/2019 2017/2017/2017 2020/2020/2020
f 2021/2021/2021 2023/2023/2023 2022/2022/2022
f 2023/2023/2023 2021/2021/2021 2024/2024/2024
f 2025/2025/2025 2027/2027/2027 2026/2026/2026
f 2027/2027/2027 2025/2025/2025 2028/2028/2028
f 2029/2029/2029 2031/2031/2031 2030/2030/2030
f 2031/2031/2031 2029/2029/2029 2032/2032/2032
f 2033/2033/2033 2035/2035/2035 2034/2034/2034
f 2033/2033/2033 2036/2036/2036 2035/2035/2035
f 2037/2037/2037 2036/2036/2036 2033/2033/2033
f 2037/2037/2037 2038/2038/2038 2036/2036/2036
f 2039/2039/2039 2041/2041/2041 2040/2040/2040
f 2039/2039/2039 2042/2042/2042 2041/2041/2041
f 2043/2043/2043 2042/2042/2042 2039/2039/2039
f 2043/2043/2043 2044/2044/2044 2042/2042/2042
f 2045/2045/2045 2047/2047/2047 2046/2046/2046
f 2047/2047/2047 2045/2045/2045 2048/2048/2048
f 2048/2048/2048 2045/2045/2045 2049/2049/2049
f 2048/2048/2048 2049/2049/2049 2050/2050/2050
f 2051/2051/2051 2053/2053/2053 2052/2052/2052
f 2051/2051/2051 2052/2052/2052 2054/2054/2054
f 2054/2054/2054 2052/2052/2052 2055/2055/2055
f 2054/2054/2054 2055/2055/2055 2056/2056/2056
f 2057/2057/2057 2059/2059/2059 2058/2058/2058
f 2059/2059/2059 2057/2057/2057 2060/2060/2060
f 2061/2061/2061 2063/2063/2063 2062/2062/2062
f 2063/2063/2063 2061/2061/2061 2064/2064/2064
f 2065/2065/2065 2067/2067/2067 2066/2066/2066
f 2067/2067/2067 2065/2065/2065 2068/2068/2068
f 2069/2069/2069 2071/2071/2071 2070/2070/2070
f 2071/2071/2071 2069/2069/2069 2072/2072/2072
f 2073/2073/2073 2075/2075/2075 2074/2074/2074
f 2075/2075/2075 2073/2073/2073 2076/2076/2076
f 2077/2077/2077 2079/2079/2079 2078/2078/2078
f 2079/2079/2079 2077/2077/2077 2080/2080/2080
f 2081/2081/2081 2083/2083/2083 2082/2082/2082
f 2083/2083/2083 2081/2081/2081 2084/2084/2084
f 2085/2085/2085 2087/2087/2087 2086/2086/2086
f 2088/2088/2088 2086/2086/2086 2087/2087/2087
f 2089/2089/2089 2091/2091/2091 2090/2090/2090
f 2091/2091/2091 2089/2089/2089 2092/2092/2092
f 2093/2093/2093 2095/2095/2095 2094/2094/2094
f 2094/2094/2094 2096/2096/2096 2093/2093/2093
f 2097/2097/2097 2099/2099/2099 2098/2098/2098
f 2099/2099/2099 2097/2097/2097 2100/2100/2100
f 2101/2101/2101 2103/2103/2103 2102/2102/2102
f 2101/2101/2101 2102/2102/2102 2104/2104/2104
f 2105/2105/2105 2107/2107/2107 2106/2106/2106
f 2106/2106/2106 2107/2107/2107 2108/2108/2108
f 2109/2109/2109 2111/2111/2111 2110/2110/2110
f 2111/2111/2111 2109/2109/2109 2112/2112/2112
f 2113/2113/2113 2115/2115/2115 2114/2114/2114
f 2114/2114/2114 2115/2115/2115 2116/2116/2116
f 2117/2117/2117 2119/2119/2119 2118/2118/2118
f 2118/2118/2118 2120/2120/2120 2117/2117/2117
f 2121/2121/2121 2123/2123/2123 2122/2122/2122
f 2123/2123/2123 2121/2121/2121 2124/2124/2124
f 2125/2125/2125 2127/2127/2127 2126/2126/2126
f 2127/2127/2127 2125/2125/2125 2128/2128/2128
f 2129/2129/2129 2131/2131/2131 2130/2130/2130
f 2131/2131/2131 2129/2129/2129 2132/2132/2132
f 2133/2133/2133 2135/2135/2135 2134/2134/2134
f 2135/2135/2135 2133/2133/2133 2136/2136/2136
f 2137/2137/2137 2139/2139/2139 2138/2138/2138
f 2139/2139/2139 2137/2137/2137 2140/2140/2140
f 2141/2141/2141 2143/2143/2143 2142/2142/2142
f 2143/2143/2143 2141/2141/2141 2144/2144/2144
f 2145/2145/2145 2147/2147/2147 2146/2146/2146
f 2147/2147/2147 2145/2145/2145 2148/2148/2148
f 2149/2149/2149 2151/2151/2151 2150/2150/2150
f 2151/2151/2151 2149/2149/2149 2152/2152/2152
f 2153/2153/2153 2155/2155/2155 2154/2154/2154
f 2153/2153/2153 2156/2156/2156 2155/2155/2155
f 2157/2157/2157 2159/2159/2159 2158/2158/2158
f 2159/2159/2159 2157/2157/2157 2160/2160/2160
f 2161/2161/2161 2163/2163/2163 2162/2162/2162
f 2161/2161/2161 2162/2162/2162 2164/2164/2164
f 2165/2165/2165 2167/2167/2167 2166/2166/2166
f 2167/2167/2167 2165/2165/2165 2168/2168/2168
f 2169/2169/2169 2171/2171/2171 2170/2170/2170
f 2170/2170/2170 2171/2171/2171 2172/2172/2172
f 2173/2173/2173 2175/2175/2175 2174/2174/2174
f 2175/2175/2175 2173/2173/2173 2176/2176/2176
f 2177/2177/2177 2179/2179/2179 2178/2178/2178
f 2180/2180/2180 2178/2178/2178 2179/2179/2179
f 2181/2181/2181 2183/2183/2183 2182/2182/2182
f 2184/2184/2184 2182/2182/2182 2183/2183/2183
f 2185/2185/2185 2187/2187/2187 2186/2186/2186
f 2186/2186/2186 2187/2187/2187 2188/2188/2188
f 2189/2189/2189 2191/2191/2191 2190/2190/2190
f 2191/2191/2191 2189/2189/2189 2192/2192/2192
f 2193/2193/2193 2195/2195/2195 2194/2194/2194
f 2195/2195/2195 2193/2193/2193 2196/2196/2196
f 2197/2197/2197 2199/2199/2199 2198/2198/2198
f 2199/2199/2199 2197/2197/2197 2200/2200/2200
f 2201/2201/2201 2203/2203/2203 2202/2202/2202
f 2203/2203/2203 2201/2201/2201 2204/2204/2204
f 2205/2205/2205 2207/2207/2207 2206/2206/2206
f 2205/2205/2205 2206/2206/2206 2208/2208/2208
f 2209/2209/2209 2211/2211/2211 2210/2210/2210
f 2211/2211/2211 2209/2209/2209 2212/2212/2212
f 2213/2213/2213 2215/2215/2215 2214/2214/2214
f 2215/2215/2215 2213/2213/2213 2216/2216/2216
f 2217/2217/2217 2219/2219/2219 2218/2218/2218
f 2219/2219/2219 2217/2217/2217 2220/2220/2220
f 2221/2221/2221 2223/2223/2223 2222/2222/2222
f 2223/2223/2223 2221/2221/2221 2224/2224/2224
f 2225/2225/2225 2227/2227/2227 2226/2226/2226
f 2227/2227/2227 2225/2225/2225 2228/2228/2228
f 2229/2229/2229 2231/2231/2231 2230/2230/2230
f 2231/2231/2231 2229/2229/2229 2232/2232/2232
f 2233/2233/2233 2235/2235/2235 2234/2234/2234
f 2235/2235/2235 2233/2233/2233 2236/2236/2236
f 2237/2237/2237 2239/2239/2239 2238/2238/2238
f 2238/2238/2238 2240/2240/2240 2237/2237/2237
f 2241/2241/2241 2243/2243/2243 2242/2242/2242
f 2242/2242/2242 2244/2244/2244 2241/2241/2241
f 2245/2245/2245 2247/2247/2247 2246/2246/2246
f 2245/2245/2245 2246/2246/2246 2248/2248/2248
f 2249/2249/2249 2251/2251/2251 2250/2250/2250
f 2250/2250/2250 2251/2251/2251 2252/2252/2252
f 2253/2253/2253 2255/2255/2255 2254/2254/2254
f 2254/2254/2254 2255/2255/2255 2256/2256/2256
f 2257/2257/2257 2259/2259/2259 2258/2258/2258
f 2258/2258/2258 2259/2259/2259 2260/2260/2260
f 2261/2261/2261 2263/2263/2263 2262/2262/2262
f 2262/2262/2262 2264/2264/2264 2261/2261/2261
f 2265/2265/2265 2267/2267/2267 2266/2266/2266
f 2267/2267/2267 2265/2265/2265 2268/2268/2268
f 2269/2269/2269 2271/2271/2271 2270/2270/2270
f 2271/2271/2271 2269/2269/2269 2272/2272/2272
f 2273/2273/2273 2275/2275/2275 2274/2274/2274
f 2275/2275/2275 2273/2273/2273 2276/2276/2276
f 2277/2277/2277 2279/2279/2279 2278/2278/2278
f 2279/2279/2279 2277/2277/2277 2280/2280/2280
f 2281/2281/2281 2283/2283/2283 2282/2282/2282
f 2283/2283/2283 2281/2281/2281 2284/2284/2284
f 2285/2285/2285 2287/2287/2287 2286/2286/2286
f 2287/2287/2287 2285/2285/2285 2288/2288/2288
f 2289/2289/2289 2291/2291/2291 2290/2290/2290
f 2291/2291/2291 2289/2289/2289 2292/2292/2292
f 2293/2293/2293 2295/2295/2295 2294/2294/2294
f 2295/2295/2295 2293/2293/2293 2296/2296/2296
f 2297/2297/2297 2299/2299/2299 2298/2298/2298
f 2299/2299/2299 2297/2297/2297 2300/2300/2300
f 2301/2301/2301 2303/2303/2303 2302/2302/2302
f 2303/2303/2303 2301/2301/2301 2304/2304/2304
f 2305/2305/2305 2307/2307/2307 2306/2306/2306
f 2307/2307/2307 2305/2305/2305 2308/2308/2308
f 2309/2309/2309 2311/2311/2311 2310/2310/2310
f 2310/2310/2310 2312/2312/2312 2309/2309/2309
f 2313/2313/2313 2315/2315/2315 2314/2314/2314
f 2315/2315/2315 2313/2313/2313 2316/2316/2316
f 2317/2317/2317 2319/2319/2319 2318/2318/2318
f 2318/2318/2318 2320/2320/2320 2317/2317/2317
f 2321/2321/2321 2323/2323/2323 2322/2322/2322
f 2322/2322/2322 2323/2323/2323 2324/2324/2324
f 2325/2325/2325 2327/2327/2327 2326/2326/2326
f 2327/2327/2327 2325/2325/2325 2328/2328/2328
f 2329/2329/2329 2331/2331/2331 2330/2330/2330
f 2330/2330/2330 2331/2331/2331 2332/2332/2332
f 2333/2333/2333 2335/2335/2335 2334/2334/2334
f 2334/2334/2334 2336/2336/2336 2333/2333/2333
f 2335/2335/2335 2333/2333/2333 2337/2337/2337
f 2338/2338/2338 2335/2335/2335 2337/2337/2337
f 2335/2335/2335 2338/2338/2338 2339/2339/2339
f 2338/2338/2338 2340/2340/2340 2339/2339/2339
f 2340/2340/2340 2338/2338/2338 2341/2341/2341
f 2341/2341/2341 2342/2342/2342 2340/2340/2340
f 2338/2338/2338 2337/2337/2337 2343/2343/2343
f 2343/2343/2343 2344/2344/2344 2338/2338/2338
f 2341/2341/2341 2338/2338/2338 2344/2344/2344
f 2343/2343/2343 2337/2337/2337 2345/2345/2345
f 2333/2333/2333 2345/2345/2345 2337/2337/2337
f 2346/2346/2346 2341/2341/2341 2344/2344/2344
f 2345/2345/2345 2333/2333/2333 2347/2347/2347
f 2341/2341/2341 2346/2346/2346 2348/2348/2348
f 2342/2342/2342 2341/2341/2341 2348/2348/2348
f 2349/2349/2349 2348/2348/2348 2346/2346/2346
f 2333/2333/2333 2350/2350/2350 2347/2347/2347
f 2333/2333/2333 2336/2336/2336 2350/2350/2350
f 2347/2347/2347 2350/2350/2350 2351/2351/2351
f 2342/2342/2342 2348/2348/2348 2352/2352/2352
f 2352/2352/2352 2348/2348/2348 2349/2349/2349
f 2342/2342/2342 2352/2352/2352 2353/2353/2353
f 2349/2349/2349 2354/2354/2354 2352/2352/2352
f 2336/2336/2336 2355/2355/2355 2350/2350/2350
f 2350/2350/2350 2355/2355/2355 2351/2351/2351
f 2355/2355/2355 2336/2336/2336 2356/2356/2356
f 2357/2357/2357 2351/2351/2351 2355/2355/2355
f 2358/2358/2358 2353/2353/2353 2352/2352/2352
f 2358/2358/2358 2352/2352/2352 2354/2354/2354
f 2353/2353/2353 2358/2358/2358 2359/2359/2359
f 2360/2360/2360 2358/2358/2358 2354/2354/2354
f 2356/2356/2356 2361/2361/2361 2355/2355/2355
f 2361/2361/2361 2357/2357/2357 2355/2355/2355
f 2357/2357/2357 2361/2361/2361 2360/2360/2360
f 2361/2361/2361 2358/2358/2358 2360/2360/2360
f 2361/2361/2361 2359/2359/2359 2358/2358/2358
f 2361/2361/2361 2356/2356/2356 2362/2362/2362
f 2362/2362/2362 2359/2359/2359 2361/2361/2361
f 2363/2363/2363 2365/2365/2365 2364/2364/2364
f 2365/2365/2365 2366/2366/2366 2364/2364/2364
f 2363/2363/2363 2367/2367/2367 2365/2365/2365
f 2366/2366/2366 2365/2365/2365 2368/2368/2368
f 2368/2368/2368 2369/2369/2369 2366/2366/2366
f 2369/2369/2369 2368/2368/2368 2370/2370/2370
f 2371/2371/2371 2367/2367/2367 2363/2363/2363
f 2367/2367/2367 2371/2371/2371 2372/2372/2372
f 2370/2370/2370 2373/2373/2373 2369/2369/2369
f 2373/2373/2373 2370/2370/2370 2374/2374/2374
f 2374/2374/2374 2375/2375/2375 2373/2373/2373
f 2373/2373/2373 2375/2375/2375 2376/2376/2376
f 2371/2371/2371 2377/2377/2377 2372/2372/2372
f 2377/2377/2377 2371/2371/2371 2378/2378/2378
f 2379/2379/2379 2376/2376/2376 2375/2375/2375
f 2376/2376/2376 2379/2379/2379 2380/2380/2380
f 2381/2381/2381 2377/2377/2377 2378/2378/2378
f 2379/2379/2379 2381/2381/2381 2380/2380/2380
f 2382/2382/2382 2377/2377/2377 2381/2381/2381
f 2381/2381/2381 2379/2379/2379 2382/2382/2382
f 2383/2383/2383 2385/2385/2385 2384/2384/2384
f 2386/2386/2386 2383/2383/2383 2384/2384/2384
f 2386/2386/2386 2387/2387/2387 2383/2383/2383
f 2386/2386/2386 2388/2388/2388 2387/2387/2387
f 2387/2387/2387 2388/2388/2388 2389/2389/2389
f 2388/2388/2388 2390/2390/2390 2389/2389/2389
f 2385/2385/2385 2383/2383/2383 2391/2391/2391
f 2383/2383/2383 2387/2387/2387 2392/2392/2392
f 2392/2392/2392 2391/2391/2391 2383/2383/2383
f 2392/2392/2392 2387/2387/2387 2393/2393/2393
f 2387/2387/2387 2394/2394/2394 2393/2393/2393
f 2394/2394/2394 2387/2387/2387 2389/2389/2389
f 2391/2391/2391 2392/2392/2392 2395/2395/2395
f 2389/2389/2389 2396/2396/2396 2394/2394/2394
f 2397/2397/2397 2385/2385/2385 2391/2391/2391
f 2395/2395/2395 2397/2397/2397 2391/2391/2391
f 2398/2398/2398 2385/2385/2385 2397/2397/2397
f 2397/2397/2397 2395/2395/2395 2399/2399/2399
f 2397/2397/2397 2400/2400/2400 2398/2398/2398
f 2399/2399/2399 2401/2401/2401 2397/2397/2397
f 2400/2400/2400 2397/2397/2397 2401/2401/2401
f 2401/2401/2401 2399/2399/2399 2402/2402/2402
f 2401/2401/2401 2403/2403/2403 2400/2400/2400
f 2402/2402/2402 2404/2404/2404 2401/2401/2401
f 2403/2403/2403 2401/2401/2401 2404/2404/2404
f 2404/2404/2404 2402/2402/2402 2405/2405/2405
f 2404/2404/2404 2406/2406/2406 2403/2403/2403
f 2405/2405/2405 2407/2407/2407 2404/2404/2404
f 2406/2406/2406 2404/2404/2404 2407/2407/2407
f 2407/2407/2407 2405/2405/2405 2408/2408/2408
f 2407/2407/2407 2409/2409/2409 2406/2406/2406
f 2410/2410/2410 2407/2407/2407 2408/2408/2408
f 2409/2409/2409 2407/2407/2407 2411/2411/2411
f 2407/2407/2407 2410/2410/2410 2411/2411/2411
f 2411/2411/2411 2390/2390/2390 2409/2409/2409
f 2396/2396/2396 2411/2411/2411 2410/2410/2410
f 2390/2390/2390 2411/2411/2411 2412/2412/2412
f 2412/2412/2412 2411/2411/2411 2396/2396/2396
f 2389/2389/2389 2390/2390/2390 2412/2412/2412
f 2396/2396/2396 2389/2389/2389 2412/2412/2412
f 2413/2413/2413 2415/2415/2415 2414/2414/2414
f 2415/2415/2415 2416/2416/2416 2414/2414/2414
f 2415/2415/2415 2413/2413/2413 2417/2417/2417
f 2416/2416/2416 2415/2415/2415 2418/2418/2418
f 2413/2413/2413 2419/2419/2419 2417/2417/2417
f 2418/2418/2418 2420/2420/2420 2416/2416/2416
f 2419/2419/2419 2413/2413/2413 2421/2421/2421
f 2416/2416/2416 2420/2420/2420 2422/2422/2422
f 2421/2421/2421 2423/2423/2423 2419/2419/2419
f 2424/2424/2424 2422/2422/2422 2420/2420/2420
f 2423/2423/2423 2421/2421/2421 2425/2425/2425
f 2422/2422/2422 2424/2424/2424 2426/2426/2426
f 2427/2427/2427 2426/2426/2426 2424/2424/2424
f 2427/2427/2427 2428/2428/2428 2426/2426/2426
f 2427/2427/2427 2429/2429/2429 2428/2428/2428
f 2428/2428/2428 2429/2429/2429 2430/2430/2430
f 2425/2425/2425 2431/2431/2431 2423/2423/2423
f 2429/2429/2429 2431/2431/2431 2430/2430/2430
f 2431/2431/2431 2425/2425/2425 2432/2432/2432
f 2430/2430/2430 2431/2431/2431 2432/2432/2432
