# Unity To Godot 4.7 OBJ
mtllib SM_WhellChair.mtl
o WhellChair
v -0.2200499 0.1092482 -0.4814523
v -0.2253744 0.1096752 -0.4820955
v -0.2239026 0.1103407 -0.4835151
v -0.2235906 0.1395382 -0.546129
v -0.2250479 0.1402036 -0.5475633
v -0.2197172 0.1404012 -0.5482602
v -0.2671186 0.07722265 -0.2637934
v -0.2188508 0.07259338 -0.2616353
v -0.2188413 0.07722265 -0.2635527
v -0.2188744 0.07067603 -0.257006
v -0.2671281 0.07259338 -0.261876
v -0.2671517 0.07067603 -0.2572468
v 0.2719083 0.07722265 -0.2611062
v 0.223631 0.07722265 -0.2613469
v 0.2236215 0.07259338 -0.2594295
v 0.2718988 0.07259338 -0.2591888
v 0.2236215 0.07259338 -0.2594295
v 0.2235985 0.07067603 -0.2548008
v 0.2718758 0.07067603 -0.2545601
v 0.2259019 0.1092482 -0.4792298
v 0.2297753 0.1103401 -0.4812537
v 0.2312325 0.1096752 -0.4798195
v 0.2300873 0.1395382 -0.5438678
v 0.2262352 0.1404012 -0.5460371
v 0.2315591 0.1402036 -0.5452874
v 0.2460849 0.6529667 0.2654644
v 0.2462112 0.4706831 0.2401617
v 0.04950495 0.4743871 0.2573848
v 0.04936512 0.6535901 0.2854365
v -0.04894259 0.6535901 0.284946
v -0.04880276 0.4743871 0.2568949
v 0.04924998 0.832875 0.3085362
v 0.2459598 0.835666 0.2905348
v -0.2454537 0.6529667 0.263014
v -0.2453274 0.4706831 0.2377113
v -0.04905774 0.832875 0.3080458
v -0.2455788 0.835666 0.288085
v -0.04916963 1.000327 0.3304941
v -0.2457045 1.016539 0.3133894
v 0.04913809 1.000327 0.3309839
v 0.2458341 1.016539 0.3158392
v 0.04955921 0.4758943 0.2465046
v 0.2462656 0.4721791 0.229281
v 0.2461393 0.6544738 0.2545837
v 0.04941938 0.6550967 0.2745563
v 0.04930396 0.8343816 0.297706
v 0.2460142 0.8371732 0.2796547
v -0.04888833 0.6550967 0.2740659
v -0.0487485 0.4758943 0.2460148
v 0.04919235 1.001834 0.3201038
v 0.245888 1.018087 0.304959
v -0.04911536 1.001834 0.3196133
v -0.04900376 0.8343816 0.2972161
v -0.2453992 0.6544738 0.2521338
v -0.245273 0.4721791 0.2268311
v -0.2455243 0.8371732 0.2772048
v -0.2456506 1.018087 0.3025086
v 0.04955921 0.4758943 0.2465046
v 0.2462112 0.4706831 0.2401617
v 0.2462656 0.4721791 0.229281
v 0.04950495 0.4743871 0.2573848
v -0.0487485 0.4758943 0.2460148
v -0.04880276 0.4743871 0.2568949
v -0.2453274 0.4706831 0.2377113
v -0.245273 0.4721791 0.2268311
v -0.2453274 0.4706831 0.2377113
v -0.245273 0.4721791 0.2268311
v -0.2453992 0.6544738 0.2521338
v -0.2454537 0.6529667 0.263014
v -0.2455788 0.835666 0.288085
v -0.2455243 0.8371732 0.2772048
v -0.2457045 1.016539 0.3133894
v -0.2456506 1.018087 0.3025086
v -0.04911536 1.001834 0.3196133
v -0.2457045 1.016539 0.3133894
v -0.2456506 1.018087 0.3025086
v -0.04916963 1.000327 0.3304941
v 0.04919235 1.001834 0.3201038
v 0.04913809 1.000327 0.3309839
v 0.2458341 1.016539 0.3158392
v 0.245888 1.018087 0.304959
v 0.2460142 0.8371732 0.2796547
v 0.2458341 1.016539 0.3158392
v 0.245888 1.018087 0.304959
v 0.2459598 0.835666 0.2905348
v 0.2461393 0.6544738 0.2545837
v 0.2460849 0.6529667 0.2654644
v 0.2462112 0.4706831 0.2401617
v 0.2462656 0.4721791 0.229281
v 0.2524458 1.087447 0.3903866
v 0.2457477 1.08565 0.3903036
v 0.2452713 1.078297 0.4858965
v 0.2519689 1.080087 0.4860676
v 0.2568708 1.084976 0.4864677
v 0.2573489 1.092355 0.390546
v 0.258663 1.091655 0.4869907
v 0.2591428 1.099059 0.3907396
v 0.2568658 1.098334 0.4874957
v 0.2573472 1.105763 0.3909152
v 0.2519599 1.103223 0.4878469
v 0.2524424 1.110671 0.3910258
v 0.2457438 1.112467 0.3910414
v 0.2452606 1.105013 0.4879513
v 0.2385631 1.103223 0.4877802
v 0.2390456 1.110671 0.390959
v 0.2341425 1.105763 0.3907996
v 0.2336611 1.098334 0.4873795
v 0.2323486 1.099059 0.390606
v 0.2318689 1.091655 0.4868571
v 0.2341442 1.092355 0.3904304
v 0.2336662 1.084976 0.4863521
v 0.239049 1.087447 0.3903199
v 0.238572 1.080087 0.4860009
v 0.2452713 1.078297 0.4858965
v 0.2457477 1.08565 0.3903036
v 0.2458622 1.082981 0.3673469
v 0.2457477 1.08565 0.3903036
v 0.2524458 1.087447 0.3903866
v 0.2525631 1.084696 0.3668234
v 0.2573489 1.092355 0.390546
v 0.2459121 1.078591 0.3572512
v 0.2574746 1.089382 0.3653263
v 0.2591428 1.099059 0.3907396
v 0.2526152 1.080169 0.3564123
v 0.2459575 1.072394 0.3481941
v 0.2592797 1.095783 0.3632569
v 0.2573472 1.105763 0.3909152
v 0.2575307 1.08448 0.3540534
v 0.2574953 1.102184 0.3611701
v 0.2524424 1.110671 0.3910258
v 0.259342 1.090369 0.3508061
v 0.252599 1.10687 0.3596242
v 0.2457438 1.112467 0.3910414
v 0.2575632 1.096258 0.3475415
v 0.2526714 1.100569 0.3451332
v 0.2527365 1.091682 0.3321455
v 0.2459037 1.108584 0.3590339
v 0.2576244 1.087898 0.3353242
v 0.2593976 1.08273 0.3396426
v 0.2392022 1.10687 0.3595574
v 0.2390456 1.110671 0.390959
v 0.2459772 1.102147 0.3442276
v 0.2342907 1.102184 0.3610539
v 0.2341425 1.105763 0.3907996
v 0.2392746 1.100569 0.3450664
v 0.2393391 1.091682 0.3320787
v 0.2324855 1.095783 0.3631234
v 0.2323486 1.099059 0.390606
v 0.2343586 1.096258 0.3474254
v 0.2342699 1.089382 0.3652107
v 0.2341442 1.092355 0.3904304
v 0.2325478 1.090369 0.3506726
v 0.2391663 1.084696 0.3667566
v 0.239049 1.087447 0.3903199
v 0.2458622 1.082981 0.3673469
v 0.2457477 1.08565 0.3903036
v 0.2459121 1.078591 0.3572512
v 0.234326 1.08448 0.3539372
v 0.2392179 1.080169 0.3563456
v 0.2459575 1.072394 0.3481941
v 0.2344197 1.087898 0.3352086
v 0.2326034 1.08273 0.339509
v 0.2343765 1.077562 0.3438269
v 0.2392645 1.073779 0.3470056
v 0.2393043 1.065715 0.3390158
v 0.2459963 1.064574 0.3404461
v 0.2344197 1.06883 0.3351749
v 0.2393599 1.044747 0.3279174
v 0.2460501 1.044142 0.3296428
v 0.2344792 1.046399 0.3232696
v 0.2327156 1.048655 0.3169446
v 0.2326511 1.073086 0.3299526
v 0.2345421 1.050912 0.3106382
v 0.2344719 1.077341 0.3247482
v 0.2394687 1.052564 0.3060392
v 0.2393946 1.080456 0.3209566
v 0.2461758 1.053168 0.3043805
v 0.2461001 1.081597 0.3195931
v 0.2460434 1.093067 0.3309576
v 0.2527915 1.080456 0.3210234
v 0.2528661 1.052564 0.306106
v 0.257676 1.077341 0.3248643
v 0.2577467 1.050912 0.3107538
v 0.2594453 1.073086 0.3300861
v 0.2595098 1.048655 0.3170782
v 0.2576244 1.06883 0.3352905
v 0.2576839 1.046399 0.3233852
v 0.2575812 1.077562 0.3439425
v 0.2527017 1.065715 0.3390826
v 0.2527567 1.044747 0.3279842
v 0.2526618 1.073779 0.3470725
v 0.2459963 1.064574 0.3404461
v 0.2460501 1.044142 0.3296428
v 0.24649 0.3849895 0.2413154
v 0.2511496 0.1154789 0.2218775
v 0.2465809 0.115416 0.2230761
v 0.2531977 0.3851034 0.2395574
v 0.2464626 0.4584663 0.2468957
v 0.2581255 0.385416 0.234688
v 0.2545062 0.1156511 0.218559
v 0.2557519 0.1158868 0.2140083
v 0.2531697 0.458624 0.2451411
v 0.2464255 0.5317863 0.2542515
v 0.2599542 0.3858425 0.2280123
v 0.2545517 0.1161219 0.2094458
v 0.2531332 0.5319871 0.2525013
v 0.2463801 0.604948 0.2633849
v 0.258098 0.4590544 0.2402807
v 0.2581923 0.3862695 0.2213181
v 0.2512287 0.1162942 0.2060931
v 0.2599261 0.459643 0.2336168
v 0.2533133 0.3865815 0.2163998
v 0.2466718 0.1163576 0.2048497
v 0.2530877 0.6051866 0.2616392
v 0.2462319 0.8347884 0.293084
v 0.258061 0.5325359 0.2476527
v 0.2581642 0.4602311 0.2269349
v 0.2529396 0.834995 0.2913339
v 0.2461668 0.9479781 0.3062238
v 0.2580155 0.6058384 0.2568035
v 0.2598891 0.5332855 0.2410051
v 0.2528739 0.948266 0.3044854
v 0.246136 0.980195 0.3123401
v 0.2578674 0.8355578 0.2864869
v 0.2598436 0.6067287 0.2501733
v 0.2528436 0.9805765 0.3106191
v 0.2460973 1.012048 0.3201593
v 0.2578017 0.9490527 0.2996693
v 0.2596955 0.8363265 0.2798415
v 0.2528043 1.012522 0.3184613
v 0.2460501 1.044142 0.3296428
v 0.2527567 1.044747 0.3279842
v 0.2577709 0.9816192 0.3058518
v 0.2577316 1.013817 0.3137558
v 0.2576839 1.046399 0.3233852
v 0.2595586 1.015587 0.3073034
v 0.2595098 1.048655 0.3170782
v 0.2595984 0.9830427 0.2993141
v 0.2596298 0.9501267 0.2930655
v 0.2577961 1.017356 0.3008331
v 0.2577467 1.050912 0.3107538
v 0.2578365 0.9844669 0.2927591
v 0.2579342 0.8370953 0.2731782
v 0.252916 1.018651 0.2960787
v 0.2528661 1.052564 0.306106
v 0.2529564 0.9855089 0.287943
v 0.2578679 0.9512012 0.2864442
v 0.2580817 0.607619 0.2435251
v 0.2462258 1.019125 0.294314
v 0.2461758 1.053168 0.3043805
v 0.2394687 1.052564 0.3060392
v 0.2529884 0.9519874 0.2815793
v 0.2530546 0.8376586 0.2682824
v 0.2581277 0.5340351 0.2343395
v 0.2462667 0.9858904 0.2861553
v 0.2395187 1.018651 0.2960119
v 0.2345421 1.050912 0.3106382
v 0.2462987 0.9522752 0.2797736
v 0.2345914 1.017356 0.3007175
v 0.2327156 1.048655 0.3169446
v 0.2395596 0.9855089 0.2878762
v 0.2463649 0.8378645 0.266466
v 0.2327644 1.015587 0.3071699
v 0.2344792 1.046399 0.3232696
v 0.2346318 0.9844669 0.2926435
v 0.239591 0.9519874 0.2815125
v 0.2345269 1.013817 0.3136402
v 0.2393599 1.044747 0.3279174
v 0.239407 1.012522 0.3183946
v 0.2460501 1.044142 0.3296428
v 0.2460973 1.012048 0.3201593
v 0.2345667 0.9816192 0.3057356
v 0.2394463 0.9805765 0.3105523
v 0.246136 0.980195 0.3123401
v 0.2328043 0.9830427 0.2991806
v 0.2394771 0.948266 0.3044187
v 0.2461668 0.9479781 0.3062238
v 0.2345976 0.9490527 0.2995532
v 0.2328357 0.9501267 0.2929319
v 0.2395422 0.834995 0.2912671
v 0.2462319 0.8347884 0.293084
v 0.2346632 0.8355578 0.2863713
v 0.2396903 0.6051866 0.2615725
v 0.2463801 0.604948 0.2633849
v 0.2329013 0.8363265 0.279708
v 0.2346632 0.9512012 0.2863286
v 0.2397358 0.5319871 0.2524346
v 0.2464255 0.5317863 0.2542515
v 0.2348108 0.6058384 0.2566879
v 0.2347295 0.8370953 0.2730626
v 0.2396572 0.8376586 0.2682156
v 0.2330495 0.6067287 0.2500397
v 0.2397728 0.458624 0.2450743
v 0.2464626 0.4584663 0.2468957
v 0.2348568 0.5325359 0.2475371
v 0.234877 0.607619 0.2434095
v 0.2465125 0.6085094 0.2368281
v 0.2398003 0.3851034 0.2394906
v 0.24649 0.3849895 0.2413154
v 0.2348933 0.4590544 0.2401651
v 0.2330949 0.5332855 0.2408715
v 0.2398054 0.6082708 0.2385737
v 0.2532022 0.6082708 0.2386405
v 0.2420246 0.1154789 0.2218321
v 0.2465809 0.115416 0.2230761
v 0.2349214 0.385416 0.2345724
v 0.2387011 0.1156511 0.2184799
v 0.2375014 0.1158868 0.2139174
v 0.2331594 0.3858425 0.2278787
v 0.2387465 0.1161219 0.2093667
v 0.2465585 0.5347847 0.2276251
v 0.233132 0.459643 0.2334832
v 0.2349882 0.3862695 0.2212025
v 0.2421032 0.1162942 0.2060477
v 0.2349601 0.4602311 0.2268193
v 0.2399159 0.3865815 0.2163331
v 0.234923 0.5340351 0.2342239
v 0.2398879 0.460662 0.2219589
v 0.2466236 0.3866959 0.2145751
v 0.2398508 0.5345837 0.2293752
v 0.2465955 0.4608191 0.2202042
v 0.2532853 0.460662 0.2220257
v 0.2532482 0.5345837 0.229442
v 0.2539726 1.083692 0.4036465
v 0.2457269 1.081491 0.4034126
v 0.2452141 1.072015 0.5062192
v 0.2536994 1.074281 0.50646
v 0.2599093 1.080469 0.5070323
v 0.2600069 1.089706 0.4042026
v 0.262179 1.088923 0.5077831
v 0.2622133 1.097921 0.4049326
v 0.2599996 1.106137 0.4056402
v 0.259902 1.097378 0.5085114
v 0.2539603 1.112152 0.4061362
v 0.2536864 1.103566 0.509022
v 0.2457123 1.114353 0.4062877
v 0.2451995 1.105832 0.509178
v 0.2367142 1.103566 0.5089373
v 0.2374666 1.112152 0.4060543
v 0.2305048 1.097378 0.5083649
v 0.2314318 1.106137 0.4054977
v 0.2282345 1.088923 0.5076141
v 0.229226 1.097921 0.4047682
v 0.2314391 1.089706 0.4040606
v 0.2305121 1.080469 0.5068858
v 0.237479 1.083692 0.403564
v 0.2367271 1.074281 0.5063753
v 0.2452141 1.072015 0.5062192
v 0.2457269 1.081491 0.4034126
v 0.2394266 1.078528 0.512051
v 0.2451854 1.076991 0.5119449
v 0.2451967 1.073693 0.5097386
v 0.2376984 1.075694 0.5098766
v 0.2452141 1.072015 0.5062192
v 0.2352098 1.082728 0.5123972
v 0.2367271 1.074281 0.5063753
v 0.2322078 1.081162 0.5103272
v 0.2305121 1.080469 0.5068858
v 0.2336645 1.088464 0.5128915
v 0.2282345 1.088923 0.5076141
v 0.2301956 1.08863 0.5109708
v 0.2352047 1.094201 0.513401
v 0.2322011 1.096099 0.5116341
v 0.2305048 1.097378 0.5083649
v 0.2394182 1.0984 0.5137893
v 0.2376871 1.101567 0.5121402
v 0.2367142 1.103566 0.5089373
v 0.2451759 1.099936 0.5139526
v 0.2451995 1.105832 0.509178
v 0.2451838 1.103569 0.5123523
v 0.252682 1.101567 0.5122148
v 0.2536864 1.103566 0.509022
v 0.2509347 1.0984 0.5138466
v 0.259902 1.097378 0.5085114
v 0.2581726 1.096099 0.5117637
v 0.2551515 1.094201 0.5135003
v 0.262179 1.088923 0.5077831
v 0.2601848 1.08863 0.5111201
v 0.2566969 1.088464 0.513006
v 0.2581794 1.081162 0.5104568
v 0.2599093 1.080469 0.5070323
v 0.2551566 1.082728 0.5124965
v 0.2536994 1.074281 0.50646
v 0.2526932 1.075694 0.5099512
v 0.2452141 1.072015 0.5062192
v 0.2509431 1.078528 0.5121082
v 0.2451967 1.073693 0.5097386
v 0.2451854 1.076991 0.5119449
v 0.2566969 1.088464 0.513006
v 0.2551566 1.082728 0.5124965
v 0.2509431 1.078528 0.5121082
v 0.2451854 1.076991 0.5119449
v 0.2394266 1.078528 0.512051
v 0.2352098 1.082728 0.5123972
v 0.2352047 1.094201 0.513401
v 0.2336645 1.088464 0.5128915
v 0.2394182 1.0984 0.5137893
v 0.2451759 1.099936 0.5139526
v 0.2509347 1.0984 0.5138466
v 0.2551515 1.094201 0.5135003
v 0.2374666 1.112152 0.4060543
v 0.2314318 1.106137 0.4054977
v 0.229226 1.097921 0.4047682
v 0.2457123 1.114353 0.4062877
v 0.2599996 1.106137 0.4056402
v 0.2539603 1.112152 0.4061362
v 0.2600069 1.089706 0.4042026
v 0.2622133 1.097921 0.4049326
v 0.2457269 1.081491 0.4034126
v 0.2539726 1.083692 0.4036465
v 0.237479 1.083692 0.403564
v 0.2314391 1.089706 0.4040606
v -0.2393952 1.083692 0.4011871
v -0.2476415 1.081491 0.4009537
v -0.2481538 1.072015 0.5037603
v -0.2396685 1.074281 0.5040005
v -0.2334591 1.080469 0.5045729
v -0.2333609 1.089706 0.4017438
v -0.2311888 1.088923 0.5053236
v -0.2311545 1.097921 0.4024732
v -0.2333682 1.106137 0.4031813
v -0.2334664 1.097378 0.506052
v -0.2394076 1.112152 0.4036774
v -0.2396814 1.103566 0.5065627
v -0.2476555 1.114353 0.4038284
v -0.2481684 1.105832 0.5067186
v -0.2566537 1.103566 0.5064779
v -0.2559018 1.112152 0.4035949
v -0.2628636 1.097378 0.5059056
v -0.2619361 1.106137 0.4030388
v -0.2651334 1.088923 0.5051547
v -0.2641424 1.097921 0.4023088
v -0.2619288 1.089706 0.4016013
v -0.2628557 1.080469 0.5044264
v -0.2558888 1.083692 0.4011052
v -0.2566408 1.074281 0.5039158
v -0.2481538 1.072015 0.5037603
v -0.2476415 1.081491 0.4009537
v -0.2539412 1.078528 0.5095915
v -0.2481824 1.076991 0.5094861
v -0.2481712 1.073693 0.5072798
v -0.2556694 1.075694 0.5074172
v -0.2481538 1.072015 0.5037603
v -0.258158 1.082728 0.5099378
v -0.2566408 1.074281 0.5039158
v -0.26116 1.081162 0.5078683
v -0.2628557 1.080469 0.5044264
v -0.2597034 1.088464 0.5104321
v -0.2651334 1.088923 0.5051547
v -0.2631722 1.08863 0.5085114
v -0.2581631 1.094201 0.5109416
v -0.2611668 1.096099 0.5091752
v -0.2628636 1.097378 0.5059056
v -0.2539496 1.0984 0.5113299
v -0.2556807 1.101567 0.5096807
v -0.2566537 1.103566 0.5064779
v -0.2481925 1.099936 0.5114932
v -0.2481684 1.105832 0.5067186
v -0.2481841 1.103569 0.5098934
v -0.2406864 1.101567 0.5097554
v -0.2396814 1.103566 0.5065627
v -0.2424337 1.0984 0.5113878
v -0.2334664 1.097378 0.506052
v -0.2351952 1.096099 0.5093043
v -0.2382163 1.094201 0.5110409
v -0.2311888 1.088923 0.5053236
v -0.233183 1.08863 0.5086612
v -0.2366709 1.088464 0.5105472
v -0.235189 1.081162 0.5079975
v -0.2334591 1.080469 0.5045729
v -0.2382112 1.082728 0.5100377
v -0.2396685 1.074281 0.5040005
v -0.2406751 1.075694 0.5074919
v -0.2481538 1.072015 0.5037603
v -0.2424247 1.078528 0.5096488
v -0.2481712 1.073693 0.5072798
v -0.2481824 1.076991 0.5094861
v -0.2366709 1.088464 0.5105472
v -0.2382112 1.082728 0.5100377
v -0.2424247 1.078528 0.5096488
v -0.2481824 1.076991 0.5094861
v -0.2539412 1.078528 0.5095915
v -0.258158 1.082728 0.5099378
v -0.2581631 1.094201 0.5109416
v -0.2597034 1.088464 0.5104321
v -0.2539496 1.0984 0.5113299
v -0.2481925 1.099936 0.5114932
v -0.2424337 1.0984 0.5113878
v -0.2382163 1.094201 0.5110409
v -0.2559018 1.112152 0.4035949
v -0.2619361 1.106137 0.4030388
v -0.2641424 1.097921 0.4023088
v -0.2476555 1.114353 0.4038284
v -0.2333682 1.106137 0.4031813
v -0.2394076 1.112152 0.4036774
v -0.2333609 1.089706 0.4017438
v -0.2311545 1.097921 0.4024732
v -0.2476415 1.081491 0.4009537
v -0.2393952 1.083692 0.4011871
v -0.2558888 1.083692 0.4011052
v -0.2619288 1.089706 0.4016013
v -0.2474529 1.08565 0.3878453
v -0.2541516 1.087447 0.3878616
v -0.2479293 1.078297 0.4834376
v -0.2546286 1.080087 0.483542
v -0.2595345 1.084976 0.4838938
v -0.2590564 1.092355 0.3879721
v -0.2613317 1.091655 0.4843982
v -0.260852 1.099059 0.3881472
v -0.2595395 1.098334 0.4849212
v -0.2590581 1.105763 0.3883408
v -0.2546375 1.103223 0.4853219
v -0.254155 1.110671 0.3885001
v -0.2474568 1.112467 0.3885832
v -0.2479394 1.105013 0.485493
v -0.2412402 1.103223 0.4853887
v -0.2407576 1.110671 0.3885669
v -0.2358534 1.105763 0.3884564
v -0.2363348 1.098334 0.4850368
v -0.2340578 1.099059 0.3882807
v -0.2345376 1.091655 0.4845318
v -0.2358517 1.092355 0.3880877
v -0.2363298 1.084976 0.4840094
v -0.2407548 1.087447 0.3879283
v -0.2412318 1.080087 0.4836088
v -0.2479293 1.078297 0.4834376
v -0.2474529 1.08565 0.3878453
v -0.2541516 1.087447 0.3878616
v -0.2474529 1.08565 0.3878453
v -0.2473385 1.082981 0.3648886
v -0.2540343 1.084696 0.3642983
v -0.247288 1.078591 0.3547924
v -0.2590564 1.092355 0.3879721
v -0.2539822 1.080169 0.3538867
v -0.2472431 1.072394 0.3457353
v -0.2589307 1.089382 0.3627524
v -0.260852 1.099059 0.3881472
v -0.258874 1.08448 0.351479
v -0.2607151 1.095783 0.3606651
v -0.2590581 1.105763 0.3883408
v -0.2606528 1.090369 0.3482138
v -0.2589099 1.102184 0.3585956
v -0.254155 1.110671 0.3885001
v -0.2588421 1.096258 0.3449671
v -0.2539984 1.10687 0.3570986
v -0.2474568 1.112467 0.3885832
v -0.253926 1.100569 0.3426082
v -0.2538615 1.091682 0.3296198
v -0.2587809 1.087899 0.3327504
v -0.2605972 1.08273 0.3370502
v -0.2472969 1.108584 0.356575
v -0.2472234 1.102147 0.3417687
v -0.2406011 1.10687 0.3571654
v -0.2407576 1.110671 0.3885669
v -0.2405292 1.100569 0.3426749
v -0.2404642 1.091682 0.3296866
v -0.2357053 1.102184 0.3587112
v -0.2358534 1.105763 0.3884564
v -0.2356374 1.096258 0.3450827
v -0.2339209 1.095783 0.3607986
v -0.2340578 1.099059 0.3882807
v -0.235726 1.089382 0.362868
v -0.2358517 1.092355 0.3880877
v -0.2338586 1.090369 0.3483473
v -0.240637 1.084696 0.3643651
v -0.2407548 1.087447 0.3879283
v -0.2473385 1.082981 0.3648886
v -0.2474529 1.08565 0.3878453
v -0.247288 1.078591 0.3547924
v -0.2356699 1.08448 0.3515945
v -0.2405853 1.080169 0.3539535
v -0.2472431 1.072394 0.3457353
v -0.2355762 1.087899 0.3328659
v -0.2338031 1.08273 0.3371837
v -0.2356194 1.077562 0.3414842
v -0.2405388 1.073779 0.3446142
v -0.2404989 1.065715 0.3366243
v -0.2472043 1.064574 0.3379873
v -0.2355762 1.06883 0.3328322
v -0.2404434 1.044747 0.3255253
v -0.2471505 1.044142 0.3271846
v -0.2355167 1.046399 0.3209264
v -0.2336903 1.048655 0.3146199
v -0.2337554 1.073086 0.3276279
v -0.2354539 1.050912 0.3082949
v -0.235524 1.077341 0.3224055
v -0.2403345 1.052564 0.3036471
v -0.2404092 1.080456 0.3185646
v -0.2470248 1.053168 0.3019217
v -0.2471005 1.081597 0.3171343
v -0.2471572 1.093067 0.3284987
v -0.253806 1.080456 0.3184978
v -0.2537319 1.052564 0.3035804
v -0.2587287 1.077341 0.3222899
v -0.2586586 1.050912 0.3081793
v -0.2605495 1.073086 0.3274943
v -0.260485 1.048655 0.3144864
v -0.2587809 1.06883 0.3327167
v -0.2587214 1.046399 0.3208108
v -0.2588241 1.077562 0.3413686
v -0.2538963 1.065715 0.3365576
v -0.2538407 1.044747 0.3254586
v -0.2539361 1.073779 0.3445474
v -0.2472043 1.064574 0.3379873
v -0.2471505 1.044142 0.3271846
v -0.2467106 0.3849895 0.2388571
v -0.2466191 0.115416 0.2206172
v -0.251176 0.1154789 0.2193738
v -0.2533997 0.3851034 0.2370323
v -0.2467381 0.4584663 0.2444369
v -0.2582792 0.385416 0.2321141
v -0.2544995 0.1156511 0.2160216
v -0.2556992 0.1158868 0.2114586
v -0.2534278 0.458624 0.2426155
v -0.2467745 0.5317863 0.2517932
v -0.2600406 0.3858425 0.2254199
v -0.254454 0.1161219 0.2069084
v -0.2534642 0.5319871 0.2499757
v -0.2468205 0.6049482 0.260926
v -0.2583073 0.4590544 0.2377062
v -0.2582125 0.3862695 0.2187436
v -0.2510974 0.1162942 0.2035894
v -0.2600687 0.459643 0.2310244
v -0.2532847 0.3865815 0.2138742
v -0.2465288 0.1163576 0.2023908
v -0.2535103 0.6051867 0.2591136
v -0.2469681 0.8347884 0.2906252
v -0.2583438 0.5325359 0.2450783
v -0.2582405 0.4602311 0.2243605
v -0.2536578 0.834995 0.2888088
v -0.2470338 0.9479781 0.303765
v -0.2583898 0.6058385 0.254229
v -0.2601057 0.5332855 0.2384127
v -0.2537235 0.948266 0.3019598
v -0.2470646 0.980195 0.3098812
v -0.2585374 0.8355578 0.283913
v -0.2601511 0.6067287 0.2475809
v -0.2537543 0.9805765 0.308094
v -0.2471033 1.012048 0.317701
v -0.258603 0.9490527 0.2970949
v -0.2602993 0.8363265 0.2772497
v -0.2537931 1.012522 0.3159363
v -0.2471505 1.044142 0.3271846
v -0.2538407 1.044747 0.3254586
v -0.2586339 0.9816192 0.3032773
v -0.2586732 1.013817 0.3111819
v -0.2587214 1.046399 0.3208108
v -0.2603963 0.9830427 0.2967223
v -0.2604362 1.015587 0.3047116
v -0.260485 1.048655 0.3144864
v -0.2603649 0.9501267 0.2904737
v -0.2584711 0.8370953 0.2706037
v -0.2586092 1.017356 0.2982592
v -0.2586586 1.050912 0.3081793
v -0.2585688 0.9844669 0.2901852
v -0.253682 1.018651 0.2935537
v -0.2537319 1.052564 0.3035804
v -0.2583236 0.607619 0.2409506
v -0.2585374 0.9512012 0.2838698
v -0.253641 0.9855089 0.2854174
v -0.2469743 1.019126 0.2918557
v -0.2470248 1.053168 0.3019217
v -0.2403345 1.052564 0.3036471
v -0.2535433 0.8376586 0.2657568
v -0.2536096 0.9519874 0.2790537
v -0.2582775 0.5340351 0.2317651
v -0.2469339 0.9858904 0.283697
v -0.2402846 1.018651 0.2936204
v -0.2354539 1.050912 0.3082949
v -0.2469019 0.9522752 0.2773153
v -0.2354045 1.017356 0.2983748
v -0.2336903 1.048655 0.3146199
v -0.2402442 0.9855089 0.2854842
v -0.2468357 0.8378645 0.2640072
v -0.2402122 0.9519874 0.2791204
v -0.233642 1.015587 0.3048451
v -0.2355167 1.046399 0.3209264
v -0.2353641 0.9844669 0.2903008
v -0.235469 1.013817 0.3112975
v -0.2404434 1.044747 0.3255253
v -0.2336022 0.9830427 0.2968559
v -0.2403962 1.012522 0.3160031
v -0.2471505 1.044142 0.3271846
v -0.2471033 1.012048 0.317701
v -0.2354292 0.9816192 0.3033929
v -0.240357 0.9805765 0.3081608
v -0.2470646 0.980195 0.3098812
v -0.2353989 0.9490527 0.2972105
v -0.2403267 0.948266 0.3020266
v -0.2470338 0.9479781 0.303765
v -0.2335707 0.9501267 0.2906072
v -0.240261 0.834995 0.2888756
v -0.2469681 0.8347884 0.2906252
v -0.2353327 0.8355578 0.2840286
v -0.2401129 0.6051867 0.2591804
v -0.2468205 0.6049482 0.260926
v -0.2335051 0.8363265 0.2773832
v -0.2353327 0.9512012 0.2839854
v -0.2351851 0.6058385 0.2543446
v -0.2400674 0.5319871 0.2500425
v -0.2467745 0.5317863 0.2517932
v -0.2352665 0.8370953 0.2707199
v -0.240146 0.8376586 0.2658235
v -0.233357 0.6067287 0.2477144
v -0.2351391 0.5325359 0.2451944
v -0.2400304 0.458624 0.2426823
v -0.2467381 0.4584663 0.2444369
v -0.2351189 0.607619 0.2410662
v -0.2466881 0.6085094 0.2343692
v -0.2333115 0.5332855 0.2385462
v -0.2351026 0.4590544 0.2378218
v -0.2400029 0.3851034 0.2370991
v -0.2467106 0.3849895 0.2388571
v -0.2399984 0.6082708 0.2361817
v -0.2533952 0.6082708 0.2361149
v -0.2350745 0.385416 0.2322297
v -0.2420504 0.1154789 0.2194192
v -0.2466191 0.115416 0.2206172
v -0.2386938 0.1156511 0.2161002
v -0.2374487 0.1158868 0.2115495
v -0.2332464 0.3858425 0.2255534
v -0.2386484 0.1161219 0.206987
v -0.2466421 0.5347847 0.2251663
v -0.2533498 0.5345839 0.226917
v -0.2332745 0.459643 0.2311579
v -0.2350083 0.3862695 0.2188592
v -0.2419719 0.1162942 0.2036348
v -0.2533127 0.460662 0.2195006
v -0.2466051 0.4608197 0.217746
v -0.246577 0.3866959 0.2121168
v -0.2398873 0.3865815 0.213941
v -0.2350358 0.4602311 0.2244766
v -0.2399154 0.460662 0.2195674
v -0.2399524 0.5345839 0.2269837
v -0.2350729 0.5340351 0.2318806
v 0.2353417 0.7965372 0.2778018
v 0.2398666 0.7920124 0.2778243
v 0.2418658 0.7920124 -0.1233056
v 0.2373421 0.7965372 -0.1235794
v 0.2336852 0.802718 0.2777934
v 0.2356879 0.802718 -0.1239313
v 0.2353417 0.8088993 0.2778018
v 0.2373454 0.8088993 -0.1242663
v 0.2398666 0.8134242 0.2778243
v 0.241872 0.8134242 -0.1244958
v 0.2460473 0.8150807 0.2778551
v 0.2480533 0.8150807 -0.1245569
v 0.2542341 0.8134242 -0.124434
v 0.2522286 0.8134242 0.277886
v 0.2587573 0.8088993 -0.1241596
v 0.2567535 0.8088993 0.2779084
v 0.2604121 0.802718 -0.1238078
v 0.2584094 0.802718 0.2779168
v 0.258754 0.7965372 -0.1234728
v 0.2567535 0.7965372 0.2779084
v 0.2542279 0.7920124 -0.1232439
v 0.2522286 0.7920124 0.277886
v 0.2480466 0.7903559 -0.1231827
v 0.2460473 0.7903559 0.2778551
v 0.2398666 0.7920124 0.2778243
v 0.2418658 0.7920124 -0.1233056
v 0.2373421 0.7965372 -0.1235794
v 0.2418658 0.7920124 -0.1233056
v 0.2419702 0.7896848 -0.1441844
v 0.2374503 0.7941261 -0.1452074
v 0.2356879 0.802718 -0.1239313
v 0.237548 0.7873555 -0.1648467
v 0.2420633 0.7832375 -0.1628861
v 0.2358007 0.8001935 -0.1465821
v 0.2373454 0.8088993 -0.1242663
v 0.237635 0.7766909 -0.1823301
v 0.2421464 0.7730784 -0.1795402
v 0.235905 0.7929808 -0.1675019
v 0.2374638 0.8062603 -0.1479406
v 0.241872 0.8134242 -0.1244958
v 0.237709 0.7626415 -0.1971169
v 0.2422165 0.7596928 -0.1936283
v 0.2422715 0.7435796 -0.2046252
v 0.2359976 0.7816248 -0.1861188
v 0.2375744 0.7986067 -0.1701408
v 0.2419938 0.8107017 -0.1489181
v 0.2480533 0.8150807 -0.1245569
v 0.2377663 0.7457259 -0.2086614
v 0.242308 0.7252325 -0.2120203
v 0.2360762 0.7666692 -0.2018594
v 0.2376726 0.7865593 -0.1898907
v 0.2421088 0.8027247 -0.1720565
v 0.2481762 0.8123273 -0.1492536
v 0.2377562 0.770697 -0.2065858
v 0.2422985 0.7736457 -0.2100288
v 0.2422115 0.7901713 -0.1926357
v 0.2361373 0.7486572 -0.214152
v 0.2482935 0.8042319 -0.1727349
v 0.2543559 0.8107017 -0.1488564
v 0.2542341 0.8134242 -0.124434
v 0.2544709 0.8027247 -0.1719948
v 0.2588757 0.8062603 -0.1478334
v 0.2587573 0.8088993 -0.1241596
v 0.2483979 0.7914939 -0.1936177
v 0.2545736 0.7901713 -0.192574
v 0.2546605 0.7736457 -0.2099671
v 0.2605248 0.8001935 -0.1464587
v 0.2604121 0.802718 -0.1238078
v 0.2589863 0.7986067 -0.1700343
v 0.2588622 0.7941261 -0.1451008
v 0.258754 0.7965372 -0.1234728
v 0.2590844 0.7865593 -0.1897841
v 0.2606292 0.7929808 -0.167379
v 0.2543323 0.7896848 -0.1441233
v 0.2542279 0.7920124 -0.1232439
v 0.2589599 0.7873555 -0.1647395
v 0.2607218 0.7816248 -0.1859954
v 0.2591681 0.770697 -0.2064786
v 0.2481493 0.7880592 -0.1437877
v 0.2480466 0.7903559 -0.1231827
v 0.2418658 0.7920124 -0.1233056
v 0.2419702 0.7896848 -0.1441844
v 0.2482408 0.7817298 -0.162146
v 0.2420633 0.7832375 -0.1628861
v 0.2544254 0.7832375 -0.1628244
v 0.2483221 0.7717564 -0.178496
v 0.2421464 0.7730784 -0.1795402
v 0.2483911 0.7586132 -0.1923288
v 0.2422165 0.7596928 -0.1936283
v 0.2422715 0.7435796 -0.2046252
v 0.2590469 0.7766909 -0.1822229
v 0.2545085 0.7730784 -0.1794785
v 0.2608004 0.7666692 -0.201736
v 0.2591209 0.7626415 -0.1970097
v 0.248445 0.742794 -0.2031253
v 0.242308 0.7252325 -0.2120203
v 0.2545786 0.7596928 -0.1935666
v 0.2546336 0.7435796 -0.2045635
v 0.2591782 0.7457259 -0.2085542
v 0.2608621 0.7486572 -0.2140291
v 0.2484809 0.7247842 -0.2103846
v 0.2423248 0.7044997 -0.2154117
v 0.2484978 0.7043229 -0.2137317
v 0.2546869 0.7044997 -0.21535
v 0.2546701 0.7252325 -0.2119585
v 0.2592343 0.7049817 -0.2198339
v 0.2592169 0.7264587 -0.2163201
v 0.2609216 0.7056409 -0.225981
v 0.2609031 0.7281336 -0.2223012
v 0.259296 0.7062997 -0.2321444
v 0.2592331 0.7515891 -0.2195197
v 0.2592769 0.729808 -0.228299
v 0.2547936 0.7067823 -0.2366732
v 0.2547279 0.7537354 -0.2235558
v 0.2547739 0.731034 -0.2327061
v 0.2486206 0.7069591 -0.2383532
v 0.2486004 0.7314829 -0.2343412
v 0.2485544 0.754521 -0.2250557
v 0.2424118 0.731034 -0.2327672
v 0.2424314 0.7067823 -0.2367349
v 0.2423658 0.7537354 -0.2236176
v 0.237865 0.729808 -0.2284056
v 0.2378841 0.7062997 -0.2322515
v 0.2484854 0.7747253 -0.2112667
v 0.2378213 0.7515891 -0.2196263
v 0.2361788 0.7281336 -0.2224246
v 0.2361968 0.7056409 -0.2261044
v 0.237805 0.7264587 -0.2164268
v 0.2378224 0.7049817 -0.2199405
v 0.2423248 0.7044997 -0.2154117
v 0.242478 0.2308744 -0.2461337
v 0.2378224 0.7049817 -0.2199405
v 0.2423248 0.7044997 -0.2154117
v 0.2379756 0.2309411 -0.2506839
v 0.2361968 0.7056409 -0.2261044
v 0.2379699 0.1763596 -0.2494971
v 0.2424724 0.1764578 -0.2449509
v 0.2363444 0.1762249 -0.2556852
v 0.2363506 0.231032 -0.2568764
v 0.2378841 0.7062997 -0.2322515
v 0.2380317 0.1760908 -0.2618564
v 0.2380373 0.2311229 -0.2630527
v 0.2424314 0.7067823 -0.2367349
v 0.242579 0.1759926 -0.2663577
v 0.2425852 0.2311897 -0.2675574
v 0.2487744 0.2312138 -0.2691841
v 0.2486206 0.7069591 -0.2383532
v 0.2487682 0.1759567 -0.2679827
v 0.2547936 0.7067823 -0.2366732
v 0.2549411 0.1759926 -0.266296
v 0.2549473 0.2311897 -0.2674957
v 0.2594492 0.2311229 -0.2629461
v 0.259296 0.7062997 -0.2321444
v 0.2594436 0.1760908 -0.2617498
v 0.2610748 0.231032 -0.256753
v 0.2609216 0.7056409 -0.225981
v 0.2610686 0.1762249 -0.2555617
v 0.2593875 0.2309411 -0.2505772
v 0.2592343 0.7049817 -0.2198339
v 0.2548401 0.2308744 -0.246072
v 0.2593818 0.1763596 -0.2493905
v 0.2546869 0.7044997 -0.21535
v 0.2548345 0.1764578 -0.2448892
v 0.2484978 0.7043229 -0.2137317
v 0.2486453 0.1764943 -0.2432642
v 0.2486509 0.2308502 -0.2444459
v 0.242478 0.2308744 -0.2461337
v 0.2423248 0.7044997 -0.2154117
v 0.2424724 0.1764578 -0.2449509
v 0.2486358 0.1657039 -0.241431
v 0.2416655 0.1656635 -0.243336
v 0.2416661 0.1764881 -0.2435711
v 0.2486369 0.1765285 -0.2416666
v 0.2556268 0.1764881 -0.2435015
v 0.2556251 0.1656635 -0.2432664
v 0.2607605 0.1655524 -0.2483491
v 0.2607616 0.176377 -0.2485847
v 0.2626655 0.1654003 -0.2553182
v 0.2626667 0.1762255 -0.2555539
v 0.2608301 0.1652488 -0.2623059
v 0.2608312 0.1760734 -0.2625415
v 0.2557469 0.1759623 -0.2676753
v 0.2557458 0.1651377 -0.2674401
v 0.248776 0.1759219 -0.2695802
v 0.2487749 0.1650973 -0.2693446
v 0.2417856 0.1651377 -0.2675097
v 0.2417867 0.1759623 -0.2677448
v 0.2366508 0.1652488 -0.2624265
v 0.2366519 0.1760734 -0.2626616
v 0.2347469 0.1762255 -0.255693
v 0.2347452 0.1654003 -0.2554573
v 0.2365823 0.176377 -0.2487054
v 0.2365812 0.1655524 -0.2484697
v 0.2416661 0.1764881 -0.2435711
v 0.2416655 0.1656635 -0.243336
v 0.2531747 0.4561231 -0.08327737
v -0.243878 0.1198966 -0.08495232
v -0.2393172 0.1133449 -0.08492988
v 0.2480848 0.4634356 -0.08330261
v 0.2455013 0.4670919 -0.07559952
v -0.2461926 0.1231724 -0.0780505
v -0.243878 0.1198966 -0.08495232
v 0.2480848 0.4634356 -0.08330261
v 0.2455013 0.4670919 -0.07559952
v 0.2480079 0.4634356 -0.06787062
v -0.2439465 0.1198966 -0.07112569
v -0.2461926 0.1231724 -0.0780505
v 0.2530978 0.4561231 -0.06784536
v -0.2393862 0.1133449 -0.07110268
v -0.2439465 0.1198966 -0.07112569
v 0.2480079 0.4634356 -0.06787062
v 0.2530978 0.4561231 -0.06784536
v 0.2556812 0.4524668 -0.07554902
v -0.237071 0.1100691 -0.07800505
v -0.2393862 0.1133449 -0.07110268
v 0.2531747 0.4561231 -0.08327737
v -0.2393172 0.1133449 -0.08492988
v -0.237071 0.1100691 -0.07800505
v 0.2556812 0.4524668 -0.07554902
v -0.2510127 0.1419476 -0.2588331
v -0.2509033 0.1384754 -0.2807533
v -0.2346403 0.1384754 -0.2806725
v -0.2347491 0.1419476 -0.2587517
v -0.2509033 0.1384754 -0.2807533
v -0.2508051 0.1283999 -0.3005284
v -0.2346403 0.1384754 -0.2806725
v -0.2345415 0.1283999 -0.3004476
v -0.2508051 0.1283999 -0.3005284
v -0.2507265 0.1127058 -0.3162219
v -0.2345415 0.1283999 -0.3004476
v -0.2344635 0.1127058 -0.3161411
v -0.2507265 0.1127058 -0.3162219
v -0.2506766 0.09293073 -0.3262974
v -0.2344635 0.1127058 -0.3161411
v -0.234413 0.09293073 -0.3262166
v -0.2506766 0.09293073 -0.3262974
v -0.2506592 0.0710099 -0.3297697
v -0.234413 0.09293073 -0.3262166
v -0.2343956 0.0710099 -0.3296883
v -0.2506592 0.0710099 -0.3297697
v -0.2506766 0.04908907 -0.326298
v -0.2343956 0.0710099 -0.3296883
v -0.234413 0.04908907 -0.3262166
v -0.2506766 0.04908907 -0.326298
v -0.2507265 0.02931398 -0.3162219
v -0.234413 0.04908907 -0.3262166
v -0.2344635 0.02931398 -0.3161411
v -0.2507265 0.02931398 -0.3162219
v -0.2508051 0.0136205 -0.3005284
v -0.2344635 0.02931398 -0.3161411
v -0.2345415 0.0136205 -0.3004476
v -0.2508051 0.0136205 -0.3005284
v -0.2509033 0.003544417 -0.2807539
v -0.2345415 0.0136205 -0.3004476
v -0.2346403 0.003544417 -0.2806725
v -0.2509033 0.003544417 -0.2807539
v -0.2510127 7.274975E-05 -0.2588331
v -0.2347491 7.274975E-05 -0.2587517
v -0.2346403 0.003544417 -0.2806725
v -0.2510127 7.274975E-05 -0.2588331
v -0.2511221 0.003544417 -0.2369123
v -0.2348585 0.003544417 -0.2368314
v -0.2347491 7.274975E-05 -0.2587517
v -0.2511221 0.003544417 -0.2369123
v -0.2512209 0.0136205 -0.2171377
v -0.2348585 0.003544417 -0.2368314
v -0.2349573 0.0136205 -0.2170563
v -0.2512989 0.02931398 -0.2014442
v -0.2350353 0.02931398 -0.2013628
v -0.2349573 0.0136205 -0.2170563
v -0.2512209 0.0136205 -0.2171377
v -0.2513488 0.04908907 -0.1913681
v -0.2350858 0.04908907 -0.1912873
v -0.2350353 0.02931398 -0.2013628
v -0.2512989 0.02931398 -0.2014442
v -0.2513662 0.0710099 -0.1878965
v -0.2351032 0.0710099 -0.1878151
v -0.2350858 0.04908907 -0.1912873
v -0.2513488 0.04908907 -0.1913681
v -0.2513488 0.09293073 -0.1913681
v -0.2350858 0.09293073 -0.1912873
v -0.2351032 0.0710099 -0.1878151
v -0.2513662 0.0710099 -0.1878965
v -0.2512989 0.1127058 -0.2014442
v -0.2350353 0.1127058 -0.2013628
v -0.2350858 0.09293073 -0.1912873
v -0.2513488 0.09293073 -0.1913681
v -0.2512209 0.1283999 -0.2171377
v -0.2349573 0.1283999 -0.2170563
v -0.2350353 0.1127058 -0.2013628
v -0.2512989 0.1127058 -0.2014442
v -0.2512209 0.1283999 -0.2171377
v -0.2511221 0.1384754 -0.2369123
v -0.2349573 0.1283999 -0.2170563
v -0.2348585 0.1384754 -0.2368314
v -0.2511221 0.1384754 -0.2369123
v -0.2510127 0.1419476 -0.2588331
v -0.2347491 0.1419476 -0.2587517
v -0.2348585 0.1384754 -0.2368314
v -0.2576216 0.7965372 0.2753447
v -0.2530973 0.7920124 0.2753671
v -0.2510974 0.7920124 -0.1257628
v -0.2556212 0.7965372 -0.1260366
v -0.259278 0.802718 0.2753362
v -0.2572754 0.802718 -0.1263884
v -0.2576216 0.8088993 0.2753447
v -0.2556178 0.8088993 -0.126724
v -0.2530973 0.8134242 0.2753671
v -0.2510912 0.8134242 -0.1269529
v -0.2469159 0.8150807 0.275398
v -0.2449099 0.8150807 -0.1270141
v -0.2387291 0.8134242 -0.1268912
v -0.2407346 0.8134242 0.2754288
v -0.2342059 0.8088993 -0.1266174
v -0.2362103 0.8088993 0.2754513
v -0.2325512 0.802718 -0.126265
v -0.2345538 0.802718 0.2754597
v -0.2342093 0.7965372 -0.12593
v -0.2362103 0.7965372 0.2754513
v -0.2387353 0.7920124 -0.1257011
v -0.2407346 0.7920124 0.2754288
v -0.2449167 0.7903559 -0.1256399
v -0.2469159 0.7903559 0.275398
v -0.2530973 0.7920124 0.2753671
v -0.2510974 0.7920124 -0.1257628
v -0.2556212 0.7965372 -0.1260366
v -0.2510974 0.7920124 -0.1257628
v -0.2509936 0.7896848 -0.1466422
v -0.2555135 0.7941261 -0.1476645
v -0.2572754 0.802718 -0.1263884
v -0.2554153 0.7873555 -0.1673038
v -0.2508999 0.7832375 -0.1653433
v -0.2571626 0.8001935 -0.1490393
v -0.2556178 0.8088993 -0.126724
v -0.2553283 0.7766909 -0.1847873
v -0.2508174 0.7730784 -0.1819974
v -0.2570582 0.7929808 -0.1699591
v -0.2554994 0.8062603 -0.1503977
v -0.2510912 0.8134242 -0.1269529
v -0.2552542 0.7626415 -0.199574
v -0.2507467 0.7596928 -0.1960855
v -0.2506923 0.7435796 -0.2070824
v -0.2569656 0.7816248 -0.188576
v -0.2553889 0.7986067 -0.1725986
v -0.2509701 0.8107017 -0.1513752
v -0.2449099 0.8150807 -0.1270141
v -0.255197 0.7457259 -0.2111185
v -0.2506553 0.7252325 -0.2144774
v -0.2568871 0.7666692 -0.2043166
v -0.2552907 0.7865593 -0.1923479
v -0.2508545 0.8027247 -0.1745137
v -0.244787 0.8123273 -0.1517108
v -0.2552071 0.770697 -0.209043
v -0.2506654 0.7736457 -0.212486
v -0.2507518 0.7901713 -0.1950929
v -0.2568259 0.7486572 -0.2166091
v -0.2446698 0.8042319 -0.1751921
v -0.2386074 0.8107017 -0.1513135
v -0.2387291 0.8134242 -0.1268912
v -0.2384924 0.8027247 -0.174452
v -0.2340875 0.8062603 -0.1502906
v -0.2342059 0.8088993 -0.1266174
v -0.244566 0.7914939 -0.1960748
v -0.2383897 0.7901713 -0.1950311
v -0.2383033 0.7736457 -0.2124243
v -0.2324384 0.8001935 -0.1489158
v -0.2325512 0.802718 -0.126265
v -0.233977 0.7986067 -0.1724914
v -0.2341016 0.7941261 -0.1475579
v -0.2342093 0.7965372 -0.12593
v -0.2338788 0.7865593 -0.1922413
v -0.232334 0.7929808 -0.1698362
v -0.238631 0.7896848 -0.1465804
v -0.2387353 0.7920124 -0.1257011
v -0.2340034 0.7873555 -0.1671972
v -0.2322415 0.7816248 -0.1884525
v -0.2337952 0.770697 -0.2089363
v -0.244814 0.7880592 -0.1462449
v -0.2449167 0.7903559 -0.1256399
v -0.2510974 0.7920124 -0.1257628
v -0.2509936 0.7896848 -0.1466422
v -0.2447225 0.7817298 -0.1646031
v -0.2508999 0.7832375 -0.1653433
v -0.2385378 0.7832375 -0.1652815
v -0.2446411 0.7717564 -0.1809531
v -0.2508174 0.7730784 -0.1819974
v -0.2445721 0.7586132 -0.1947859
v -0.2507467 0.7596928 -0.1960855
v -0.2506923 0.7435796 -0.2070824
v -0.2339164 0.7766909 -0.1846807
v -0.2384548 0.7730784 -0.1819357
v -0.2321629 0.7666692 -0.2041932
v -0.2338429 0.7626415 -0.1994674
v -0.2445183 0.742794 -0.2055825
v -0.2506553 0.7252325 -0.2144774
v -0.2383846 0.7596928 -0.1960238
v -0.2383302 0.7435796 -0.2070207
v -0.2337851 0.7457259 -0.2110114
v -0.2321017 0.7486572 -0.2164862
v -0.2444823 0.7247842 -0.2128417
v -0.2506384 0.7044997 -0.2178689
v -0.2444655 0.7043229 -0.2161888
v -0.2382763 0.7044997 -0.2178077
v -0.2382932 0.7252325 -0.2144157
v -0.233729 0.7049817 -0.2222911
v -0.2337464 0.7264587 -0.2187773
v -0.2320417 0.7056409 -0.2284382
v -0.2320602 0.7281336 -0.2247583
v -0.2336673 0.7062997 -0.2346021
v -0.2337307 0.7515891 -0.2219774
v -0.2336869 0.729808 -0.2307562
v -0.2381697 0.7067823 -0.2391304
v -0.2382354 0.7537354 -0.226013
v -0.2381899 0.731034 -0.2351632
v -0.2443426 0.7069591 -0.2408103
v -0.2443628 0.7314829 -0.2367989
v -0.2444088 0.7545204 -0.2275129
v -0.250552 0.731034 -0.2352249
v -0.2505318 0.7067823 -0.2391921
v -0.2505975 0.7537354 -0.2260747
v -0.2550988 0.729808 -0.2308628
v -0.2550792 0.7062997 -0.2347087
v -0.2444779 0.7747253 -0.2137238
v -0.2551425 0.7515891 -0.222084
v -0.2567844 0.7281336 -0.2248818
v -0.2567664 0.7056409 -0.2285616
v -0.2551583 0.7264587 -0.2188845
v -0.2551409 0.7049817 -0.2223977
v -0.2506384 0.7044997 -0.2178689
v -0.2504852 0.2308744 -0.2485909
v -0.2551409 0.7049817 -0.2223977
v -0.2506384 0.7044997 -0.2178689
v -0.2549877 0.2309411 -0.253141
v -0.2567664 0.7056409 -0.2285616
v -0.2549933 0.1763596 -0.2519543
v -0.2504908 0.1764578 -0.247408
v -0.2566189 0.1762249 -0.2581423
v -0.2566127 0.231032 -0.2593336
v -0.2550792 0.7062997 -0.2347087
v -0.2549316 0.1760908 -0.2643135
v -0.254926 0.2311229 -0.2655099
v -0.2505318 0.7067823 -0.2391921
v -0.2503842 0.1759926 -0.2688149
v -0.2503786 0.2311897 -0.2700151
v -0.2441889 0.2312138 -0.2716413
v -0.2443426 0.7069591 -0.2408103
v -0.2441951 0.1759567 -0.2704399
v -0.2381697 0.7067823 -0.2391304
v -0.2380221 0.1759926 -0.2687532
v -0.2380165 0.2311897 -0.2699534
v -0.2335141 0.2311229 -0.2654032
v -0.2336673 0.7062997 -0.2346021
v -0.2335197 0.1760908 -0.2642069
v -0.2318885 0.231032 -0.2592107
v -0.2320417 0.7056409 -0.2284382
v -0.2318947 0.1762249 -0.2580189
v -0.2335758 0.2309411 -0.2530344
v -0.233729 0.7049817 -0.2222911
v -0.2381231 0.2308744 -0.2485292
v -0.2335814 0.1763596 -0.2518477
v -0.2382763 0.7044997 -0.2178077
v -0.2381288 0.1764578 -0.2473463
v -0.2444655 0.7043229 -0.2161888
v -0.2443185 0.1764943 -0.2457213
v -0.2443123 0.2308502 -0.246903
v -0.2504852 0.2308744 -0.2485909
v -0.2506384 0.7044997 -0.2178689
v -0.2504908 0.1764578 -0.247408
v -0.2443275 0.1657039 -0.2438887
v -0.2512983 0.1656629 -0.2457931
v -0.2512972 0.1764881 -0.2460282
v -0.2443264 0.1765285 -0.2441238
v -0.237337 0.1764881 -0.2459587
v -0.2373381 0.1656629 -0.2457235
v -0.2322027 0.1655524 -0.2508062
v -0.2322016 0.176377 -0.2510419
v -0.2302977 0.1654003 -0.2577753
v -0.2302966 0.1762249 -0.258011
v -0.2321332 0.1652488 -0.264763
v -0.232132 0.1760734 -0.2649987
v -0.2372164 0.1759623 -0.2701324
v -0.2372175 0.1651377 -0.2698973
v -0.2441872 0.1759219 -0.2720374
v -0.2441883 0.1650973 -0.2718017
v -0.2511777 0.1651377 -0.2699669
v -0.2511765 0.1759623 -0.270202
v -0.2563131 0.1652488 -0.2648836
v -0.2563114 0.1760734 -0.2651193
v -0.2582169 0.1762249 -0.2581502
v -0.2582181 0.1654003 -0.2579145
v -0.2563815 0.176377 -0.2511625
v -0.2563826 0.1655524 -0.2509268
v -0.2512972 0.1764881 -0.2460282
v -0.2512983 0.1656629 -0.2457931
v -0.2427171 0.1748333 -0.5297656
v -0.2332902 0.1432719 -0.4682054
v -0.2430296 0.1456359 -0.4671516
v -0.2329782 0.1724699 -0.5308194
v -0.2258374 0.1660119 -0.5337956
v -0.2261494 0.1368139 -0.4711816
v -0.2232085 0.1571894 -0.5378957
v -0.223521 0.1279919 -0.4752823
v -0.2239026 0.1103407 -0.4835151
v -0.2235906 0.1395382 -0.546129
v -0.2427171 0.1748333 -0.5297656
v -0.2430296 0.1456359 -0.4671516
v -0.2527578 0.1432719 -0.4683025
v -0.2524458 0.1724699 -0.5309165
v -0.2595564 0.1660119 -0.5339634
v -0.2598683 0.1368139 -0.4713494
v -0.2621437 0.1571894 -0.5380899
v -0.2624562 0.1279919 -0.4754759
v -0.2619916 0.1103407 -0.4837047
v -0.2616796 0.1395382 -0.5463193
v -0.2616465 0.1312627 -0.5529686
v -0.2619815 0.09992737 -0.4857702
v -0.2535972 0.1312627 -0.5529282
v -0.2616465 0.1312627 -0.5529686
v -0.2619815 0.09992737 -0.4857702
v -0.2539322 0.09992737 -0.4857298
v -0.242602 0.1312627 -0.5528738
v -0.242937 0.09992737 -0.4856754
v -0.2316068 0.1312627 -0.5528188
v -0.2319418 0.09992737 -0.4856204
v -0.2235575 0.1312627 -0.5527784
v -0.2238925 0.09992737 -0.48558
v -0.1090733 0.1285626 -0.5464175
v -0.1093505 0.1026269 -0.4907995
v -0.0945795 0.1257845 -0.5403877
v -0.09479722 0.105405 -0.4966846
v -0.085817 0.1215603 -0.5312851
v -0.08594494 0.1096292 -0.5056996
v -0.2200499 0.1092482 -0.4814523
v -0.2239026 0.1103407 -0.4835151
v -0.2235906 0.1395382 -0.546129
v -0.2197172 0.1404012 -0.5482602
v -0.1093522 0.1085731 -0.4880276
v -0.109075 0.1345082 -0.5436444
v -0.09480563 0.1109203 -0.4941136
v -0.09458791 0.1312992 -0.5378155
v -0.08595672 0.1148835 -0.5032498
v -0.08582935 0.1268141 -0.5288353
v -0.08582935 0.1268141 -0.5288353
v -0.09458791 0.1312992 -0.5378155
v -0.0945795 0.1257845 -0.5403877
v -0.085817 0.1215603 -0.5312851
v -0.08595672 0.1148835 -0.5032498
v -0.08594494 0.1096292 -0.5056996
v -0.09479722 0.105405 -0.4966846
v -0.09480563 0.1109203 -0.4941136
v -0.1090733 0.1285626 -0.5464175
v -0.0945795 0.1257845 -0.5403877
v -0.09458791 0.1312992 -0.5378155
v -0.109075 0.1345082 -0.5436444
v -0.2197172 0.1404012 -0.5482602
v -0.2235575 0.1312627 -0.5527784
v -0.2250479 0.1402036 -0.5475633
v -0.2274584 0.1406071 -0.5484403
v -0.2316068 0.1312627 -0.5528188
v -0.2246697 0.1576944 -0.5394052
v -0.2235906 0.1395382 -0.546129
v -0.2232085 0.1571894 -0.5378957
v -0.2271414 0.16599 -0.5355491
v -0.2258374 0.1660119 -0.5337956
v -0.2329782 0.1724699 -0.5308194
v -0.2316287 0.1406071 -0.5484611
v -0.242602 0.1312627 -0.5528738
v -0.2582411 0.157833 -0.5405611
v -0.2270864 0.157833 -0.5404056
v -0.2426239 0.1406071 -0.5485161
v -0.2535972 0.1312627 -0.5529282
v -0.2337262 0.1719452 -0.5328052
v -0.2427171 0.1748333 -0.5297656
v -0.2536191 0.1406071 -0.5485711
v -0.2577894 0.1406071 -0.5485919
v -0.2616465 0.1312627 -0.5529686
v -0.2602084 0.1402036 -0.5477384
v -0.2616796 0.1395382 -0.5463193
v -0.2606679 0.1576944 -0.5395847
v -0.2621437 0.1571894 -0.5380899
v -0.2582344 0.16599 -0.535704
v -0.2595564 0.1660119 -0.5339634
v -0.2524458 0.1724699 -0.5309165
v -0.2516776 0.1719452 -0.5328944
v -0.2560628 0.1652606 -0.5370866
v -0.242707 0.1741246 -0.5318334
v -0.250419 0.1703864 -0.5346687
v -0.2292995 0.1652606 -0.536953
v -0.2349674 0.1703864 -0.5345913
v -0.2426974 0.1722628 -0.5337552
v -0.1093522 0.1085731 -0.4880276
v -0.09480563 0.1109203 -0.4941136
v -0.09479722 0.105405 -0.4966846
v -0.1093505 0.1026269 -0.4907995
v -0.2200499 0.1092482 -0.4814523
v -0.2238925 0.09992737 -0.48558
v -0.2253744 0.1096752 -0.4820955
v -0.2277934 0.1092717 -0.4812425
v -0.2274214 0.1264977 -0.4732078
v -0.2249962 0.127166 -0.4739372
v -0.2239026 0.1103407 -0.4835151
v -0.2319418 0.09992737 -0.4856204
v -0.223521 0.1279919 -0.4752823
v -0.2319637 0.1092717 -0.4812633
v -0.2429589 0.1092717 -0.4813177
v -0.242937 0.09992737 -0.4856754
v -0.2539541 0.1092717 -0.4813727
v -0.2539322 0.09992737 -0.4857298
v -0.2581244 0.1092717 -0.4813935
v -0.2619815 0.09992737 -0.4857702
v -0.227468 0.1354616 -0.4700818
v -0.2261494 0.1368139 -0.4711816
v -0.2296345 0.1339252 -0.4697552
v -0.2605344 0.1096752 -0.4822711
v -0.2619916 0.1103407 -0.4837047
v -0.2585761 0.1264977 -0.4733627
v -0.260994 0.127166 -0.4741168
v -0.2624562 0.1279919 -0.4754759
v -0.2340522 0.1414168 -0.4673373
v -0.2332902 0.1432719 -0.4682054
v -0.2430335 0.1435962 -0.4663655
v -0.2430296 0.1456359 -0.4671516
v -0.2527578 0.1432719 -0.4683025
v -0.2353024 0.1390511 -0.4673935
v -0.2585609 0.1354616 -0.4702367
v -0.2598683 0.1368139 -0.4713494
v -0.2520042 0.1414168 -0.4674266
v -0.2563978 0.1339252 -0.4698887
v -0.250754 0.1390511 -0.4674703
v -0.2430324 0.1409269 -0.4665568
v 0.2513415 0.5057886 -0.2386725
v 0.2419752 0.5057886 -0.2386725
v 0.2419752 0.5057886 0.2361171
v 0.2513415 0.5057886 0.2361171
v 0.2513415 0.6741468 0.254981
v 0.2419752 0.6741468 0.254981
v 0.2419752 0.6741468 -0.22868
v 0.2513415 0.6741468 -0.22868
v 0.2419752 0.6741468 0.254981
v 0.2513415 0.6741468 0.254981
v 0.2513415 0.5057886 0.2361171
v 0.2419752 0.5057886 0.2361171
v 0.2513415 0.6741468 -0.22868
v 0.2513415 0.5057886 0.2361171
v 0.2513415 0.6741468 0.254981
v 0.2513415 0.5057886 -0.2386725
v 0.2513415 0.6741468 -0.22868
v 0.2419752 0.6741468 -0.22868
v 0.2513415 0.5057886 -0.2386725
v 0.2419752 0.5057886 -0.2386725
v 0.2419752 0.6741468 -0.22868
v 0.2419752 0.6741468 0.254981
v 0.2419752 0.5057886 0.2361171
v 0.2419752 0.5057886 -0.2386725
v -0.241367 0.5057886 -0.2386725
v -0.2507327 0.5057886 -0.2386725
v -0.2507327 0.5057886 0.2361171
v -0.241367 0.5057886 0.2361171
v -0.241367 0.6741468 0.254981
v -0.2507327 0.6741468 0.254981
v -0.2507327 0.6741468 -0.22868
v -0.241367 0.6741468 -0.22868
v -0.2507327 0.6741468 0.254981
v -0.241367 0.6741468 0.254981
v -0.241367 0.5057886 0.2361171
v -0.2507327 0.5057886 0.2361171
v -0.241367 0.6741468 -0.22868
v -0.241367 0.5057886 0.2361171
v -0.241367 0.6741468 0.254981
v -0.241367 0.5057886 -0.2386725
v -0.241367 0.6741468 -0.22868
v -0.2507327 0.6741468 -0.22868
v -0.241367 0.5057886 -0.2386725
v -0.2507327 0.5057886 -0.2386725
v -0.2507327 0.6741468 -0.22868
v -0.2507327 0.6741468 0.254981
v -0.2507327 0.5057886 0.2361171
v -0.2507327 0.5057886 -0.2386725
v 0.2456994 0.4643396 -0.2702401
v 0.2457269 0.4618005 -0.2757627
v 0.2457398 0.4562779 -0.2783018
v 0.2457398 0.453625 -0.2783018
v 0.2433141 0.453625 0.2082765
v 0.2433141 0.4643396 0.2082765
v -0.2417424 0.4643396 -0.2726698
v -0.2441272 0.4643396 0.2058468
v -0.2441272 0.453625 0.2058468
v -0.241702 0.453625 -0.2807314
v -0.241702 0.4562779 -0.2807314
v -0.2417149 0.4618005 -0.2781924
v 0.1458257 0.4534858 0.2077905
v 0.2433141 0.4643396 0.2082765
v 0.2433141 0.453625 0.2082765
v 0.1458257 0.442774 0.2077905
v 0.04833759 0.4435495 0.2073046
v 0.04833759 0.4328421 0.2073046
v -0.04915077 0.4328421 0.2068187
v -0.04915077 0.4435495 0.2068187
v -0.1466388 0.442774 0.2063327
v -0.1466388 0.4534858 0.2063327
v -0.2441272 0.453625 0.2058468
v -0.2441272 0.4643396 0.2058468
v -0.1466388 0.4534858 0.2063327
v -0.2441272 0.4643396 0.2058468
v -0.2417424 0.4643396 -0.2726698
v -0.144254 0.4534858 -0.2721839
v -0.2417149 0.4618005 -0.2781924
v -0.04676555 0.4435495 -0.2716979
v -0.04915077 0.4435495 0.2068187
v -0.1442265 0.4509462 -0.2777059
v -0.241702 0.4562779 -0.2807314
v -0.046738 0.4410098 -0.27722
v -0.1442136 0.4454236 -0.2802455
v -0.241702 0.453625 -0.2807314
v -0.1442136 0.442774 -0.2802455
v -0.04672537 0.4354872 -0.2797596
v -0.04672537 0.4328421 -0.2797596
v 0.05076293 0.4328421 -0.2792736
v 0.05076293 0.4354872 -0.2792736
v 0.1482515 0.442774 -0.2787877
v 0.05072276 0.4435495 -0.271212
v 0.04833759 0.4435495 0.2073046
v 0.1458257 0.4534858 0.2077905
v 0.05075031 0.4410098 -0.2767346
v 0.1482515 0.4454236 -0.2787877
v 0.2457398 0.453625 -0.2783018
v 0.2457398 0.4562779 -0.2783018
v 0.1482386 0.4509462 -0.2762481
v 0.2457269 0.4618005 -0.2757627
v 0.1482111 0.4534858 -0.2707261
v 0.2456994 0.4643396 -0.2702401
v 0.2433141 0.4643396 0.2082765
v -0.241702 0.453625 -0.2807314
v -0.2441272 0.453625 0.2058468
v -0.1466388 0.442774 0.2063327
v -0.1442136 0.442774 -0.2802455
v -0.04672537 0.4328421 -0.2797596
v -0.04915077 0.4328421 0.2068187
v 0.05076293 0.4328421 -0.2792736
v 0.04833759 0.4328421 0.2073046
v 0.1458257 0.442774 0.2077905
v 0.1482515 0.442774 -0.2787877
v 0.2457398 0.453625 -0.2783018
v 0.2433141 0.453625 0.2082765
v -0.2555707 0.1197743 0.2939655
v -0.2518325 0.1235125 0.2939841
v -0.2467257 0.1248811 0.2940093
v -0.2378807 0.1197743 0.2940536
v -0.2416189 0.1235125 0.2940345
v -0.2378807 0.1095613 0.2940536
v -0.2365122 0.1146675 0.2940603
v -0.2555707 0.1095613 0.2939655
v -0.2569387 0.1146675 0.2939582
v -0.2416189 0.1058225 0.2940345
v -0.2518325 0.1058225 0.2939841
v -0.2467257 0.1044545 0.2940093
v -0.2416189 0.1235125 0.2940345
v -0.2467257 0.1248811 0.2940093
v -0.2446782 0.1257609 -0.1168033
v -0.2395703 0.1244092 -0.1170244
v -0.244594 0.132073 -0.1336336
v -0.2378807 0.1197743 0.2940536
v -0.2394839 0.1308918 -0.1343092
v -0.2445267 0.1437309 -0.1471651
v -0.2358287 0.1207164 -0.1176804
v -0.2365122 0.1146675 0.2940603
v -0.2357361 0.1276642 -0.1362053
v -0.2394148 0.1428634 -0.1482049
v -0.2344556 0.1156725 -0.1185944
v -0.2378807 0.1095613 0.2940536
v -0.2343546 0.1232561 -0.1388151
v -0.2358192 0.1106285 -0.119522
v -0.2416189 0.1058225 0.2940345
v -0.2393688 0.1596522 -0.1574197
v -0.2444818 0.1601465 -0.1561678
v -0.2356621 0.1404932 -0.1510963
v -0.2357103 0.1188473 -0.1414378
v -0.239554 0.1069364 -0.120215
v -0.2467257 0.1044545 0.2940093
v -0.2446597 0.1055846 -0.1204871
v -0.239439 0.1156203 -0.1433719
v -0.2445418 0.1144386 -0.144098
v -0.2342738 0.1372555 -0.1550646
v -0.2356132 0.158301 -0.1608902
v -0.2356222 0.1340184 -0.1590469
v -0.2393458 0.1316482 -0.1619754
v -0.2444475 0.1307807 -0.1630662
v -0.244387 0.1527627 -0.1752353
v -0.2392863 0.153257 -0.1739324
v -0.2443348 0.1808772 -0.1856116
v -0.2342211 0.1564549 -0.1656508
v -0.2355655 0.1546088 -0.1704242
v -0.2392341 0.1815415 -0.1843833
v -0.2442787 0.19482 -0.1969564
v -0.2355122 0.1833568 -0.1810794
v -0.2341667 0.185837 -0.1765848
v -0.2355571 0.1883166 -0.1721037
v -0.2393122 0.1901318 -0.1688374
v -0.2392341 0.209316 -0.1844456
v -0.2444246 0.1907962 -0.1676601
v -0.2443454 0.2103569 -0.1835741
v -0.2442377 0.2231309 -0.2051072
v -0.2354836 0.2064728 -0.1868758
v -0.2340988 0.2025887 -0.1902145
v -0.23545 0.1987041 -0.1935666
v -0.2391287 0.2218448 -0.2055646
v -0.2441148 0.2276642 -0.2298202
v -0.2353837 0.2183316 -0.2068658
v -0.2390075 0.2262956 -0.2298567
v -0.2431856 0.226763 -0.4161949
v -0.2385294 0.2255151 -0.4161713
v -0.2352687 0.2225574 -0.2300076
v -0.2351211 0.2221068 -0.4161545
v -0.2340067 0.2135323 -0.2086614
v -0.233899 0.2174506 -0.2302321
v -0.2338732 0.2174506 -0.4161483
v -0.2353658 0.2087324 -0.2104704
v -0.2352665 0.2123438 -0.23047
v -0.2351211 0.2127944 -0.4161545
v -0.2390978 0.2052193 -0.2118087
v -0.2390035 0.2086056 -0.230658
v -0.2385294 0.2093856 -0.4161713
v -0.2441103 0.2072371 -0.2307455
v -0.2431856 0.2081382 -0.4161949
v -0.2442018 0.2039332 -0.2123171
v -0.2391764 0.1958609 -0.1960344
v -0.2467257 0.1248811 0.2940093
v -0.2518325 0.1235125 0.2939841
v -0.2446782 0.1257609 -0.1168033
v -0.2497833 0.1244092 -0.1170755
v -0.2555707 0.1197743 0.2939655
v -0.244594 0.132073 -0.1336336
v -0.2535181 0.1207164 -0.1177685
v -0.2569387 0.1146675 0.2939582
v -0.2496974 0.1308918 -0.1343597
v -0.2445267 0.1437309 -0.1471651
v -0.2534261 0.1276642 -0.1362939
v -0.2548822 0.1156725 -0.118696
v -0.2555707 0.1095613 0.2939655
v -0.2496278 0.1428634 -0.1482559
v -0.2547812 0.1232561 -0.1389166
v -0.2535091 0.1106285 -0.1196106
v -0.2518325 0.1058225 0.2939841
v -0.2495818 0.1596522 -0.1574702
v -0.2444818 0.1601465 -0.1561678
v -0.2533514 0.1404932 -0.1511845
v -0.2533997 0.1188473 -0.1415258
v -0.2497676 0.1069364 -0.120266
v -0.2467257 0.1044545 0.2940093
v -0.2446597 0.1055846 -0.1204871
v -0.249652 0.1156203 -0.1434224
v -0.2445418 0.1144386 -0.144098
v -0.2547004 0.1372555 -0.1551667
v -0.2533032 0.158301 -0.1609789
v -0.2495594 0.1316482 -0.1620265
v -0.2444475 0.1307807 -0.1630662
v -0.244387 0.1527627 -0.1752353
v -0.2533122 0.1340184 -0.159135
v -0.2494999 0.153257 -0.1739834
v -0.2443348 0.1808772 -0.1856116
v -0.2546476 0.1564549 -0.1657523
v -0.2532555 0.1546088 -0.1705123
v -0.2494477 0.1815415 -0.1844344
v -0.2442787 0.19482 -0.1969564
v -0.2532022 0.1833568 -0.1811675
v -0.2545932 0.185837 -0.1766869
v -0.2532471 0.1883166 -0.1721918
v -0.2495252 0.1901318 -0.1688879
v -0.2494472 0.209316 -0.1844961
v -0.2444246 0.1907962 -0.1676601
v -0.2443454 0.2103569 -0.1835741
v -0.2442377 0.2231309 -0.2051072
v -0.2531736 0.2064728 -0.1869639
v -0.2545248 0.2025887 -0.190316
v -0.2531399 0.1987041 -0.1936547
v -0.2493422 0.2218448 -0.2056156
v -0.2441148 0.2276642 -0.2298202
v -0.2530737 0.2183316 -0.2069539
v -0.249221 0.2262956 -0.2299077
v -0.2431856 0.226763 -0.4161949
v -0.2478418 0.2255151 -0.4162179
v -0.2529587 0.2225574 -0.2300957
v -0.2512506 0.2221068 -0.4162348
v -0.2544333 0.2135323 -0.2087629
v -0.2543256 0.2174506 -0.2303336
v -0.252498 0.2174506 -0.4162409
v -0.2530558 0.2087324 -0.2105585
v -0.2529559 0.2123438 -0.2305581
v -0.2512506 0.2127944 -0.4162348
v -0.2493108 0.2052193 -0.2118592
v -0.2492171 0.2086056 -0.230709
v -0.2478418 0.2093856 -0.4162179
v -0.2441103 0.2072371 -0.2307455
v -0.2431856 0.2081382 -0.4161949
v -0.2442018 0.2039332 -0.2123171
v -0.2493894 0.1958609 -0.1960849
v -0.2466786 0.06664829 -0.482436
v -0.2462022 0.06590761 -0.480783
v -0.2448841 0.06536557 -0.4795681
v -0.2399193 0.06738953 -0.4840526
v -0.2430773 0.06516693 -0.479117
v -0.241266 0.06536557 -0.4795502
v -0.2399356 0.06590761 -0.4807521
v -0.2394423 0.06664829 -0.4824001
v -0.2448555 0.06793158 -0.4852854
v -0.2461859 0.06738953 -0.484084
v -0.2430442 0.06813022 -0.4857186
v -0.2412374 0.06793158 -0.4852674
v -0.2380075 0.06883442 -0.4717062
v -0.2431199 0.06827442 -0.4704835
v -0.2439353 0.427521 -0.3070004
v -0.2388229 0.428283 -0.308117
v -0.2342519 0.07036517 -0.4750977
v -0.2350689 0.4303637 -0.31122
v -0.2328604 0.07245591 -0.4797488
v -0.233679 0.4332063 -0.3154767
v -0.2342054 0.07454666 -0.484414
v -0.2350263 0.4360484 -0.3197469
v -0.2379268 0.0760774 -0.4878424
v -0.2387493 0.4381296 -0.3228869
v -0.2430274 0.07663796 -0.4891162
v -0.24385 0.438891 -0.3240546
v -0.2489624 0.4381296 -0.3229374
v -0.2481403 0.0760774 -0.4878935
v -0.2527163 0.4360484 -0.319835
v -0.2518953 0.07454666 -0.4845021
v -0.2541056 0.4332063 -0.3155783
v -0.2532869 0.07245591 -0.4798509
v -0.2527584 0.4303637 -0.3113081
v -0.2519419 0.07036517 -0.4751858
v -0.2490359 0.428283 -0.3081681
v -0.2482205 0.06883442 -0.4717567
v -0.2439353 0.427521 -0.3070004
v -0.2431199 0.06827442 -0.4704835
v -0.2388229 0.428283 -0.308117
v -0.2439353 0.427521 -0.3070004
v -0.243988 0.4388708 -0.2963806
v -0.2388773 0.4399588 -0.297192
v -0.2389469 0.4474891 -0.2831869
v -0.2440559 0.4461907 -0.2827666
v -0.2351273 0.4429322 -0.2994595
v -0.2350689 0.4303637 -0.31122
v -0.2390282 0.4501875 -0.266833
v -0.2441356 0.448819 -0.2668016
v -0.2352895 0.4539257 -0.2669699
v -0.2352025 0.4510365 -0.284386
v -0.2339198 0.4590325 -0.2671759
v -0.2337436 0.4469942 -0.3025754
v -0.233679 0.4332063 -0.3154767
v -0.2338261 0.4558829 -0.2860425
v -0.2352872 0.4641393 -0.2673952
v -0.2350965 0.4510562 -0.3057048
v -0.2350263 0.4360484 -0.3197469
v -0.2388234 0.4540295 -0.3080093
v -0.2387493 0.4381296 -0.3228869
v -0.24385 0.438891 -0.3240546
v -0.2351862 0.4607294 -0.2877129
v -0.2390249 0.4678775 -0.2675698
v -0.2389182 0.4642768 -0.2889491
v -0.2441311 0.4692455 -0.2676522
v -0.2440228 0.4655752 -0.2894204
v -0.2439257 0.4551176 -0.3088717
v -0.2490364 0.4540295 -0.3080604
v -0.2489624 0.4381296 -0.3229374
v -0.2527163 0.4360484 -0.319835
v -0.2491312 0.4642768 -0.2890002
v -0.2492379 0.4678775 -0.2676208
v -0.2528756 0.4607294 -0.287801
v -0.2529772 0.4641393 -0.2674833
v -0.2527864 0.4510562 -0.3057929
v -0.2541056 0.4332063 -0.3155783
v -0.2542526 0.4558829 -0.2861446
v -0.2543463 0.4590325 -0.267278
v -0.2541701 0.4469942 -0.3026769
v -0.2527584 0.4303637 -0.3113081
v -0.2528925 0.4510365 -0.2844741
v -0.2529794 0.4539257 -0.267058
v -0.2528173 0.4429322 -0.2995476
v -0.2490359 0.428283 -0.3081681
v -0.2491604 0.4474891 -0.2832374
v -0.2492418 0.4501875 -0.2668841
v -0.2490903 0.4399588 -0.297243
v -0.243988 0.4388708 -0.2963806
v -0.2439353 0.427521 -0.3070004
v -0.2440559 0.4461907 -0.2827666
v -0.2441356 0.448819 -0.2668016
v -0.2441356 0.448819 -0.2668016
v -0.2466242 0.448819 0.2325198
v -0.2415174 0.4501875 0.232545
v -0.2390282 0.4501875 -0.266833
v -0.2377792 0.4539257 0.2325635
v -0.2352895 0.4539257 -0.2669699
v -0.2364111 0.4590325 0.2325708
v -0.2339198 0.4590325 -0.2671759
v -0.2377792 0.4641393 0.2325635
v -0.2352872 0.4641393 -0.2673952
v -0.2415174 0.4678775 0.232545
v -0.2390249 0.4678775 -0.2675698
v -0.2466242 0.4692455 0.2325198
v -0.2441311 0.4692455 -0.2676522
v -0.2492379 0.4678775 -0.2676208
v -0.2517309 0.4678775 0.2324945
v -0.2529772 0.4641393 -0.2674833
v -0.2554691 0.4641393 0.2324754
v -0.2543463 0.4590325 -0.267278
v -0.2568372 0.4590325 0.2324687
v -0.2529794 0.4539257 -0.267058
v -0.2554691 0.4539257 0.2324754
v -0.2492418 0.4501875 -0.2668841
v -0.2517309 0.4501875 0.2324945
v -0.2441356 0.448819 -0.2668016
v -0.2466242 0.448819 0.2325198
v -0.2478513 0.1635682 -0.5471761
v -0.2486745 0.1607722 -0.5485122
v -0.2478379 0.1579766 -0.5498398
v -0.2362871 0.1607722 -0.5484505
v -0.2455894 0.1656147 -0.5461897
v -0.2424943 0.1663637 -0.5458171
v -0.2393958 0.1656147 -0.5461588
v -0.2371238 0.1635682 -0.5471222
v -0.2424679 0.1551806 -0.551145
v -0.2455664 0.1559297 -0.5508038
v -0.2393728 0.1559297 -0.5507729
v -0.2371103 0.1579766 -0.5497865
v -0.2455894 0.1656147 -0.5461897
v -0.2424943 0.1663637 -0.5458171
v -0.2425005 0.1672907 -0.5445299
v -0.2462903 0.1663733 -0.5449855
v -0.2425083 0.1674265 -0.5429773
v -0.2466932 0.1664137 -0.5434806
v -0.2478513 0.1635682 -0.5471761
v -0.2497524 0.1636462 -0.5448143
v -0.2490606 0.1638673 -0.5461936
v -0.2486745 0.1607722 -0.5485122
v -0.2508651 0.1598659 -0.5466206
v -0.2500683 0.1604439 -0.5478293
v -0.2478379 0.1579766 -0.5498398
v -0.2490443 0.1570205 -0.5494554
v -0.2497344 0.1560857 -0.5484162
v -0.2455664 0.1559297 -0.5508038
v -0.2462622 0.154514 -0.5506355
v -0.2424679 0.1551806 -0.551145
v -0.2466623 0.1533182 -0.5497192
v -0.2424679 0.1535971 -0.5510535
v -0.2424724 0.1523054 -0.550181
v -0.2425005 0.1672907 -0.5445299
v -0.2424943 0.1663637 -0.5458171
v -0.2393958 0.1656147 -0.5461588
v -0.2387061 0.1663733 -0.5449479
v -0.2425083 0.1674265 -0.5429773
v -0.2383184 0.1664137 -0.543439
v -0.2371238 0.1635682 -0.5471222
v -0.2352468 0.1636462 -0.544742
v -0.2359247 0.1638673 -0.546128
v -0.2362871 0.1607722 -0.5484505
v -0.2341156 0.1598659 -0.5465376
v -0.2349 0.1604439 -0.5477541
v -0.2371103 0.1579766 -0.5497865
v -0.2359084 0.1570205 -0.5493898
v -0.2352289 0.1560857 -0.5483438
v -0.2393728 0.1559297 -0.5507729
v -0.2386781 0.154514 -0.5505978
v -0.2424679 0.1551806 -0.551145
v -0.2382876 0.1533182 -0.5496776
v -0.2424679 0.1535971 -0.5510535
v -0.2424724 0.1523054 -0.550181
v -0.2382876 0.1533182 -0.5496776
v -0.2424724 0.1523054 -0.550181
v -0.2429078 0.1106661 -0.462781
v -0.238723 0.111679 -0.4622777
v -0.2352289 0.1560857 -0.5483438
v -0.2356643 0.1144464 -0.4609439
v -0.234551 0.1182267 -0.4591376
v -0.2341156 0.1598659 -0.5465376
v -0.2352468 0.1636462 -0.544742
v -0.2356822 0.122007 -0.4573421
v -0.2383184 0.1664137 -0.543439
v -0.2387544 0.1247744 -0.4560386
v -0.2425083 0.1674265 -0.5429773
v -0.2429437 0.1257878 -0.4555773
v -0.2471292 0.1247744 -0.4560806
v -0.2466932 0.1664137 -0.5434806
v -0.2501878 0.122007 -0.4574144
v -0.2497524 0.1636462 -0.5448143
v -0.2513011 0.1182267 -0.4592207
v -0.2508651 0.1598659 -0.5466206
v -0.2497344 0.1560857 -0.5484162
v -0.2501699 0.1144464 -0.4610163
v -0.2470977 0.111679 -0.4623192
v -0.2466623 0.1533182 -0.5497192
v -0.2429078 0.1106661 -0.462781
v -0.2424724 0.1523054 -0.550181
v -0.2109193 0.1609096 -0.2586294
v -0.2140925 0.1609096 -0.27286
v -0.223126 0.1609096 -0.2843047
v -0.2639785 0.1609096 -0.2845083
v -0.2508107 0.1609096 -0.2907688
v -0.236231 0.1609096 -0.2906959
v -0.2233819 0.1609096 -0.2330775
v -0.2142345 0.1609096 -0.2444313
v -0.2511294 0.1609096 -0.2268894
v -0.2365492 0.1609096 -0.2268165
v -0.2642339 0.1609096 -0.2332812
v -0.2732674 0.1609096 -0.2447253
v -0.2764411 0.1609096 -0.258956
v -0.273126 0.1609096 -0.2731546
v -0.2364835 0.1649492 -0.2896152
v -0.2505694 0.1649492 -0.2896853
v -0.2508107 0.1630671 -0.2907688
v -0.236231 0.1630671 -0.2906959
v -0.2508107 0.1609096 -0.2907688
v -0.236231 0.1609096 -0.2906959
v -0.2238224 0.1649492 -0.28344
v -0.223126 0.1630671 -0.2843047
v -0.223126 0.1609096 -0.2843047
v -0.2140925 0.1630671 -0.27286
v -0.2140925 0.1609096 -0.27286
v -0.2150947 0.1649497 -0.2723836
v -0.2109193 0.1609096 -0.2586294
v -0.2109193 0.1630671 -0.2586294
v -0.2120287 0.1649492 -0.258635
v -0.2142345 0.1609096 -0.2444313
v -0.2152316 0.1649492 -0.2449178
v -0.2142345 0.1630671 -0.2444313
v -0.2233819 0.1609096 -0.2330775
v -0.2240693 0.1649492 -0.2339484
v -0.2233819 0.1630671 -0.2330775
v -0.2508107 0.1630671 -0.2907688
v -0.2505694 0.1649492 -0.2896853
v -0.2632912 0.1649492 -0.283637
v -0.2639785 0.1630671 -0.2845083
v -0.273126 0.1630671 -0.2731546
v -0.2721283 0.1649497 -0.2726676
v -0.2639785 0.1609096 -0.2845083
v -0.2508107 0.1609096 -0.2907688
v -0.273126 0.1609096 -0.2731546
v -0.2764411 0.1609096 -0.258956
v -0.2764411 0.1630671 -0.258956
v -0.2753312 0.1649492 -0.2589504
v -0.2732674 0.1609096 -0.2447253
v -0.2722652 0.1649492 -0.2452017
v -0.2732674 0.1630671 -0.2447253
v -0.2642339 0.1609096 -0.2332812
v -0.2635375 0.1649492 -0.2341453
v -0.2642339 0.1630671 -0.2332807
v -0.2511294 0.1630671 -0.2268894
v -0.2511294 0.1609096 -0.2268894
v -0.2508769 0.1649492 -0.2279702
v -0.2365492 0.1609096 -0.2268165
v -0.2365492 0.1630671 -0.2268165
v -0.236791 0.1649492 -0.2279
v -0.2233819 0.1609096 -0.2330775
v -0.2240693 0.1649492 -0.2339484
v -0.2233819 0.1630671 -0.2330775
v -0.2671747 0.08185136 -0.252618
v -0.2671843 0.07722265 -0.2507007
v -0.2671747 0.07259338 -0.252618
v -0.2671517 0.08376871 -0.2572468
v -0.2671517 0.07067603 -0.2572468
v -0.2671281 0.07259338 -0.261876
v -0.2671186 0.07722265 -0.2637934
v -0.2671281 0.08185136 -0.261876
v -0.2188744 0.08376871 -0.257006
v -0.2188508 0.08185136 -0.2616353
v -0.2188413 0.07722265 -0.2635527
v -0.2188508 0.07259338 -0.2616353
v -0.2188744 0.07067603 -0.257006
v -0.2188974 0.07259338 -0.2523774
v -0.2188974 0.08185136 -0.2523774
v -0.2189069 0.07722265 -0.25046
v -0.2671281 0.08185136 -0.261876
v -0.2671186 0.07722265 -0.2637934
v -0.2188413 0.07722265 -0.2635527
v -0.2188508 0.08185136 -0.2616353
v -0.2671517 0.08376871 -0.2572468
v -0.2188744 0.08376871 -0.257006
v -0.2671747 0.08185136 -0.252618
v -0.2671517 0.08376871 -0.2572468
v -0.2188744 0.08376871 -0.257006
v -0.2188974 0.08185136 -0.2523774
v -0.2671843 0.07722265 -0.2507007
v -0.2189069 0.07722265 -0.25046
v -0.2189069 0.07722265 -0.25046
v -0.2671747 0.07259338 -0.252618
v -0.2671843 0.07722265 -0.2507007
v -0.2188974 0.07259338 -0.2523774
v -0.2671517 0.07067603 -0.2572468
v -0.2188744 0.07067603 -0.257006
v -0.2608419 0.05807938 -0.2487312
v -0.2607504 0.05807938 -0.2670069
v -0.2607145 0.0599165 -0.274292
v -0.2608778 0.0599165 -0.2414461
v -0.2606853 0.06348019 -0.2800435
v -0.2609064 0.06348019 -0.2356946
v -0.2623608 0.06877046 -0.2314834
v -0.2620977 0.06877046 -0.2842693
v -0.2635252 0.07578786 -0.2862282
v -0.2638074 0.07578786 -0.2295385
v -0.2645862 0.0796568 -0.2283489
v -0.2642917 0.0796568 -0.2874256
v -0.2694405 0.106167 -0.2249289
v -0.2691117 0.106167 -0.2908939
v -0.2740535 0.1301371 -0.2960417
v -0.2744334 0.1301371 -0.2198305
v -0.2777474 0.1572623 -0.2198474
v -0.2773675 0.1572623 -0.2960579
v -0.2753088 0.14471 -0.3058978
v -0.2759787 0.1522807 -0.3106522
v -0.2759787 0.1536824 -0.3106522
v -0.2773675 0.1586646 -0.2960579
v -0.2777474 0.1586646 -0.2198474
v -0.2752964 0.1554707 -0.3106488
v -0.2770651 0.1604523 -0.219844
v -0.2766852 0.1604523 -0.2960546
v -0.2282216 0.05807938 -0.2485684
v -0.2281301 0.05807938 -0.2668442
v -0.2280936 0.0599165 -0.2741293
v -0.2282575 0.0599165 -0.2412834
v -0.228065 0.06348019 -0.2798808
v -0.2282861 0.06348019 -0.2355319
v -0.2269798 0.06877046 -0.2313072
v -0.2267166 0.06877046 -0.2840926
v -0.2253767 0.07578786 -0.286038
v -0.2256589 0.07578786 -0.2293483
v -0.2249491 0.0796568 -0.2281509
v -0.2246551 0.0796568 -0.2872281
v -0.2204876 0.106167 -0.2246848
v -0.2201588 0.106167 -0.2906499
v -0.2155329 0.1301371 -0.2957499
v -0.2159128 0.1301371 -0.2195388
v -0.212844 0.1572623 -0.2195236
v -0.2124641 0.1572623 -0.2957347
v -0.2735833 0.1522807 -0.3106404
v -0.27291 0.14471 -0.305886
v -0.274875 0.1572623 -0.2960456
v -0.2718062 0.1301371 -0.2960305
v -0.2752549 0.1572623 -0.219835
v -0.2721861 0.1301371 -0.2198193
v -0.2675602 0.106167 -0.2249193
v -0.2672314 0.106167 -0.2908844
v -0.2627699 0.0796568 -0.2874183
v -0.2630639 0.0796568 -0.2283411
v -0.2620601 0.07578786 -0.2862209
v -0.2623423 0.07578786 -0.2295312
v -0.2610024 0.06877046 -0.2314766
v -0.2607392 0.06877046 -0.2842626
v -0.2594329 0.06348019 -0.2800373
v -0.259654 0.06348019 -0.2356884
v -0.2596254 0.0599165 -0.2414399
v -0.2594615 0.0599165 -0.2742858
v -0.2595889 0.05807938 -0.248725
v -0.2594974 0.05807938 -0.2670008
v -0.2609064 0.06348019 -0.2356946
v -0.2623608 0.06877046 -0.2314834
v -0.2610024 0.06877046 -0.2314766
v -0.259654 0.06348019 -0.2356884
v -0.2596254 0.0599165 -0.2414399
v -0.2608778 0.0599165 -0.2414461
v -0.2595889 0.05807938 -0.248725
v -0.2608419 0.05807938 -0.2487312
v -0.2607504 0.05807938 -0.2670069
v -0.2594974 0.05807938 -0.2670008
v -0.2594615 0.0599165 -0.2742858
v -0.2607145 0.0599165 -0.274292
v -0.2594329 0.06348019 -0.2800373
v -0.2606853 0.06348019 -0.2800435
v -0.2607392 0.06877046 -0.2842626
v -0.2620977 0.06877046 -0.2842693
v -0.2623423 0.07578786 -0.2295312
v -0.2610024 0.06877046 -0.2314766
v -0.2623608 0.06877046 -0.2314834
v -0.2638074 0.07578786 -0.2295385
v -0.2630639 0.0796568 -0.2283411
v -0.2645862 0.0796568 -0.2283489
v -0.2675602 0.106167 -0.2249193
v -0.2694405 0.106167 -0.2249289
v -0.2721861 0.1301371 -0.2198193
v -0.2744334 0.1301371 -0.2198305
v -0.2752549 0.1572623 -0.219835
v -0.2777474 0.1572623 -0.2198474
v -0.2777474 0.1586646 -0.2198474
v -0.2770651 0.1604523 -0.219844
v -0.2752549 0.1612373 -0.219835
v -0.2440497 0.1572623 -0.219679
v -0.2440497 0.1612373 -0.219679
v -0.212844 0.1612373 -0.2195236
v -0.212844 0.1572623 -0.2195236
v -0.2110338 0.1604523 -0.2195146
v -0.2103515 0.1586646 -0.2195113
v -0.2103515 0.1572623 -0.2195113
v -0.2136655 0.1301371 -0.2195275
v -0.2159128 0.1301371 -0.2195388
v -0.2186073 0.106167 -0.2246753
v -0.2204876 0.106167 -0.2246848
v -0.2234273 0.0796568 -0.2281436
v -0.2249491 0.0796568 -0.2281509
v -0.2241938 0.07578786 -0.229341
v -0.2256589 0.07578786 -0.2293483
v -0.2256213 0.06877046 -0.2313004
v -0.2269798 0.06877046 -0.2313072
v -0.2620601 0.07578786 -0.2862209
v -0.2620977 0.06877046 -0.2842693
v -0.2607392 0.06877046 -0.2842626
v -0.2635252 0.07578786 -0.2862282
v -0.2627699 0.0796568 -0.2874183
v -0.2642917 0.0796568 -0.2874256
v -0.2672314 0.106167 -0.2908844
v -0.2691117 0.106167 -0.2908939
v -0.2718062 0.1301371 -0.2960305
v -0.2740535 0.1301371 -0.2960417
v -0.27291 0.14471 -0.305886
v -0.2753088 0.14471 -0.3058978
v -0.2735833 0.1522807 -0.3106404
v -0.2759787 0.1522807 -0.3106522
v -0.2759787 0.1536824 -0.3106522
v -0.2752964 0.1554707 -0.3106488
v -0.2735833 0.1562551 -0.3106404
v -0.2435969 0.1562551 -0.3104911
v -0.2435969 0.1522807 -0.3104911
v -0.2136099 0.1522807 -0.3103413
v -0.2136099 0.1562551 -0.3103413
v -0.2118968 0.1554707 -0.3103329
v -0.2112145 0.1536824 -0.3103296
v -0.2112145 0.1522807 -0.3103296
v -0.2118901 0.14471 -0.3055819
v -0.2142889 0.14471 -0.3055937
v -0.2132856 0.1301371 -0.2957387
v -0.2155329 0.1301371 -0.2957499
v -0.2182785 0.106167 -0.2906403
v -0.2201588 0.106167 -0.2906499
v -0.2231327 0.0796568 -0.2872208
v -0.2246551 0.0796568 -0.2872281
v -0.2239116 0.07578786 -0.2860307
v -0.2253767 0.07578786 -0.286038
v -0.2253582 0.06877046 -0.2840858
v -0.2267166 0.06877046 -0.2840926
v -0.2752549 0.1612373 -0.219835
v -0.2770651 0.1604523 -0.219844
v -0.2766852 0.1604523 -0.2960546
v -0.274875 0.1612368 -0.2960456
v -0.2752964 0.1554707 -0.3106488
v -0.2735833 0.1562551 -0.3106404
v -0.2440497 0.1612373 -0.219679
v -0.2436693 0.1612368 -0.2958902
v -0.2435969 0.1562551 -0.3104911
v -0.2136099 0.1562551 -0.3103413
v -0.2124641 0.1612368 -0.2957347
v -0.2118968 0.1554707 -0.3103329
v -0.212844 0.1612373 -0.2195236
v -0.2106539 0.1604523 -0.2957252
v -0.2110338 0.1604523 -0.2195146
v -0.274875 0.1572623 -0.2960456
v -0.2752549 0.1572623 -0.219835
v -0.2440497 0.1572623 -0.219679
v -0.2436693 0.1572623 -0.2958902
v -0.2735833 0.1522807 -0.3106404
v -0.2435969 0.1522807 -0.3104911
v -0.2136099 0.1522807 -0.3103413
v -0.2124641 0.1572623 -0.2957347
v -0.212844 0.1572623 -0.2195236
v -0.2142889 0.14471 -0.3055937
v -0.2136099 0.1522807 -0.3103413
v -0.2124641 0.1572623 -0.2957347
v -0.2155329 0.1301371 -0.2957499
v -0.2269798 0.06877046 -0.2313072
v -0.2256213 0.06877046 -0.2313004
v -0.2270337 0.06348019 -0.2355257
v -0.2282861 0.06348019 -0.2355319
v -0.2282575 0.0599165 -0.2412834
v -0.227005 0.0599165 -0.2412772
v -0.2282216 0.05807938 -0.2485684
v -0.2269686 0.05807938 -0.2485623
v -0.2268771 0.05807938 -0.266838
v -0.2281301 0.05807938 -0.2668442
v -0.2280936 0.0599165 -0.2741293
v -0.2268412 0.0599165 -0.2741231
v -0.228065 0.06348019 -0.2798808
v -0.2268126 0.06348019 -0.2798746
v -0.2267166 0.06877046 -0.2840926
v -0.2253582 0.06877046 -0.2840858
v -0.2268412 0.0599165 -0.2741231
v -0.2268771 0.05807938 -0.266838
v -0.2269686 0.05807938 -0.2485623
v -0.227005 0.0599165 -0.2412772
v -0.2268126 0.06348019 -0.2798746
v -0.2270337 0.06348019 -0.2355257
v -0.2256213 0.06877046 -0.2313004
v -0.2253582 0.06877046 -0.2840858
v -0.2239116 0.07578786 -0.2860307
v -0.2241938 0.07578786 -0.229341
v -0.2234273 0.0796568 -0.2281436
v -0.2231327 0.0796568 -0.2872208
v -0.2186073 0.106167 -0.2246753
v -0.2182785 0.106167 -0.2906403
v -0.2132856 0.1301371 -0.2957387
v -0.2136655 0.1301371 -0.2195275
v -0.2103515 0.1572623 -0.2195113
v -0.2099716 0.1572623 -0.2957218
v -0.2118901 0.14471 -0.3055819
v -0.2112145 0.1522807 -0.3103296
v -0.2112145 0.1536824 -0.3103296
v -0.2099716 0.1586646 -0.2957218
v -0.2103515 0.1586646 -0.2195113
v -0.2118968 0.1554707 -0.3103329
v -0.2110338 0.1604523 -0.2195146
v -0.2106539 0.1604523 -0.2957252
v -0.2476437 0.03750582 -0.2345864
v -0.2475859 0.03159663 -0.2461825
v -0.247522 0.02956088 -0.2590373
v -0.2477296 0.07115972 -0.217439
v -0.247458 0.03159663 -0.2718915
v -0.2476897 0.04670823 -0.2253834
v -0.2477189 0.05830496 -0.2194748
v -0.2474002 0.03750582 -0.2834882
v -0.2473542 0.04670879 -0.2926907
v -0.247325 0.05830496 -0.2985993
v -0.247325 0.08401448 -0.2985993
v -0.2473143 0.07115972 -0.3006356
v -0.2473542 0.09561065 -0.2926907
v -0.2474002 0.1048136 -0.2834882
v -0.247458 0.1107228 -0.2718915
v -0.247522 0.1127586 -0.2590373
v -0.2476437 0.1048136 -0.2345864
v -0.2475859 0.1107228 -0.2461825
v -0.2477189 0.08401448 -0.2194748
v -0.2476897 0.09561065 -0.2253834
v -0.2412234 0.08401448 -0.298569
v -0.2412132 0.07115972 -0.3006053
v -0.2412234 0.05830496 -0.298569
v -0.2416279 0.07115972 -0.2174082
v -0.2412525 0.09561065 -0.2926604
v -0.2412525 0.04670879 -0.2926604
v -0.2412985 0.1048136 -0.2834574
v -0.2412985 0.03750582 -0.2834574
v -0.2413563 0.1107228 -0.2718612
v -0.2413563 0.03159663 -0.2718612
v -0.2414203 0.1127586 -0.2590065
v -0.2414203 0.02956088 -0.259007
v -0.2415421 0.03750582 -0.2345561
v -0.2414843 0.03159663 -0.2461522
v -0.2415881 0.04670823 -0.2253531
v -0.2416178 0.05830496 -0.2194445
v -0.2415421 0.1048136 -0.2345561
v -0.2414843 0.1107228 -0.2461522
v -0.2416178 0.08401448 -0.2194445
v -0.2415881 0.09561065 -0.2253531
v -0.246779 0.02817939 -0.2590334
v -0.247522 0.02956088 -0.2590373
v -0.2475859 0.03159663 -0.2461825
v -0.2468452 0.03028304 -0.2457522
v -0.2476437 0.03750582 -0.2345864
v -0.2454149 0.02742749 -0.2590266
v -0.2469053 0.03638806 -0.2337705
v -0.2476897 0.04670823 -0.2253834
v -0.2454823 0.02956817 -0.2455131
v -0.2435946 0.02956817 -0.2455036
v -0.2435273 0.02742749 -0.2590171
v -0.2422294 0.03028304 -0.2457291
v -0.2421632 0.02817939 -0.2590104
v -0.2414843 0.03159663 -0.2461522
v -0.2414203 0.02956088 -0.259007
v -0.2415421 0.03750582 -0.2345561
v -0.2422889 0.03638806 -0.2337475
v -0.2415881 0.04670823 -0.2253531
v -0.2436552 0.0357798 -0.2333126
v -0.2455434 0.0357798 -0.2333222
v -0.2469524 0.04589685 -0.2242623
v -0.2423361 0.04589685 -0.2242393
v -0.2437035 0.04545468 -0.2236377
v -0.2423669 0.05787794 -0.2181343
v -0.2416178 0.05830496 -0.2194445
v -0.2416279 0.07115972 -0.2174082
v -0.2455911 0.04545468 -0.2236473
v -0.2437344 0.05764564 -0.2174261
v -0.2469833 0.05787794 -0.2181573
v -0.2477189 0.05830496 -0.2194748
v -0.2477296 0.07115972 -0.217439
v -0.2456226 0.05764564 -0.2174357
v -0.243745 0.07115972 -0.2152855
v -0.242377 0.07115972 -0.2160306
v -0.2423669 0.0844415 -0.2181343
v -0.2416178 0.08401448 -0.2194445
v -0.2456332 0.07115972 -0.215295
v -0.2469934 0.07115972 -0.2160536
v -0.2469833 0.0844415 -0.2181573
v -0.2477189 0.08401448 -0.2194748
v -0.2437344 0.08467381 -0.2174261
v -0.2423361 0.09642259 -0.2242393
v -0.2415881 0.09561065 -0.2253531
v -0.2469524 0.09642259 -0.2242623
v -0.2476897 0.09561065 -0.2253834
v -0.2456226 0.08467381 -0.2174357
v -0.2437035 0.09686475 -0.2236377
v -0.2422889 0.1059314 -0.2337475
v -0.2415421 0.1048136 -0.2345561
v -0.2414843 0.1107228 -0.2461522
v -0.2455911 0.09686475 -0.2236473
v -0.2436552 0.1065396 -0.2333126
v -0.2469053 0.1059314 -0.2337705
v -0.2476437 0.1048136 -0.2345864
v -0.2475859 0.1107228 -0.2461825
v -0.2455434 0.1065396 -0.2333222
v -0.2422294 0.1120364 -0.2457291
v -0.2414203 0.1127586 -0.2590065
v -0.2421632 0.11414 -0.2590104
v -0.2435273 0.1148919 -0.2590171
v -0.2435946 0.1127513 -0.2455036
v -0.2454823 0.1127513 -0.2455131
v -0.2454149 0.1148919 -0.2590266
v -0.2468452 0.1120364 -0.2457522
v -0.247522 0.1127586 -0.2590373
v -0.246779 0.11414 -0.2590334
v 0.2554803 0.1579766 -0.547331
v 0.2563035 0.1607722 -0.545995
v 0.2554669 0.1635682 -0.5446674
v 0.2439162 0.1607722 -0.5460567
v 0.2531955 0.1656147 -0.5437033
v 0.2500964 0.1663637 -0.5433622
v 0.2470018 0.1656147 -0.5437342
v 0.2447393 0.1635682 -0.5447206
v 0.2501233 0.1551806 -0.5486895
v 0.2532179 0.1559297 -0.5483175
v 0.2470248 0.1559297 -0.5483484
v 0.2447528 0.1579766 -0.5473843
v 0.2500902 0.1672907 -0.5420744
v 0.2500964 0.1663637 -0.5433622
v 0.2531955 0.1656147 -0.5437033
v 0.2538845 0.1663733 -0.5424924
v 0.2500823 0.1674265 -0.5405217
v 0.2542723 0.1664137 -0.5409836
v 0.2554669 0.1635682 -0.5446674
v 0.2573444 0.1636462 -0.5422865
v 0.2566666 0.1638673 -0.5436725
v 0.2563035 0.1607722 -0.545995
v 0.2584751 0.1598659 -0.5440821
v 0.2576906 0.1604439 -0.5452986
v 0.2554803 0.1579766 -0.547331
v 0.2566828 0.1570205 -0.5469348
v 0.2573624 0.1560857 -0.5458884
v 0.2532179 0.1559297 -0.5483175
v 0.2539126 0.154514 -0.5481424
v 0.2501233 0.1551806 -0.5486895
v 0.2543031 0.1533182 -0.5472221
v 0.2501228 0.1535971 -0.548598
v 0.2501183 0.1523054 -0.547726
v 0.2470018 0.1656147 -0.5437342
v 0.2500964 0.1663637 -0.5433622
v 0.2500902 0.1672907 -0.5420744
v 0.2463004 0.1663733 -0.5425301
v 0.2500823 0.1674265 -0.5405217
v 0.2458975 0.1664137 -0.5410251
v 0.2447393 0.1635682 -0.5447206
v 0.2428388 0.1636462 -0.5423589
v 0.2435301 0.1638673 -0.5437381
v 0.2439162 0.1607722 -0.5460567
v 0.2417255 0.1598659 -0.5441657
v 0.2425223 0.1604439 -0.5453743
v 0.2447528 0.1579766 -0.5473843
v 0.2435464 0.1570205 -0.5469999
v 0.2428568 0.1560857 -0.5459608
v 0.2470248 0.1559297 -0.5483484
v 0.2463284 0.154514 -0.54818
v 0.2501233 0.1551806 -0.5486895
v 0.2459284 0.1533182 -0.5472642
v 0.2501228 0.1535971 -0.548598
v 0.2501183 0.1523054 -0.547726
v 0.2496828 0.1106661 -0.4603255
v 0.2501183 0.1523054 -0.547726
v 0.2459284 0.1533182 -0.5472642
v 0.2454929 0.111679 -0.4598643
v 0.2428568 0.1560857 -0.5459608
v 0.2424208 0.1144464 -0.4585608
v 0.2412901 0.1182267 -0.4567658
v 0.2417255 0.1598659 -0.5441657
v 0.2428388 0.1636462 -0.5423589
v 0.2424028 0.122007 -0.4549589
v 0.2458975 0.1664137 -0.5410251
v 0.2454621 0.1247744 -0.4536252
v 0.2500823 0.1674265 -0.5405217
v 0.2496469 0.1257878 -0.4531219
v 0.2538368 0.1247744 -0.4535831
v 0.2542723 0.1664137 -0.5409836
v 0.2569084 0.122007 -0.4548866
v 0.2573444 0.1636462 -0.5422865
v 0.2580397 0.1182267 -0.4566821
v 0.2584751 0.1598659 -0.5440821
v 0.2573624 0.1560857 -0.5458884
v 0.2569264 0.1144464 -0.4584884
v 0.2538677 0.111679 -0.4598222
v 0.2543031 0.1533182 -0.5472221
v 0.2496828 0.1106661 -0.4603255
v 0.2501183 0.1523054 -0.547726
v 0.2489141 0.1193815 -0.08261804
v -0.2436423 0.4634356 -0.08575416
v -0.2487323 0.4561231 -0.08577941
v 0.2442731 0.1127142 -0.08264105
v -0.2411358 0.4670919 -0.07802525
v 0.2489141 0.1193815 -0.08261804
v 0.2511995 0.1227157 -0.0755709
v -0.2436423 0.4634356 -0.08575416
v 0.248844 0.1193815 -0.06854733
v -0.2437192 0.4634356 -0.0703216
v -0.2411358 0.4670919 -0.07802525
v 0.2511995 0.1227157 -0.0755709
v -0.2488097 0.4561231 -0.07034741
v 0.248844 0.1193815 -0.06854733
v 0.2442029 0.1127137 -0.06857034
v -0.2437192 0.4634356 -0.0703216
v 0.2419169 0.10938 -0.07561748
v -0.2513162 0.4524668 -0.07807575
v -0.2488097 0.4561231 -0.07034741
v 0.2442029 0.1127137 -0.06857034
v -0.2487323 0.4561231 -0.08577941
v 0.2419169 0.10938 -0.07561748
v 0.2442731 0.1127142 -0.08264105
v -0.2513162 0.4524668 -0.07807575
v 0.2175748 0.1572623 -0.2935907
v 0.2171949 0.1572623 -0.2173801
v 0.2484007 0.1572623 -0.2172247
v 0.2487805 0.1572623 -0.2934353
v 0.2188665 0.1522807 -0.3081861
v 0.2488529 0.1522807 -0.3080362
v 0.2788399 0.1522807 -0.307887
v 0.2799857 0.1572623 -0.2932798
v 0.2796058 0.1572623 -0.2170693
v 0.2171949 0.1612373 -0.2173801
v 0.2153848 0.1604523 -0.2173891
v 0.2157646 0.1604523 -0.2936002
v 0.2175748 0.1612368 -0.2935913
v 0.2171534 0.1554707 -0.3081945
v 0.2188665 0.1562551 -0.3081861
v 0.2484007 0.1612373 -0.2172247
v 0.2487805 0.1612368 -0.2934353
v 0.2488529 0.1562551 -0.3080362
v 0.2788399 0.1562551 -0.307887
v 0.2799857 0.1612368 -0.2932798
v 0.280553 0.1554707 -0.3078786
v 0.2796058 0.1612373 -0.2170693
v 0.2817959 0.1604523 -0.2932709
v 0.281416 0.1604523 -0.2170603
v 0.2175748 0.1572623 -0.2935907
v 0.2206442 0.1301371 -0.2935756
v 0.2171949 0.1572623 -0.2173801
v 0.2202643 0.1301371 -0.217365
v 0.2248896 0.106167 -0.222465
v 0.2252184 0.106167 -0.2884301
v 0.2296805 0.0796568 -0.2849634
v 0.2293859 0.0796568 -0.2258862
v 0.2303903 0.07578786 -0.2837665
v 0.2301075 0.07578786 -0.2270763
v 0.231448 0.06877046 -0.2290217
v 0.2317106 0.06877046 -0.2818077
v 0.2330175 0.06348019 -0.2775824
v 0.2327964 0.06348019 -0.2332335
v 0.232825 0.0599165 -0.2389856
v 0.2329889 0.0599165 -0.2718309
v 0.2328609 0.05807938 -0.2462701
v 0.2329524 0.05807938 -0.2645459
v 0.2316085 0.05807938 -0.2462768
v 0.2316994 0.05807938 -0.264552
v 0.2317359 0.0599165 -0.2718371
v 0.231572 0.0599165 -0.2389918
v 0.2317645 0.06348019 -0.2775886
v 0.2315434 0.06348019 -0.2332397
v 0.230089 0.06877046 -0.2290285
v 0.2303521 0.06877046 -0.2818144
v 0.2289246 0.07578786 -0.2837739
v 0.2286424 0.07578786 -0.2270836
v 0.2278636 0.0796568 -0.225894
v 0.2281582 0.0796568 -0.2849713
v 0.2230093 0.106167 -0.222474
v 0.2233381 0.106167 -0.288439
v 0.2183963 0.1301371 -0.2935868
v 0.2180164 0.1301371 -0.2173762
v 0.2147024 0.1572623 -0.2173925
v 0.2150823 0.1572623 -0.2936036
v 0.217099 0.14471 -0.3034434
v 0.2164711 0.1522807 -0.3081978
v 0.2164711 0.1536824 -0.3081978
v 0.2150823 0.1586646 -0.2936036
v 0.2147024 0.1586646 -0.2173925
v 0.2171534 0.1554707 -0.3081945
v 0.2153848 0.1604523 -0.2173891
v 0.2157646 0.1604523 -0.2936002
v 0.2303903 0.07578786 -0.2837665
v 0.2303521 0.06877046 -0.2818144
v 0.2317106 0.06877046 -0.2818077
v 0.2289246 0.07578786 -0.2837739
v 0.2296805 0.0796568 -0.2849634
v 0.2281582 0.0796568 -0.2849713
v 0.2252184 0.106167 -0.2884301
v 0.2233381 0.106167 -0.288439
v 0.2206442 0.1301371 -0.2935756
v 0.2183963 0.1301371 -0.2935868
v 0.2194978 0.14471 -0.3034317
v 0.217099 0.14471 -0.3034434
v 0.2188665 0.1522807 -0.3081861
v 0.2164711 0.1522807 -0.3081978
v 0.2164711 0.1536824 -0.3081978
v 0.2171534 0.1554707 -0.3081945
v 0.2188665 0.1562551 -0.3081861
v 0.2488529 0.1562551 -0.3080362
v 0.2488529 0.1522807 -0.3080362
v 0.2788399 0.1522807 -0.307887
v 0.2788399 0.1562551 -0.307887
v 0.280553 0.1554707 -0.3078786
v 0.2812353 0.1536824 -0.3078752
v 0.2812353 0.1522807 -0.3078752
v 0.2805176 0.14471 -0.3031275
v 0.2781188 0.14471 -0.3031393
v 0.2791642 0.1301371 -0.2932838
v 0.276917 0.1301371 -0.293295
v 0.2741714 0.106167 -0.288186
v 0.272291 0.106167 -0.2881955
v 0.2693176 0.0796568 -0.2847659
v 0.2677953 0.0796568 -0.2847738
v 0.2685388 0.07578786 -0.2835763
v 0.2670737 0.07578786 -0.2835836
v 0.2670922 0.06877046 -0.2816315
v 0.2657332 0.06877046 -0.2816382
v 0.2317645 0.06348019 -0.2775886
v 0.2317106 0.06877046 -0.2818077
v 0.2303521 0.06877046 -0.2818144
v 0.2330175 0.06348019 -0.2775824
v 0.2317359 0.0599165 -0.2718371
v 0.2329889 0.0599165 -0.2718309
v 0.2316994 0.05807938 -0.264552
v 0.2329524 0.05807938 -0.2645459
v 0.2328609 0.05807938 -0.2462701
v 0.2316085 0.05807938 -0.2462768
v 0.231572 0.0599165 -0.2389918
v 0.232825 0.0599165 -0.2389856
v 0.2315434 0.06348019 -0.2332397
v 0.2327964 0.06348019 -0.2332335
v 0.231448 0.06877046 -0.2290217
v 0.230089 0.06877046 -0.2290285
v 0.2301075 0.07578786 -0.2270763
v 0.231448 0.06877046 -0.2290217
v 0.230089 0.06877046 -0.2290285
v 0.2286424 0.07578786 -0.2270836
v 0.2293859 0.0796568 -0.2258862
v 0.2278636 0.0796568 -0.225894
v 0.2248896 0.106167 -0.222465
v 0.2230093 0.106167 -0.222474
v 0.2202643 0.1301371 -0.217365
v 0.2180164 0.1301371 -0.2173762
v 0.2171949 0.1572623 -0.2173801
v 0.2147024 0.1572623 -0.2173925
v 0.2147024 0.1586646 -0.2173925
v 0.2153848 0.1604523 -0.2173891
v 0.2171949 0.1612373 -0.2173801
v 0.2484007 0.1572623 -0.2172247
v 0.2484007 0.1612373 -0.2172247
v 0.2796058 0.1612373 -0.2170693
v 0.2796058 0.1572623 -0.2170693
v 0.281416 0.1604523 -0.2170603
v 0.2820984 0.1586646 -0.2170563
v 0.2820984 0.1572623 -0.2170563
v 0.2787843 0.1301371 -0.2170732
v 0.2765371 0.1301371 -0.2170844
v 0.2738425 0.106167 -0.2222209
v 0.2719622 0.106167 -0.2222304
v 0.2690231 0.0796568 -0.2256887
v 0.2675007 0.0796568 -0.2256965
v 0.268256 0.07578786 -0.2268861
v 0.2667909 0.07578786 -0.2268934
v 0.2668291 0.06877046 -0.2288455
v 0.26547 0.06877046 -0.2288523
v 0.2175748 0.1572623 -0.2935907
v 0.2194978 0.14471 -0.3034317
v 0.2206442 0.1301371 -0.2935756
v 0.2188665 0.1522807 -0.3081861
v 0.2642288 0.05807938 -0.2461141
v 0.2643197 0.05807938 -0.2643898
v 0.2643562 0.0599165 -0.2716744
v 0.2641923 0.0599165 -0.238829
v 0.2643848 0.06348019 -0.2774264
v 0.2641637 0.06348019 -0.2330775
v 0.26547 0.06877046 -0.2288523
v 0.2657332 0.06877046 -0.2816382
v 0.2670737 0.07578786 -0.2835836
v 0.2667909 0.07578786 -0.2268934
v 0.2675007 0.0796568 -0.2256965
v 0.2677953 0.0796568 -0.2847738
v 0.2719622 0.106167 -0.2222304
v 0.272291 0.106167 -0.2881955
v 0.276917 0.1301371 -0.293295
v 0.2765371 0.1301371 -0.2170844
v 0.2796058 0.1572623 -0.2170693
v 0.2799857 0.1572623 -0.2932798
v 0.2781188 0.14471 -0.3031393
v 0.2788399 0.1522807 -0.307887
v 0.2670922 0.06877046 -0.2816315
v 0.2657332 0.06877046 -0.2816382
v 0.2656378 0.06348019 -0.2774203
v 0.2643848 0.06348019 -0.2774264
v 0.2656092 0.0599165 -0.2716682
v 0.2643562 0.0599165 -0.2716744
v 0.2655727 0.05807938 -0.2643831
v 0.2643197 0.05807938 -0.2643898
v 0.2642288 0.05807938 -0.2461141
v 0.2654812 0.05807938 -0.2461079
v 0.2654454 0.0599165 -0.2388229
v 0.2641923 0.0599165 -0.238829
v 0.2654167 0.06348019 -0.2330714
v 0.2641637 0.06348019 -0.2330775
v 0.26547 0.06877046 -0.2288523
v 0.2668291 0.06877046 -0.2288455
v 0.2656092 0.0599165 -0.2716682
v 0.2655727 0.05807938 -0.2643831
v 0.2654812 0.05807938 -0.2461079
v 0.2654454 0.0599165 -0.2388229
v 0.2656378 0.06348019 -0.2774203
v 0.2654167 0.06348019 -0.2330714
v 0.2668291 0.06877046 -0.2288455
v 0.2670922 0.06877046 -0.2816315
v 0.2685388 0.07578786 -0.2835763
v 0.268256 0.07578786 -0.2268861
v 0.2690231 0.0796568 -0.2256887
v 0.2693176 0.0796568 -0.2847659
v 0.2738425 0.106167 -0.2222209
v 0.2741714 0.106167 -0.288186
v 0.2791642 0.1301371 -0.2932838
v 0.2787843 0.1301371 -0.2170732
v 0.2820984 0.1572623 -0.2170563
v 0.2824782 0.1572623 -0.2932675
v 0.2805176 0.14471 -0.3031275
v 0.2812353 0.1522807 -0.3078752
v 0.2812353 0.1536824 -0.3078752
v 0.2824782 0.1586646 -0.2932675
v 0.2820984 0.1586646 -0.2170563
v 0.280553 0.1554707 -0.3078786
v 0.281416 0.1604523 -0.2170603
v 0.2817959 0.1604523 -0.2932709
v 0.2469064 0.02817939 -0.2565723
v 0.2461635 0.02956088 -0.2565762
v 0.2460995 0.03159663 -0.2437215
v 0.2468402 0.03028304 -0.2432911
v 0.2460417 0.03750525 -0.2321253
v 0.2482705 0.02742749 -0.2565656
v 0.2467801 0.03638806 -0.2313094
v 0.2459957 0.04670823 -0.2229223
v 0.2482032 0.02956817 -0.243052
v 0.2501581 0.02742749 -0.256556
v 0.246733 0.04589628 -0.2218012
v 0.2481425 0.0357798 -0.2308611
v 0.2500908 0.02956817 -0.2430425
v 0.2467027 0.05787794 -0.2156962
v 0.2459665 0.05830496 -0.2170137
v 0.2459564 0.07115972 -0.2149779
v 0.251456 0.03028304 -0.2432681
v 0.2515222 0.02817939 -0.2565493
v 0.2522011 0.03159663 -0.2436911
v 0.2522651 0.02956088 -0.2565459
v 0.2521434 0.03750525 -0.232095
v 0.2513965 0.03638806 -0.2312864
v 0.2500302 0.0357798 -0.2308515
v 0.2513494 0.04589628 -0.2217782
v 0.2520973 0.04670823 -0.222892
v 0.2480943 0.04545468 -0.2211862
v 0.2499819 0.04545468 -0.2211767
v 0.2480629 0.05764564 -0.2149746
v 0.2513185 0.05787794 -0.2156732
v 0.2520682 0.05830496 -0.2169834
v 0.2520575 0.07115972 -0.2149476
v 0.249951 0.05764564 -0.214965
v 0.2480522 0.07115972 -0.2128339
v 0.2499404 0.07115972 -0.2128249
v 0.2513084 0.07115972 -0.2135695
v 0.2513185 0.0844415 -0.2156732
v 0.2520682 0.08401448 -0.2169834
v 0.2513494 0.09642259 -0.2217782
v 0.2520973 0.09561065 -0.222892
v 0.249951 0.08467381 -0.214965
v 0.246692 0.07115972 -0.2135925
v 0.2467027 0.0844415 -0.2156962
v 0.2459665 0.08401448 -0.2170137
v 0.2480629 0.08467381 -0.2149746
v 0.246733 0.09642259 -0.2218012
v 0.2459957 0.09561065 -0.2229223
v 0.2480943 0.09686475 -0.2211862
v 0.2467801 0.1059314 -0.2313094
v 0.2460417 0.1048136 -0.2321253
v 0.2460995 0.1107222 -0.2437215
v 0.2499819 0.09686475 -0.2211767
v 0.2481425 0.1065396 -0.2308611
v 0.2468402 0.1120364 -0.2432911
v 0.2461635 0.1127586 -0.2565762
v 0.2469064 0.11414 -0.2565723
v 0.2482705 0.1148919 -0.2565656
v 0.2482032 0.1127513 -0.243052
v 0.2500302 0.1065396 -0.2308515
v 0.2500908 0.1127513 -0.2430425
v 0.2501581 0.1148919 -0.256556
v 0.2513965 0.1059314 -0.2312864
v 0.2521434 0.1048136 -0.232095
v 0.2522011 0.1107222 -0.2436911
v 0.251456 0.1120364 -0.2432681
v 0.2515222 0.11414 -0.2565493
v 0.2522651 0.1127586 -0.2565459
v 0.2469064 0.11414 -0.2565723
v 0.2461635 0.1127586 -0.2565762
v 0.2462274 0.1107228 -0.2694304
v 0.2469726 0.1120364 -0.2698535
v 0.2482705 0.1148919 -0.2565656
v 0.2470321 0.1059314 -0.2818352
v 0.2462852 0.1048136 -0.2810272
v 0.2483378 0.1127513 -0.2700796
v 0.2501581 0.1148919 -0.256556
v 0.2470798 0.09642259 -0.2913434
v 0.2463312 0.09561065 -0.2902301
v 0.2471101 0.0844415 -0.2974484
v 0.246361 0.08401448 -0.2961382
v 0.2463711 0.07115972 -0.2981745
v 0.2502255 0.1127513 -0.2700701
v 0.2483984 0.1065396 -0.2822706
v 0.2484467 0.09686475 -0.2919449
v 0.2484775 0.08467381 -0.2981566
v 0.2502866 0.1065396 -0.2822611
v 0.2515884 0.1120364 -0.2698305
v 0.2515222 0.11414 -0.2565493
v 0.2503343 0.09686475 -0.291936
v 0.2516484 0.1059314 -0.2818122
v 0.2523291 0.1107228 -0.2694001
v 0.2522651 0.1127586 -0.2565459
v 0.2523869 0.1048136 -0.2809969
v 0.2516956 0.09642259 -0.2913204
v 0.2524329 0.09561065 -0.2901993
v 0.2503657 0.08467381 -0.2981476
v 0.2517264 0.0844415 -0.2974254
v 0.2524621 0.08401448 -0.2961079
v 0.2524727 0.07115972 -0.2981442
v 0.2484882 0.07115972 -0.3002972
v 0.2503764 0.07115972 -0.3002877
v 0.2517366 0.07115972 -0.299529
v 0.2517264 0.05787794 -0.2974254
v 0.2524621 0.05830496 -0.2961079
v 0.2516956 0.04589685 -0.2913204
v 0.2524329 0.04670879 -0.2901993
v 0.2516484 0.03638806 -0.2818122
v 0.2523869 0.03750582 -0.2809969
v 0.2523291 0.03159663 -0.2694001
v 0.2503657 0.05764564 -0.2981476
v 0.2471202 0.07115972 -0.2995521
v 0.2471101 0.05787794 -0.2974484
v 0.246361 0.05830496 -0.2961388
v 0.2484775 0.05764564 -0.2981566
v 0.2470798 0.04589685 -0.2913434
v 0.2463312 0.04670879 -0.2902301
v 0.2503343 0.04545468 -0.291936
v 0.2484467 0.04545468 -0.2919449
v 0.2470321 0.03638806 -0.2818352
v 0.2462852 0.03750582 -0.2810272
v 0.2483984 0.0357798 -0.2822706
v 0.2469726 0.03028304 -0.2698541
v 0.2462274 0.03159663 -0.269431
v 0.2461635 0.02956088 -0.2565762
v 0.2469064 0.02817939 -0.2565723
v 0.2482705 0.02742749 -0.2565656
v 0.2483378 0.02956817 -0.2700796
v 0.2501581 0.02742749 -0.256556
v 0.2502866 0.0357798 -0.2822611
v 0.2502255 0.02956817 -0.2700701
v 0.2515884 0.03028304 -0.2698311
v 0.2515222 0.02817939 -0.2565493
v 0.2522651 0.02956088 -0.2565459
v 0.2462852 0.03750582 -0.2810272
v 0.2463312 0.04670879 -0.2902301
v 0.246361 0.05830496 -0.2961388
v 0.2459564 0.07115972 -0.2149779
v 0.2461635 0.02956088 -0.2565762
v 0.2462274 0.03159663 -0.269431
v 0.2460995 0.03159663 -0.2437215
v 0.2460417 0.03750525 -0.2321253
v 0.2459957 0.04670823 -0.2229223
v 0.2459665 0.05830496 -0.2170137
v 0.246361 0.08401448 -0.2961382
v 0.2463711 0.07115972 -0.2981745
v 0.2463312 0.09561065 -0.2902301
v 0.2462852 0.1048136 -0.2810272
v 0.2461635 0.1127586 -0.2565762
v 0.2462274 0.1107228 -0.2694304
v 0.2460417 0.1048136 -0.2321253
v 0.2460995 0.1107222 -0.2437215
v 0.2459665 0.08401448 -0.2170137
v 0.2459957 0.09561065 -0.2229223
v 0.2524621 0.08401448 -0.2961079
v 0.2524727 0.07115972 -0.2981442
v 0.2524621 0.05830496 -0.2961079
v 0.2520575 0.07115972 -0.2149476
v 0.2524329 0.09561065 -0.2901993
v 0.2523869 0.1048136 -0.2809969
v 0.2523869 0.03750582 -0.2809969
v 0.2522651 0.1127586 -0.2565459
v 0.2524329 0.04670879 -0.2901993
v 0.2523291 0.1107228 -0.2694001
v 0.2522651 0.02956088 -0.2565459
v 0.2523291 0.03159663 -0.2694001
v 0.2522011 0.03159663 -0.2436911
v 0.2521434 0.03750525 -0.232095
v 0.2520973 0.04670823 -0.222892
v 0.2520682 0.05830496 -0.2169834
v 0.2521434 0.1048136 -0.232095
v 0.2522011 0.1107222 -0.2436911
v 0.2520682 0.08401448 -0.2169834
v 0.2520973 0.09561065 -0.222892
v 0.2404462 0.1419476 -0.2563832
v 0.240555 0.1384754 -0.278304
v 0.2568186 0.1384754 -0.2782227
v 0.2567092 0.1419476 -0.2563024
v 0.240555 0.1384754 -0.278304
v 0.2406538 0.1283999 -0.2980785
v 0.2568186 0.1384754 -0.2782227
v 0.2569174 0.1283999 -0.2979977
v 0.2406538 0.1283999 -0.2980785
v 0.2407318 0.1127058 -0.3137721
v 0.2569174 0.1283999 -0.2979977
v 0.2569954 0.1127058 -0.3136912
v 0.2407318 0.1127058 -0.3137721
v 0.2407823 0.09293073 -0.3238481
v 0.2569954 0.1127058 -0.3136912
v 0.2570459 0.09293073 -0.3237668
v 0.2407823 0.09293073 -0.3238481
v 0.2407997 0.0710099 -0.3273198
v 0.2570459 0.09293073 -0.3237668
v 0.2570627 0.0710099 -0.327239
v 0.2407997 0.0710099 -0.3273198
v 0.2407823 0.04908907 -0.3238481
v 0.2570627 0.0710099 -0.327239
v 0.2570459 0.04908907 -0.3237668
v 0.2407823 0.04908907 -0.3238481
v 0.2407318 0.02931398 -0.3137721
v 0.2570459 0.04908907 -0.3237668
v 0.2569954 0.02931398 -0.3136912
v 0.2407318 0.02931398 -0.3137721
v 0.2406538 0.0136205 -0.2980785
v 0.2569954 0.02931398 -0.3136912
v 0.2569174 0.0136205 -0.2979977
v 0.2406538 0.0136205 -0.2980785
v 0.240555 0.003544417 -0.278304
v 0.2569174 0.0136205 -0.2979977
v 0.2568186 0.003544417 -0.2782227
v 0.240555 0.003544417 -0.278304
v 0.2404462 7.274975E-05 -0.2563832
v 0.2567092 7.274975E-05 -0.2563024
v 0.2568186 0.003544417 -0.2782227
v 0.2404462 7.274975E-05 -0.2563832
v 0.2403368 0.003544417 -0.2344629
v 0.2566004 0.003544417 -0.2343816
v 0.2567092 7.274975E-05 -0.2563024
v 0.2403368 0.003544417 -0.2344629
v 0.240238 0.0136205 -0.2146878
v 0.2566004 0.003544417 -0.2343816
v 0.2565016 0.0136205 -0.2146065
v 0.24016 0.02931398 -0.1989944
v 0.2564231 0.02931398 -0.198913
v 0.2565016 0.0136205 -0.2146065
v 0.240238 0.0136205 -0.2146878
v 0.2401095 0.04908907 -0.1889183
v 0.2563731 0.04908907 -0.1888375
v 0.2564231 0.02931398 -0.198913
v 0.24016 0.02931398 -0.1989944
v 0.2400927 0.0710099 -0.1854466
v 0.2563557 0.0710099 -0.1853658
v 0.2563731 0.04908907 -0.1888375
v 0.2401095 0.04908907 -0.1889183
v 0.2401095 0.09293073 -0.1889183
v 0.2563731 0.09293073 -0.1888375
v 0.2563557 0.0710099 -0.1853658
v 0.2400927 0.0710099 -0.1854466
v 0.24016 0.1127058 -0.1989944
v 0.2564231 0.1127058 -0.1989135
v 0.2563731 0.09293073 -0.1888375
v 0.2401095 0.09293073 -0.1889183
v 0.240238 0.1283999 -0.2146878
v 0.2565016 0.1283999 -0.2146065
v 0.2564231 0.1127058 -0.1989135
v 0.24016 0.1127058 -0.1989944
v 0.240238 0.1283999 -0.2146878
v 0.2403368 0.1384754 -0.2344629
v 0.2565016 0.1283999 -0.2146065
v 0.2566004 0.1384754 -0.2343816
v 0.2403368 0.1384754 -0.2344629
v 0.2404462 0.1419476 -0.2563832
v 0.2567092 0.1419476 -0.2563024
v 0.2566004 0.1384754 -0.2343816
v 0.2718758 0.08376871 -0.2545601
v 0.2718988 0.08185136 -0.2591888
v 0.2719083 0.07722265 -0.2611062
v 0.2718988 0.07259338 -0.2591888
v 0.2718758 0.07067603 -0.2545601
v 0.2718528 0.07259338 -0.2499309
v 0.2718528 0.08185136 -0.2499309
v 0.2718433 0.07722265 -0.2480135
v 0.2235985 0.07067603 -0.2548008
v 0.2235755 0.07259338 -0.2501716
v 0.2718758 0.07067603 -0.2545601
v 0.2718528 0.07259338 -0.2499309
v 0.2235659 0.07722265 -0.2482542
v 0.2718433 0.07722265 -0.2480135
v 0.2718433 0.07722265 -0.2480135
v 0.2235659 0.07722265 -0.2482542
v 0.2235755 0.08185136 -0.2501716
v 0.2718528 0.08185136 -0.2499309
v 0.2235985 0.08376871 -0.2548008
v 0.2718758 0.08376871 -0.2545601
v 0.2235985 0.08376871 -0.2548008
v 0.2236215 0.08185136 -0.2594295
v 0.2718758 0.08376871 -0.2545601
v 0.2718988 0.08185136 -0.2591888
v 0.223631 0.07722265 -0.2613469
v 0.2719083 0.07722265 -0.2611062
v 0.2235755 0.08185136 -0.2501716
v 0.2235659 0.07722265 -0.2482542
v 0.2235755 0.07259338 -0.2501716
v 0.2235985 0.08376871 -0.2548008
v 0.2236215 0.07259338 -0.2594295
v 0.2235985 0.07067603 -0.2548008
v 0.223631 0.07722265 -0.2613469
v 0.2236215 0.08185136 -0.2594295
v 0.2558703 0.1630671 -0.2882432
v 0.2558703 0.1609096 -0.2882432
v 0.2689748 0.1609096 -0.2818514
v 0.2689748 0.1630671 -0.2818514
v 0.2682784 0.1649492 -0.2809873
v 0.2556178 0.1649492 -0.2871625
v 0.2780089 0.1630671 -0.2704073
v 0.2780089 0.1609096 -0.2704073
v 0.2770061 0.1649497 -0.2699304
v 0.281182 0.1609096 -0.2561767
v 0.281182 0.1630671 -0.2561767
v 0.2800721 0.1649492 -0.2561823
v 0.2778669 0.1609096 -0.241978
v 0.2768692 0.1649492 -0.2424646
v 0.2778669 0.1630671 -0.241978
v 0.2687195 0.1609096 -0.2306243
v 0.2680321 0.1649492 -0.2314957
v 0.2687195 0.1630671 -0.2306243
v 0.2555516 0.1630671 -0.2243639
v 0.2555516 0.1609096 -0.2243639
v 0.2553103 0.1649492 -0.2254468
v 0.240972 0.1609096 -0.2244362
v 0.240972 0.1630671 -0.2244362
v 0.2412239 0.1649492 -0.2255175
v 0.2278669 0.1609096 -0.230828
v 0.2285633 0.1649492 -0.2316921
v 0.2278669 0.1630671 -0.230828
v 0.241532 0.1649492 -0.2872326
v 0.2558703 0.1630671 -0.2882432
v 0.2556178 0.1649492 -0.2871625
v 0.2412901 0.1630671 -0.2883162
v 0.2558703 0.1609096 -0.2882432
v 0.2412901 0.1609096 -0.2883162
v 0.2288102 0.1649492 -0.2811843
v 0.2281228 0.1630671 -0.2820551
v 0.2281228 0.1609096 -0.2820551
v 0.2189754 0.1630671 -0.2707014
v 0.2189754 0.1609096 -0.2707014
v 0.2199725 0.1649497 -0.2702149
v 0.2156603 0.1609096 -0.2565033
v 0.2156603 0.1630671 -0.2565033
v 0.2167696 0.1649492 -0.2564977
v 0.2188334 0.1609096 -0.2422726
v 0.2198356 0.1649492 -0.242749
v 0.2188334 0.1630671 -0.2422726
v 0.2278669 0.1609096 -0.230828
v 0.2285633 0.1649492 -0.2316921
v 0.2278669 0.1630671 -0.230828
v 0.2558703 0.1609096 -0.2882432
v 0.2412901 0.1609096 -0.2883162
v 0.2281228 0.1609096 -0.2820551
v 0.2689748 0.1609096 -0.2818514
v 0.2156603 0.1609096 -0.2565033
v 0.2189754 0.1609096 -0.2707014
v 0.2278669 0.1609096 -0.230828
v 0.2188334 0.1609096 -0.2422726
v 0.2555516 0.1609096 -0.2243639
v 0.240972 0.1609096 -0.2244362
v 0.2687195 0.1609096 -0.2306243
v 0.2778669 0.1609096 -0.241978
v 0.281182 0.1609096 -0.2561767
v 0.2780089 0.1609096 -0.2704073
v 0.2485713 0.2072371 -0.2282895
v 0.2541522 0.2093856 -0.4137153
v 0.249496 0.2081382 -0.4137389
v 0.2536775 0.2086056 -0.2282019
v 0.2575604 0.2127944 -0.4136985
v 0.2574151 0.2123438 -0.2280139
v 0.2588078 0.2174506 -0.4136923
v 0.258782 0.2174506 -0.227776
v 0.2575604 0.2221068 -0.4136985
v 0.2574129 0.2225574 -0.2275516
v 0.2541522 0.2255151 -0.4137153
v 0.2536735 0.2262956 -0.2274006
v 0.249496 0.226763 -0.4137389
v 0.2485668 0.2276636 -0.2273642
v 0.2434605 0.2262956 -0.2274517
v 0.2448398 0.2255151 -0.4137619
v 0.2397229 0.2225574 -0.2276397
v 0.241431 0.2221068 -0.4137787
v 0.238356 0.2174506 -0.2278776
v 0.2401836 0.2174506 -0.4137849
v 0.2397251 0.2123438 -0.228102
v 0.241431 0.2127944 -0.4137787
v 0.2434645 0.2086056 -0.228253
v 0.2448398 0.2093856 -0.4137619
v 0.2485713 0.2072371 -0.2282895
v 0.249496 0.2081382 -0.4137389
v 0.2484792 0.2039332 -0.2098611
v 0.2536775 0.2086056 -0.2282019
v 0.2485713 0.2072371 -0.2282895
v 0.2535838 0.2052193 -0.2093527
v 0.2574151 0.2123438 -0.2280139
v 0.2484029 0.19482 -0.1945003
v 0.2573152 0.2087324 -0.2080144
v 0.258782 0.2174506 -0.227776
v 0.2586748 0.2135323 -0.2062053
v 0.2574129 0.2225574 -0.2275516
v 0.2572972 0.2183316 -0.2044098
v 0.2536735 0.2262956 -0.2274006
v 0.2535523 0.2218448 -0.2031085
v 0.2534474 0.209316 -0.1819895
v 0.2485668 0.2276636 -0.2273642
v 0.2571979 0.2064728 -0.1844198
v 0.2585828 0.2025887 -0.1877584
v 0.2572311 0.1987041 -0.1911106
v 0.2535052 0.1958609 -0.1935784
v 0.2534468 0.1815415 -0.1819278
v 0.2483462 0.1808772 -0.1831556
v 0.2571688 0.1833568 -0.1786233
v 0.2585149 0.185837 -0.1741288
v 0.2571244 0.1883166 -0.1696476
v 0.2533694 0.1901318 -0.1663813
v 0.248257 0.1907962 -0.1652041
v 0.2483361 0.2103569 -0.1811187
v 0.2432338 0.209316 -0.18204
v 0.2431564 0.1901318 -0.1664318
v 0.2394345 0.1883166 -0.1697363
v 0.2484433 0.2231309 -0.2026512
v 0.2433393 0.2218448 -0.2031596
v 0.2434605 0.2262956 -0.2274517
v 0.2396079 0.2183316 -0.2044978
v 0.2397229 0.2225574 -0.2276397
v 0.239508 0.2064728 -0.1845079
v 0.2380884 0.185837 -0.1742309
v 0.2382483 0.2135323 -0.2063069
v 0.238356 0.2174506 -0.2278776
v 0.2381562 0.2025887 -0.18786
v 0.2394788 0.1833568 -0.178712
v 0.2396258 0.2087324 -0.2081025
v 0.2397251 0.2123438 -0.228102
v 0.2395411 0.1987041 -0.1911987
v 0.2432338 0.1815415 -0.1819783
v 0.2433702 0.2052193 -0.2094038
v 0.2434645 0.2086056 -0.228253
v 0.2432916 0.1958609 -0.1936295
v 0.2484029 0.19482 -0.1945003
v 0.2483462 0.1808772 -0.1831556
v 0.2484792 0.2039332 -0.2098611
v 0.2485713 0.2072371 -0.2282895
v 0.2459559 0.1044545 0.2964653
v 0.253127 0.1069358 -0.1177589
v 0.2480219 0.1055846 -0.1180311
v 0.2510621 0.1058225 0.2964906
v 0.2568618 0.1106285 -0.1170665
v 0.2548003 0.1095607 0.2965097
v 0.2582259 0.1156725 -0.1161384
v 0.2561688 0.1146675 0.2965164
v 0.2568528 0.1207164 -0.1152243
v 0.2548003 0.1197743 0.2965097
v 0.2531113 0.1244092 -0.1145684
v 0.2510621 0.1235125 0.2964906
v 0.2480034 0.1257609 -0.1143473
v 0.2459559 0.1248811 0.2964653
v 0.2408491 0.1235125 0.2964401
v 0.2428977 0.1244092 -0.1146194
v 0.2371109 0.1197743 0.296421
v 0.2391629 0.1207164 -0.1153124
v 0.2357423 0.1146675 0.2964143
v 0.2377994 0.1156725 -0.11624
v 0.2371109 0.1095607 0.296421
v 0.2391724 0.1106285 -0.1171546
v 0.2408491 0.1058225 0.2964401
v 0.242914 0.1069364 -0.11781
v 0.2459559 0.1044545 0.2964653
v 0.2480219 0.1055846 -0.1180311
v 0.2371109 0.1197743 0.296421
v 0.2408491 0.1235125 0.2964401
v 0.2459559 0.1248811 0.2964653
v 0.2561688 0.1146675 0.2965164
v 0.2548003 0.1197743 0.2965097
v 0.2510621 0.1235125 0.2964906
v 0.2371109 0.1095607 0.296421
v 0.2357423 0.1146675 0.2964143
v 0.2408491 0.1058225 0.2964401
v 0.2459559 0.1044545 0.2964653
v 0.2510621 0.1058225 0.2964906
v 0.2548003 0.1095607 0.2965097
v 0.2489562 0.448819 -0.2643433
v 0.246467 0.448819 0.2349775
v 0.2515738 0.4501875 0.2350033
v 0.254063 0.4501875 -0.2643747
v 0.255312 0.4539257 0.2350218
v 0.2578023 0.4539257 -0.2645122
v 0.2566806 0.4590325 0.2350286
v 0.2591714 0.4590325 -0.2647181
v 0.255312 0.4641393 0.2350218
v 0.257804 0.4641393 -0.2649375
v 0.2515738 0.4678775 0.2350033
v 0.2540669 0.4678775 -0.265112
v 0.246467 0.4692455 0.2349775
v 0.2489601 0.4692455 -0.2651939
v 0.2438533 0.4678775 -0.2651625
v 0.2413603 0.4678775 0.2349522
v 0.2401146 0.4641393 -0.2650256
v 0.2376221 0.4641393 0.2349337
v 0.2387449 0.4590325 -0.2648197
v 0.236254 0.4590325 0.234927
v 0.2401123 0.4539257 -0.2646003
v 0.2376221 0.4539257 0.2349337
v 0.24385 0.4501875 -0.2644258
v 0.2413603 0.4501875 0.2349522
v 0.2489562 0.448819 -0.2643433
v 0.246467 0.448819 0.2349775
v 0.2490359 0.4461907 -0.2803084
v 0.2489562 0.448819 -0.2643433
v 0.254063 0.4501875 -0.2643747
v 0.2541443 0.4474891 -0.2807286
v 0.2578023 0.4539257 -0.2645122
v 0.2491038 0.4388708 -0.2939223
v 0.2578887 0.4510365 -0.2819278
v 0.2591714 0.4590325 -0.2647181
v 0.2592657 0.4558829 -0.2835848
v 0.257804 0.4641393 -0.2649375
v 0.2579055 0.4607294 -0.2852547
v 0.2540669 0.4678775 -0.265112
v 0.2541735 0.4642768 -0.2864914
v 0.2542683 0.4540295 -0.3055516
v 0.2489601 0.4692455 -0.2651939
v 0.2579953 0.4510562 -0.3032471
v 0.2593482 0.4469942 -0.3001171
v 0.2579639 0.4429322 -0.2970012
v 0.2542145 0.4399588 -0.2947337
v 0.2542689 0.428283 -0.3056593
v 0.2491565 0.427521 -0.3045421
v 0.2580228 0.4303637 -0.3087618
v 0.2594121 0.4332063 -0.3130184
v 0.2580649 0.4360484 -0.3172891
v 0.2543424 0.4381296 -0.3204286
v 0.2492412 0.438891 -0.3215963
v 0.249166 0.4551176 -0.3064135
v 0.2440548 0.4540295 -0.3056021
v 0.2441294 0.4381296 -0.3204797
v 0.2403755 0.4360484 -0.3173773
v 0.249069 0.4655752 -0.2869627
v 0.2439599 0.4642768 -0.2865424
v 0.2438533 0.4678775 -0.2651625
v 0.2402156 0.4607294 -0.2853433
v 0.2401146 0.4641393 -0.2650256
v 0.2403053 0.4510562 -0.3033351
v 0.2389856 0.4332063 -0.3131206
v 0.2388391 0.4558829 -0.2836863
v 0.2387449 0.4590325 -0.2648197
v 0.2389216 0.4469942 -0.3002192
v 0.2403328 0.4303637 -0.3088499
v 0.2401993 0.4510365 -0.2820159
v 0.2401123 0.4539257 -0.2646003
v 0.2402745 0.4429322 -0.2970893
v 0.2440553 0.428283 -0.3057104
v 0.2439313 0.4474891 -0.2807797
v 0.24385 0.4501875 -0.2644258
v 0.2440009 0.4399588 -0.2947848
v 0.2491038 0.4388708 -0.2939223
v 0.2491565 0.427521 -0.3045421
v 0.2490359 0.4461907 -0.2803084
v 0.2489562 0.448819 -0.2643433
v 0.2491565 0.427521 -0.3045421
v 0.2550842 0.06883442 -0.469248
v 0.2499713 0.06827442 -0.4680253
v 0.2542689 0.428283 -0.3056593
v 0.2588398 0.07036517 -0.4726394
v 0.2580228 0.4303637 -0.3087618
v 0.2602308 0.07245591 -0.4772905
v 0.2594121 0.4332063 -0.3130184
v 0.2588858 0.07454666 -0.4819557
v 0.2580649 0.4360484 -0.3172891
v 0.2551644 0.0760774 -0.4853847
v 0.2543424 0.4381296 -0.3204286
v 0.2500644 0.07663796 -0.4866579
v 0.2492412 0.438891 -0.3215963
v 0.2441294 0.4381296 -0.3204797
v 0.2449515 0.0760774 -0.4854358
v 0.2403755 0.4360484 -0.3173773
v 0.2411964 0.07454666 -0.4820444
v 0.2389856 0.4332063 -0.3131206
v 0.2398048 0.07245591 -0.4773926
v 0.2403328 0.4303637 -0.3088499
v 0.2411498 0.07036517 -0.4727274
v 0.2440553 0.428283 -0.3057104
v 0.2448712 0.06883442 -0.469299
v 0.2491565 0.427521 -0.3045421
v 0.2499713 0.06827442 -0.4680253
v 0.2469058 0.06738953 -0.4816258
v 0.2464126 0.06664829 -0.4799778
v 0.246889 0.06590761 -0.4783252
v 0.2482076 0.06536557 -0.4771104
v 0.2500145 0.06516693 -0.4766593
v 0.2518258 0.06536557 -0.4770925
v 0.2536488 0.06664829 -0.4799418
v 0.2531562 0.06590761 -0.4782938
v 0.2518544 0.06793158 -0.4828098
v 0.2531725 0.06738953 -0.4815949
v 0.2500476 0.06813022 -0.4832609
v 0.2482363 0.06793158 -0.4828277
v 0.2487379 0.1456359 -0.4647006
v 0.2390097 0.1432719 -0.4658515
v 0.2490499 0.1748333 -0.5273146
v 0.2393217 0.1724699 -0.5284649
v 0.2322111 0.1660114 -0.5315124
v 0.2318986 0.1368139 -0.4688984
v 0.2293113 0.1279919 -0.4730249
v 0.2296233 0.1571894 -0.5356389
v 0.2297753 0.1103401 -0.4812537
v 0.2300873 0.1395382 -0.5438678
v 0.2584773 0.1432719 -0.4657544
v 0.2487379 0.1456359 -0.4647006
v 0.2490499 0.1748333 -0.5273146
v 0.2587893 0.1724699 -0.5283679
v 0.2659296 0.1660114 -0.5313441
v 0.2656176 0.1368139 -0.46873
v 0.2682464 0.1279919 -0.4728307
v 0.2685584 0.1571894 -0.5354447
v 0.2678643 0.1103407 -0.4810635
v 0.2681763 0.1395382 -0.5436781
v 0.2678744 0.09992737 -0.483129
v 0.2682094 0.1312627 -0.5503274
v 0.2682094 0.1312627 -0.5503274
v 0.2601607 0.1312627 -0.5503672
v 0.2678744 0.09992737 -0.483129
v 0.2598257 0.09992737 -0.4831689
v 0.2491649 0.1312627 -0.5504223
v 0.2488299 0.09992737 -0.4832238
v 0.2381697 0.1312627 -0.5504772
v 0.2378347 0.09992737 -0.4832788
v 0.2301204 0.1312627 -0.5505171
v 0.2297854 0.09992737 -0.4833187
v 0.1155784 0.1285626 -0.5452975
v 0.1153012 0.1026269 -0.4896801
v 0.1010251 0.1257845 -0.5394124
v 0.1008074 0.105405 -0.49571
v 0.09217284 0.1215603 -0.530398
v 0.0920449 0.1096292 -0.5048125
v 0.2300873 0.1395382 -0.5438678
v 0.2297753 0.1103401 -0.4812537
v 0.2259019 0.1092482 -0.4792298
v 0.2262352 0.1404012 -0.5460371
v 0.1152754 0.1085731 -0.4869082
v 0.1155526 0.1345082 -0.5425245
v 0.10079 0.1109203 -0.4931383
v 0.1010077 0.1312992 -0.5368408
v 0.09203313 0.1148835 -0.5023621
v 0.0921605 0.1268141 -0.5279481
v 0.1010251 0.1257845 -0.5394124
v 0.1010077 0.1312992 -0.5368408
v 0.0921605 0.1268141 -0.5279481
v 0.09217284 0.1215603 -0.530398
v 0.09203313 0.1148835 -0.5023621
v 0.0920449 0.1096292 -0.5048125
v 0.1008074 0.105405 -0.49571
v 0.10079 0.1109203 -0.4931383
v 0.1010077 0.1312992 -0.5368408
v 0.1010251 0.1257845 -0.5394124
v 0.1155784 0.1285626 -0.5452975
v 0.1155526 0.1345082 -0.5425245
v 0.2262352 0.1404012 -0.5460371
v 0.2301204 0.1312627 -0.5505171
v 0.2315591 0.1402036 -0.5452874
v 0.2339781 0.1406071 -0.5461403
v 0.2381697 0.1312627 -0.5504772
v 0.2310996 0.1576944 -0.5371332
v 0.2300873 0.1395382 -0.5438678
v 0.2296233 0.1571894 -0.5356389
v 0.2335326 0.16599 -0.533253
v 0.2322111 0.1660114 -0.5315124
v 0.2393217 0.1724699 -0.5284649
v 0.2381478 0.1406071 -0.5461195
v 0.2491649 0.1312627 -0.5504223
v 0.2646805 0.157833 -0.5379546
v 0.2335259 0.157833 -0.5381101
v 0.2491436 0.1406071 -0.5460652
v 0.2601607 0.1312627 -0.5503672
v 0.2400893 0.1719452 -0.5304429
v 0.2490499 0.1748333 -0.5273146
v 0.2601388 0.1406071 -0.5460101
v 0.2643085 0.1406071 -0.5459894
v 0.2682094 0.1312627 -0.5503274
v 0.2667191 0.1402036 -0.5451118
v 0.2681763 0.1395382 -0.5436781
v 0.2670973 0.1576944 -0.5369536
v 0.2685584 0.1571894 -0.5354447
v 0.2646255 0.16599 -0.5330976
v 0.2659296 0.1660114 -0.5313441
v 0.2587893 0.1724699 -0.5283679
v 0.2580408 0.1719452 -0.5303537
v 0.2624674 0.1652606 -0.534502
v 0.24906 0.1741246 -0.5293818
v 0.2568001 0.1703864 -0.5321403
v 0.2357047 0.1652606 -0.5346356
v 0.2413485 0.1703864 -0.5322171
v 0.2490695 0.1722628 -0.5313036
v 0.1008074 0.105405 -0.49571
v 0.10079 0.1109203 -0.4931383
v 0.1152754 0.1085731 -0.4869082
v 0.1153012 0.1026269 -0.4896801
v 0.2259019 0.1092482 -0.4792298
v 0.2297854 0.09992737 -0.4833187
v 0.2312325 0.1096752 -0.4798195
v 0.2336431 0.1092717 -0.4789425
v 0.2331909 0.1264977 -0.4709117
v 0.230773 0.127166 -0.4716653
v 0.2297753 0.1103401 -0.4812537
v 0.2378347 0.09992737 -0.4832788
v 0.2293113 0.1279919 -0.4730249
v 0.2378128 0.1092717 -0.4789217
v 0.2488086 0.1092717 -0.4788667
v 0.2488299 0.09992737 -0.4832238
v 0.2598038 0.1092717 -0.4788117
v 0.2598257 0.09992737 -0.4831689
v 0.2639735 0.1092717 -0.478791
v 0.2678744 0.09992737 -0.483129
v 0.233206 0.1354616 -0.4677851
v 0.2318986 0.1368139 -0.4688984
v 0.2353697 0.1339252 -0.4674372
v 0.2663931 0.1096752 -0.4796444
v 0.2678643 0.1103407 -0.4810635
v 0.2643455 0.1264977 -0.4707563
v 0.2667713 0.127166 -0.4714863
v 0.2682464 0.1279919 -0.4728307
v 0.2397633 0.1414168 -0.4649756
v 0.2390097 0.1432719 -0.4658515
v 0.248734 0.1435962 -0.4639145
v 0.2487379 0.1456359 -0.4647006
v 0.2584773 0.1432719 -0.4657544
v 0.2410135 0.1390511 -0.4650187
v 0.2621325 0.1339252 -0.4673042
v 0.2642995 0.1354616 -0.4676302
v 0.2656176 0.1368139 -0.46873
v 0.2577147 0.1414168 -0.4648858
v 0.2564651 0.1390511 -0.4649419
v 0.2487345 0.1409269 -0.4641058
v 0.2500644 0.07663796 -0.4866579
v 0.2449515 0.0760774 -0.4854358
v 0.2461539 0.07153624 -0.4851906
v 0.2411964 0.07454666 -0.4820444
v 0.2432838 0.07036629 -0.4825988
v 0.2398048 0.07245591 -0.4773926
v 0.2500616 0.07196437 -0.4861254
v 0.2539597 0.07153624 -0.4851519
v 0.2551644 0.0760774 -0.4853847
v 0.2588858 0.07454666 -0.4819557
v 0.256804 0.07036629 -0.4825314
v 0.2602308 0.07245591 -0.4772905
v 0.2469058 0.06738953 -0.4816258
v 0.2482363 0.06793158 -0.4828277
v 0.2500476 0.06813022 -0.4832609
v 0.2518544 0.06793158 -0.4828098
v 0.2531725 0.06738953 -0.4815949
v 0.2464126 0.06664829 -0.4799778
v 0.2536488 0.06664829 -0.4799418
v 0.2422199 0.06876821 -0.4790435
v 0.246889 0.06590761 -0.4783252
v 0.257832 0.06876821 -0.4789655
v 0.2531562 0.06590761 -0.4782938
v 0.2432484 0.06717014 -0.4754775
v 0.2411498 0.07036517 -0.4727274
v 0.2482076 0.06536557 -0.4771104
v 0.2567687 0.06717014 -0.4754102
v 0.2518258 0.06536557 -0.4770925
v 0.2588398 0.07036517 -0.4726394
v 0.2460922 0.06600019 -0.4728566
v 0.2448712 0.06883442 -0.469299
v 0.2500145 0.06516693 -0.4766593
v 0.2538985 0.06600019 -0.4728178
v 0.2550842 0.06883442 -0.469248
v 0.2499909 0.06557206 -0.471883
v 0.2499713 0.06827442 -0.4680253
v 0.2430296 0.1156203 -0.1409664
v 0.242914 0.1069364 -0.11781
v 0.2480219 0.1055846 -0.1180311
v 0.2481392 0.1144386 -0.141642
v 0.2391724 0.1106285 -0.1171546
v 0.2431222 0.1316482 -0.1595704
v 0.248234 0.1307807 -0.1606102
v 0.2482946 0.1527627 -0.1727793
v 0.2392813 0.1188473 -0.1390698
v 0.2377994 0.1156725 -0.11624
v 0.2431817 0.153257 -0.1715274
v 0.2483462 0.1808772 -0.1831556
v 0.2432338 0.1815415 -0.1819783
v 0.2393694 0.1340184 -0.156679
v 0.2394261 0.1546088 -0.1680563
v 0.2394788 0.1833568 -0.178712
v 0.2379004 0.1232561 -0.1364606
v 0.2391629 0.1207164 -0.1153124
v 0.2379812 0.1372555 -0.1527107
v 0.2380339 0.1564549 -0.1632963
v 0.2380884 0.185837 -0.1742309
v 0.2392555 0.1276642 -0.1338379
v 0.2428977 0.1244092 -0.1146194
v 0.2393296 0.1404932 -0.1487284
v 0.2393784 0.158301 -0.1585228
v 0.2394345 0.1883166 -0.1697363
v 0.2430532 0.1428634 -0.1457999
v 0.2430992 0.1596522 -0.1550147
v 0.2481549 0.1437309 -0.1447091
v 0.2431564 0.1901318 -0.1664318
v 0.2429842 0.1308918 -0.1319037
v 0.2481998 0.1601465 -0.1537118
v 0.248257 0.1907962 -0.1652041
v 0.2533694 0.1901318 -0.1663813
v 0.2480876 0.132073 -0.1311776
v 0.2480034 0.1257609 -0.1143473
v 0.2531113 0.1244092 -0.1145684
v 0.2533127 0.1596522 -0.1549636
v 0.2571244 0.1883166 -0.1696476
v 0.2531972 0.1308918 -0.1318532
v 0.2570683 0.158301 -0.1584347
v 0.2585149 0.185837 -0.1741288
v 0.2532667 0.1428634 -0.1457489
v 0.2569455 0.1276642 -0.1337498
v 0.2568528 0.1207164 -0.1152243
v 0.2584605 0.1564549 -0.1631947
v 0.2571688 0.1833568 -0.1786233
v 0.2570195 0.1404932 -0.1486403
v 0.2583264 0.1232561 -0.136359
v 0.2582259 0.1156725 -0.1161384
v 0.257116 0.1546088 -0.1679682
v 0.2534468 0.1815415 -0.1819278
v 0.2584077 0.1372555 -0.1526086
v 0.2569713 0.1188473 -0.1389817
v 0.2568618 0.1106285 -0.1170665
v 0.2533947 0.153257 -0.1714763
v 0.2483462 0.1808772 -0.1831556
v 0.2482946 0.1527627 -0.1727793
v 0.2570594 0.1340184 -0.1565909
v 0.2532426 0.1156203 -0.1409159
v 0.253127 0.1069358 -0.1177589
v 0.2480219 0.1055846 -0.1180311
v 0.2481392 0.1144386 -0.141642
v 0.2533352 0.1316482 -0.1595194
v 0.248234 0.1307807 -0.1606102
v 0.2800721 0.1649492 -0.2561823
v 0.2752627 0.1660316 -0.2691016
v 0.2770061 0.1649497 -0.2699304
v 0.2682784 0.1649492 -0.2809873
v 0.2781413 0.1660316 -0.2561918
v 0.2768692 0.1649492 -0.2424646
v 0.2670676 0.1660316 -0.2794841
v 0.2556178 0.1649492 -0.2871625
v 0.2751342 0.1660316 -0.2433113
v 0.255179 0.1660316 -0.2852821
v 0.2680321 0.1649492 -0.2314957
v 0.2668358 0.1660316 -0.2330113
v 0.2553103 0.1649492 -0.2254468
v 0.2548901 0.1660316 -0.2273316
v 0.2412239 0.1649492 -0.2255175
v 0.2419522 0.1660316 -0.2853484
v 0.241532 0.1649492 -0.2872326
v 0.2300065 0.1660316 -0.2796687
v 0.2288102 0.1649492 -0.2811843
v 0.221708 0.1660316 -0.2693687
v 0.2199725 0.1649497 -0.2702149
v 0.2167696 0.1649492 -0.2564977
v 0.2187004 0.1660316 -0.2564881
v 0.2198356 0.1649492 -0.242749
v 0.2215796 0.1660316 -0.2435778
v 0.2285633 0.1649492 -0.2316921
v 0.2297748 0.1660316 -0.2331959
v 0.2416633 0.1660316 -0.2273973
v 0.24027 0.09668856 -0.2210403
v 0.2403183 0.1063539 -0.2307051
v 0.2364633 0.1139706 -0.2251904
v 0.2403789 0.1125588 -0.2428831
v 0.2365368 0.1215126 -0.2399934
v 0.2404462 0.1146972 -0.2563832
v 0.2366188 0.1241118 -0.2564023
v 0.2405135 0.1125588 -0.2698832
v 0.2353243 0.130467 -0.2370901
v 0.2367007 0.1215132 -0.2728117
v 0.2405741 0.1063539 -0.2820618
v 0.2367742 0.11397 -0.2876147
v 0.2406224 0.09668856 -0.2917266
v 0.236405 0.1022224 -0.2134427
v 0.2352373 0.1215873 -0.2196622
v 0.2363668 0.08741938 -0.2059001
v 0.2402391 0.08450995 -0.2148349
v 0.2351683 0.1077562 -0.2058316
v 0.2363539 0.0710099 -0.203301
v 0.2402285 0.0710099 -0.2126964
v 0.2351239 0.0903288 -0.1969524
v 0.24016 0.1127058 -0.1989944
v 0.240238 0.1283999 -0.2146878
v 0.2401095 0.09293073 -0.1889183
v 0.2403368 0.1384754 -0.2344629
v 0.2351088 0.0710099 -0.1938926
v 0.2400927 0.0710099 -0.1854466
v 0.2401095 0.04908907 -0.1889183
v 0.2363668 0.05460043 -0.2059001
v 0.2402391 0.05750985 -0.2148349
v 0.236405 0.03979744 -0.2134427
v 0.24027 0.04533123 -0.2210403
v 0.2403183 0.03566645 -0.2307051
v 0.2354202 0.1335268 -0.2564085
v 0.2404462 0.1419476 -0.2563832
v 0.2351239 0.051691 -0.1969524
v 0.2355167 0.130467 -0.2757268
v 0.240555 0.1384754 -0.278304
v 0.2406538 0.1283999 -0.2980785
v 0.2351683 0.03426365 -0.2058316
v 0.24016 0.02931398 -0.1989944
v 0.240238 0.0136205 -0.2146878
v 0.2356037 0.1215867 -0.2931542
v 0.2356727 0.1077562 -0.3069847
v 0.2407318 0.1127058 -0.3137721
v 0.2407823 0.09293073 -0.3238481
v 0.2352373 0.02043309 -0.2196622
v 0.2403368 0.003544417 -0.2344629
v 0.2364633 0.02804977 -0.2251904
v 0.2403789 0.029461 -0.2428831
v 0.2353243 0.01155276 -0.2370901
v 0.2404462 7.274975E-05 -0.2563832
v 0.2365368 0.02050716 -0.2399934
v 0.2354202 0.00849352 -0.2564085
v 0.2366188 0.01790804 -0.2564023
v 0.2404462 0.02732256 -0.2563832
v 0.2405135 0.029461 -0.2698832
v 0.2355167 0.01155276 -0.2757268
v 0.240555 0.003544417 -0.278304
v 0.2367007 0.02050716 -0.2728117
v 0.2405741 0.03566645 -0.2820618
v 0.2356037 0.02043309 -0.2931542
v 0.2406538 0.0136205 -0.2980785
v 0.2407318 0.02931398 -0.3137721
v 0.2367742 0.02804977 -0.2876142
v 0.2406224 0.04533123 -0.2917266
v 0.2356727 0.03426365 -0.3069847
v 0.2368331 0.03979744 -0.2993619
v 0.2368707 0.05460043 -0.3069045
v 0.2406532 0.05750985 -0.2979315
v 0.2406639 0.0710099 -0.30007
v 0.2357165 0.051691 -0.3158645
v 0.2407823 0.04908907 -0.3238481
v 0.2368836 0.0710099 -0.3095036
v 0.2406532 0.08450995 -0.2979315
v 0.2357322 0.0710099 -0.3189243
v 0.2407997 0.0710099 -0.3273198
v 0.2357165 0.0903288 -0.3158645
v 0.2368707 0.08741938 -0.3069045
v 0.2368331 0.1022224 -0.2993619
v 0.2402285 0.0710099 -0.2126964
v 0.2483861 0.05850359 -0.2178531
v 0.248376 0.0710099 -0.2158724
v 0.2483861 0.0835162 -0.2178531
v 0.2402391 0.05750985 -0.2148349
v 0.2402391 0.08450995 -0.2148349
v 0.2484147 0.04722166 -0.2236018
v 0.24027 0.04533123 -0.2210403
v 0.2403183 0.03566645 -0.2307051
v 0.248459 0.03826838 -0.2325551
v 0.2403789 0.029461 -0.2428831
v 0.2485151 0.03252024 -0.2438365
v 0.2484147 0.09479814 -0.2236018
v 0.24027 0.09668856 -0.2210403
v 0.2403183 0.1063539 -0.2307051
v 0.248459 0.1037514 -0.2325551
v 0.2403789 0.1125588 -0.2428831
v 0.2485151 0.1095001 -0.243837
v 0.2404462 0.02732256 -0.2563832
v 0.248578 0.03053948 -0.2563428
v 0.2486403 0.03252024 -0.2688485
v 0.2405135 0.029461 -0.2698832
v 0.2486964 0.03826838 -0.2801305
v 0.2405741 0.03566645 -0.2820618
v 0.2404462 0.1146972 -0.2563832
v 0.248578 0.1114809 -0.2563428
v 0.2486403 0.1095001 -0.2688485
v 0.2405135 0.1125588 -0.2698832
v 0.2487407 0.04722166 -0.2890837
v 0.2406224 0.04533123 -0.2917266
v 0.2406532 0.05750985 -0.2979315
v 0.2487693 0.05850359 -0.2948319
v 0.2486964 0.1037514 -0.2801305
v 0.2405741 0.1063539 -0.2820618
v 0.2406224 0.09668856 -0.2917266
v 0.2487407 0.09479814 -0.2890837
v 0.2406532 0.08450995 -0.2979315
v 0.2487693 0.0835162 -0.2948319
v 0.2406639 0.0710099 -0.30007
v 0.2487794 0.0710099 -0.2968127
v 0.2563557 0.0710099 -0.1853658
v 0.2614232 0.0710099 -0.1937613
v 0.2563731 0.04908907 -0.1888375
v 0.2563731 0.09293073 -0.1888375
v 0.2614389 0.051691 -0.1968211
v 0.2614389 0.0903288 -0.1968211
v 0.2614833 0.03426365 -0.2057009
v 0.2564231 0.02931398 -0.198913
v 0.2565016 0.0136205 -0.2146065
v 0.2615517 0.02043309 -0.2195315
v 0.2566004 0.003544417 -0.2343816
v 0.2616387 0.01155276 -0.2369588
v 0.2564231 0.1127058 -0.1989135
v 0.2614833 0.1077562 -0.2057009
v 0.2615517 0.1215873 -0.2195315
v 0.2565016 0.1283999 -0.2146065
v 0.2616387 0.130467 -0.2369588
v 0.2566004 0.1384754 -0.2343816
v 0.2567092 7.274975E-05 -0.2563024
v 0.2617352 0.00849352 -0.2562771
v 0.2618311 0.01155276 -0.2755955
v 0.2568186 0.003544417 -0.2782227
v 0.2617352 0.1335268 -0.2562771
v 0.2567092 0.1419476 -0.2563024
v 0.2568186 0.1384754 -0.2782227
v 0.2618311 0.130467 -0.2755955
v 0.2619181 0.02043309 -0.2930228
v 0.2569174 0.0136205 -0.2979977
v 0.2569174 0.1283999 -0.2979977
v 0.2619181 0.1215867 -0.2930228
v 0.2569954 0.02931398 -0.3136912
v 0.2619871 0.03426365 -0.3068534
v 0.2620315 0.051691 -0.3157332
v 0.2570459 0.04908907 -0.3237668
v 0.2620466 0.0710099 -0.318793
v 0.2570627 0.0710099 -0.327239
v 0.2620315 0.0903288 -0.3157332
v 0.2570459 0.09293073 -0.3237668
v 0.2619871 0.1077562 -0.3068534
v 0.2569954 0.1127058 -0.3136912
v 0.2614833 0.03426365 -0.2057009
v 0.2585463 0.04074293 -0.2146334
v 0.2615517 0.02043309 -0.2195315
v 0.2614389 0.051691 -0.1968211
v 0.2585098 0.05509758 -0.2073192
v 0.2614232 0.0710099 -0.1937613
v 0.2584969 0.0710099 -0.2047986
v 0.2614389 0.0903288 -0.1968211
v 0.2585098 0.08692222 -0.2073192
v 0.2614833 0.1077562 -0.2057009
v 0.2585463 0.1012774 -0.2146334
v 0.2615517 0.1215873 -0.2195315
v 0.258603 0.1126693 -0.2260253
v 0.2616387 0.130467 -0.2369588
v 0.2586743 0.1199836 -0.24038
v 0.2617352 0.1335268 -0.2562771
v 0.258754 0.1225036 -0.2562917
v 0.2618311 0.130467 -0.2755955
v 0.248376 0.0710099 -0.2158724
v 0.2483861 0.0835162 -0.2178531
v 0.2483861 0.05850359 -0.2178531
v 0.2484147 0.09479814 -0.2236018
v 0.248459 0.1037514 -0.2325551
v 0.2485151 0.1095001 -0.243837
v 0.248578 0.1114809 -0.2563428
v 0.2486403 0.1095001 -0.2688485
v 0.2484147 0.04722166 -0.2236018
v 0.2588331 0.1199836 -0.272204
v 0.2486964 0.1037514 -0.2801305
v 0.258603 0.02935102 -0.2260253
v 0.248459 0.03826838 -0.2325551
v 0.2485151 0.03252024 -0.2438365
v 0.2589049 0.1126693 -0.2865587
v 0.2619181 0.1215867 -0.2930228
v 0.2586743 0.02203678 -0.24038
v 0.2616387 0.01155276 -0.2369588
v 0.248578 0.03053948 -0.2563428
v 0.2617352 0.00849352 -0.2562771
v 0.2589616 0.1012774 -0.2979506
v 0.2619871 0.1077562 -0.3068534
v 0.2487407 0.09479814 -0.2890837
v 0.2620315 0.0903288 -0.3157332
v 0.258998 0.08692222 -0.3052649
v 0.2487693 0.0835162 -0.2948319
v 0.2620466 0.0710099 -0.318793
v 0.2487794 0.0710099 -0.2968127
v 0.258754 0.01951622 -0.2562923
v 0.2588331 0.02203678 -0.272204
v 0.2486403 0.03252024 -0.2688485
v 0.2618311 0.01155276 -0.2755955
v 0.2589049 0.02935046 -0.2865587
v 0.2486964 0.03826838 -0.2801305
v 0.2619181 0.02043309 -0.2930228
v 0.2487407 0.04722166 -0.2890837
v 0.2589616 0.04074293 -0.2979506
v 0.2619871 0.03426365 -0.3068534
v 0.2487693 0.05850359 -0.2948319
v 0.2620315 0.051691 -0.3157332
v 0.258998 0.05509758 -0.3052649
v 0.2590104 0.0710099 -0.3077849
v -0.2414203 0.02956088 -0.259007
v -0.2413563 0.03159663 -0.2718612
v -0.242097 0.03028304 -0.2722916
v -0.2421632 0.02817939 -0.2590104
v -0.2412985 0.03750582 -0.2834574
v -0.2435273 0.02742749 -0.2590171
v -0.242037 0.03638806 -0.2842733
v -0.2412525 0.04670879 -0.2926604
v -0.24346 0.02956817 -0.2725312
v -0.2454149 0.02742749 -0.2590266
v -0.2419898 0.04589685 -0.2937815
v -0.2412234 0.05830496 -0.298569
v -0.2419595 0.05787794 -0.2998865
v -0.2412132 0.07115972 -0.3006053
v -0.2433511 0.04545468 -0.2943965
v -0.2433994 0.0357798 -0.2847221
v -0.2433197 0.05764564 -0.3006087
v -0.2453476 0.02956817 -0.2725407
v -0.245287 0.0357798 -0.2847317
v -0.2452387 0.04545468 -0.294406
v -0.2467128 0.03028304 -0.2723146
v -0.246779 0.02817939 -0.2590334
v -0.247522 0.02956088 -0.2590373
v -0.247458 0.03159663 -0.2718915
v -0.2466533 0.03638806 -0.2842962
v -0.2474002 0.03750582 -0.2834882
v -0.2466062 0.04589685 -0.2938045
v -0.2473542 0.04670879 -0.2926907
v -0.247325 0.05830496 -0.2985993
v -0.2452079 0.05764564 -0.3006176
v -0.2465753 0.05787794 -0.2999095
v -0.2473143 0.07115972 -0.3006356
v -0.2451972 0.07115972 -0.3027583
v -0.2465652 0.07115972 -0.3020131
v -0.2465753 0.0844415 -0.2999095
v -0.247325 0.08401448 -0.2985993
v -0.2473542 0.09561065 -0.2926907
v -0.243309 0.07115972 -0.3027488
v -0.2466062 0.09642259 -0.2938045
v -0.2474002 0.1048136 -0.2834882
v -0.2452079 0.08467381 -0.3006176
v -0.2466533 0.1059314 -0.2842962
v -0.247458 0.1107228 -0.2718915
v -0.2452387 0.09686475 -0.294406
v -0.2419489 0.07115972 -0.3019902
v -0.2419595 0.0844415 -0.2998865
v -0.2412234 0.08401448 -0.298569
v -0.2412525 0.09561065 -0.2926604
v -0.2433197 0.08467381 -0.3006081
v -0.2419898 0.09642259 -0.2937815
v -0.2412985 0.1048136 -0.2834574
v -0.2433511 0.09686475 -0.2943965
v -0.242037 0.1059314 -0.2842733
v -0.2413563 0.1107228 -0.2718612
v -0.245287 0.1065396 -0.2847317
v -0.2433994 0.1065396 -0.2847221
v -0.242097 0.1120364 -0.2722916
v -0.2414203 0.1127586 -0.2590065
v -0.2421632 0.11414 -0.2590104
v -0.2435273 0.1148919 -0.2590171
v -0.24346 0.1127513 -0.2725312
v -0.2454149 0.1148919 -0.2590266
v -0.2453476 0.1127513 -0.2725402
v -0.2467128 0.1120364 -0.2723146
v -0.246779 0.11414 -0.2590334
v -0.247522 0.1127586 -0.2590373
v -0.2448555 0.06793158 -0.4852854
v -0.2430442 0.06813022 -0.4857186
v -0.2430302 0.07196437 -0.4885831
v -0.2412374 0.06793158 -0.4852674
v -0.2469378 0.07153624 -0.4876488
v -0.2461859 0.06738953 -0.484084
v -0.2391315 0.07153624 -0.4876096
v -0.2399193 0.06738953 -0.4840526
v -0.249808 0.07036629 -0.4850565
v -0.2466786 0.06664829 -0.482436
v -0.2430274 0.07663796 -0.4891162
v -0.2481403 0.0760774 -0.4878935
v -0.2518953 0.07454666 -0.4845021
v -0.2379268 0.0760774 -0.4878424
v -0.2342054 0.07454666 -0.484414
v -0.2532869 0.07245591 -0.4798509
v -0.2362877 0.07036629 -0.4849891
v -0.2394423 0.06664829 -0.4824001
v -0.2328604 0.07245591 -0.4797488
v -0.2508713 0.06876821 -0.4815012
v -0.2462022 0.06590761 -0.480783
v -0.2352592 0.06876821 -0.4814232
v -0.2399356 0.06590761 -0.4807521
v -0.2498433 0.06717014 -0.4779353
v -0.2519419 0.07036517 -0.4751858
v -0.2448841 0.06536557 -0.4795681
v -0.2363231 0.06717014 -0.4778679
v -0.2342519 0.07036517 -0.4750977
v -0.241266 0.06536557 -0.4795502
v -0.246999 0.06600019 -0.4753148
v -0.2482205 0.06883442 -0.4717567
v -0.2430773 0.06516693 -0.479117
v -0.2391932 0.06600019 -0.4752755
v -0.2380075 0.06883442 -0.4717062
v -0.2431009 0.06557206 -0.4743413
v -0.2431199 0.06827442 -0.4704835
v -0.2331651 0.02935102 -0.2284763
v -0.2429999 0.03826838 -0.2350044
v -0.2429432 0.03252024 -0.2462863
v -0.2430442 0.04722166 -0.2260511
v -0.2330932 0.02203678 -0.2428315
v -0.2428809 0.03053948 -0.2587927
v -0.2332217 0.04074293 -0.2170844
v -0.2430728 0.05850359 -0.220303
v -0.2332582 0.05509758 -0.2097707
v -0.2430829 0.0710099 -0.2183222
v -0.2332705 0.0710099 -0.2072501
v -0.2430728 0.0835162 -0.220303
v -0.2332582 0.08692222 -0.2097707
v -0.2430442 0.09479814 -0.2260511
v -0.2332217 0.1012774 -0.217085
v -0.2429999 0.1037514 -0.2350044
v -0.2331651 0.1126693 -0.2284763
v -0.2429432 0.1095001 -0.2462863
v -0.2330932 0.1199836 -0.2428315
v -0.2428809 0.1114809 -0.2587927
v -0.2330141 0.1225036 -0.2587433
v -0.2428186 0.1095001 -0.2712984
v -0.232935 0.1199836 -0.2746556
v -0.2427625 0.1037514 -0.2825803
v -0.2300351 0.0710099 -0.1962112
v -0.23002 0.051691 -0.199271
v -0.23002 0.0903288 -0.199271
v -0.2299756 0.1077562 -0.2081502
v -0.2299066 0.1215873 -0.2219808
v -0.2298202 0.130467 -0.2394087
v -0.2297237 0.1335268 -0.258727
v -0.2296272 0.130467 -0.2780454
v -0.2299756 0.03426365 -0.2081502
v -0.2299066 0.02043309 -0.2219808
v -0.2298202 0.01155276 -0.2394087
v -0.2295408 0.1215867 -0.2954727
v -0.2297237 0.00849352 -0.258727
v -0.2328632 0.1126693 -0.2890103
v -0.2328065 0.1012774 -0.3004022
v -0.2427176 0.09479814 -0.2915336
v -0.2294718 0.1077562 -0.3093033
v -0.242689 0.0835162 -0.2972817
v -0.23277 0.08692222 -0.3077164
v -0.2294274 0.0903288 -0.318183
v -0.2426795 0.0710099 -0.2992625
v -0.2294123 0.0710099 -0.3212428
v -0.2327577 0.0710099 -0.3102364
v -0.242689 0.05850359 -0.2972817
v -0.23277 0.05509758 -0.3077164
v -0.2294274 0.051691 -0.318183
v -0.2328065 0.04074293 -0.3004022
v -0.2294718 0.03426365 -0.3093033
v -0.2427176 0.04722166 -0.2915336
v -0.2295408 0.02043309 -0.2954727
v -0.2328632 0.02935046 -0.2890103
v -0.2427625 0.03826838 -0.2825803
v -0.2296272 0.01155276 -0.2780454
v -0.2428186 0.03252024 -0.2712984
v -0.232935 0.02203678 -0.2746556
v -0.2330141 0.01951622 -0.2587433
v -0.232132 0.1760734 -0.2649987
v -0.2302966 0.1762249 -0.258011
v -0.2318947 0.1762249 -0.2580189
v -0.2322016 0.176377 -0.2510419
v -0.2335197 0.1760908 -0.2642069
v -0.2335814 0.1763596 -0.2518477
v -0.2372164 0.1759623 -0.2701324
v -0.237337 0.1764881 -0.2459587
v -0.2380221 0.1759926 -0.2687532
v -0.2381288 0.1764578 -0.2473463
v -0.2441872 0.1759219 -0.2720374
v -0.2441951 0.1759567 -0.2704399
v -0.2503842 0.1759926 -0.2688149
v -0.2511765 0.1759623 -0.270202
v -0.2549316 0.1760908 -0.2643135
v -0.2563114 0.1760734 -0.2651193
v -0.2443264 0.1765285 -0.2441238
v -0.2443185 0.1764943 -0.2457213
v -0.2504908 0.1764578 -0.247408
v -0.2512972 0.1764881 -0.2460282
v -0.2549933 0.1763596 -0.2519543
v -0.2563815 0.176377 -0.2511625
v -0.2566189 0.1762249 -0.2581423
v -0.2582169 0.1762249 -0.2581502
v -0.2563501 0.0710099 -0.1963419
v -0.2513662 0.0710099 -0.1878965
v -0.2513488 0.04908907 -0.1913681
v -0.2513488 0.09293073 -0.1913681
v -0.256335 0.0903288 -0.1994017
v -0.2512989 0.1127058 -0.2014442
v -0.256335 0.051691 -0.1994017
v -0.2562906 0.03426365 -0.2082815
v -0.2554394 0.03979744 -0.2158943
v -0.2512989 0.02931398 -0.2014442
v -0.2512209 0.0136205 -0.2171377
v -0.2562216 0.02043309 -0.2221121
v -0.2511221 0.003544417 -0.2369123
v -0.255477 0.05460043 -0.2083516
v -0.2561346 0.01155276 -0.2395394
v -0.2510127 7.274975E-05 -0.2588331
v -0.2554899 0.0710099 -0.2057525
v -0.2553805 0.02804921 -0.2276419
v -0.2562906 0.1077562 -0.2082815
v -0.255477 0.08741938 -0.2083516
v -0.2562216 0.1215873 -0.2221121
v -0.2512209 0.1283999 -0.2171377
v -0.2554394 0.1022224 -0.2158943
v -0.2561346 0.130467 -0.2395394
v -0.2511221 0.1384754 -0.2369123
v -0.2553805 0.1139706 -0.2276419
v -0.2511889 0.09668856 -0.2234896
v -0.2512197 0.08450995 -0.2172847
v -0.2560387 0.1335268 -0.2588578
v -0.2510127 0.1419476 -0.2588331
v -0.255307 0.1215126 -0.2424449
v -0.2559421 0.130467 -0.2781766
v -0.2509033 0.1384754 -0.2807533
v -0.2508051 0.1283999 -0.3005284
v -0.2512304 0.0710099 -0.2151463
v -0.255225 0.1241118 -0.2588538
v -0.2512197 0.05750985 -0.2172847
v -0.25108 0.1125588 -0.245333
v -0.2510127 0.1146972 -0.2588331
v -0.2511406 0.1063539 -0.233155
v -0.2430442 0.09479814 -0.2260511
v -0.2430728 0.0835162 -0.220303
v -0.2429999 0.1037514 -0.2350044
v -0.2430829 0.0710099 -0.2183222
v -0.2429432 0.1095001 -0.2462863
v -0.2430728 0.05850359 -0.220303
v -0.2428809 0.1114809 -0.2587927
v -0.2428186 0.1095001 -0.2712984
v -0.2430442 0.04722166 -0.2260511
v -0.2509454 0.1125588 -0.2723331
v -0.2427625 0.1037514 -0.2825803
v -0.2511889 0.04533123 -0.2234896
v -0.2511406 0.03566645 -0.2331544
v -0.2429999 0.03826838 -0.2350044
v -0.25108 0.029461 -0.245333
v -0.2429432 0.03252024 -0.2462863
v -0.2551431 0.1215132 -0.2752633
v -0.2508847 0.1063539 -0.2845111
v -0.255307 0.02050716 -0.2424449
v -0.2510127 0.02732256 -0.2588331
v -0.2428809 0.03053948 -0.2587927
v -0.2428186 0.03252024 -0.2712984
v -0.2558552 0.1215867 -0.295604
v -0.2557862 0.1077562 -0.3094346
v -0.2507265 0.1127058 -0.3162219
v -0.2506766 0.09293073 -0.3262974
v -0.2550696 0.11397 -0.2900663
v -0.2509454 0.029461 -0.2723331
v -0.2427625 0.03826838 -0.2825803
v -0.255225 0.01790748 -0.2588544
v -0.2508365 0.09668856 -0.294176
v -0.2427176 0.09479814 -0.2915336
v -0.2508847 0.03566645 -0.2845111
v -0.2427176 0.04722166 -0.2915336
v -0.2550107 0.1022224 -0.301814
v -0.2508056 0.08450995 -0.3003814
v -0.242689 0.0835162 -0.2972817
v -0.2549731 0.08741938 -0.309356
v -0.250795 0.0710099 -0.3025199
v -0.2426795 0.0710099 -0.2992625
v -0.242689 0.05850359 -0.2972817
v -0.2508056 0.05750985 -0.3003814
v -0.2557418 0.0903288 -0.3183143
v -0.2506592 0.0710099 -0.3297697
v -0.2549602 0.0710099 -0.3119551
v -0.2557267 0.0710099 -0.3213741
v -0.2506766 0.04908907 -0.326298
v -0.2557418 0.051691 -0.3183143
v -0.2507265 0.02931398 -0.3162219
v -0.2508365 0.04533123 -0.294176
v -0.2549731 0.05460043 -0.309356
v -0.2557862 0.03426365 -0.3094346
v -0.2550107 0.03979744 -0.301814
v -0.2550696 0.02804977 -0.2900663
v -0.2558552 0.02043309 -0.295604
v -0.2508051 0.0136205 -0.3005284
v -0.2509033 0.003544417 -0.2807539
v -0.2551431 0.02050716 -0.2752633
v -0.2559421 0.01155276 -0.2781766
v -0.2560387 0.00849352 -0.2588583
v -0.2351032 0.0710099 -0.1878151
v -0.2300351 0.0710099 -0.1962112
v -0.2350858 0.04908907 -0.1912873
v -0.2350858 0.09293073 -0.1912873
v -0.23002 0.051691 -0.199271
v -0.23002 0.0903288 -0.199271
v -0.2299756 0.03426365 -0.2081502
v -0.2350353 0.02931398 -0.2013628
v -0.2349573 0.0136205 -0.2170563
v -0.2299066 0.02043309 -0.2219808
v -0.2348585 0.003544417 -0.2368314
v -0.2298202 0.01155276 -0.2394087
v -0.2350353 0.1127058 -0.2013628
v -0.2299756 0.1077562 -0.2081502
v -0.2299066 0.1215873 -0.2219808
v -0.2349573 0.1283999 -0.2170563
v -0.2298202 0.130467 -0.2394087
v -0.2348585 0.1384754 -0.2368314
v -0.2347491 7.274975E-05 -0.2587517
v -0.2297237 0.00849352 -0.258727
v -0.2296272 0.01155276 -0.2780454
v -0.2346403 0.003544417 -0.2806725
v -0.2297237 0.1335268 -0.258727
v -0.2347491 0.1419476 -0.2587517
v -0.2346403 0.1384754 -0.2806725
v -0.2296272 0.130467 -0.2780454
v -0.2295408 0.02043309 -0.2954727
v -0.2345415 0.0136205 -0.3004476
v -0.2345415 0.1283999 -0.3004476
v -0.2295408 0.1215867 -0.2954727
v -0.2344635 0.02931398 -0.3161411
v -0.2294718 0.03426365 -0.3093033
v -0.2294274 0.051691 -0.318183
v -0.234413 0.04908907 -0.3262166
v -0.2294123 0.0710099 -0.3212428
v -0.2343956 0.0710099 -0.3296883
v -0.2294274 0.0903288 -0.318183
v -0.234413 0.09293073 -0.3262166
v -0.2294718 0.1077562 -0.3093033
v -0.2344635 0.1127058 -0.3161411
v 0.2608312 0.1760734 -0.2625415
v 0.2626667 0.1762255 -0.2555539
v 0.2610686 0.1762249 -0.2555617
v 0.2607616 0.176377 -0.2485847
v 0.2594436 0.1760908 -0.2617498
v 0.2593818 0.1763596 -0.2493905
v 0.2557469 0.1759623 -0.2676753
v 0.2556268 0.1764881 -0.2435015
v 0.2549411 0.1759926 -0.266296
v 0.2548345 0.1764578 -0.2448892
v 0.248776 0.1759219 -0.2695802
v 0.2487682 0.1759567 -0.2679827
v 0.242579 0.1759926 -0.2663577
v 0.2417867 0.1759623 -0.2677448
v 0.2380317 0.1760908 -0.2618564
v 0.2366519 0.1760734 -0.2626616
v 0.2486369 0.1765285 -0.2416666
v 0.2486453 0.1764943 -0.2432642
v 0.2424724 0.1764578 -0.2449509
v 0.2416661 0.1764881 -0.2435711
v 0.2379699 0.1763596 -0.2494971
v 0.2365823 0.176377 -0.2487054
v 0.2363444 0.1762249 -0.2556852
v 0.2347469 0.1762255 -0.255693
v -0.2238224 0.1649492 -0.28344
v -0.2150947 0.1649497 -0.2723836
v -0.2168386 0.1660316 -0.2715543
v -0.2120287 0.1649492 -0.258635
v -0.2250338 0.1660316 -0.2819367
v -0.2364835 0.1649492 -0.2896152
v -0.2139595 0.1660316 -0.2586445
v -0.2152316 0.1649492 -0.2449178
v -0.2169671 0.1660316 -0.2457639
v -0.2240693 0.1649492 -0.2339484
v -0.2620949 0.1660316 -0.2821214
v -0.2252656 0.1660316 -0.235464
v -0.2501491 0.1660316 -0.287801
v -0.2505694 0.1649492 -0.2896853
v -0.236791 0.1649492 -0.2279
v -0.2369223 0.1660316 -0.2877348
v -0.2632912 0.1649492 -0.283637
v -0.2703927 0.1660316 -0.2718214
v -0.2721283 0.1649497 -0.2726676
v -0.2753312 0.1649492 -0.2589504
v -0.2734004 0.1660316 -0.2589408
v -0.2722652 0.1649492 -0.2452017
v -0.2705218 0.1660316 -0.246031
v -0.2635375 0.1649492 -0.2341453
v -0.262326 0.1660316 -0.2356486
v -0.2508769 0.1649492 -0.2279702
v -0.2504381 0.1660316 -0.2298505
v -0.2372113 0.1660316 -0.2297843
vt 0.9397629 0.719552
vt 0.9423599 0.720159
vt 0.9412509 0.720796
vt 0.864849 0.966609
vt 0.86374 0.96597
vt 0.866338 0.965365
vt 0.640541 0.646138
vt 0.6644269 0.64366
vt 0.6644269 0.646138
vt 0.6644269 0.641181
vt 0.640541 0.64366
vt 0.640541 0.641181
vt 0.6683689 0.632224
vt 0.692255 0.632224
vt 0.692255 0.629746
vt 0.6683689 0.629746
vt 0.692255 0.629746
vt 0.692255 0.627267
vt 0.6683689 0.627267
vt 0.165221 0.956089
vt 0.166709 0.957333
vt 0.167818 0.956696
vt 0.864849 0.929505
vt 0.866338 0.928261
vt 0.86374 0.928866
vt 0.566007 0.25388
vt 0.564587 0.162829
vt 0.466936 0.167379
vt 0.468254 0.257097
vt 0.419654 0.2578291
vt 0.418265 0.168113
vt 0.469624 0.346505
vt 0.5673699 0.345124
vt 0.321848 0.257562
vt 0.32052 0.16651
vt 0.420981 0.347239
vt 0.323236 0.3488051
vt 0.42224 0.430812
vt 0.324636 0.439154
vt 0.470885 0.430079
vt 0.5686949 0.435474
vt 0.303453 0.713618
vt 0.205759 0.71011
vt 0.205315 0.801178
vt 0.303097 0.803346
vt 0.302684 0.892769
vt 0.204928 0.892432
vt 0.351701 0.803557
vt 0.352129 0.713829
vt 0.302318 0.976349
vt 0.204571 0.982812
vt 0.350966 0.97656
vt 0.35133 0.892979
vt 0.449498 0.802246
vt 0.449853 0.711178
vt 0.449085 0.8935
vt 0.44865 0.983879
vt 0.49432 0.454385
vt 0.59165 0.451234
vt 0.591656 0.4458001
vt 0.494317 0.4598191
vt 0.44568 0.454378
vt 0.44568 0.459812
vt 0.348351 0.451179
vt 0.348348 0.4457461
vt 0.460508 0.714752
vt 0.455074 0.714748
vt 0.455126 0.805805
vt 0.46056 0.805804
vt 0.460456 0.897044
vt 0.455022 0.897044
vt 0.460572 0.987404
vt 0.455134 0.987424
vt 0.427372 0.4372671
vt 0.329828 0.440364
vt 0.329796 0.445801
vt 0.427383 0.431833
vt 0.476018 0.437266
vt 0.476006 0.4318321
vt 0.5735639 0.44033
vt 0.573598 0.445767
vt 0.469766 0.897045
vt 0.464299 0.987408
vt 0.469737 0.987422
vt 0.464331 0.897045
vt 0.469732 0.805807
vt 0.464298 0.805805
vt 0.464309 0.714755
vt 0.469743 0.714748
vt 0.669091 0.530394
vt 0.672444 0.530418
vt 0.673388 0.4829921
vt 0.669879 0.4829221
vt 0.6662899 0.482874
vt 0.6658159 0.53047
vt 0.662701 0.4828501
vt 0.662542 0.530612
vt 0.65911 0.4828501
vt 0.659269 0.530775
vt 0.65552 0.4828731
vt 0.655998 0.530915
vt 0.6527259 0.531002
vt 0.651929 0.4829201
vt 0.6484179 0.4829891
vt 0.649374 0.531025
vt 0.645941 0.530973
vt 0.644987 0.483057
vt 0.642507 0.530878
vt 0.641557 0.483125
vt 0.639073 0.530782
vt 0.638126 0.483193
vt 0.63564 0.530731
vt 0.6346949 0.483261
vt 0.6312649 0.4833291
vt 0.6322089 0.530755
vt 0.8358569 0.3665711
vt 0.8383759 0.3553391
vt 0.835114 0.3542991
vt 0.8324469 0.366115
vt 0.8318599 0.35298
vt 0.8355249 0.372234
vt 0.829047 0.365536
vt 0.8284299 0.351423
vt 0.832104 0.372094
vt 0.8355249 0.377966
vt 0.825686 0.364926
vt 0.824643 0.349898
vt 0.8287209 0.3719081
vt 0.82239 0.3643891
vt 0.8204499 0.348767
vt 0.82541 0.371714
vt 0.819165 0.364022
vt 0.815985 0.348348
vt 0.822193 0.371546
vt 0.819062 0.3714321
vt 0.819062 0.3787681
vt 0.815985 0.363893
vt 0.822193 0.378654
vt 0.82541 0.378486
vt 0.8128049 0.364022
vt 0.81152 0.348767
vt 0.815985 0.371392
vt 0.809579 0.3643891
vt 0.8073269 0.349898
vt 0.812907 0.3714321
vt 0.8129079 0.3787681
vt 0.806284 0.3649271
vt 0.80354 0.351423
vt 0.809777 0.371546
vt 0.802923 0.365537
vt 0.80011 0.352981
vt 0.8065599 0.371714
vt 0.799523 0.366115
vt 0.7968559 0.3542991
vt 0.796113 0.3665711
vt 0.793594 0.3553391
vt 0.796445 0.3722351
vt 0.80325 0.3719081
vt 0.799866 0.372095
vt 0.796445 0.377966
vt 0.809777 0.378654
vt 0.8065599 0.378486
vt 0.80325 0.378293
vt 0.799866 0.378106
vt 0.799523 0.3840851
vt 0.796113 0.38363
vt 0.802923 0.3846641
vt 0.7968559 0.395902
vt 0.793594 0.3948621
vt 0.80011 0.39722
vt 0.8035409 0.398777
vt 0.806285 0.3852741
vt 0.8073269 0.400303
vt 0.80958 0.385811
vt 0.81152 0.401433
vt 0.8128049 0.386178
vt 0.815985 0.401852
vt 0.815985 0.3863081
vt 0.815985 0.378808
vt 0.819165 0.386178
vt 0.8204499 0.401433
vt 0.82239 0.385811
vt 0.824643 0.4003021
vt 0.825686 0.3852741
vt 0.8284299 0.398777
vt 0.829047 0.3846641
vt 0.831861 0.3972191
vt 0.8287209 0.3782921
vt 0.8324469 0.3840851
vt 0.835114 0.3959011
vt 0.832104 0.378106
vt 0.8358569 0.3836291
vt 0.838377 0.394861
vt 0.454613 0.04072511
vt 0.320882 0.03766108
vt 0.320917 0.04051769
vt 0.454585 0.03739858
vt 0.491138 0.04106021
vt 0.454537 0.0341742
vt 0.32081 0.03428245
vt 0.320711 0.03089893
vt 0.491126 0.03768384
vt 0.527691 0.04127121
vt 0.454464 0.03094637
vt 0.320611 0.02750957
vt 0.527689 0.0378741
vt 0.56427 0.04140794
vt 0.491112 0.03436315
vt 0.454389 0.02771509
vt 0.320539 0.02411461
vt 0.491083 0.03104508
vt 0.454333 0.02448118
vt 0.32052 0.02108061
vt 0.564275 0.03800225
vt 0.679032 0.04149079
vt 0.527696 0.0345118
vt 0.49105 0.02772951
vt 0.6790069 0.03808224
vt 0.735554 0.04153836
vt 0.564293 0.03462088
vt 0.527699 0.03115165
vt 0.7355499 0.03810704
vt 0.7519519 0.04157889
vt 0.678941 0.03469324
vt 0.564315 0.03123808
vt 0.7519699 0.03813958
vt 0.7683159 0.0416311
vt 0.735543 0.03468049
vt 0.678849 0.03129768
vt 0.768358 0.03819287
vt 0.784927 0.04166114
vt 0.785025 0.03829706
vt 0.75203 0.03469872
vt 0.768497 0.03475201
vt 0.7853279 0.0349741
vt 0.768687 0.03132224
vt 0.785745 0.03158808
vt 0.752108 0.03127348
vt 0.735531 0.03126562
vt 0.768875 0.02790499
vt 0.7861609 0.02812612
vt 0.7521839 0.02786589
vt 0.678756 0.02789485
vt 0.769011 0.02449918
vt 0.786464 0.0245949
vt 0.7522399 0.02447343
vt 0.735517 0.02786374
vt 0.564335 0.02785313
vt 0.769052 0.02108049
vt 0.786562 0.02108049
vt 0.786464 0.01756608
vt 0.7355059 0.02447212
vt 0.678687 0.02448523
vt 0.5276979 0.02779388
vt 0.7522579 0.02108049
vt 0.769011 0.01766169
vt 0.7861609 0.01403487
vt 0.735502 0.02108049
vt 0.768875 0.01425588
vt 0.785745 0.01057291
vt 0.7522399 0.01768768
vt 0.6786619 0.02108049
vt 0.768687 0.01083887
vt 0.7853279 0.007187009
vt 0.752185 0.0142951
vt 0.7355059 0.01768887
vt 0.768497 0.007409215
vt 0.785025 0.003864169
vt 0.768358 0.003968358
vt 0.784927 0.000500083
vt 0.7683159 0.0005300045
vt 0.75203 0.007462502
vt 0.7519699 0.004021525
vt 0.7519519 0.0005822182
vt 0.752108 0.01088774
vt 0.7355499 0.00405407
vt 0.735554 0.0006227493
vt 0.735543 0.007480621
vt 0.735531 0.01089537
vt 0.6790069 0.004078865
vt 0.679032 0.0006703138
vt 0.678941 0.007467866
vt 0.564275 0.004158974
vt 0.56427 0.0007532835
vt 0.678849 0.01086342
vt 0.735517 0.01429737
vt 0.527689 0.004287124
vt 0.527691 0.0008900166
vt 0.564293 0.007540226
vt 0.678756 0.01426637
vt 0.678687 0.01767588
vt 0.564315 0.01092315
vt 0.491126 0.004477382
vt 0.491138 0.001101017
vt 0.527696 0.007649302
vt 0.564335 0.01430798
vt 0.564353 0.02108049
vt 0.454585 0.004762769
vt 0.454613 0.001436114
vt 0.491112 0.007798076
vt 0.527699 0.01100957
vt 0.564348 0.01769483
vt 0.564348 0.02446628
vt 0.320882 0.00450027
vt 0.320917 0.001643658
vt 0.454537 0.007987022
vt 0.32081 0.00787878
vt 0.320711 0.0112623
vt 0.454464 0.01121497
vt 0.320611 0.01465178
vt 0.5276949 0.02108061
vt 0.491083 0.01111627
vt 0.454389 0.01444626
vt 0.32054 0.01804662
vt 0.49105 0.01443172
vt 0.454333 0.01768005
vt 0.5276979 0.01436746
vt 0.491024 0.01774538
vt 0.454318 0.02108061
vt 0.527697 0.01772344
vt 0.491015 0.02108061
vt 0.491024 0.02441585
vt 0.527697 0.02443779
vt 0.98 0.571034
vt 0.984224 0.571044
vt 0.984408 0.519964
vt 0.9800609 0.519953
vt 0.975745 0.519954
vt 0.975745 0.571034
vt 0.9714589 0.519954
vt 0.9714589 0.571034
vt 0.967173 0.571035
vt 0.967173 0.519954
vt 0.9628869 0.571035
vt 0.9628869 0.519955
vt 0.958601 0.571036
vt 0.958601 0.519955
vt 0.9543149 0.519956
vt 0.9543149 0.571037
vt 0.950029 0.519957
vt 0.950029 0.571037
vt 0.945743 0.519957
vt 0.945743 0.571038
vt 0.941488 0.571038
vt 0.941427 0.519957
vt 0.937264 0.571048
vt 0.93708 0.519968
vt 0.9327329 0.519989
vt 0.93304 0.571069
vt 0.361708 0.687264
vt 0.36301 0.684576
vt 0.361467 0.683329
vt 0.359823 0.686755
vt 0.359819 0.682285
vt 0.361488 0.690287
vt 0.357967 0.686273
vt 0.359539 0.690498
vt 0.357624 0.690704
vt 0.362358 0.693196
vt 0.358897 0.694968
vt 0.360612 0.69409
vt 0.36421 0.695602
vt 0.362899 0.697061
vt 0.361611 0.698495
vt 0.366799 0.697186
vt 0.366097 0.699018
vt 0.365407 0.700817
vt 0.369783 0.697739
vt 0.369784 0.701627
vt 0.369783 0.6997
vt 0.37347 0.699017
vt 0.37416 0.700816
vt 0.372767 0.697186
vt 0.377955 0.698493
vt 0.376667 0.69706
vt 0.375356 0.695601
vt 0.380668 0.694965
vt 0.378953 0.694088
vt 0.377206 0.693195
vt 0.380024 0.690495
vt 0.381939 0.690701
vt 0.378075 0.690286
vt 0.381594 0.686269
vt 0.379738 0.686752
vt 0.37974 0.682283
vt 0.377853 0.687263
vt 0.378092 0.683327
vt 0.37655 0.684575
vt 0.846732 0.674066
vt 0.845968 0.671218
vt 0.8438829 0.669132
vt 0.8410339 0.668369
vt 0.838185 0.669132
vt 0.836099 0.671218
vt 0.836099 0.676915
vt 0.835336 0.674066
vt 0.838185 0.679001
vt 0.8410339 0.679764
vt 0.8438829 0.679001
vt 0.845968 0.676915
vt 0.598241 0.664824
vt 0.5952539 0.667811
vt 0.5941609 0.671891
vt 0.602322 0.663731
vt 0.6093889 0.667811
vt 0.6064019 0.664824
vt 0.6093889 0.675971
vt 0.610482 0.671891
vt 0.602322 0.680052
vt 0.6064019 0.678958
vt 0.598241 0.678958
vt 0.5952539 0.675971
vt 0.5718579 0.733363
vt 0.576082 0.733373
vt 0.5762659 0.682293
vt 0.571919 0.682283
vt 0.567603 0.682283
vt 0.567603 0.733363
vt 0.5633169 0.682283
vt 0.5633169 0.733364
vt 0.559031 0.733364
vt 0.559031 0.682283
vt 0.554745 0.733364
vt 0.554745 0.682284
vt 0.550459 0.733365
vt 0.550459 0.682285
vt 0.546173 0.682285
vt 0.546173 0.733366
vt 0.5418869 0.682286
vt 0.5418869 0.733366
vt 0.537601 0.682286
vt 0.537601 0.733367
vt 0.533347 0.733367
vt 0.533285 0.682287
vt 0.529122 0.733377
vt 0.5289379 0.682297
vt 0.524591 0.682318
vt 0.5248979 0.733398
vt 0.40345 0.687264
vt 0.404751 0.684576
vt 0.403209 0.683329
vt 0.401565 0.686755
vt 0.40156 0.682285
vt 0.403229 0.690287
vt 0.399708 0.686273
vt 0.40128 0.690498
vt 0.399366 0.690704
vt 0.4041 0.693196
vt 0.400639 0.694968
vt 0.402354 0.69409
vt 0.405951 0.695602
vt 0.404641 0.697061
vt 0.403353 0.698495
vt 0.408541 0.697186
vt 0.407839 0.699018
vt 0.407149 0.700817
vt 0.411525 0.697739
vt 0.411525 0.701627
vt 0.411525 0.6997
vt 0.415212 0.699017
vt 0.415901 0.700816
vt 0.414509 0.697186
vt 0.419697 0.698493
vt 0.418409 0.69706
vt 0.417098 0.695601
vt 0.42241 0.694965
vt 0.420695 0.694088
vt 0.418948 0.693195
vt 0.421766 0.690495
vt 0.42368 0.690701
vt 0.419817 0.690286
vt 0.423336 0.686269
vt 0.42148 0.686752
vt 0.421481 0.682283
vt 0.419595 0.687263
vt 0.419834 0.683327
vt 0.418292 0.684575
vt 0.8420939 0.660153
vt 0.8413299 0.657304
vt 0.839245 0.655218
vt 0.836396 0.654455
vt 0.833547 0.655218
vt 0.831461 0.657304
vt 0.831461 0.663002
vt 0.830698 0.660153
vt 0.833547 0.665087
vt 0.836396 0.665851
vt 0.839245 0.665087
vt 0.8413299 0.663002
vt 0.333877 0.69729
vt 0.33089 0.700277
vt 0.329796 0.704357
vt 0.337957 0.696197
vt 0.345024 0.700277
vt 0.342037 0.69729
vt 0.345024 0.708437
vt 0.346117 0.704357
vt 0.337957 0.712518
vt 0.342037 0.711424
vt 0.333877 0.711424
vt 0.33089 0.708437
vt 0.867239 0.45621
vt 0.863886 0.456187
vt 0.868183 0.408784
vt 0.864674 0.4087141
vt 0.8610849 0.408666
vt 0.860611 0.4562631
vt 0.857496 0.4086421
vt 0.857337 0.456404
vt 0.853905 0.4086421
vt 0.854064 0.456567
vt 0.850315 0.4086651
vt 0.8507919 0.4567081
vt 0.8475209 0.456794
vt 0.8467239 0.408712
vt 0.843213 0.4087811
vt 0.844169 0.456817
vt 0.8407359 0.4567651
vt 0.839782 0.408849
vt 0.837302 0.45667
vt 0.836352 0.4089171
vt 0.833868 0.4565741
vt 0.832921 0.408985
vt 0.8304349 0.4565231
vt 0.8294899 0.4090531
vt 0.8260599 0.409121
vt 0.827004 0.456547
vt 0.788734 0.3542991
vt 0.791996 0.3553391
vt 0.789477 0.3665711
vt 0.786067 0.366115
vt 0.789145 0.372234
vt 0.785481 0.35298
vt 0.7857239 0.372094
vt 0.789145 0.377966
vt 0.7826669 0.365536
vt 0.78205 0.351423
vt 0.782341 0.3719081
vt 0.7793059 0.364926
vt 0.778263 0.349898
vt 0.77903 0.371714
vt 0.776011 0.3643891
vt 0.77407 0.348767
vt 0.775813 0.371546
vt 0.7727849 0.364022
vt 0.7696049 0.348348
vt 0.772683 0.3714321
vt 0.772683 0.3787681
vt 0.775813 0.378654
vt 0.77903 0.378486
vt 0.7696049 0.363893
vt 0.7696049 0.371392
vt 0.766425 0.364022
vt 0.7651399 0.348767
vt 0.766528 0.3714321
vt 0.766528 0.3787681
vt 0.7631999 0.3643891
vt 0.760947 0.349898
vt 0.7633979 0.371546
vt 0.759905 0.3649271
vt 0.757161 0.351423
vt 0.7565429 0.365537
vt 0.7537299 0.352981
vt 0.760181 0.371714
vt 0.753143 0.366115
vt 0.750477 0.3542991
vt 0.749733 0.3665711
vt 0.747214 0.3553391
vt 0.7500659 0.3722351
vt 0.7568699 0.3719081
vt 0.753487 0.372095
vt 0.7500659 0.377966
vt 0.7633979 0.378654
vt 0.760181 0.378486
vt 0.7568699 0.378293
vt 0.753487 0.378106
vt 0.753143 0.3840851
vt 0.7497339 0.38363
vt 0.7565429 0.3846641
vt 0.750477 0.395902
vt 0.747214 0.3948621
vt 0.7537299 0.39722
vt 0.757161 0.398777
vt 0.759905 0.3852741
vt 0.760947 0.400303
vt 0.7631999 0.385811
vt 0.7651399 0.401433
vt 0.766425 0.386178
vt 0.7696049 0.401852
vt 0.7696049 0.3863081
vt 0.7696049 0.378808
vt 0.772786 0.386178
vt 0.774071 0.401433
vt 0.776011 0.385811
vt 0.778263 0.4003021
vt 0.7793059 0.3852741
vt 0.78205 0.398777
vt 0.7826669 0.3846641
vt 0.785481 0.39722
vt 0.782341 0.3782921
vt 0.786067 0.3840851
vt 0.788734 0.3959011
vt 0.7857239 0.378106
vt 0.7894779 0.3836291
vt 0.791997 0.3948621
vt 0.463889 0.08710492
vt 0.330193 0.08689737
vt 0.330158 0.08404076
vt 0.463861 0.08377826
vt 0.500414 0.08744001
vt 0.463813 0.08055401
vt 0.330086 0.08066225
vt 0.329987 0.07727873
vt 0.500402 0.08406353
vt 0.5369669 0.08765101
vt 0.46374 0.07732618
vt 0.329887 0.07388937
vt 0.536965 0.08425379
vt 0.5735459 0.08778775
vt 0.500388 0.08074284
vt 0.463665 0.07409477
vt 0.329815 0.07049429
vt 0.5003589 0.07742476
vt 0.463608 0.07086098
vt 0.329796 0.06746042
vt 0.5735509 0.08438194
vt 0.688308 0.08787048
vt 0.5369719 0.08089149
vt 0.5003259 0.07410932
vt 0.688283 0.08446205
vt 0.74483 0.08791816
vt 0.5735689 0.08100069
vt 0.536975 0.07753146
vt 0.744826 0.08448672
vt 0.761228 0.08795857
vt 0.6882169 0.08107305
vt 0.573591 0.07761788
vt 0.761246 0.08451939
vt 0.7775919 0.08801091
vt 0.7448189 0.08106017
vt 0.688125 0.07767749
vt 0.777633 0.08457267
vt 0.7942029 0.08804095
vt 0.7943 0.08467674
vt 0.7613059 0.08107841
vt 0.777773 0.0811317
vt 0.7946039 0.08135378
vt 0.761384 0.07765317
vt 0.7779629 0.07770205
vt 0.7950209 0.07796788
vt 0.744807 0.07764542
vt 0.6880319 0.07427454
vt 0.7781509 0.07428479
vt 0.795437 0.07450593
vt 0.7614599 0.07424569
vt 0.7782869 0.07087898
vt 0.79574 0.07097471
vt 0.573611 0.07423294
vt 0.7447929 0.07424355
vt 0.761516 0.07085311
vt 0.7783279 0.0674603
vt 0.795838 0.06746018
vt 0.79574 0.06394577
vt 0.687963 0.07086504
vt 0.744782 0.07085192
vt 0.536974 0.07417369
vt 0.761534 0.06746018
vt 0.7782869 0.0640415
vt 0.795437 0.06041467
vt 0.7447779 0.06746018
vt 0.7781509 0.06063569
vt 0.7950209 0.05695271
vt 0.761516 0.06406736
vt 0.687938 0.0674603
vt 0.744782 0.06406868
vt 0.7779629 0.05721867
vt 0.7946039 0.05356681
vt 0.761461 0.06067491
vt 0.777773 0.0537889
vt 0.7943 0.05024397
vt 0.761384 0.05726755
vt 0.777633 0.05034816
vt 0.7942029 0.04687989
vt 0.7775919 0.04690969
vt 0.7613059 0.05384219
vt 0.761246 0.05040121
vt 0.761228 0.04696202
vt 0.7448189 0.05386043
vt 0.744826 0.05043387
vt 0.74483 0.04700255
vt 0.744807 0.05727518
vt 0.688283 0.05045867
vt 0.688308 0.04705012
vt 0.6882169 0.05384767
vt 0.5735509 0.05053878
vt 0.5735459 0.04713309
vt 0.688125 0.05724323
vt 0.7447929 0.06067717
vt 0.5735689 0.05392003
vt 0.536965 0.05066681
vt 0.5369669 0.0472697
vt 0.6880319 0.06064618
vt 0.687963 0.06405568
vt 0.573591 0.05730283
vt 0.5369719 0.05402911
vt 0.500402 0.05085719
vt 0.500414 0.0474807
vt 0.573611 0.06068778
vt 0.5736279 0.0674603
vt 0.536975 0.05738938
vt 0.500388 0.05417788
vt 0.463861 0.05114257
vt 0.463889 0.04781592
vt 0.573624 0.06407464
vt 0.573624 0.07084608
vt 0.463813 0.05436671
vt 0.330158 0.05088007
vt 0.330193 0.04802346
vt 0.330086 0.05425858
vt 0.329987 0.05764198
vt 0.46374 0.05759478
vt 0.329887 0.06103158
vt 0.536971 0.0674603
vt 0.536973 0.07081759
vt 0.5003589 0.05749595
vt 0.463665 0.06082606
vt 0.329815 0.06442642
vt 0.5002999 0.07079566
vt 0.500291 0.0674603
vt 0.463594 0.0674603
vt 0.463609 0.06405973
vt 0.5003259 0.0608114
vt 0.5002999 0.06412518
vt 0.536973 0.06410313
vt 0.536974 0.06074715
vt 0.258755 0.4967641
vt 0.255589 0.496763
vt 0.255589 0.695227
vt 0.258755 0.695352
vt 0.261922 0.496765
vt 0.261922 0.695523
vt 0.26509 0.496766
vt 0.26509 0.695694
vt 0.268258 0.4967691
vt 0.268258 0.695821
vt 0.271427 0.4967721
vt 0.271427 0.69587
vt 0.274596 0.695828
vt 0.274596 0.496775
vt 0.277766 0.695706
vt 0.277766 0.4967791
vt 0.280935 0.695539
vt 0.280935 0.496781
vt 0.284103 0.695371
vt 0.284103 0.496784
vt 0.287271 0.695249
vt 0.287271 0.496785
vt 0.290438 0.695204
vt 0.290438 0.496786
vt 0.293604 0.496786
vt 0.293604 0.69525
vt 0.670234 0.422112
vt 0.673349 0.421286
vt 0.6715829 0.41089
vt 0.668409 0.4113721
vt 0.666989 0.423261
vt 0.668213 0.400704
vt 0.671369 0.400543
vt 0.665208 0.412104
vt 0.663451 0.4244621
vt 0.66833 0.390009
vt 0.6714699 0.389972
vt 0.6650929 0.401049
vt 0.66201 0.412853
vt 0.6595789 0.4253601
vt 0.668319 0.3792931
vt 0.671458 0.379317
vt 0.671319 0.3687401
vt 0.665246 0.3901111
vt 0.6620359 0.401417
vt 0.658837 0.413393
vt 0.655488 0.4256611
vt 0.6681629 0.368595
vt 0.6714699 0.3583831
vt 0.665236 0.3792061
vt 0.6622339 0.3902251
vt 0.659044 0.401685
vt 0.65569 0.413568
vt 0.662226 0.3791081
vt 0.659277 0.37904
vt 0.6592829 0.390311
vt 0.665043 0.368266
vt 0.656095 0.401772
vt 0.652565 0.413321
vt 0.651361 0.425246
vt 0.6531509 0.4016451
vt 0.649436 0.4126791
vt 0.6474299 0.424188
vt 0.6563649 0.390342
vt 0.6534439 0.390308
vt 0.65344 0.379079
vt 0.6462749 0.411774
vt 0.643857 0.422775
vt 0.650172 0.4013181
vt 0.643096 0.410792
vt 0.640618 0.4213431
vt 0.6504869 0.3902141
vt 0.6471319 0.400853
vt 0.639918 0.409917
vt 0.637581 0.420164
vt 0.6440259 0.400334
vt 0.647476 0.390076
vt 0.6504849 0.379192
vt 0.6367719 0.409248
vt 0.6345819 0.419356
vt 0.631515 0.418771
vt 0.633655 0.4087471
vt 0.637691 0.3994451
vt 0.634521 0.399168
vt 0.640872 0.399847
vt 0.6381379 0.389647
vt 0.6349829 0.3895531
vt 0.638148 0.379835
vt 0.6349959 0.379933
vt 0.6345659 0.370352
vt 0.6444039 0.3899211
vt 0.6412849 0.3897721
vt 0.6474739 0.379349
vt 0.6444039 0.379524
vt 0.6377109 0.370038
vt 0.633443 0.3608121
vt 0.641289 0.379693
vt 0.640859 0.369617
vt 0.643997 0.3691111
vt 0.647095 0.3685731
vt 0.6365759 0.360263
vt 0.6312649 0.35078
vt 0.634333 0.3501741
vt 0.6373349 0.349341
vt 0.63975 0.359566
vt 0.64037 0.348142
vt 0.642942 0.3586681
vt 0.6436 0.3466901
vt 0.6461309 0.357664
vt 0.647153 0.345256
vt 0.6501319 0.368088
vt 0.6493009 0.356737
vt 0.651055 0.34417
vt 0.653109 0.367743
vt 0.6524459 0.356073
vt 0.655183 0.3437101
vt 0.655576 0.3557991
vt 0.6560509 0.367597
vt 0.658716 0.355955
vt 0.6593109 0.343978
vt 0.6589969 0.367666
vt 0.661888 0.356477
vt 0.663213 0.344852
vt 0.6563599 0.379027
vt 0.6619869 0.367916
vt 0.665089 0.357208
vt 0.666773 0.346034
vt 0.668294 0.357921
vt 0.670033 0.347165
vt 0.673156 0.34797
vt 0.51166 0.751541
vt 0.508674 0.986551
vt 0.511842 0.986419
vt 0.5084729 0.751502
vt 0.505505 0.986763
vt 0.5089639 0.724478
vt 0.5120859 0.724561
vt 0.505844 0.724331
vt 0.505286 0.751449
vt 0.5023329 0.986979
vt 0.502632 0.724179
vt 0.5021479 0.751397
vt 0.499161 0.987137
vt 0.49933 0.724065
vt 0.499056 0.751358
vt 0.495986 0.751345
vt 0.495989 0.987195
vt 0.495986 0.724024
vt 0.492818 0.987136
vt 0.492642 0.724064
vt 0.492917 0.751357
vt 0.489825 0.751394
vt 0.489647 0.986976
vt 0.489341 0.724176
vt 0.486688 0.751446
vt 0.486476 0.986758
vt 0.48613 0.724329
vt 0.483503 0.751498
vt 0.483307 0.986542
vt 0.480314 0.751537
vt 0.483011 0.724478
vt 0.480141 0.986388
vt 0.479894 0.724584
vt 0.476976 0.986337
vt 0.476735 0.724647
vt 0.477145 0.751565
vt 0.473978 0.751582
vt 0.473811 0.986374
vt 0.473574 0.724689
vt 0.907143 0.975193
vt 0.910717 0.975193
vt 0.910717 0.969837
vt 0.9071419 0.969837
vt 0.903567 0.969837
vt 0.903567 0.975193
vt 0.8999909 0.975193
vt 0.8999909 0.969837
vt 0.8964139 0.975193
vt 0.8964139 0.969837
vt 0.892838 0.975193
vt 0.8928369 0.969838
vt 0.8892599 0.969838
vt 0.8892599 0.975194
vt 0.885682 0.969838
vt 0.885682 0.975194
vt 0.882105 0.975194
vt 0.882105 0.969838
vt 0.878528 0.975194
vt 0.878528 0.969838
vt 0.874952 0.969838
vt 0.874952 0.975194
vt 0.871377 0.969838
vt 0.871377 0.975194
vt 0.867802 0.969838
vt 0.867802 0.975194
vt 0.626313 0.130263
vt 0.329796 0.134801
vt 0.329796 0.130263
vt 0.626313 0.134801
vt 0.626313 0.139341
vt 0.329796 0.139341
vt 0.329796 0.134801
vt 0.626313 0.134801
vt 0.626313 0.139341
vt 0.626313 0.14388
vt 0.329796 0.14388
vt 0.329796 0.139341
vt 0.626313 0.1484181
vt 0.329796 0.1484181
vt 0.329796 0.14388
vt 0.626313 0.14388
vt 0.626313 0.1484181
vt 0.626313 0.152956
vt 0.329796 0.152956
vt 0.329796 0.1484181
vt 0.626313 0.130263
vt 0.329796 0.130263
vt 0.329796 0.125725
vt 0.626313 0.125725
vt 0.9301699 0.08708882
vt 0.9418479 0.08531559
vt 0.939693 0.07688987
vt 0.929003 0.07854903
vt 0.9434789 0.08466601
vt 0.954011 0.07937849
vt 0.939693 0.07688987
vt 0.949343 0.07204413
vt 0.955357 0.07826078
vt 0.963722 0.06997514
vt 0.949343 0.07204413
vt 0.9570069 0.06444669
vt 0.9646499 0.06849718
vt 0.9700379 0.05803895
vt 0.9570069 0.06444669
vt 0.961949 0.05485833
vt 0.9704809 0.05635738
vt 0.972343 0.04476428
vt 0.961949 0.05485833
vt 0.9636329 0.04421854
vt 0.9722279 0.04303539
vt 0.9705169 0.03143477
vt 0.9636329 0.04421854
vt 0.962072 0.0335716
vt 0.969882 0.02981973
vt 0.964705 0.01928699
vt 0.962072 0.0335716
vt 0.957327 0.02390611
vt 0.9636049 0.01794076
vt 0.9554319 0.009503365
vt 0.957327 0.02390611
vt 0.9498329 0.01616526
vt 0.953971 0.008551359
vt 0.943592 0.003038764
vt 0.9498329 0.01616526
vt 0.940312 0.01111817
vt 0.9418889 0.002624035
vt 0.930288 0.000500083
vt 0.9296939 0.009118199
vt 0.940312 0.01111817
vt 0.928527 0.0005782843
vt 0.916849 0.002351284
vt 0.919004 0.01077712
vt 0.9296939 0.009118199
vt 0.915218 0.003000855
vt 0.904686 0.008288383
vt 0.919004 0.01077712
vt 0.909354 0.01562274
vt 0.8949749 0.01769173
vt 0.90169 0.02322018
vt 0.909354 0.01562274
vt 0.90334 0.009405971
vt 0.888659 0.02962804
vt 0.8967479 0.03280866
vt 0.90169 0.02322018
vt 0.894047 0.01916969
vt 0.886353 0.04290271
vt 0.895064 0.04344857
vt 0.8967479 0.03280866
vt 0.888216 0.03130972
vt 0.8881789 0.05623221
vt 0.8966249 0.05409551
vt 0.895064 0.04344857
vt 0.886469 0.04463172
vt 0.8939919 0.06838036
vt 0.9013699 0.06376123
vt 0.8966249 0.05409551
vt 0.888814 0.05784738
vt 0.903265 0.0781641
vt 0.908864 0.07150221
vt 0.9013699 0.06376123
vt 0.895092 0.06972659
vt 0.904725 0.07911611
vt 0.915105 0.08462858
vt 0.908864 0.07150221
vt 0.918385 0.07654917
vt 0.916808 0.08504331
vt 0.928409 0.08716714
vt 0.929003 0.07854903
vt 0.918385 0.07654917
vt 0.309773 0.492126
vt 0.306606 0.492125
vt 0.306606 0.690589
vt 0.309773 0.690714
vt 0.31294 0.4921271
vt 0.31294 0.690885
vt 0.316107 0.492128
vt 0.316107 0.691056
vt 0.319276 0.492131
vt 0.319276 0.691183
vt 0.322445 0.492134
vt 0.322445 0.691232
vt 0.325614 0.69119
vt 0.325614 0.4921371
vt 0.328784 0.691069
vt 0.328784 0.492141
vt 0.331953 0.690901
vt 0.331953 0.492143
vt 0.335121 0.690733
vt 0.335121 0.492146
vt 0.338288 0.690611
vt 0.338288 0.4921471
vt 0.341455 0.690566
vt 0.341455 0.492148
vt 0.344622 0.492148
vt 0.344622 0.690612
vt 0.9717029 0.329353
vt 0.974818 0.328526
vt 0.973051 0.3181311
vt 0.969878 0.3186131
vt 0.9684579 0.3305011
vt 0.969682 0.3079441
vt 0.9728379 0.307783
vt 0.966677 0.319345
vt 0.964919 0.3317031
vt 0.969798 0.2972491
vt 0.9729379 0.2972131
vt 0.9665619 0.30829
vt 0.9634789 0.320093
vt 0.9610469 0.3326011
vt 0.969787 0.286533
vt 0.972927 0.286558
vt 0.972787 0.2759811
vt 0.966714 0.2973521
vt 0.963504 0.3086571
vt 0.9603059 0.320634
vt 0.956956 0.332901
vt 0.969632 0.275835
vt 0.972939 0.265624
vt 0.966705 0.286446
vt 0.963702 0.297466
vt 0.960513 0.308925
vt 0.9571589 0.320809
vt 0.9636949 0.2863491
vt 0.9607459 0.286281
vt 0.9607509 0.297551
vt 0.966512 0.275507
vt 0.957564 0.3090121
vt 0.954033 0.320562
vt 0.952829 0.332486
vt 0.95462 0.308885
vt 0.950904 0.319919
vt 0.948898 0.331429
vt 0.9578329 0.297582
vt 0.9549119 0.297549
vt 0.954908 0.286319
vt 0.947744 0.3190141
vt 0.945325 0.330016
vt 0.951641 0.3085591
vt 0.944564 0.318032
vt 0.942086 0.328583
vt 0.9519559 0.297454
vt 0.948601 0.3080931
vt 0.9413869 0.317157
vt 0.93905 0.327404
vt 0.945495 0.307575
vt 0.948944 0.297317
vt 0.9519529 0.286432
vt 0.938241 0.316489
vt 0.9360499 0.326597
vt 0.9329829 0.326012
vt 0.935123 0.3159881
vt 0.93916 0.306685
vt 0.93599 0.306409
vt 0.94234 0.307088
vt 0.939606 0.296887
vt 0.936451 0.296793
vt 0.939616 0.287076
vt 0.936464 0.287174
vt 0.9360349 0.2775921
vt 0.9458719 0.2971621
vt 0.942753 0.297013
vt 0.9489419 0.286589
vt 0.9458719 0.286765
vt 0.9391789 0.2772781
vt 0.934911 0.2680531
vt 0.942757 0.2869331
vt 0.942327 0.276857
vt 0.9454659 0.276351
vt 0.9485639 0.2758141
vt 0.938045 0.267503
vt 0.9327329 0.25802
vt 0.935801 0.2574151
vt 0.938803 0.256582
vt 0.941218 0.2668071
vt 0.941839 0.2553821
vt 0.94441 0.265908
vt 0.945068 0.25393
vt 0.9475989 0.264904
vt 0.9486209 0.252496
vt 0.9516 0.275329
vt 0.95077 0.263978
vt 0.952523 0.2514111
vt 0.954577 0.274983
vt 0.9539139 0.2633131
vt 0.956651 0.2509511
vt 0.957044 0.2630401
vt 0.9575189 0.274837
vt 0.960184 0.263195
vt 0.960779 0.251219
vt 0.960466 0.274906
vt 0.963356 0.2637171
vt 0.964681 0.2520931
vt 0.957829 0.286267
vt 0.9634559 0.275157
vt 0.966557 0.264448
vt 0.9682419 0.253275
vt 0.969762 0.265162
vt 0.971501 0.254406
vt 0.9746239 0.255211
vt 0.609058 0.190346
vt 0.6060719 0.425356
vt 0.609239 0.4252241
vt 0.60587 0.190307
vt 0.6029019 0.425568
vt 0.606362 0.163283
vt 0.609483 0.1633661
vt 0.6032419 0.163136
vt 0.602684 0.190254
vt 0.599731 0.425783
vt 0.600029 0.162984
vt 0.599545 0.190201
vt 0.5965589 0.4259421
vt 0.596728 0.16287
vt 0.596453 0.190163
vt 0.593383 0.1901491
vt 0.593387 0.426
vt 0.593384 0.162829
vt 0.5902159 0.42594
vt 0.59004 0.162869
vt 0.5903139 0.1901621
vt 0.5872229 0.190199
vt 0.587044 0.425781
vt 0.5867389 0.162981
vt 0.5840859 0.190251
vt 0.5838729 0.425563
vt 0.583527 0.163133
vt 0.5809 0.1903031
vt 0.5807049 0.425347
vt 0.5777119 0.1903421
vt 0.5804089 0.163283
vt 0.577539 0.4251931
vt 0.577291 0.1633891
vt 0.574374 0.425142
vt 0.5741329 0.1634511
vt 0.574543 0.1903701
vt 0.571375 0.190387
vt 0.571208 0.425179
vt 0.570971 0.163493
vt 0.9071419 0.938089
vt 0.910717 0.938089
vt 0.910717 0.932733
vt 0.9071419 0.932733
vt 0.903567 0.932733
vt 0.903567 0.938089
vt 0.8999909 0.938089
vt 0.8999909 0.932733
vt 0.8964139 0.93809
vt 0.8964139 0.932734
vt 0.892838 0.93809
vt 0.8928369 0.932734
vt 0.8892599 0.932734
vt 0.8892599 0.93809
vt 0.885682 0.932734
vt 0.885682 0.93809
vt 0.882105 0.93809
vt 0.882105 0.932734
vt 0.878528 0.93809
vt 0.878528 0.932734
vt 0.874952 0.932734
vt 0.874952 0.93809
vt 0.871377 0.932734
vt 0.871377 0.93809
vt 0.867802 0.932734
vt 0.867802 0.93809
vt 0.9311149 0.491119
vt 0.9276819 0.455022
vt 0.9311149 0.455022
vt 0.9276819 0.491119
vt 0.92425 0.491119
vt 0.92425 0.455022
vt 0.920817 0.491119
vt 0.920817 0.455022
vt 0.914181 0.455022
vt 0.914181 0.491119
vt 0.974475 0.960786
vt 0.974475 0.924775
vt 0.9779 0.924775
vt 0.9779 0.960786
vt 0.9813249 0.960786
vt 0.9813249 0.924775
vt 0.9847499 0.960786
vt 0.9847499 0.924775
vt 0.99137 0.924775
vt 0.99137 0.960786
vt 0.994874 0.962104
vt 0.994874 0.923457
vt 0.98351 0.3345771
vt 0.9863709 0.3346161
vt 0.985829 0.375041
vt 0.982968 0.375003
vt 0.979601 0.334525
vt 0.979059 0.374951
vt 0.975693 0.334473
vt 0.97515 0.3748981
vt 0.9728329 0.334434
vt 0.972288 0.37486
vt 0.9320799 0.3373691
vt 0.9316289 0.370828
vt 0.9268689 0.340883
vt 0.926515 0.367174
vt 0.9236649 0.34629
vt 0.923457 0.3616821
vt 0.909444 0.339072
vt 0.9109139 0.3404191
vt 0.910956 0.3806801
vt 0.9094889 0.38203
vt 0.86738 0.3427141
vt 0.8674179 0.378476
vt 0.861866 0.3465511
vt 0.861895 0.3746511
vt 0.858526 0.3523791
vt 0.8585429 0.3688301
vt 0.9207799 0.976751
vt 0.914194 0.976893
vt 0.914181 0.974626
vt 0.920769 0.974591
vt 0.936914 0.976668
vt 0.936903 0.974508
vt 0.943491 0.974475
vt 0.943501 0.976743
vt 0.920399 0.960561
vt 0.9290249 0.960561
vt 0.929027 0.96353
vt 0.920404 0.963762
vt 0.866338 0.965365
vt 0.8642009 0.960726
vt 0.86374 0.96597
vt 0.862326 0.965889
vt 0.860283 0.960831
vt 0.86385 0.975496
vt 0.864849 0.966609
vt 0.865183 0.975787
vt 0.8624589 0.979863
vt 0.86359 0.980611
vt 0.859833 0.984146
vt 0.860284 0.965871
vt 0.854918 0.960856
vt 0.8473179 0.975183
vt 0.862499 0.975176
vt 0.854918 0.965892
vt 0.8495539 0.96087
vt 0.859185 0.982958
vt 0.854821 0.985461
vt 0.849553 0.965902
vt 0.847505 0.965922
vt 0.845647 0.960865
vt 0.8460979 0.965988
vt 0.8447089 0.966097
vt 0.84596 0.975415
vt 0.844612 0.97564
vt 0.847227 0.979842
vt 0.8460779 0.980551
vt 0.849788 0.984176
vt 0.850444 0.983002
vt 0.8483859 0.979132
vt 0.85482 0.984111
vt 0.851095 0.981816
vt 0.861334 0.979091
vt 0.858541 0.981761
vt 0.854815 0.982754
vt 0.8857 0.717949
vt 0.8770779 0.717717
vt 0.87708 0.714748
vt 0.8857059 0.714748
vt 0.9397629 0.719552
vt 0.9419019 0.714913
vt 0.9423599 0.720159
vt 0.943774 0.720077
vt 0.9435999 0.729375
vt 0.942245 0.729686
vt 0.9412509 0.720796
vt 0.945824 0.715016
vt 0.940908 0.729969
vt 0.945825 0.720056
vt 0.951195 0.720074
vt 0.9511939 0.715037
vt 0.956563 0.720077
vt 0.956561 0.715043
vt 0.958616 0.720086
vt 0.9604709 0.71503
vt 0.9435769 0.734071
vt 0.9424419 0.73481
vt 0.944716 0.733318
vt 0.960026 0.720149
vt 0.9614149 0.720258
vt 0.958812 0.72933
vt 0.960166 0.72957
vt 0.9615099 0.729804
vt 0.9468299 0.73718
vt 0.94619 0.738367
vt 0.9512119 0.73826
vt 0.9512249 0.739611
vt 0.9562349 0.738273
vt 0.947459 0.735978
vt 0.9588369 0.733975
vt 0.959978 0.734698
vt 0.9555759 0.737094
vt 0.957696 0.733237
vt 0.954919 0.735906
vt 0.951193 0.736904
vt 0.723299 0.697215
vt 0.723299 0.698892
vt 0.808321 0.698892
vt 0.808321 0.697215
vt 0.8116989 0.667067
vt 0.8116959 0.665366
vt 0.725088 0.665383
vt 0.725089 0.667067
vt 0.8116959 0.665366
vt 0.813365 0.665155
vt 0.8099979 0.635101
vt 0.808323 0.635265
vt 0.725089 0.667067
vt 0.808321 0.697215
vt 0.8116989 0.667067
vt 0.723299 0.697215
vt 0.7234119 0.665476
vt 0.725088 0.665383
vt 0.721624 0.635354
vt 0.7233 0.635248
vt 0.725088 0.665383
vt 0.8116959 0.665366
vt 0.808323 0.635265
vt 0.7233 0.635248
vt 0.6215039 0.735638
vt 0.6215039 0.737315
vt 0.7065259 0.737315
vt 0.7065259 0.735638
vt 0.709904 0.705489
vt 0.709901 0.703789
vt 0.6232929 0.703805
vt 0.623294 0.705489
vt 0.709901 0.703789
vt 0.71157 0.703578
vt 0.708203 0.673523
vt 0.7065279 0.673687
vt 0.623294 0.705489
vt 0.7065259 0.735638
vt 0.709904 0.705489
vt 0.6215039 0.735638
vt 0.621617 0.703898
vt 0.6232929 0.703805
vt 0.6198289 0.673777
vt 0.621505 0.673671
vt 0.6232929 0.703805
vt 0.709901 0.703789
vt 0.7065279 0.673687
vt 0.621505 0.673671
vt 0.8406379 0.751203
vt 0.839381 0.748471
vt 0.836648 0.747214
vt 0.835336 0.747214
vt 0.835367 0.987957
vt 0.840668 0.987956
vt 0.8260909 0.751203
vt 0.8260599 0.987957
vt 0.8313609 0.987957
vt 0.8313919 0.747214
vt 0.830079 0.747214
vt 0.827348 0.748471
vt 0.378056 0.460165
vt 0.329796 0.455022
vt 0.329821 0.460323
vt 0.378078 0.4654651
vt 0.426314 0.46491
vt 0.426323 0.470208
vt 0.474548 0.470208
vt 0.474557 0.464911
vt 0.5227929 0.4654701
vt 0.5228159 0.46017
vt 0.571051 0.4603441
vt 0.5710779 0.4550431
vt 0.7742469 0.986667
vt 0.822804 0.986668
vt 0.822827 0.74991
vt 0.774271 0.749907
vt 0.8227479 0.746914
vt 0.725709 0.749904
vt 0.725696 0.986664
vt 0.7742079 0.746906
vt 0.822515 0.74393
vt 0.725685 0.746891
vt 0.774004 0.743915
vt 0.8224 0.742627
vt 0.773904 0.742612
vt 0.725598 0.743883
vt 0.725556 0.742576
vt 0.677518 0.742576
vt 0.6774759 0.743883
vt 0.629169 0.742612
vt 0.677364 0.749903
vt 0.677377 0.986664
vt 0.628827 0.986667
vt 0.677389 0.746891
vt 0.6290699 0.743915
vt 0.5806739 0.742627
vt 0.580559 0.74393
vt 0.628866 0.746906
vt 0.580326 0.746914
vt 0.628803 0.749907
vt 0.5802469 0.74991
vt 0.5802699 0.986668
vt 0.6312649 0.09789848
vt 0.6312649 0.338642
vt 0.6797969 0.338642
vt 0.6797969 0.09789824
vt 0.728279 0.09789753
vt 0.728279 0.338641
vt 0.776511 0.09789753
vt 0.776511 0.338641
vt 0.824994 0.338642
vt 0.824994 0.09789824
vt 0.873526 0.09789848
vt 0.873526 0.338642
vt 0.719386 0.726986
vt 0.719386 0.733367
vt 0.719386 0.735703
vt 0.719386 0.726986
vt 0.719386 0.733367
vt 0.719386 0.709552
vt 0.719386 0.718269
vt 0.719386 0.709552
vt 0.719386 0.718269
vt 0.719386 0.70317
vt 0.719386 0.70317
vt 0.719386 0.700835
vt 0.719386 0.733367
vt 0.719386 0.735703
vt 0.841043 0.737204
vt 0.841116 0.734897
vt 0.846027 0.747979
vt 0.719386 0.726986
vt 0.8462349 0.745963
vt 0.850034 0.767879
vt 0.841316 0.728594
vt 0.719386 0.718269
vt 0.846802 0.740454
vt 0.85035 0.766398
vt 0.841588 0.719984
vt 0.719386 0.709552
vt 0.847576 0.732929
vt 0.841861 0.711374
vt 0.719386 0.70317
vt 0.853078 0.795057
vt 0.8527 0.795901
vt 0.851211 0.762352
vt 0.848351 0.725403
vt 0.8420609 0.705071
vt 0.719386 0.700835
vt 0.842134 0.702764
vt 0.848918 0.719894
vt 0.849126 0.717878
vt 0.852389 0.756826
vt 0.854112 0.79275
vt 0.8535659 0.7513
vt 0.8544279 0.747254
vt 0.854743 0.745773
vt 0.8583469 0.783296
vt 0.8579689 0.784141
vt 0.8614199 0.831288
vt 0.8555239 0.789599
vt 0.856935 0.786447
vt 0.861064 0.832422
vt 0.864779 0.855087
vt 0.860091 0.835521
vt 0.858762 0.839754
vt 0.857433 0.843987
vt 0.85646 0.847085
vt 0.861082 0.879833
vt 0.856104 0.848219
vt 0.860816 0.881609
vt 0.867193 0.903414
vt 0.861807 0.874979
vt 0.862798 0.868348
vt 0.863788 0.861718
vt 0.8673359 0.901219
vt 0.874511 0.911152
vt 0.8677269 0.895222
vt 0.87453 0.908816
vt 0.929704 0.909614
vt 0.929704 0.907484
vt 0.87458 0.902435
vt 0.929704 0.901666
vt 0.868261 0.887029
vt 0.8746489 0.893718
vt 0.929704 0.893718
vt 0.868794 0.878836
vt 0.874717 0.885001
vt 0.929704 0.88577
vt 0.869185 0.872839
vt 0.8747669 0.878619
vt 0.929704 0.879951
vt 0.8747849 0.876284
vt 0.929704 0.877822
vt 0.869328 0.870644
vt 0.864514 0.856864
vt 0.719386 0.735703
vt 0.719386 0.733367
vt 0.841043 0.737204
vt 0.841116 0.734897
vt 0.719386 0.726986
vt 0.846027 0.747979
vt 0.841316 0.728594
vt 0.719386 0.718269
vt 0.8462349 0.745963
vt 0.850034 0.767879
vt 0.846802 0.740454
vt 0.841588 0.719984
vt 0.719386 0.709552
vt 0.85035 0.766398
vt 0.847576 0.732929
vt 0.841861 0.711374
vt 0.719386 0.70317
vt 0.853078 0.795057
vt 0.8527 0.795901
vt 0.851211 0.762352
vt 0.848351 0.725403
vt 0.8420609 0.705071
vt 0.719386 0.700835
vt 0.842134 0.702764
vt 0.848918 0.719894
vt 0.849126 0.717878
vt 0.852389 0.756826
vt 0.854112 0.79275
vt 0.8544279 0.747254
vt 0.854743 0.745773
vt 0.8583469 0.783296
vt 0.8535659 0.7513
vt 0.8579689 0.784141
vt 0.8614199 0.831288
vt 0.8555239 0.789599
vt 0.856935 0.786447
vt 0.861064 0.832422
vt 0.864779 0.855087
vt 0.860091 0.835521
vt 0.858762 0.839754
vt 0.857433 0.843987
vt 0.85646 0.847085
vt 0.861082 0.879833
vt 0.856104 0.848219
vt 0.860816 0.881609
vt 0.867193 0.903414
vt 0.861807 0.874979
vt 0.862798 0.868348
vt 0.863788 0.861718
vt 0.8673359 0.901219
vt 0.874511 0.911152
vt 0.8677269 0.895222
vt 0.87453 0.908816
vt 0.929704 0.909614
vt 0.929704 0.907484
vt 0.87458 0.902435
vt 0.929704 0.901666
vt 0.868261 0.887029
vt 0.8746489 0.893718
vt 0.929704 0.893718
vt 0.868794 0.878836
vt 0.874717 0.885001
vt 0.929704 0.88577
vt 0.869185 0.872839
vt 0.8747669 0.878619
vt 0.929704 0.879951
vt 0.8747849 0.876284
vt 0.929704 0.877822
vt 0.869328 0.870644
vt 0.864514 0.856864
vt 0.589523 0.73509
vt 0.5897629 0.734195
vt 0.590418 0.73354
vt 0.5928639 0.735986
vt 0.591313 0.7333
vt 0.592208 0.73354
vt 0.5928639 0.734195
vt 0.5931029 0.73509
vt 0.590418 0.736641
vt 0.5897629 0.735985
vt 0.591313 0.736881
vt 0.592208 0.736641
vt 0.350969 0.679674
vt 0.348348 0.679672
vt 0.348416 0.4844221
vt 0.351035 0.4843121
vt 0.3536 0.679693
vt 0.353656 0.484024
vt 0.356241 0.679724
vt 0.356276 0.483637
vt 0.358894 0.679754
vt 0.358907 0.4832461
vt 0.361558 0.679771
vt 0.361559 0.4829561
vt 0.364232 0.679776
vt 0.364233 0.4828501
vt 0.366905 0.482957
vt 0.366905 0.679771
vt 0.369556 0.483247
vt 0.369568 0.679754
vt 0.372185 0.483637
vt 0.372219 0.679724
vt 0.374804 0.484025
vt 0.37486 0.679693
vt 0.377423 0.484313
vt 0.377491 0.679676
vt 0.380042 0.484423
vt 0.380111 0.679673
vt 0.861113 0.5665
vt 0.8585809 0.565918
vt 0.859934 0.558408
vt 0.862543 0.558649
vt 0.862548 0.550629
vt 0.859939 0.550868
vt 0.865157 0.55895
vt 0.863593 0.567388
vt 0.861063 0.542493
vt 0.858526 0.543049
vt 0.8635629 0.54168
vt 0.865162 0.550334
vt 0.8661289 0.540639
vt 0.867726 0.559313
vt 0.866133 0.568532
vt 0.86773 0.549979
vt 0.868876 0.539585
vt 0.8702129 0.559663
vt 0.8688589 0.569688
vt 0.8726159 0.559914
vt 0.8718259 0.570552
vt 0.874962 0.570873
vt 0.870217 0.549636
vt 0.871848 0.538797
vt 0.87262 0.549389
vt 0.8749759 0.538505
vt 0.8749709 0.549301
vt 0.874966 0.560006
vt 0.877317 0.559916
vt 0.878099 0.570554
vt 0.8810669 0.569693
vt 0.877322 0.549392
vt 0.878104 0.5388
vt 0.8797259 0.54964
vt 0.881076 0.539591
vt 0.879722 0.559667
vt 0.883795 0.56854
vt 0.882213 0.549985
vt 0.8838229 0.540647
vt 0.88221 0.55932
vt 0.8863369 0.567398
vt 0.884782 0.550343
vt 0.8863879 0.54169
vt 0.8847799 0.558959
vt 0.888818 0.566512
vt 0.887396 0.55064
vt 0.888888 0.542505
vt 0.887394 0.558659
vt 0.890003 0.55842
vt 0.8913499 0.565932
vt 0.890005 0.550881
vt 0.891425 0.543063
vt 0.547781 0.984988
vt 0.547781 0.73794
vt 0.5503969 0.73794
vt 0.5503969 0.985016
vt 0.553012 0.73794
vt 0.553012 0.985093
vt 0.555627 0.737939
vt 0.555627 0.985198
vt 0.558241 0.737939
vt 0.558241 0.985303
vt 0.560856 0.737938
vt 0.560856 0.985379
vt 0.5634689 0.737938
vt 0.5634689 0.985407
vt 0.566083 0.985379
vt 0.566083 0.737938
vt 0.568697 0.985303
vt 0.568697 0.737939
vt 0.571312 0.985198
vt 0.571312 0.737939
vt 0.5739269 0.985093
vt 0.5739269 0.73794
vt 0.576542 0.985016
vt 0.576542 0.73794
vt 0.579157 0.984988
vt 0.579157 0.73794
vt 0.840384 0.686879
vt 0.8399739 0.685347
vt 0.840384 0.683815
vt 0.846103 0.685347
vt 0.841506 0.688001
vt 0.843038 0.688411
vt 0.8445699 0.688001
vt 0.8456919 0.686879
vt 0.843038 0.682283
vt 0.841506 0.682693
vt 0.8445699 0.682693
vt 0.8456919 0.683815
vt 0.00318999 0.992072
vt 0.00446475 0.993042
vt 0.00414034 0.993765
vt 0.00261003 0.992595
vt 0.00374622 0.994435
vt 0.00203744 0.993106
vt 0.00234848 0.990688
vt 0.000897266 0.991243
vt 0.00161633 0.990968
vt 0.00205433 0.989094
vt 0.0005 0.989094
vt 0.00127027 0.989094
vt 0.0023483 0.987499
vt 0.00161603 0.987219
vt 0.0008969089 0.986944
vt 0.0031894 0.986115
vt 0.00260926 0.985591
vt 0.0044638 0.985144
vt 0.00203655 0.985081
vt 0.00413921 0.984422
vt 0.00374497 0.983751
vt 0.923782 0.511414
vt 0.923457 0.510692
vt 0.924732 0.509722
vt 0.9253119 0.510245
vt 0.924175 0.512085
vt 0.925885 0.510756
vt 0.9255739 0.508338
vt 0.927025 0.508893
vt 0.926306 0.508618
vt 0.925869 0.506743
vt 0.927423 0.506744
vt 0.926653 0.506744
vt 0.925575 0.505149
vt 0.926307 0.50487
vt 0.9270259 0.504594
vt 0.9247329 0.503765
vt 0.925313 0.503242
vt 0.9234589 0.502795
vt 0.9258859 0.502731
vt 0.9237829 0.502072
vt 0.9241769 0.501401
vt 0.6890659 0.526111
vt 0.686921 0.526111
vt 0.686921 0.478212
vt 0.6890659 0.478212
vt 0.691211 0.526111
vt 0.6912099 0.478212
vt 0.693355 0.478212
vt 0.6933559 0.526111
vt 0.6955 0.526111
vt 0.6955 0.478212
vt 0.6976449 0.526111
vt 0.6976449 0.478212
vt 0.69979 0.526111
vt 0.69979 0.478212
vt 0.7019349 0.478212
vt 0.701934 0.526111
vt 0.70408 0.478212
vt 0.7040789 0.526111
vt 0.7062249 0.478212
vt 0.706224 0.526111
vt 0.7083679 0.526111
vt 0.70837 0.478212
vt 0.710515 0.478212
vt 0.710513 0.526112
vt 0.71266 0.478212
vt 0.7126579 0.526112
vt 0.653074 0.581244
vt 0.659079 0.585242
vt 0.6627539 0.59145
vt 0.655576 0.610345
vt 0.66081 0.60538
vt 0.663371 0.598637
vt 0.639061 0.582449
vt 0.6459299 0.580247
vt 0.6312649 0.594156
vt 0.633827 0.587413
vt 0.631883 0.601343
vt 0.635558 0.607551
vt 0.641562 0.611549
vt 0.648706 0.612546
vt 0.874558 0.425326
vt 0.87457 0.432299
vt 0.873502 0.432408
vt 0.8735089 0.42522
vt 0.87244 0.432394
vt 0.8724509 0.4251211
vt 0.876179 0.4184461
vt 0.875108 0.418249
vt 0.8740469 0.4180601
vt 0.876267 0.411191
vt 0.875216 0.410988
vt 0.8773229 0.411394
vt 0.8766559 0.403933
vt 0.877699 0.404181
vt 0.878745 0.4044291
vt 0.8784779 0.396945
vt 0.880527 0.39757
vt 0.8795019 0.397257
vt 0.88076 0.39009
vt 0.8827549 0.3909091
vt 0.8817739 0.390439
vt 0.994216 0.005164266
vt 0.995302 0.005319118
vt 0.995263 0.01237261
vt 0.9941939 0.01235068
vt 0.9941339 0.01950622
vt 0.995209 0.01951432
vt 0.9931329 0.01233149
vt 0.9931359 0.00513804
vt 0.993067 0.01949763
vt 0.99304 0.02665758
vt 0.994108 0.02666104
vt 0.995183 0.0266645
vt 0.993029 0.03381479
vt 0.995172 0.03381729
vt 0.994097 0.03381598
vt 0.993027 0.04097116
vt 0.9951689 0.0409708
vt 0.994094 0.04097092
vt 0.994095 0.04812598
vt 0.9930279 0.0481286
vt 0.995168 0.04812324
vt 0.993032 0.05529642
vt 0.994095 0.05528164
vt 0.9951639 0.05526388
vt 0.993035 0.06249273
vt 0.9951999 0.06231487
vt 0.994115 0.06246793
vt 0.45645 0.706732
vt 0.455022 0.704706
vt 0.455444 0.702263
vt 0.458893 0.707154
vt 0.45747 0.700835
vt 0.459913 0.701257
vt 0.461341 0.703283
vt 0.460919 0.705726
vt 0.359204 0.71143
vt 0.357624 0.70952
vt 0.357858 0.707052
vt 0.359769 0.705472
vt 0.362236 0.705706
vt 0.363816 0.707617
vt 0.361672 0.711664
vt 0.363582 0.710085
vt 0.640541 0.648617
vt 0.640541 0.646138
vt 0.6644269 0.646138
vt 0.6644269 0.648617
vt 0.640541 0.651096
vt 0.6644269 0.651096
vt 0.640541 0.633744
vt 0.640541 0.631265
vt 0.6644269 0.631265
vt 0.6644269 0.633744
vt 0.640541 0.636223
vt 0.6644269 0.636223
vt 0.6644269 0.636223
vt 0.640541 0.638702
vt 0.640541 0.636223
vt 0.6644269 0.638702
vt 0.640541 0.641181
vt 0.6644269 0.641181
vt 0.908855 0.390298
vt 0.899823 0.39009
vt 0.896201 0.390915
vt 0.912434 0.3912901
vt 0.8933179 0.3926101
vt 0.915236 0.393116
vt 0.917258 0.395903
vt 0.89117 0.395301
vt 0.890123 0.398841
vt 0.9181399 0.399488
vt 0.918684 0.401464
vt 0.889487 0.400789
vt 0.920077 0.4148901
vt 0.887476 0.414137
vt 0.8846619 0.426257
vt 0.922328 0.427126
vt 0.922016 0.4406641
vt 0.884354 0.439793
vt 0.879622 0.4333841
vt 0.8771859 0.437094
vt 0.8771679 0.4377941
vt 0.884336 0.440482
vt 0.921993 0.441358
vt 0.8770779 0.4387591
vt 0.9219639 0.4423231
vt 0.8842779 0.441442
vt 0.796684 0.41328
vt 0.7876589 0.4137011
vt 0.7841029 0.414775
vt 0.800324 0.4140201
vt 0.781345 0.416667
vt 0.8032479 0.415647
vt 0.8054579 0.418269
vt 0.779389 0.4194831
vt 0.77859 0.423074
vt 0.806587 0.421772
vt 0.807267 0.4236981
vt 0.778091 0.425055
vt 0.809587 0.436957
vt 0.77701 0.43847
vt 0.7750419 0.4507101
vt 0.81268 0.448962
vt 0.8133069 0.462471
vt 0.775669 0.464219
vt 0.676803 0.473026
vt 0.674207 0.4694281
vt 0.66976 0.476034
vt 0.6688579 0.462541
vt 0.632166 0.478544
vt 0.6312649 0.4650511
vt 0.632983 0.452773
vt 0.6655229 0.4506021
vt 0.662935 0.437396
vt 0.633794 0.439337
vt 0.662217 0.435485
vt 0.634252 0.437346
vt 0.63498 0.433738
vt 0.661019 0.4320071
vt 0.6587579 0.42943
vt 0.636881 0.430884
vt 0.6396019 0.4289371
vt 0.6558039 0.427861
vt 0.643135 0.4277921
vt 0.652151 0.427194
vt 0.998459 0.782017
vt 0.9976649 0.77968
vt 0.998418 0.77968
vt 0.999153 0.782017
vt 0.999153 0.785202
vt 0.998459 0.785202
vt 0.999153 0.789237
vt 0.998459 0.789237
vt 0.998459 0.799359
vt 0.999153 0.799359
vt 0.999153 0.803394
vt 0.998459 0.803394
vt 0.999153 0.80658
vt 0.998459 0.80658
vt 0.998418 0.808917
vt 0.9976649 0.808917
vt 0.805519 0.4771451
vt 0.8048589 0.473574
vt 0.8055329 0.473574
vt 0.806247 0.4771451
vt 0.8058749 0.4791211
vt 0.806631 0.4791211
vt 0.8080989 0.492393
vt 0.809032 0.492393
vt 0.810383 0.504507
vt 0.811499 0.504507
vt 0.8119069 0.517888
vt 0.813144 0.517888
vt 0.813144 0.51858
vt 0.812806 0.519462
vt 0.8119069 0.519849
vt 0.796412 0.517888
vt 0.796412 0.519849
vt 0.780918 0.519849
vt 0.780918 0.517888
vt 0.7800189 0.519462
vt 0.77968 0.51858
vt 0.77968 0.517888
vt 0.7813259 0.504507
vt 0.782442 0.504507
vt 0.783792 0.492393
vt 0.784726 0.492393
vt 0.786194 0.4791211
vt 0.78695 0.4791211
vt 0.7865779 0.4771451
vt 0.787305 0.4771451
vt 0.7872909 0.473574
vt 0.787966 0.473574
vt 0.749158 0.477524
vt 0.7490929 0.473783
vt 0.749791 0.473775
vt 0.748405 0.477532
vt 0.748821 0.4796051
vt 0.748039 0.4796131
vt 0.746609 0.4933211
vt 0.745643 0.493332
vt 0.7443789 0.505953
vt 0.743224 0.505966
vt 0.7440419 0.514384
vt 0.74281 0.514398
vt 0.743807 0.518724
vt 0.742576 0.518738
vt 0.742576 0.519441
vt 0.742927 0.520334
vt 0.743807 0.520718
vt 0.7592109 0.520547
vt 0.7592109 0.518553
vt 0.7746149 0.518382
vt 0.7746149 0.520376
vt 0.7754949 0.519973
vt 0.775846 0.519072
vt 0.775846 0.518369
vt 0.775388 0.514037
vt 0.774156 0.51405
vt 0.774441 0.50562
vt 0.7732869 0.505632
vt 0.771757 0.493042
vt 0.7707909 0.4930531
vt 0.7691829 0.4793791
vt 0.768401 0.479387
vt 0.768755 0.4773071
vt 0.7680019 0.4773151
vt 0.7679659 0.473574
vt 0.7672679 0.4735811
vt 0.8734989 0.446664
vt 0.87244 0.4467
vt 0.87341 0.483004
vt 0.8744609 0.482915
vt 0.8742989 0.490366
vt 0.875304 0.490224
vt 0.8905779 0.4462041
vt 0.8915319 0.4824741
vt 0.8917249 0.489817
vt 0.908145 0.48936
vt 0.908602 0.482017
vt 0.909155 0.4894481
vt 0.907657 0.445765
vt 0.9096559 0.4820501
vt 0.9087169 0.4457461
vt 0.7621469 0.564788
vt 0.7621469 0.529229
vt 0.745405 0.52923
vt 0.745405 0.564788
vt 0.761493 0.571986
vt 0.745405 0.571986
vt 0.729316 0.571986
vt 0.728662 0.564788
vt 0.728662 0.52923
vt 0.774156 0.51405
vt 0.7746149 0.518382
vt 0.774863 0.519225
vt 0.7732869 0.505632
vt 0.9984 0.1999331
vt 0.999153 0.1999331
vt 0.998359 0.2022691
vt 0.9976649 0.2022691
vt 0.9976649 0.2054551
vt 0.998359 0.2054551
vt 0.9976649 0.2094901
vt 0.998359 0.2094901
vt 0.998359 0.219612
vt 0.9976649 0.219612
vt 0.9976649 0.223647
vt 0.998359 0.223647
vt 0.9976649 0.226833
vt 0.998359 0.226833
vt 0.9984 0.229169
vt 0.999153 0.229169
vt 0.527535 0.627453
vt 0.523914 0.626627
vt 0.514881 0.626833
vt 0.511302 0.627824
vt 0.5304179 0.629149
vt 0.508499 0.62965
vt 0.506477 0.632436
vt 0.532565 0.631839
vt 0.533612 0.635379
vt 0.505594 0.636021
vt 0.505049 0.637997
vt 0.5342469 0.637327
vt 0.503654 0.651423
vt 0.536256 0.650675
vt 0.539068 0.662795
vt 0.5014009 0.663659
vt 0.501712 0.677197
vt 0.539374 0.67633
vt 0.544106 0.669925
vt 0.546543 0.673632
vt 0.546561 0.674331
vt 0.5393929 0.677019
vt 0.5017359 0.677891
vt 0.546651 0.675296
vt 0.501765 0.678856
vt 0.539451 0.677979
vt 0.947333 0.646455
vt 0.949963 0.640577
vt 0.954281 0.6358
vt 0.951183 0.664742
vt 0.959864 0.632592
vt 0.9466469 0.652858
vt 0.947974 0.659159
vt 0.9661649 0.631265
vt 0.972567 0.63195
vt 0.9784449 0.63458
vt 0.986431 0.644481
vt 0.983222 0.638898
vt 0.9877579 0.650782
vt 0.987072 0.657184
vt 0.984442 0.663062
vt 0.980124 0.667839
vt 0.96824 0.672375
vt 0.9745409 0.671048
vt 0.9559599 0.669059
vt 0.961838 0.671689
vt 0.780687 0.556171
vt 0.77968 0.549811
vt 0.780687 0.543451
vt 0.820843 0.549811
vt 0.7836109 0.561908
vt 0.7836109 0.537713
vt 0.788164 0.566462
vt 0.788164 0.53316
vt 0.7939019 0.569385
vt 0.7939019 0.530237
vt 0.800262 0.570392
vt 0.800262 0.529229
vt 0.812359 0.53316
vt 0.806622 0.530237
vt 0.8169119 0.537713
vt 0.819836 0.543451
vt 0.812359 0.566462
vt 0.806622 0.569385
vt 0.819836 0.556171
vt 0.8169119 0.561908
vt 0.989166 0.317631
vt 0.988389 0.3174751
vt 0.988462 0.31095
vt 0.989228 0.3109801
vt 0.988449 0.3043211
vt 0.989962 0.317754
vt 0.9892169 0.3043281
vt 0.9884449 0.2976691
vt 0.989987 0.311021
vt 0.990909 0.311021
vt 0.9909329 0.317754
vt 0.9916669 0.3109801
vt 0.99173 0.317631
vt 0.992433 0.31095
vt 0.992507 0.3174751
vt 0.992447 0.3043211
vt 0.991679 0.3043281
vt 0.992451 0.2976691
vt 0.9909129 0.3043391
vt 0.989983 0.3043391
vt 0.989213 0.29767
vt 0.9916819 0.29767
vt 0.990914 0.297673
vt 0.991683 0.291011
vt 0.992452 0.291011
vt 0.992452 0.2843521
vt 0.9899809 0.297673
vt 0.9909149 0.291012
vt 0.9892119 0.291011
vt 0.988443 0.291011
vt 0.988443 0.2843521
vt 0.9899809 0.291012
vt 0.9909149 0.2843521
vt 0.991683 0.2843521
vt 0.991683 0.277693
vt 0.992452 0.277693
vt 0.9899809 0.2843521
vt 0.9892119 0.2843521
vt 0.9892119 0.277693
vt 0.988443 0.277693
vt 0.9909149 0.2776921
vt 0.9916819 0.271034
vt 0.992451 0.271036
vt 0.989213 0.271034
vt 0.9884449 0.271036
vt 0.9899809 0.2776921
vt 0.990914 0.271032
vt 0.991679 0.264377
vt 0.992447 0.264384
vt 0.992433 0.257755
vt 0.9899809 0.271032
vt 0.9909129 0.264366
vt 0.9892169 0.264377
vt 0.988449 0.264384
vt 0.988462 0.257755
vt 0.989983 0.264366
vt 0.9916669 0.2577261
vt 0.992507 0.25123
vt 0.99173 0.2510741
vt 0.9909329 0.2509511
vt 0.990908 0.257684
vt 0.989987 0.257684
vt 0.989962 0.2509511
vt 0.989228 0.2577261
vt 0.988389 0.25123
vt 0.989166 0.2510741
vt 0.8218319 0.683815
vt 0.821422 0.685347
vt 0.8218319 0.686879
vt 0.827551 0.685347
vt 0.8229539 0.688001
vt 0.824486 0.688411
vt 0.826018 0.688001
vt 0.82714 0.686879
vt 0.824486 0.682283
vt 0.8229539 0.682693
vt 0.826018 0.682693
vt 0.82714 0.683815
vt 0.004140319 0.979851
vt 0.00446466 0.979128
vt 0.00318992 0.978158
vt 0.00260997 0.978682
vt 0.00374622 0.980522
vt 0.0020374 0.979192
vt 0.00234853 0.976774
vt 0.000897262 0.977329
vt 0.0016163 0.977054
vt 0.00205435 0.97518
vt 0.0005 0.97518
vt 0.00127021 0.97518
vt 0.00234828 0.973585
vt 0.001616 0.973306
vt 0.000896891 0.973031
vt 0.00318934 0.972201
vt 0.00260925 0.971677
vt 0.00446378 0.97123
vt 0.00203653 0.971167
vt 0.00413923 0.970508
vt 0.00374492 0.969837
vt 0.9247329 0.53755
vt 0.923457 0.53852
vt 0.923782 0.539242
vt 0.9253119 0.538073
vt 0.924175 0.539913
vt 0.925885 0.538584
vt 0.9255739 0.536166
vt 0.927025 0.536721
vt 0.926306 0.536446
vt 0.925869 0.534572
vt 0.927423 0.534572
vt 0.926653 0.534572
vt 0.925575 0.532977
vt 0.926307 0.532697
vt 0.9270259 0.532422
vt 0.9247329 0.531593
vt 0.925313 0.53107
vt 0.9234589 0.530622
vt 0.9258859 0.530559
vt 0.9237829 0.5299
vt 0.9241769 0.529229
vt 0.714748 0.478212
vt 0.714749 0.526111
vt 0.7168939 0.526111
vt 0.716893 0.478212
vt 0.719039 0.526111
vt 0.719038 0.478212
vt 0.7211829 0.478212
vt 0.7211829 0.526111
vt 0.723328 0.526111
vt 0.723328 0.478212
vt 0.7254729 0.526111
vt 0.7254729 0.478212
vt 0.727618 0.526111
vt 0.727618 0.478212
vt 0.7297629 0.478212
vt 0.729762 0.526111
vt 0.731908 0.478212
vt 0.731907 0.526111
vt 0.734053 0.478212
vt 0.7340519 0.526111
vt 0.7361959 0.526111
vt 0.7361979 0.478212
vt 0.738343 0.478212
vt 0.738341 0.526112
vt 0.7404879 0.478212
vt 0.740486 0.526112
vt 0.329796 0.1023481
vt 0.6267309 0.1023481
vt 0.6267309 0.09780359
vt 0.329796 0.09780359
vt 0.6267309 0.106894
vt 0.329796 0.1023481
vt 0.329796 0.106894
vt 0.6267309 0.1023481
vt 0.329796 0.111439
vt 0.6267309 0.1114401
vt 0.6267309 0.106894
vt 0.329796 0.106894
vt 0.6267309 0.1159841
vt 0.329796 0.111439
vt 0.329796 0.1159841
vt 0.6267309 0.1114401
vt 0.329796 0.120528
vt 0.6267309 0.1205291
vt 0.6267309 0.1159841
vt 0.329796 0.1159841
vt 0.6267309 0.09780359
vt 0.329796 0.09325957
vt 0.329796 0.09780359
vt 0.6267309 0.09325957
vt 0.6822829 0.564788
vt 0.6822829 0.52923
vt 0.6990249 0.52923
vt 0.6990249 0.564788
vt 0.682936 0.571986
vt 0.6990249 0.571986
vt 0.7151129 0.571986
vt 0.715767 0.564788
vt 0.715767 0.529229
vt 0.666482 0.533886
vt 0.667542 0.533867
vt 0.668481 0.570172
vt 0.6674269 0.570138
vt 0.66798 0.57757
vt 0.66697 0.577481
vt 0.649403 0.534325
vt 0.650357 0.570596
vt 0.65055 0.577938
vt 0.6341289 0.578346
vt 0.633286 0.571037
vt 0.6331249 0.578487
vt 0.632324 0.534785
vt 0.6322349 0.571126
vt 0.6312649 0.534822
vt 0.733927 0.464219
vt 0.7333 0.4507101
vt 0.771565 0.462471
vt 0.7709379 0.448962
vt 0.767846 0.436957
vt 0.735268 0.43847
vt 0.7363499 0.425055
vt 0.7655259 0.4236981
vt 0.736848 0.423074
vt 0.764845 0.421772
vt 0.763716 0.418269
vt 0.7376469 0.4194831
vt 0.7396029 0.416667
vt 0.761506 0.415647
vt 0.7585829 0.414019
vt 0.742362 0.414775
vt 0.754943 0.41328
vt 0.745917 0.4137
vt 0.5612609 0.622195
vt 0.5702929 0.621989
vt 0.573915 0.622815
vt 0.557681 0.623186
vt 0.576798 0.624511
vt 0.554879 0.625012
vt 0.5528569 0.627798
vt 0.5789449 0.627201
vt 0.579991 0.630741
vt 0.5519739 0.631383
vt 0.5514289 0.633359
vt 0.580626 0.632689
vt 0.5500339 0.646785
vt 0.582636 0.646037
vt 0.585448 0.658156
vt 0.547781 0.659021
vt 0.548092 0.672559
vt 0.5857539 0.671692
vt 0.5904859 0.665287
vt 0.5929229 0.668994
vt 0.59294 0.669693
vt 0.5857719 0.672381
vt 0.548115 0.673253
vt 0.5930309 0.670658
vt 0.548144 0.674218
vt 0.5858309 0.673341
vt 0.9859869 0.713852
vt 0.9859509 0.71011
vt 0.985253 0.710118
vt 0.98674 0.713844
vt 0.9863859 0.715924
vt 0.987168 0.715915
vt 0.988776 0.72959
vt 0.9897419 0.729579
vt 0.991272 0.742169
vt 0.9924259 0.742157
vt 0.992141 0.750587
vt 0.9933729 0.750574
vt 0.9926 0.7549191
vt 0.9938309 0.754906
vt 0.9938309 0.755609
vt 0.99348 0.75651
vt 0.9926 0.756913
vt 0.977196 0.757084
vt 0.977196 0.75509
vt 0.961792 0.755261
vt 0.961792 0.757255
vt 0.960912 0.756871
vt 0.9605609 0.755978
vt 0.9605609 0.755275
vt 0.9607949 0.750935
vt 0.962027 0.750921
vt 0.9612089 0.742503
vt 0.962364 0.74249
vt 0.9636279 0.729868
vt 0.964594 0.729858
vt 0.9660239 0.71615
vt 0.9668059 0.716141
vt 0.96639 0.714069
vt 0.9671429 0.714061
vt 0.967077 0.71032
vt 0.9677759 0.710312
vt 0.933427 0.48656
vt 0.9334689 0.488896
vt 0.934221 0.488896
vt 0.9327329 0.48656
vt 0.933427 0.483374
vt 0.9327329 0.483374
vt 0.933427 0.479339
vt 0.9327329 0.479339
vt 0.9327329 0.4692171
vt 0.933427 0.4692171
vt 0.933427 0.4651821
vt 0.9327329 0.4651821
vt 0.933427 0.4619961
vt 0.9327329 0.4619961
vt 0.9334689 0.4596601
vt 0.934221 0.4596601
vt 0.824409 0.472507
vt 0.825069 0.4689361
vt 0.8243949 0.4689361
vt 0.823681 0.472507
vt 0.824054 0.474483
vt 0.823298 0.474483
vt 0.821829 0.4877551
vt 0.820896 0.4877551
vt 0.819546 0.499869
vt 0.8184299 0.499869
vt 0.818022 0.51325
vt 0.816784 0.51325
vt 0.816784 0.513942
vt 0.8171229 0.514824
vt 0.818022 0.515211
vt 0.833516 0.51325
vt 0.833516 0.515211
vt 0.84901 0.515211
vt 0.84901 0.51325
vt 0.8499089 0.514824
vt 0.850248 0.513942
vt 0.850248 0.51325
vt 0.848603 0.499869
vt 0.847487 0.499869
vt 0.846136 0.4877551
vt 0.8452029 0.4877551
vt 0.843735 0.474483
vt 0.842979 0.474483
vt 0.843351 0.472507
vt 0.842623 0.472507
vt 0.8426369 0.4689361
vt 0.8419629 0.4689361
vt 0.9928479 0.755762
vt 0.992141 0.750587
vt 0.991272 0.742169
vt 0.9926 0.7549191
vt 0.698791 0.423154
vt 0.707806 0.422556
vt 0.71146 0.423223
vt 0.6952569 0.424299
vt 0.714414 0.4247921
vt 0.692537 0.426246
vt 0.6906359 0.4291
vt 0.7166749 0.427369
vt 0.717873 0.430847
vt 0.689908 0.432708
vt 0.689449 0.4346991
vt 0.718591 0.432758
vt 0.6886389 0.448135
vt 0.7211779 0.4459651
vt 0.724514 0.457903
vt 0.686921 0.460413
vt 0.687822 0.473906
vt 0.725415 0.4713961
vt 0.7298629 0.46479
vt 0.7324589 0.4683881
vt 0.0886216 0.999074
vt 0.08937429 0.999074
vt 0.08941559 0.996737
vt 0.0901095 0.996737
vt 0.08941559 0.993551
vt 0.0901095 0.993551
vt 0.08941559 0.989517
vt 0.0901095 0.989517
vt 0.0901095 0.979394
vt 0.08941559 0.979394
vt 0.08941559 0.975359
vt 0.0901095 0.975359
vt 0.08941559 0.972174
vt 0.0901095 0.972174
vt 0.08937429 0.969837
vt 0.0886216 0.969837
vt 0.961133 0.465122
vt 0.964754 0.464298
vt 0.973787 0.464506
vt 0.977366 0.465497
vt 0.9582499 0.466818
vt 0.980168 0.467324
vt 0.9821889 0.470111
vt 0.956102 0.4695081
vt 0.9550539 0.473048
vt 0.9830719 0.473696
vt 0.983616 0.4756711
vt 0.954419 0.474997
vt 0.985009 0.489097
vt 0.952407 0.488345
vt 0.949594 0.500465
vt 0.98726 0.501334
vt 0.986948 0.514872
vt 0.949286 0.514001
vt 0.944554 0.507592
vt 0.9421179 0.511302
vt 0.9420999 0.512002
vt 0.949268 0.51469
vt 0.986925 0.515566
vt 0.942009 0.512966
vt 0.9868959 0.516531
vt 0.949209 0.51565
vt 0.9824539 0.317631
vt 0.9832309 0.3174751
vt 0.9831569 0.31095
vt 0.982391 0.3109801
vt 0.983171 0.3043211
vt 0.981658 0.317755
vt 0.9824029 0.3043281
vt 0.9831749 0.2976691
vt 0.9816329 0.311021
vt 0.9806859 0.317755
vt 0.982406 0.29767
vt 0.981637 0.3043391
vt 0.980711 0.311021
vt 0.982407 0.291012
vt 0.983176 0.291011
vt 0.983176 0.2843521
vt 0.979952 0.3109801
vt 0.97989 0.317631
vt 0.9791859 0.31095
vt 0.979113 0.3174751
vt 0.9791729 0.3043211
vt 0.979941 0.3043281
vt 0.9807069 0.3043391
vt 0.979937 0.29767
vt 0.979169 0.2976691
vt 0.981639 0.297673
vt 0.980705 0.297673
vt 0.981639 0.291012
vt 0.979936 0.291012
vt 0.9791679 0.291011
vt 0.979167 0.2843521
vt 0.980705 0.291012
vt 0.981639 0.2843521
vt 0.980705 0.2843521
vt 0.979936 0.2843521
vt 0.979936 0.277693
vt 0.9791679 0.277694
vt 0.979937 0.271034
vt 0.979169 0.271036
vt 0.980705 0.2776921
vt 0.9824079 0.2843521
vt 0.982407 0.277693
vt 0.983176 0.277694
vt 0.981639 0.2776921
vt 0.982406 0.271034
vt 0.9831749 0.271036
vt 0.981639 0.271032
vt 0.9824029 0.264377
vt 0.983171 0.264384
vt 0.9831569 0.257755
vt 0.980705 0.271032
vt 0.981637 0.264366
vt 0.982391 0.2577261
vt 0.9832309 0.25123
vt 0.9824539 0.2510741
vt 0.981658 0.2509511
vt 0.9816329 0.257684
vt 0.9807069 0.264366
vt 0.980711 0.257684
vt 0.9806859 0.2509511
vt 0.979941 0.264377
vt 0.9791729 0.264384
vt 0.9791859 0.257755
vt 0.979952 0.2577261
vt 0.97989 0.2510741
vt 0.979113 0.25123
vt 0.987092 0.07181799
vt 0.987869 0.07166183
vt 0.987795 0.06513691
vt 0.987029 0.06516659
vt 0.9862959 0.07194149
vt 0.987041 0.05851471
vt 0.9878089 0.05850828
vt 0.98627 0.06520796
vt 0.985324 0.07194149
vt 0.9870449 0.05185747
vt 0.987813 0.05185592
vt 0.987046 0.04519868
vt 0.9878139 0.04519832
vt 0.9878139 0.03853941
vt 0.9853489 0.06520796
vt 0.986275 0.05852568
vt 0.986277 0.05186021
vt 0.986277 0.04519928
vt 0.985345 0.05852568
vt 0.9845899 0.06516659
vt 0.9845279 0.07181799
vt 0.985343 0.05186021
vt 0.984579 0.05851471
vt 0.983824 0.06513679
vt 0.9837509 0.07166183
vt 0.983811 0.05850828
vt 0.9845749 0.05185747
vt 0.983807 0.05185592
vt 0.985343 0.04519928
vt 0.984574 0.04519868
vt 0.983806 0.04519832
vt 0.9838049 0.03853941
vt 0.986277 0.03853941
vt 0.985343 0.03853941
vt 0.984574 0.03853941
vt 0.984574 0.03188038
vt 0.983806 0.03188062
vt 0.9845749 0.02522159
vt 0.983807 0.02522314
vt 0.984579 0.01856458
vt 0.983811 0.01857102
vt 0.983824 0.01194263
vt 0.985343 0.03187966
vt 0.987046 0.03853941
vt 0.987046 0.03188038
vt 0.9878139 0.03188062
vt 0.986277 0.03187966
vt 0.9870449 0.02522159
vt 0.987813 0.02522314
vt 0.985343 0.02521884
vt 0.986277 0.02521884
vt 0.987041 0.0185647
vt 0.9878089 0.01857102
vt 0.986275 0.01855361
vt 0.987029 0.01191294
vt 0.987795 0.01194263
vt 0.987869 0.005417705
vt 0.987092 0.00526154
vt 0.9862959 0.00513804
vt 0.986271 0.01187158
vt 0.985324 0.00513804
vt 0.985345 0.01855361
vt 0.9853489 0.01187158
vt 0.9845899 0.01191294
vt 0.9845279 0.00526154
vt 0.9837509 0.005417705
vt 0.936579 0.927388
vt 0.932026 0.931941
vt 0.929103 0.937679
vt 0.969258 0.944039
vt 0.9486769 0.923457
vt 0.942317 0.924465
vt 0.955037 0.924465
vt 0.9607739 0.927388
vt 0.965328 0.931941
vt 0.968251 0.937679
vt 0.929103 0.950399
vt 0.928095 0.944039
vt 0.932026 0.956136
vt 0.936579 0.96069
vt 0.9486769 0.96462
vt 0.942317 0.963613
vt 0.9607739 0.96069
vt 0.955037 0.963613
vt 0.968251 0.950399
vt 0.965328 0.956136
vt 0.142319 0.969139
vt 0.13911 0.963557
vt 0.134333 0.959239
vt 0.107071 0.9894
vt 0.143646 0.97544
vt 0.14296 0.981843
vt 0.122053 0.955923
vt 0.136012 0.992497
vt 0.128456 0.956609
vt 0.14033 0.98772
vt 0.110169 0.960459
vt 0.115752 0.95725
vt 0.105852 0.965236
vt 0.103221 0.971113
vt 0.102535 0.977516
vt 0.103862 0.983817
vt 0.124129 0.997033
vt 0.13043 0.995706
vt 0.111848 0.993718
vt 0.117726 0.996348
vt 0.842091 0.08717251
vt 0.8537799 0.0853976
vt 0.8516229 0.07696378
vt 0.840923 0.07862449
vt 0.855413 0.08474743
vt 0.865955 0.07945478
vt 0.8516229 0.07696378
vt 0.861282 0.07211328
vt 0.867303 0.078336
vt 0.875675 0.07004237
vt 0.861282 0.07211328
vt 0.868953 0.06450856
vt 0.876604 0.06856298
vt 0.8819979 0.05809462
vt 0.868953 0.06450856
vt 0.873901 0.0549109
vt 0.8824409 0.05641139
vt 0.884305 0.04480708
vt 0.873901 0.0549109
vt 0.8755859 0.04426086
vt 0.88419 0.0430764
vt 0.8824769 0.0314647
vt 0.8755859 0.04426086
vt 0.8740239 0.03360367
vt 0.881842 0.02984798
vt 0.8766589 0.01930511
vt 0.8740239 0.03360367
vt 0.869274 0.02392876
vt 0.875558 0.01795769
vt 0.8673769 0.009512067
vt 0.869274 0.02392876
vt 0.861773 0.01618028
vt 0.8659149 0.008559108
vt 0.855526 0.003041267
vt 0.861773 0.01618028
vt 0.8522429 0.01112831
vt 0.853822 0.002626061
vt 0.842209 0.000500083
vt 0.841614 0.009126544
vt 0.8522429 0.01112831
vt 0.8404469 0.0005784035
vt 0.8287569 0.002353072
vt 0.830914 0.01078713
vt 0.841614 0.009126544
vt 0.827125 0.003003359
vt 0.8165829 0.008295894
vt 0.830914 0.01078713
vt 0.821255 0.01563728
vt 0.806862 0.0177083
vt 0.813584 0.02324224
vt 0.821255 0.01563728
vt 0.815235 0.009414673
vt 0.800539 0.02965617
vt 0.808636 0.03283989
vt 0.813584 0.02324224
vt 0.805933 0.01918769
vt 0.798232 0.04294372
vt 0.8069509 0.04349017
vt 0.808636 0.03283989
vt 0.8000959 0.03133941
vt 0.8000599 0.0562861
vt 0.8085129 0.05414736
vt 0.8069509 0.04349017
vt 0.7983479 0.04467428
vt 0.8058779 0.06844592
vt 0.8132629 0.06382239
vt 0.8085129 0.05414736
vt 0.8006949 0.05790293
vt 0.8151599 0.0782392
vt 0.8207639 0.07157087
vt 0.8132629 0.06382239
vt 0.8069789 0.06979358
vt 0.816622 0.07919216
vt 0.827011 0.08470988
vt 0.8207639 0.07157087
vt 0.830294 0.07662272
vt 0.8287159 0.08512509
vt 0.840328 0.08725095
vt 0.840923 0.07862449
vt 0.830294 0.07662272
vt 0.941242 0.4938071
vt 0.9432679 0.4923791
vt 0.943691 0.489936
vt 0.942263 0.48791
vt 0.9398199 0.487488
vt 0.937794 0.488916
vt 0.9388 0.4933851
vt 0.937371 0.491359
vt 0.692255 0.627267
vt 0.692255 0.624788
vt 0.6683689 0.627267
vt 0.6683689 0.624788
vt 0.692255 0.622309
vt 0.6683689 0.622309
vt 0.6683689 0.622309
vt 0.692255 0.622309
vt 0.692255 0.61983
vt 0.6683689 0.61983
vt 0.692255 0.617351
vt 0.6683689 0.617351
vt 0.692255 0.637182
vt 0.692255 0.634703
vt 0.6683689 0.637182
vt 0.6683689 0.634703
vt 0.692255 0.632224
vt 0.6683689 0.632224
vt 0.398776 0.707026
vt 0.400686 0.705447
vt 0.40092 0.702979
vt 0.396308 0.706793
vt 0.396872 0.700835
vt 0.39934 0.701068
vt 0.394962 0.702414
vt 0.394728 0.704882
vt 0.609264 0.547807
vt 0.608184 0.547781
vt 0.608181 0.554975
vt 0.609242 0.554994
vt 0.6103109 0.555016
vt 0.61035 0.547962
vt 0.609183 0.562149
vt 0.608115 0.562141
vt 0.610257 0.562158
vt 0.608088 0.569301
vt 0.609156 0.569304
vt 0.6102309 0.569308
vt 0.6080769 0.576458
vt 0.610219 0.57646
vt 0.6091449 0.576459
vt 0.608075 0.583614
vt 0.610217 0.583614
vt 0.6091419 0.583614
vt 0.609143 0.590769
vt 0.608076 0.590772
vt 0.610216 0.590766
vt 0.60808 0.59794
vt 0.609143 0.597925
vt 0.6102129 0.597907
vt 0.608083 0.605136
vt 0.610248 0.604958
vt 0.6091629 0.605111
vt 0.7725229 0.564465
vt 0.771466 0.571547
vt 0.772535 0.571439
vt 0.7714729 0.56436
vt 0.770404 0.571533
vt 0.7704149 0.56426
vt 0.774143 0.557585
vt 0.773073 0.557388
vt 0.7720109 0.557199
vt 0.7742319 0.55033
vt 0.77318 0.550127
vt 0.775288 0.550533
vt 0.774621 0.543072
vt 0.775663 0.54332
vt 0.776709 0.543568
vt 0.776443 0.536084
vt 0.778492 0.536709
vt 0.7774659 0.536396
vt 0.778725 0.529229
vt 0.78072 0.530048
vt 0.779739 0.529579
vt 0.702552 0.600742
vt 0.7051129 0.593999
vt 0.704495 0.586812
vt 0.697318 0.605707
vt 0.694816 0.576606
vt 0.70082 0.580604
vt 0.680802 0.577811
vt 0.687672 0.575609
vt 0.673007 0.589518
vt 0.675568 0.582775
vt 0.6736239 0.596705
vt 0.677299 0.602913
vt 0.683304 0.606911
vt 0.6904479 0.607908
vt 0.900267 0.333436
vt 0.902825 0.241677
vt 0.900383 0.241678
vt 0.902825 0.3334661
vt 0.905324 0.241675
vt 0.9053249 0.3335481
vt 0.907823 0.241675
vt 0.9078239 0.333662
vt 0.910321 0.241676
vt 0.910321 0.3337771
vt 0.912819 0.241678
vt 0.912819 0.333863
vt 0.9153149 0.241681
vt 0.9153149 0.333897
vt 0.91781 0.3338721
vt 0.91781 0.2416871
vt 0.9203039 0.333794
vt 0.920305 0.241693
vt 0.922799 0.333685
vt 0.922801 0.241698
vt 0.9252959 0.3335741
vt 0.925298 0.2417021
vt 0.9277949 0.333492
vt 0.927796 0.241704
vt 0.9303529 0.333462
vt 0.9302369 0.2417051
vt 0.881797 0.522049
vt 0.881582 0.531883
vt 0.884082 0.531066
vt 0.879198 0.522552
vt 0.8791 0.533093
vt 0.8811979 0.51305
vt 0.876586 0.523233
vt 0.8764729 0.534609
vt 0.874007 0.524013
vt 0.873534 0.536124
vt 0.8714939 0.524735
vt 0.870226 0.537255
vt 0.8690549 0.525241
vt 0.8688849 0.51344
vt 0.866666 0.537675
vt 0.8711569 0.513404
vt 0.873526 0.513341
vt 0.8760099 0.513249
vt 0.878584 0.513138
vt 0.878799 0.503637
vt 0.881407 0.503878
vt 0.876233 0.503191
vt 0.873742 0.5026
vt 0.87133 0.502004
vt 0.868982 0.501563
vt 0.866666 0.501401
vt 0.866666 0.513451
vt 0.864447 0.51344
vt 0.86435 0.501563
vt 0.8620009 0.502004
vt 0.866666 0.525423
vt 0.864277 0.525241
vt 0.863106 0.537255
vt 0.861838 0.524735
vt 0.859798 0.536124
vt 0.862175 0.513404
vt 0.8595899 0.5026
vt 0.859326 0.524013
vt 0.856859 0.534609
vt 0.8598059 0.513341
vt 0.8570989 0.503191
vt 0.856746 0.523234
vt 0.854232 0.533093
vt 0.857322 0.513249
vt 0.854533 0.503637
vt 0.854134 0.522552
vt 0.85175 0.531883
vt 0.854748 0.513138
vt 0.852134 0.513051
vt 0.851925 0.503878
vt 0.851535 0.522049
vt 0.84925 0.531066
vt 0.245159 0.501401
vt 0.242616 0.705579
vt 0.245159 0.705579
vt 0.242616 0.501401
vt 0.240009 0.705579
vt 0.240009 0.501401
vt 0.237367 0.705579
vt 0.237367 0.501401
vt 0.23475 0.705579
vt 0.23475 0.501401
vt 0.232104 0.705579
vt 0.232104 0.501401
vt 0.229457 0.705579
vt 0.229457 0.501401
vt 0.226841 0.501401
vt 0.226841 0.705579
vt 0.224258 0.501401
vt 0.224258 0.705579
vt 0.22167 0.501401
vt 0.22167 0.705579
vt 0.219057 0.501401
vt 0.219057 0.705579
vt 0.216475 0.501401
vt 0.216475 0.705579
vt 0.213847 0.501401
vt 0.213847 0.705579
vt 0.27018 0.708414
vt 0.272029 0.710264
vt 0.274556 0.710941
vt 0.279609 0.705888
vt 0.278932 0.708414
vt 0.277082 0.710264
vt 0.27018 0.703361
vt 0.269503 0.705888
vt 0.272029 0.701511
vt 0.274556 0.700835
vt 0.277082 0.701511
vt 0.278932 0.703361
vt 0.546692 0.984988
vt 0.546692 0.73794
vt 0.544076 0.73794
vt 0.544076 0.985016
vt 0.541461 0.73794
vt 0.541461 0.985093
vt 0.538846 0.737939
vt 0.538846 0.985198
vt 0.536232 0.737939
vt 0.5362309 0.985303
vt 0.533617 0.737938
vt 0.533617 0.985379
vt 0.531003 0.737938
vt 0.531003 0.985407
vt 0.5283899 0.985379
vt 0.5283899 0.737938
vt 0.525775 0.985303
vt 0.525775 0.737939
vt 0.5231609 0.985198
vt 0.5231609 0.737939
vt 0.520546 0.985093
vt 0.520546 0.73794
vt 0.517931 0.985016
vt 0.517931 0.73794
vt 0.5153149 0.984988
vt 0.5153149 0.73794
vt 0.917833 0.513777
vt 0.9192519 0.505959
vt 0.916716 0.505401
vt 0.915224 0.513536
vt 0.9142159 0.504586
vt 0.9178309 0.521317
vt 0.9126099 0.513239
vt 0.911651 0.503543
vt 0.910041 0.512881
vt 0.908904 0.502487
vt 0.907553 0.512536
vt 0.9059319 0.501696
vt 0.9051499 0.512288
vt 0.9051449 0.522812
vt 0.902804 0.501401
vt 0.90755 0.522563
vt 0.910038 0.522216
vt 0.912607 0.521855
vt 0.9152219 0.521555
vt 0.916646 0.529408
vt 0.919178 0.528828
vt 0.914165 0.530294
vt 0.911623 0.531436
vt 0.908895 0.532589
vt 0.905926 0.53345
vt 0.90279 0.53377
vt 0.902794 0.522902
vt 0.9004439 0.52281
vt 0.8996539 0.533448
vt 0.8966869 0.532584
vt 0.9027979 0.512197
vt 0.900448 0.512286
vt 0.899676 0.501693
vt 0.8980449 0.512532
vt 0.896704 0.502481
vt 0.898041 0.522559
vt 0.893961 0.531428
vt 0.895558 0.512875
vt 0.893957 0.503535
vt 0.8955539 0.522209
vt 0.891421 0.530285
vt 0.89299 0.51323
vt 0.8913909 0.504576
vt 0.892985 0.521846
vt 0.88894 0.529397
vt 0.890376 0.513526
vt 0.888891 0.50539
vt 0.890371 0.521545
vt 0.887762 0.521304
vt 0.8864089 0.528814
vt 0.887767 0.513764
vt 0.886353 0.505945
vt 0.417146 0.484423
vt 0.414594 0.679675
vt 0.417214 0.679673
vt 0.414527 0.484313
vt 0.411964 0.679693
vt 0.411908 0.484025
vt 0.409323 0.679724
vt 0.409289 0.483637
vt 0.406671 0.679754
vt 0.406659 0.483247
vt 0.404009 0.679771
vt 0.404008 0.482957
vt 0.401336 0.679776
vt 0.401336 0.4828501
vt 0.398663 0.4829561
vt 0.398662 0.679771
vt 0.396011 0.4832461
vt 0.395998 0.679754
vt 0.39338 0.483637
vt 0.393345 0.679724
vt 0.39076 0.484024
vt 0.390704 0.679693
vt 0.388139 0.4843121
vt 0.388073 0.679674
vt 0.38552 0.4844221
vt 0.385452 0.679672
vt 0.592863 0.731348
vt 0.5931029 0.730452
vt 0.5928639 0.729557
vt 0.592208 0.728902
vt 0.591313 0.728662
vt 0.590418 0.728902
vt 0.589523 0.730452
vt 0.5897629 0.729557
vt 0.590418 0.732003
vt 0.5897629 0.731348
vt 0.591313 0.732243
vt 0.592208 0.732003
vt 0.513697 0.682283
vt 0.510265 0.682283
vt 0.513697 0.71838
vt 0.510265 0.71838
vt 0.506832 0.71838
vt 0.506832 0.682283
vt 0.503399 0.682283
vt 0.503399 0.71838
vt 0.496763 0.682283
vt 0.496763 0.71838
vt 0.829484 0.525909
vt 0.8260599 0.525909
vt 0.8260599 0.56192
vt 0.829484 0.56192
vt 0.832909 0.56192
vt 0.832909 0.525909
vt 0.836334 0.525909
vt 0.836334 0.56192
vt 0.842955 0.525909
vt 0.842955 0.56192
vt 0.8464589 0.524591
vt 0.8464589 0.563238
vt 0.9863709 0.3763571
vt 0.9835089 0.3763191
vt 0.985829 0.416783
vt 0.982968 0.4167451
vt 0.979601 0.3762671
vt 0.979059 0.416692
vt 0.975693 0.376214
vt 0.97515 0.41664
vt 0.972832 0.376176
vt 0.972288 0.416602
vt 0.9320799 0.3791111
vt 0.9316289 0.41257
vt 0.9268689 0.382625
vt 0.926515 0.408916
vt 0.9236649 0.3880321
vt 0.923457 0.403424
vt 0.9851639 0.459525
vt 0.985121 0.419265
vt 0.9836509 0.4179181
vt 0.9836969 0.460875
vt 0.9415879 0.42156
vt 0.941625 0.457322
vt 0.936074 0.4253961
vt 0.936103 0.4534971
vt 0.9327329 0.431224
vt 0.9327509 0.4476761
vt 0.9466469 0.974626
vt 0.9466599 0.976893
vt 0.953246 0.976751
vt 0.9532349 0.974591
vt 0.96938 0.976668
vt 0.9693689 0.974508
vt 0.9759569 0.974475
vt 0.9759669 0.976743
vt 0.929027 0.926426
vt 0.9290249 0.923457
vt 0.920399 0.923457
vt 0.920404 0.926658
vt 0.866338 0.928261
vt 0.8642009 0.923622
vt 0.86374 0.928866
vt 0.862326 0.928785
vt 0.860283 0.923727
vt 0.86385 0.938392
vt 0.864849 0.929505
vt 0.865183 0.938683
vt 0.8624589 0.942759
vt 0.86359 0.943507
vt 0.859833 0.947042
vt 0.860284 0.928767
vt 0.854918 0.923752
vt 0.8473179 0.938079
vt 0.862499 0.938072
vt 0.854918 0.928789
vt 0.8495539 0.923766
vt 0.859185 0.945854
vt 0.854821 0.948357
vt 0.849553 0.928798
vt 0.847505 0.928818
vt 0.845647 0.923761
vt 0.8460979 0.928885
vt 0.8447089 0.928993
vt 0.84596 0.938311
vt 0.844612 0.938536
vt 0.847227 0.942738
vt 0.8460779 0.943447
vt 0.849788 0.947073
vt 0.850444 0.945898
vt 0.8483859 0.942028
vt 0.85482 0.947007
vt 0.851095 0.944712
vt 0.861334 0.941987
vt 0.858541 0.944657
vt 0.854815 0.94565
vt 0.102538 0.951285
vt 0.102535 0.954254
vt 0.111158 0.954486
vt 0.111164 0.951285
vt 0.165221 0.956089
vt 0.16736 0.95145
vt 0.167818 0.956696
vt 0.169232 0.956614
vt 0.169058 0.965912
vt 0.167703 0.966223
vt 0.166709 0.957333
vt 0.171282 0.951552
vt 0.166366 0.966506
vt 0.171282 0.956593
vt 0.176653 0.956611
vt 0.176652 0.951573
vt 0.182021 0.956614
vt 0.182019 0.95158
vt 0.184074 0.956623
vt 0.185929 0.951567
vt 0.169035 0.970608
vt 0.1679 0.971347
vt 0.170174 0.969855
vt 0.185484 0.956686
vt 0.186873 0.956794
vt 0.18427 0.965867
vt 0.185624 0.966107
vt 0.186968 0.966341
vt 0.172288 0.973717
vt 0.171648 0.974904
vt 0.17667 0.974797
vt 0.176683 0.976148
vt 0.181692 0.97481
vt 0.172917 0.972514
vt 0.183154 0.969773
vt 0.184295 0.970512
vt 0.185436 0.971234
vt 0.181034 0.97363
vt 0.180377 0.972443
vt 0.176651 0.97344
vt 0.433194 0.708192
vt 0.436194 0.707389
vt 0.435046 0.705403
vt 0.43839 0.705193
vt 0.436403 0.704048
vt 0.439194 0.702193
vt 0.433194 0.705899
vt 0.431342 0.705403
vt 0.430194 0.707388
vt 0.427998 0.705193
vt 0.429986 0.704048
vt 0.427194 0.702193
vt 0.434364 0.702872
vt 0.433869 0.703366
vt 0.433194 0.703546
vt 0.432519 0.703366
vt 0.432025 0.702872
vt 0.434545 0.702197
vt 0.431843 0.702197
vt 0.4369 0.702196
vt 0.434365 0.701523
vt 0.429489 0.702196
vt 0.432024 0.701523
vt 0.436404 0.700344
vt 0.43839 0.699193
vt 0.433872 0.70103
vt 0.429985 0.700343
vt 0.432516 0.70103
vt 0.427998 0.699193
vt 0.435047 0.698987
vt 0.436193 0.696998
vt 0.433194 0.700852
vt 0.431342 0.698987
vt 0.430195 0.696998
vt 0.433194 0.698494
vt 0.433194 0.696197
vt 0.9546109 0.588106
vt 0.9576449 0.576411
vt 0.9551569 0.575609
vt 0.9520479 0.58767
vt 0.960003 0.577534
vt 0.9539 0.59997
vt 0.951285 0.600003
vt 0.952263 0.612325
vt 0.957193 0.588625
vt 0.96218 0.578867
vt 0.9548579 0.611971
vt 0.9534919 0.627154
vt 0.956085 0.626915
vt 0.956563 0.59988
vt 0.9574569 0.611325
vt 0.958637 0.626471
vt 0.959828 0.589214
vt 0.9642149 0.580136
vt 0.959314 0.599724
vt 0.960076 0.610468
vt 0.9611139 0.625883
vt 0.9625369 0.589774
vt 0.9661859 0.581047
vt 0.962173 0.59955
vt 0.9627299 0.609607
vt 0.963511 0.62529
vt 0.9651309 0.599417
vt 0.965426 0.608971
vt 0.9681489 0.599367
vt 0.9658459 0.624853
vt 0.96532 0.590182
vt 0.9681489 0.608738
vt 0.9681489 0.624692
vt 0.970452 0.624853
vt 0.9681489 0.590331
vt 0.9681489 0.581379
vt 0.970112 0.581047
vt 0.9708719 0.608971
vt 0.972787 0.62529
vt 0.970978 0.590182
vt 0.973568 0.609607
vt 0.9751849 0.625883
vt 0.971167 0.599417
vt 0.973761 0.589774
vt 0.972083 0.580136
vt 0.9762219 0.610468
vt 0.977662 0.626471
vt 0.974125 0.59955
vt 0.97647 0.589214
vt 0.974118 0.578867
vt 0.9788409 0.611325
vt 0.9802129 0.626915
vt 0.976984 0.599724
vt 0.979105 0.588625
vt 0.9762939 0.577534
vt 0.9814399 0.611971
vt 0.982806 0.627154
vt 0.984035 0.612325
vt 0.979735 0.59988
vt 0.981686 0.588106
vt 0.978653 0.576411
vt 0.98114 0.575609
vt 0.9842499 0.58767
vt 0.982399 0.59997
vt 0.985013 0.600003
vt 0.796979 0.588858
vt 0.793592 0.594824
vt 0.794502 0.595425
vt 0.789428 0.600278
vt 0.7959 0.588708
vt 0.796379 0.581866
vt 0.788873 0.599341
vt 0.782733 0.602392
vt 0.795341 0.582198
vt 0.7826439 0.601306
vt 0.7927999 0.575832
vt 0.7920079 0.576581
vt 0.786965 0.57194
vt 0.7865759 0.572959
vt 0.78002 0.570971
vt 0.7761719 0.600389
vt 0.775784 0.601407
vt 0.770733 0.596767
vt 0.7699419 0.597518
vt 0.767411 0.591145
vt 0.766372 0.591479
vt 0.765766 0.584491
vt 0.766847 0.58464
vt 0.768257 0.577936
vt 0.769166 0.57854
vt 0.773342 0.573108
vt 0.773898 0.574047
vt 0.780113 0.572059
vt 0.479943 0.674891
vt 0.475289 0.679526
vt 0.478153 0.683501
vt 0.469423 0.682471
vt 0.470909 0.687155
vt 0.462921 0.683403
vt 0.462877 0.688312
vt 0.456433 0.682263
vt 0.472394 0.69184
vt 0.454884 0.686916
vt 0.450574 0.679235
vt 0.447666 0.683202
vt 0.445923 0.674568
vt 0.483902 0.677781
vt 0.481018 0.687476
vt 0.487594 0.670562
vt 0.482928 0.669037
vt 0.487862 0.680671
vt 0.48885 0.662547
vt 0.483947 0.662541
vt 0.49226 0.672087
vt 0.491824 0.683574
vt 0.48388 0.691463
vt 0.496934 0.673614
vt 0.473877 0.696501
vt 0.493754 0.662553
vt 0.498661 0.662564
vt 0.49696 0.651515
vt 0.4876 0.654529
vt 0.482925 0.656041
vt 0.483924 0.647297
vt 0.479938 0.650178
vt 0.475286 0.645518
vt 0.462832 0.693221
vt 0.462801 0.698136
vt 0.492276 0.653016
vt 0.453335 0.691568
vt 0.451778 0.69625
vt 0.441842 0.691133
vt 0.48791 0.644417
vt 0.491902 0.641542
vt 0.48402 0.633618
vt 0.444758 0.687169
vt 0.437951 0.68033
vt 0.43396 0.683203
vt 0.4289 0.673227
vt 0.481104 0.637583
vt 0.474086 0.62851
vt 0.478195 0.641551
vt 0.469424 0.642501
vt 0.472528 0.633192
vt 0.463069 0.626627
vt 0.470976 0.637847
vt 0.463035 0.631547
vt 0.462984 0.636458
vt 0.462934 0.641369
vt 0.456426 0.642301
vt 0.45349 0.632944
vt 0.452 0.628266
vt 0.454958 0.637622
vt 0.450543 0.645211
vt 0.444827 0.637226
vt 0.441973 0.633255
vt 0.434027 0.641151
vt 0.447685 0.641219
vt 0.445891 0.649841
vt 0.437984 0.644052
vt 0.441938 0.646947
vt 0.438254 0.654172
vt 0.442916 0.655699
vt 0.441906 0.662199
vt 0.433591 0.652645
vt 0.42892 0.651119
vt 0.437003 0.662192
vt 0.442935 0.668701
vt 0.4321 0.662185
vt 0.427194 0.662174
vt 0.433582 0.671726
vt 0.438259 0.670214
vt 0.441937 0.677449
vt 0.483947 0.662541
vt 0.478155 0.657588
vt 0.478937 0.662539
vt 0.478163 0.667486
vt 0.482925 0.656041
vt 0.482928 0.669037
vt 0.475876 0.653119
vt 0.479938 0.650178
vt 0.475286 0.645518
vt 0.472319 0.649564
vt 0.469424 0.642501
vt 0.467834 0.647253
vt 0.475897 0.671939
vt 0.479943 0.674891
vt 0.475289 0.679526
vt 0.472367 0.67546
vt 0.469423 0.682471
vt 0.467918 0.67769
vt 0.462934 0.641369
vt 0.462875 0.646383
vt 0.457922 0.647081
vt 0.456426 0.642301
vt 0.45346 0.649285
vt 0.450543 0.645211
vt 0.462921 0.683403
vt 0.462978 0.67839
vt 0.458027 0.677514
vt 0.456433 0.682263
vt 0.449935 0.652793
vt 0.445891 0.649841
vt 0.442916 0.655699
vt 0.447681 0.657246
vt 0.453545 0.675192
vt 0.450574 0.679235
vt 0.445923 0.674568
vt 0.449988 0.671628
vt 0.442935 0.668701
vt 0.447705 0.667153
vt 0.441906 0.662199
vt 0.446916 0.662196
vt 0.8069509 0.04349017
vt 0.811712 0.04351485
vt 0.808636 0.03283989
vt 0.8085129 0.05414736
vt 0.813152 0.03433073
vt 0.813044 0.05272174
vt 0.817402 0.02605534
vt 0.813584 0.02324224
vt 0.821255 0.01563728
vt 0.824008 0.0194912
vt 0.830914 0.01078713
vt 0.8323309 0.01529658
vt 0.8132629 0.06382239
vt 0.81714 0.06108057
vt 0.823609 0.06777465
vt 0.8207639 0.07157087
vt 0.831839 0.07215583
vt 0.830294 0.07662272
vt 0.841614 0.009126544
vt 0.841538 0.01385283
vt 0.850698 0.0155952
vt 0.8522429 0.01112831
vt 0.840999 0.07389808
vt 0.840923 0.07862449
vt 0.8516229 0.07696378
vt 0.850206 0.07245409
vt 0.858928 0.0199765
vt 0.861773 0.01618028
vt 0.861282 0.07211328
vt 0.858529 0.06825948
vt 0.869274 0.02392876
vt 0.865397 0.02667058
vt 0.869493 0.03502917
vt 0.8740239 0.03360367
vt 0.8708249 0.04423618
vt 0.8755859 0.04426086
vt 0.869385 0.05342019
vt 0.873901 0.0549109
vt 0.865135 0.06169546
vt 0.868953 0.06450856
vt 0.817402 0.02605534
vt 0.823182 0.03027439
vt 0.824008 0.0194912
vt 0.813152 0.03433073
vt 0.819966 0.03657448
vt 0.811712 0.04351485
vt 0.818869 0.04357302
vt 0.813044 0.05272174
vt 0.8198919 0.05059183
vt 0.81714 0.06108057
vt 0.8230079 0.05696046
vt 0.823609 0.06777465
vt 0.827924 0.06206203
vt 0.831839 0.07215583
vt 0.834168 0.06540954
vt 0.840999 0.07389808
vt 0.8411009 0.06673396
vt 0.850206 0.07245409
vt 0.826026 0.0436312
vt 0.82674 0.04846191
vt 0.82678 0.03881836
vt 0.828876 0.05284023
vt 0.8322389 0.0563494
vt 0.8364969 0.05866325
vt 0.841202 0.05956984
vt 0.845912 0.05886471
vt 0.828962 0.03449368
vt 0.8480589 0.0656594
vt 0.850179 0.05667996
vt 0.8281829 0.02528107
vt 0.832358 0.03107083
vt 0.836625 0.02888608
vt 0.854354 0.06246972
vt 0.858529 0.06825948
vt 0.834478 0.02209139
vt 0.8323309 0.01529658
vt 0.8413349 0.02818108
vt 0.841538 0.01385283
vt 0.859355 0.05747628
vt 0.865135 0.06169546
vt 0.853575 0.05325711
vt 0.869385 0.05342019
vt 0.862571 0.05117631
vt 0.855757 0.04893255
vt 0.8708249 0.04423618
vt 0.856511 0.04411972
vt 0.841436 0.02101707
vt 0.848369 0.02234149
vt 0.84604 0.0290879
vt 0.850698 0.0155952
vt 0.8546129 0.02568913
vt 0.8502979 0.03140175
vt 0.858928 0.0199765
vt 0.8536609 0.03491092
vt 0.859529 0.03079069
vt 0.865397 0.02667058
vt 0.855798 0.03928912
vt 0.869493 0.03502917
vt 0.8626449 0.03715909
vt 0.863668 0.04417789
vt 0.978593 0.005417705
vt 0.9785199 0.01194263
vt 0.977754 0.01191294
vt 0.977816 0.00526154
vt 0.978533 0.01857114
vt 0.97702 0.00513804
vt 0.977765 0.0185647
vt 0.978537 0.02522314
vt 0.976995 0.01187158
vt 0.976048 0.00513804
vt 0.977769 0.02522159
vt 0.9785379 0.03188074
vt 0.97777 0.03188038
vt 0.978539 0.03853941
vt 0.977001 0.02521884
vt 0.9769989 0.01855361
vt 0.977001 0.03187966
vt 0.976074 0.01187158
vt 0.976069 0.01855361
vt 0.9760669 0.02521884
vt 0.975315 0.01191294
vt 0.9752519 0.00526154
vt 0.974475 0.005417705
vt 0.9745489 0.01194263
vt 0.9753029 0.0185647
vt 0.974535 0.01857102
vt 0.975299 0.02522159
vt 0.9745309 0.02522314
vt 0.97453 0.03188074
vt 0.9760669 0.03187966
vt 0.9752979 0.03188038
vt 0.97453 0.03853941
vt 0.9760669 0.03853941
vt 0.9752979 0.03853941
vt 0.9752979 0.04519868
vt 0.97453 0.04519832
vt 0.9745309 0.05185604
vt 0.977001 0.03853941
vt 0.975299 0.05185747
vt 0.974535 0.05850828
vt 0.9760669 0.04519928
vt 0.9753029 0.0585146
vt 0.9745489 0.06513679
vt 0.9760669 0.05186033
vt 0.97777 0.03853941
vt 0.97777 0.04519868
vt 0.9785379 0.04519832
vt 0.978537 0.05185604
vt 0.977001 0.04519928
vt 0.977769 0.05185747
vt 0.978533 0.05850828
vt 0.977001 0.05186033
vt 0.977765 0.0585146
vt 0.978519 0.06513691
vt 0.976069 0.05852568
vt 0.9769989 0.05852568
vt 0.977754 0.06516659
vt 0.978593 0.07166195
vt 0.977816 0.07181799
vt 0.97702 0.07194149
vt 0.976995 0.06520796
vt 0.976048 0.07194149
vt 0.976074 0.06520796
vt 0.975315 0.06516659
vt 0.9752519 0.07181799
vt 0.974475 0.07166183
vt 0.859213 0.643072
vt 0.859888 0.643253
vt 0.859888 0.645605
vt 0.8605629 0.643072
vt 0.8580359 0.645109
vt 0.8587179 0.642578
vt 0.86174 0.64511
vt 0.861058 0.642578
vt 0.856679 0.643754
vt 0.858537 0.641904
vt 0.859888 0.647898
vt 0.8568879 0.647095
vt 0.854692 0.644899
vt 0.862888 0.647095
vt 0.8650839 0.644899
vt 0.8538879 0.641899
vt 0.863097 0.643754
vt 0.861239 0.641904
vt 0.865888 0.641899
vt 0.8561829 0.641902
vt 0.858717 0.641229
vt 0.863593 0.641902
vt 0.861059 0.641229
vt 0.856679 0.64005
vt 0.854692 0.6389
vt 0.85921 0.640736
vt 0.863097 0.64005
vt 0.8650839 0.6389
vt 0.860566 0.640736
vt 0.8580359 0.638694
vt 0.856889 0.636705
vt 0.859888 0.640558
vt 0.86174 0.638694
vt 0.862887 0.636705
vt 0.859888 0.638201
vt 0.859888 0.635903
vt 0.916276 0.02525699
vt 0.920447 0.03104126
vt 0.924709 0.02885854
vt 0.9170539 0.03446078
vt 0.922565 0.02207041
vt 0.929415 0.02815437
vt 0.9112799 0.03024578
vt 0.914874 0.03878129
vt 0.908067 0.03653967
vt 0.91412 0.04358947
vt 0.906971 0.04353142
vt 0.914834 0.04841566
vt 0.907993 0.05054343
vt 0.916968 0.05278969
vt 0.911106 0.05690587
vt 0.920328 0.05629551
vt 0.9160169 0.06200254
vt 0.9245809 0.05860698
vt 0.9222549 0.06534684
vt 0.9292819 0.05951273
vt 0.929181 0.06666994
vt 0.933987 0.05880845
vt 0.936132 0.06559658
vt 0.9382499 0.0566256
vt 0.8998209 0.04347324
vt 0.9012589 0.03429806
vt 0.901152 0.05267131
vt 0.9052429 0.06102216
vt 0.911706 0.06770968
vt 0.919928 0.07208657
vt 0.9290789 0.07382727
vt 0.938277 0.0723846
vt 0.9055049 0.02603066
vt 0.912105 0.01947284
vt 0.9204199 0.01528227
vt 0.946592 0.06819391
vt 0.929618 0.01383996
vt 0.942421 0.06240988
vt 0.947417 0.05742121
vt 0.941643 0.05320609
vt 0.953192 0.06163621
vt 0.943823 0.0488857
vt 0.9506299 0.05112731
vt 0.957438 0.05336905
vt 0.944577 0.04407763
vt 0.958876 0.04419386
vt 0.951726 0.04413569
vt 0.9438629 0.03925169
vt 0.950704 0.03712368
vt 0.9575449 0.03499579
vt 0.9475909 0.03076148
vt 0.953454 0.02664518
vt 0.9417289 0.03487778
vt 0.946991 0.01995778
vt 0.94268 0.02566469
vt 0.9383689 0.03137183
vt 0.938769 0.01558065
vt 0.934116 0.02906036
vt 0.936442 0.02232039
vt 0.929516 0.02099729
vt 0.9382969 0.467751
vt 0.937371 0.471205
vt 0.938162 0.471205
vt 0.9382969 0.474658
vt 0.9389809 0.4681461
vt 0.9389809 0.4742631
vt 0.940825 0.4652231
vt 0.940825 0.4771861
vt 0.9412199 0.4659081
vt 0.9412199 0.476501
vt 0.944278 0.464298
vt 0.944278 0.465088
vt 0.947336 0.4659081
vt 0.947732 0.4652231
vt 0.9495749 0.4681461
vt 0.9502599 0.467751
vt 0.944278 0.478111
vt 0.944278 0.477321
vt 0.947336 0.476501
vt 0.947732 0.4771861
vt 0.9495749 0.4742631
vt 0.9502599 0.474658
vt 0.950395 0.471205
vt 0.951185 0.471205
vt 0.7396359 0.384312
vt 0.7445489 0.384323
vt 0.742846 0.373262
vt 0.742819 0.3953841
vt 0.73814 0.393856
vt 0.7377039 0.405355
vt 0.7381569 0.374765
vt 0.733786 0.3661571
vt 0.7297959 0.36904
vt 0.737782 0.3632801
vt 0.729892 0.355347
vt 0.726974 0.359316
vt 0.7199479 0.3502331
vt 0.7334759 0.376279
vt 0.718388 0.354921
vt 0.70892 0.348348
vt 0.734728 0.3843061
vt 0.724061 0.363288
vt 0.7337379 0.402449
vt 0.73347 0.392329
vt 0.726887 0.409261
vt 0.7297519 0.413252
vt 0.729774 0.399556
vt 0.718254 0.4136291
vt 0.719739 0.418296
vt 0.7240189 0.405282
vt 0.725811 0.3966631
vt 0.728799 0.390803
vt 0.7086819 0.415012
vt 0.7086509 0.419932
vt 0.716767 0.4089401
vt 0.699175 0.413357
vt 0.6976169 0.418044
vt 0.6876709 0.412922
vt 0.7298189 0.3843
vt 0.708727 0.4100981
vt 0.728796 0.377794
vt 0.7152799 0.404251
vt 0.708771 0.405184
vt 0.7211519 0.4013031
vt 0.721761 0.393708
vt 0.7240289 0.38925
vt 0.718227 0.397233
vt 0.7248039 0.3842981
vt 0.713774 0.3994651
vt 0.724021 0.379341
vt 0.7088289 0.400166
vt 0.703872 0.3992881
vt 0.7217389 0.374868
vt 0.702276 0.4040431
vt 0.6993849 0.3969641
vt 0.725806 0.371924
vt 0.721149 0.36726
vt 0.718179 0.371309
vt 0.715281 0.364239
vt 0.713689 0.3689951
vt 0.7007259 0.4087
vt 0.696412 0.4010121
vt 0.716835 0.35958
vt 0.708784 0.363106
vt 0.708725 0.368126
vt 0.7037669 0.368824
vt 0.690589 0.408954
vt 0.6837749 0.4021081
vt 0.67978 0.404984
vt 0.674714 0.394997
vt 0.6934999 0.404983
vt 0.7022699 0.3640391
vt 0.6992999 0.37103
vt 0.708835 0.3581901
vt 0.691756 0.39634
vt 0.695824 0.393397
vt 0.69638 0.3669521
vt 0.6957719 0.374542
vt 0.687765 0.399224
vt 0.688764 0.390466
vt 0.693539 0.3889171
vt 0.684083 0.391981
vt 0.687735 0.383958
vt 0.69275 0.383955
vt 0.6935149 0.378999
vt 0.688745 0.3774511
vt 0.679402 0.3934951
vt 0.673007 0.383932
vt 0.6828259 0.38395
vt 0.677918 0.3839431
vt 0.674734 0.372866
vt 0.6794109 0.3743941
vt 0.679847 0.362888
vt 0.6917239 0.3715861
vt 0.684078 0.3759221
vt 0.683808 0.365792
vt 0.687766 0.3686891
vt 0.693519 0.362956
vt 0.690658 0.3589591
vt 0.687802 0.354984
vt 0.6978379 0.3499891
vt 0.7007999 0.359355
vt 0.6993309 0.3546721
vt 0.708886 0.353273
vt 0.895064 0.04344857
vt 0.8998209 0.04347324
vt 0.8967479 0.03280866
vt 0.8966249 0.05409551
vt 0.9012589 0.03429806
vt 0.901152 0.05267131
vt 0.9055049 0.02603066
vt 0.90169 0.02322018
vt 0.909354 0.01562274
vt 0.912105 0.01947284
vt 0.919004 0.01077712
vt 0.9204199 0.01528227
vt 0.9013699 0.06376123
vt 0.9052429 0.06102216
vt 0.911706 0.06770968
vt 0.908864 0.07150221
vt 0.919928 0.07208657
vt 0.918385 0.07654917
vt 0.9296939 0.009118199
vt 0.929618 0.01383996
vt 0.938769 0.01558065
vt 0.940312 0.01111817
vt 0.9290789 0.07382727
vt 0.929003 0.07854903
vt 0.939693 0.07688987
vt 0.938277 0.0723846
vt 0.946991 0.01995778
vt 0.9498329 0.01616526
vt 0.949343 0.07204413
vt 0.946592 0.06819391
vt 0.957327 0.02390611
vt 0.953454 0.02664518
vt 0.9575449 0.03499579
vt 0.962072 0.0335716
vt 0.958876 0.04419386
vt 0.9636329 0.04421854
vt 0.957438 0.05336905
vt 0.961949 0.05485833
vt 0.953192 0.06163621
vt 0.9570069 0.06444669
vt 0.6785699 0.643994
vt 0.677645 0.647448
vt 0.678435 0.647448
vt 0.6785699 0.650901
vt 0.679255 0.64439
vt 0.679255 0.650506
vt 0.681098 0.641466
vt 0.681098 0.653429
vt 0.6814929 0.642151
vt 0.6814929 0.652745
vt 0.684552 0.640541
vt 0.684552 0.641331
vt 0.6876099 0.642151
vt 0.688005 0.641466
vt 0.689849 0.64439
vt 0.6905329 0.643994
vt 0.684552 0.654355
vt 0.684552 0.653564
vt 0.6876099 0.652745
vt 0.688005 0.653429
vt 0.689849 0.650506
vt 0.6905329 0.650901
vt 0.690668 0.647448
vt 0.6914589 0.647448
vt 0.718925 0.602156
vt 0.715354 0.596117
vt 0.716393 0.595783
vt 0.714748 0.589129
vt 0.719715 0.601406
vt 0.724766 0.606045
vt 0.715829 0.589278
vt 0.717239 0.582574
vt 0.718148 0.583178
vt 0.722324 0.577746
vt 0.7378559 0.603979
vt 0.72288 0.578685
vt 0.7316259 0.605944
vt 0.731715 0.607031
vt 0.729002 0.575609
vt 0.7251539 0.605027
vt 0.7384109 0.604916
vt 0.7425749 0.599462
vt 0.743484 0.600063
vt 0.745962 0.593496
vt 0.744882 0.593346
vt 0.745361 0.586504
vt 0.744323 0.586836
vt 0.7417819 0.580469
vt 0.740991 0.581219
vt 0.735947 0.576578
vt 0.7355579 0.577597
vt 0.729095 0.576697
vn 0.01881409 0.8976524 0.4403024
vn 0.01881409 0.8976524 0.4403024
vn 0.01881409 0.8976524 0.4403024
vn 0.01905324 0.9141925 0.4048322
vn 0.01905324 0.9141925 0.4048322
vn 0.01905324 0.9141925 0.4048322
vn 0.004606659 -0.3826624 -0.9238768
vn 0.003525735 -0.7071099 -0.7070949
vn 0.004606659 -0.3826624 -0.9238768
vn 0.001907977 -0.9238917 -0.3826494
vn 0.001907977 -0.9238917 -0.3826494
vn 0.001907977 -0.9238917 -0.3826494
vn 0.004606659 -0.3826624 -0.9238768
vn 0.004606659 -0.3826624 -0.9238768
vn 0.004606659 -0.3826624 -0.9238768
vn 0.003010446 -0.7971662 -0.6037524
vn 0.003525811 -0.7070947 -0.70711
vn 0.001908175 -0.9238752 -0.3826892
vn 0.001908175 -0.9238752 -0.3826892
vn -0.02325508 0.897771 0.4398482
vn -0.02325508 0.897771 0.4398482
vn -0.02325508 0.897771 0.4398482
vn -0.02306108 0.9141859 0.4046385
vn -0.02306108 0.9141859 0.4046385
vn -0.02306108 0.9141859 0.4046385
vn 0.093794 -0.1382986 0.9859393
vn 0.08384254 -0.1369503 0.9870234
vn 0.0433807 -0.1501987 0.9877037
vn 0.03690901 -0.1384203 0.9896856
vn -0.04677293 -0.1437996 0.9885009
vn -0.06931559 -0.1486323 0.9864602
vn 0.04494744 -0.131525 0.9902933
vn 0.09057459 -0.1351708 0.9866737
vn -0.1036176 -0.1382987 0.9849553
vn -0.0936803 -0.1369504 0.9861382
vn -0.05481978 -0.1306786 0.989908
vn -0.1004038 -0.1351728 0.9857217
vn -0.05232631 -0.1341375 0.9895802
vn -0.09716381 -0.1379629 0.9856599
vn 0.05825397 -0.134492 0.9892009
vn 0.08733329 -0.1379633 0.9865795
vn -0.04338028 0.150197 -0.9877039
vn -0.08383775 0.1369421 -0.9870249
vn -0.09385531 0.1383641 -0.9859242
vn -0.03691052 0.1385838 -0.9896626
vn -0.04503115 0.1314688 -0.990297
vn -0.09074884 0.135063 -0.9866725
vn 0.04677206 0.1439094 -0.9884849
vn 0.0693133 0.1486299 -0.9864608
vn -0.05834371 0.1342875 -0.9892234
vn -0.08735942 0.1379325 -0.9865814
vn 0.05239588 0.1339076 -0.9896078
vn 0.05490118 0.1307158 -0.9898986
vn 0.1036775 0.1383642 -0.9849398
vn 0.09367291 0.1369422 -0.98614
vn 0.1005798 0.135061 -0.9857191
vn 0.0971894 0.1379296 -0.985662
vn -0.02020761 -0.9903719 -0.1369494
vn -0.03064997 -0.9901249 -0.136796
vn -0.03063555 -0.990195 -0.1362917
vn -0.009766714 -0.9904875 -0.137256
vn 0.01635016 -0.9904547 -0.1368657
vn 0.01635982 -0.9904199 -0.1371163
vn 0.03201259 -0.9901246 -0.1364864
vn 0.03199326 -0.9901941 -0.1359853
vn -0.9999875 1.75564E-06 -0.005002274
vn -0.9999875 1.75571E-06 -0.005002275
vn -0.9999875 1.654237E-06 -0.005002287
vn -0.9999875 1.654202E-06 -0.005002287
vn -0.9999875 2.654543E-06 -0.005002148
vn -0.9999876 3.671129E-07 -0.004985196
vn -0.9999876 -2.257478E-07 -0.004976644
vn -0.9999877 -5.309455E-06 -0.004951444
vn 0.04612351 0.9892897 0.1384865
vn 0.06948959 0.9878494 0.1390136
vn 0.06941403 0.9876001 0.1408109
vn 0.02274474 0.9902703 0.1372859
vn -0.03579964 0.9898058 0.1378506
vn -0.03582827 0.9899296 0.1369513
vn -0.07087108 0.9878482 0.1383231
vn -0.07081337 0.9875985 0.1401237
vn 0.9999876 -3.838057E-07 0.004985278
vn 0.9999876 2.007086E-07 0.004976768
vn 0.9999877 5.259376E-06 0.004951693
vn 0.9999875 -2.637938E-06 0.005002065
vn 0.9999875 -1.624216E-06 0.005002098
vn 0.9999875 -1.611727E-06 0.005002035
vn 0.9999875 -1.720505E-06 0.005002021
vn 0.9999875 -1.720574E-06 0.005002021
vn 0.5003331 -0.8634697 -0.06392856
vn 0.2592371 -0.9630666 -0.0727923
vn 0.2592422 -0.9630653 -0.07279179
vn 0.5003338 -0.8634694 -0.06392819
vn 0.8183079 -0.5733846 -0.04002887
vn 0.9072213 -0.4197364 -0.02776633
vn 0.9960567 -0.08870028 -0.001858594
vn 0.9959901 0.08868349 0.01178643
vn 0.9069004 0.4197343 0.036808
vn 0.8178604 0.5733957 0.04818411
vn 0.4996555 0.8634788 0.06891178
vn 0.4996521 0.8634807 0.0689119
vn -0.000385829 0.9970546 0.07669414
vn -0.0003880525 0.9970546 0.07669368
vn -0.5003328 0.86347 0.06392669
vn -0.5003301 0.8634716 0.0639272
vn -0.818307 0.5733859 0.04002776
vn -0.9072206 0.4197379 0.02776549
vn -0.9960566 0.08870154 0.001858275
vn -0.9959899 -0.08868599 -0.01178649
vn -0.9068993 -0.4197366 -0.03680826
vn -0.8178599 -0.5733963 -0.04818488
vn -0.4996568 -0.8634779 -0.06891352
vn -0.4996588 -0.8634767 -0.06891356
vn -0.2584969 -0.9630672 -0.07537245
vn -0.2584962 -0.9630674 -0.07537252
vn 0.2581848 -0.943858 0.2060887
vn 0.2561208 -0.9600313 0.1128803
vn 0.4172572 -0.9024363 0.1072625
vn 0.5336508 -0.8101416 0.2426674
vn 0.8149814 -0.5750517 0.07156082
vn 0.2575707 -0.8594694 0.4415537
vn 0.9073129 -0.4048157 0.1136118
vn 0.9958566 -0.08960275 0.01552258
vn 0.4993047 -0.7434379 0.4449662
vn 0.2568405 -0.7416336 0.6196875
vn 0.9961833 0.08537993 -0.01814193
vn 0.9057937 0.4212067 -0.0460731
vn 0.8657972 -0.4396158 0.2390256
vn 0.8202031 0.5531835 -0.145791
vn 0.5715836 0.8149527 -0.0956265
vn 0.9999887 -0.004094078 -0.00242055
vn 0.4552303 0.8669173 -0.2030265
vn 0.0006045842 0.9927377 -0.1202972
vn 0.8682024 0.4325153 -0.243218
vn 0.5034682 0.7700189 -0.3919065
vn 0.5044531 0.6643734 -0.5514844
vn 0.001545034 0.9511339 -0.308775
vn 0.909125 0.3221146 -0.2640721
vn 0.9957736 -0.06803404 0.06169471
vn -0.4531719 0.8669218 -0.2075617
vn -0.5706114 0.8149463 -0.101317
vn 0.002543821 0.8593251 -0.5114233
vn -0.8187044 0.5531897 -0.153962
vn -0.9052905 0.4212054 -0.05509277
vn -0.4995154 0.7700284 -0.396914
vn -0.4989226 0.6643777 -0.5564876
vn -0.9959536 0.08537138 -0.02807389
vn -0.9959634 -0.08958557 0.005596283
vn -0.865738 0.4325007 -0.2518748
vn -0.9084082 -0.4048005 0.104552
vn -0.8156508 -0.575056 0.06343778
vn -0.9999146 -0.004090759 -0.0124049
vn -0.5360347 -0.8101459 0.2373403
vn -0.4182887 -0.9024435 0.1031032
vn -0.2602138 -0.9438599 0.2035123
vn -0.257231 -0.9600321 0.1103206
vn -0.2619599 -0.8594689 0.4389649
vn -0.8681537 -0.4395895 0.2303699
vn -0.5037172 -0.7434382 0.4399643
vn -0.262998 -0.7416382 0.6170938
vn -0.9064518 0.3221073 -0.2731154
vn -0.9963427 -0.06800307 0.05173716
vn -0.8211607 -0.4403192 0.3630622
vn -0.5044701 -0.6643747 0.5514673
vn -0.5381885 -0.5171396 0.6655222
vn -0.2632029 -0.5327742 0.804286
vn -0.9095455 -0.2483013 0.3332768
vn -0.421776 -0.4249142 0.80097
vn -0.2608749 -0.4517754 0.8531373
vn -0.8178704 -0.2712069 0.5074788
vn -0.9963075 -0.04228793 0.07471954
vn -0.995712 0.05247505 -0.07618443
vn -0.9036781 0.1997182 -0.3787856
vn -0.8171538 0.340077 -0.4654109
vn -0.5674682 0.3869921 -0.7267853
vn -0.4505253 0.5053748 -0.7359505
vn 0.004395374 0.4717196 -0.8817376
vn 0.003860766 0.6323227 -0.7746955
vn 0.003186497 0.7680255 -0.6404114
vn 0.4578585 0.5053653 -0.7314175
vn 0.5746959 0.3869933 -0.721083
vn 0.8217478 0.3400718 -0.4572545
vn 0.9074077 0.1997211 -0.3697605
vn 0.9964226 0.0524642 -0.06625421
vn 0.9955133 -0.0422976 0.08464191
vn 0.9061767 -0.2483018 0.3423302
vn 0.8127789 -0.271197 0.5155992
vn 0.8174939 -0.4403233 0.3712401
vn 0.531527 -0.5171367 0.6708567
vn 0.41377 -0.4249153 0.8051344
vn 0.4989554 -0.6643703 0.5564672
vn 0.2551908 -0.5327703 0.8068665
vn 0.2523789 -0.4517723 0.8556908
vn 0.2540303 -0.06785478 0.9648131
vn 0.4956662 -0.0605751 0.8663982
vn 0.2540555 -0.06520533 0.9649891
vn 0.4485119 -0.06551597 0.8913723
vn 0.2540362 -0.08091217 0.9638044
vn 0.8435388 -0.04250551 0.5353835
vn 0.8633864 -0.04164653 0.5028215
vn 0.9954633 -0.02031903 0.09295212
vn 0.4957038 -0.0765617 0.8651104
vn 0.2540247 -0.1041752 0.9615711
vn 0.9999499 -0.008959824 0.004454881
vn 0.9090213 0.0060616 -0.4167058
vn 0.5285745 -0.0963789 0.843398
vn 0.2540265 -0.1210333 0.9595944
vn 0.8635287 -0.0448247 0.5023037
vn 0.868502 0.02305141 -0.4951495
vn 0.5790462 0.02660442 -0.8148605
vn 0.9999876 -0.001072472 0.004870403
vn 0.5043278 0.04677352 -0.8622445
vn 0.004974846 0.03595202 -0.9993411
vn 0.495718 -0.1097479 0.8615214
vn 0.2540823 -0.1196525 0.9597528
vn 0.9049819 -0.0470879 0.4228363
vn 0.8685089 0.04295637 -0.4938086
vn 0.4485133 -0.107257 0.8873172
vn 0.2541151 -0.1343908 0.9577915
vn 0.8635357 -0.06284359 0.5003566
vn 0.9964643 0.009949011 -0.08342578
vn 0.4958402 -0.1323711 0.8582659
vn 0.2541368 -0.1969249 0.9469081
vn 0.8152129 -0.07002468 0.5749126
vn 0.9999874 0.0001885238 0.005019477
vn 0.4958367 -0.185212 0.8484353
vn 0.2541837 -0.2448229 0.9356561
vn 0.8822513 -0.07416529 0.4649001
vn 0.9955761 -0.01084099 0.09333123
vn 0.4958627 -0.2270053 0.8382058
vn 0.2541482 -0.2737346 0.9276195
vn 0.5710439 -0.2318766 0.787491
vn 0.8636063 -0.1105816 0.49189
vn 0.8354082 -0.145685 0.5299708
vn 0.9050151 -0.1193439 0.408295
vn 0.9990724 -0.01084407 0.04167377
vn 0.996447 0.02522609 -0.08035549
vn 0.9982906 -0.009984355 0.05758707
vn 0.9964667 0.01343339 -0.08290755
vn 0.8684393 0.1287619 -0.4787833
vn 0.8207956 0.1630657 -0.5474524
vn 0.886798 0.09643081 -0.451985
vn 0.9091318 0.0512846 -0.4133392
vn 0.5041928 0.2250562 -0.8337502
vn 0.4252033 0.2572139 -0.8677806
vn 0.5042608 0.1828973 -0.8439607
vn 0.8407555 0.07723558 -0.5358776
vn 0.8684787 0.06317491 -0.4916845
vn 0.004795417 0.2685719 -0.9632477
vn 0.004778803 0.2835641 -0.9589414
vn -0.4165415 0.2572145 -0.8719712
vn 0.504357 0.1292771 -0.8537632
vn 0.5368771 0.1040146 -0.8372239
vn 0.8209659 0.06432191 -0.5673426
vn 0.00485692 0.2211792 -0.9752211
vn -0.4958663 0.2250536 -0.8387297
vn -0.8152898 0.1630715 -0.555617
vn 0.004920498 0.1629476 -0.9866225
vn -0.8636174 0.1287616 -0.4874272
vn -0.9955966 0.02522338 -0.0902839
vn -0.4958276 0.182894 -0.8489434
vn 0.004952237 0.119743 -0.9927926
vn -0.9994382 -0.01084717 0.03171206
vn -0.9090356 -0.1193388 0.3992651
vn -0.8822438 0.09642895 -0.4608116
vn -0.4958212 0.1292778 -0.8587482
vn -0.8406565 -0.1456822 0.5216066
vn -0.5788692 -0.2318708 0.7817585
vn -0.5041894 -0.2270102 0.8332223
vn -0.2633639 -0.2737346 0.9250453
vn -0.2634931 -0.2448223 0.9330774
vn -0.8684678 -0.1105889 0.4832533
vn -0.5042915 -0.1852111 0.8434376
vn -0.263571 -0.1969251 0.9443256
vn -0.9988155 -0.009989738 0.04762126
vn -0.504388 -0.1323696 0.8532708
vn -0.2636457 -0.134392 0.9552118
vn -0.8868504 -0.0741643 0.456066
vn -0.9955893 0.01343213 -0.09285326
vn -0.4573435 -0.1072558 0.8827985
vn -0.2636433 -0.1196519 0.9571707
vn -0.8209068 -0.07002258 0.566753
vn -0.5042798 -0.1097477 0.8565381
vn -0.2635865 -0.1210327 0.9570127
vn -0.9964598 -0.01083559 0.08336923
vn -0.8353849 0.07723346 -0.5442123
vn -0.5369598 -0.09637883 0.8380843
vn -0.2635962 -0.1041761 0.9589913
vn -0.8684905 -0.06284218 0.4917064
vn -0.9049699 0.0512841 -0.4223734
vn -0.5285109 0.1040142 -0.8425303
vn -0.9999877 0.0001912815 -0.004960655
vn -0.5043004 -0.076562 0.8601274
vn -0.2636219 -0.08091237 0.9612267
vn -0.9091604 -0.04708657 0.4137755
vn -0.8635393 0.06317358 -0.5003089
vn 0.004940889 0.1267288 -0.9919251
vn -0.4573724 -0.0655153 0.8868586
vn -0.2636383 -0.06785395 0.9622322
vn -0.8685033 -0.04482192 0.4936525
vn -0.9955836 0.009948466 -0.09335046
vn -0.4956969 0.1085143 -0.8616897
vn 0.5042624 0.1085148 -0.8567053
vn -0.5042862 -0.06057512 0.8614094
vn -0.2636652 -0.06520525 0.9624079
vn -0.8488469 -0.04250385 0.5269272
vn -0.8683886 -0.04164392 0.4941325
vn -0.9963402 -0.02031964 0.08302619
vn -0.9999447 -0.008957906 -0.005511412
vn -0.9048219 0.006062033 -0.4257469
vn 0.004950619 0.1158644 -0.9932527
vn -0.9999864 -0.00107333 -0.005097771
vn -0.8635135 0.02305303 -0.5037985
vn -0.5708702 0.02660614 -0.8206092
vn -0.8635443 0.0429561 -0.5024401
vn -0.4957106 0.04677317 -0.8672274
vn -0.8152625 0.06432266 -0.5755082
vn -0.4957177 0.07548232 -0.8651973
vn 0.004976343 0.06247863 -0.9980339
vn -0.4485273 0.09732477 -0.8884543
vn 0.004965731 0.09180009 -0.9957651
vn 0.5043156 0.07548235 -0.8602141
vn 0.4573508 0.09732522 -0.8839446
vn 0.500381 -0.8623204 -0.07760453
vn 0.2592558 -0.96185 -0.08735503
vn 0.2592558 -0.96185 -0.08735505
vn 0.5003718 -0.8623258 -0.07760412
vn 0.8183662 -0.5724614 -0.05064292
vn 0.907261 -0.4189576 -0.03676926
vn 0.9999999 0.000397472 0.0003640759
vn 0.9999999 0.0004032563 0.0003680786
vn 0.9069014 0.4197496 0.03660601
vn 0.8178717 0.5732595 0.04959258
vn 0.5747037 0.8153993 0.06956736
vn 0.4205763 0.9040216 0.07655377
vn -0.0004113193 0.9965881 0.08253435
vn -0.0004076539 0.9965882 0.08253384
vn -0.4213363 0.9040136 0.07235464
vn -0.5753707 0.8153978 0.06383493
vn -0.8183125 0.5732776 0.04144217
vn -0.9072142 0.4197646 0.0275683
vn -0.9999537 0.0003943429 -0.009603874
vn -0.9999537 0.0003884394 -0.009606239
vn -0.9068453 -0.4189664 -0.04581133
vn -0.817812 -0.5724739 -0.0587975
vn -0.4995824 -0.8623204 -0.08258913
vn -0.4995893 -0.8623165 -0.08258864
vn -0.2583695 -0.9618506 -0.08993652
vn -0.25836 -0.9618531 -0.08993752
vn -0.2074312 -0.5126606 0.8331575
vn -0.1319847 -0.5513861 0.8237435
vn -0.1690714 -0.6824727 0.7110878
vn -0.3358816 -0.6704783 0.6615455
vn -0.2270871 -0.8795782 0.4180593
vn -0.3993204 -0.3529466 0.8461512
vn -0.4982837 -0.7471421 0.4398774
vn -0.6384849 -0.4034061 0.6554393
vn -0.7486075 -0.4734609 0.4641354
vn -0.4853212 -0.1191335 0.8661816
vn -0.8642672 -0.04422303 0.5010855
vn -0.6578369 -0.03910566 0.7521446
vn -0.4424848 0.1262286 0.8878477
vn -0.613833 0.2686058 0.7423342
vn -0.708466 0.4501004 0.5435859
vn -0.2822126 0.3172168 0.9053891
vn -0.3481674 0.5725204 0.7422937
vn -0.433734 0.6992623 0.5682492
vn -0.004550891 0.4031625 0.9151171
vn -0.002890996 0.8142698 0.5804794
vn -0.003865974 0.6294143 0.7770603
vn 0.3407483 0.5725191 0.7457295
vn 0.4280358 0.6992789 0.5725333
vn 0.2731638 0.3171957 0.9081677
vn 0.7029969 0.4500786 0.5506585
vn 0.6063882 0.2685744 0.7484391
vn 0.4335812 0.1261863 0.8922356
vn 0.8592416 -0.04421772 0.5096555
vn 0.6503081 -0.03909864 0.7586638
vn 0.4766189 -0.1191083 0.8710038
vn 0.6319129 -0.4033864 0.6617897
vn 0.7439669 -0.4734466 0.4715523
vn 0.3908045 -0.3529238 0.8501273
vn 0.493856 -0.7471523 0.4448255
vn 0.3292421 -0.6704752 0.6648778
vn 0.2229034 -0.8795789 0.4203036
vn 0.1991062 -0.5126448 0.8351959
vn 0.1619843 -0.6824655 0.7127426
vn 0.1237821 -0.551373 0.8250248
vn -0.004963263 -0.08715987 0.996182
vn -0.004940857 -0.08715358 0.9961826
vn -0.004968375 -0.08713778 0.9961839
vn -0.004960339 -0.08715735 0.9961822
vn -0.004946684 -0.087155 0.9961825
vn -0.004938346 -0.08715031 0.996183
vn -0.004932763 -0.08716263 0.9961818
vn -0.004891236 -0.08716684 0.9961817
vn -0.004963902 -0.08717506 0.9961807
vn -0.004941604 -0.08716165 0.996182
vn -0.004978115 -0.08716816 0.9961811
vn -0.005048996 -0.08720894 0.9961773
vn 0.005017729 0.08712795 -0.9961845
vn 0.005108359 0.08707582 -0.9961886
vn 0.004958133 0.08714572 -0.9961832
vn 0.004949021 0.08715654 -0.9961824
vn 0.004986794 0.08715199 -0.9961826
vn 0.004959052 0.08714316 -0.9961835
vn 0.005003653 0.08714028 -0.9961835
vn 0.00506975 0.08715921 -0.9961815
vn 0.004985815 0.08714229 -0.9961835
vn 0.00502542 0.0870667 -0.9961898
vn 0.004895558 0.08714124 -0.9961839
vn 0.004821077 0.08709838 -0.9961881
vn 0.5003855 -0.8623178 -0.07760375
vn 0.2592339 -0.9618558 -0.0873571
vn 0.2592421 -0.9618537 -0.08735614
vn 0.5003889 -0.8623159 -0.07760316
vn 0.8183644 -0.5724642 -0.05064017
vn 0.9072526 -0.418976 -0.03676795
vn 0.9999999 0.000396499 0.0003666427
vn 0.9999999 0.0004017793 0.0003679494
vn 0.9068928 0.4197678 0.03661084
vn 0.817869 0.573263 0.04959632
vn 0.5747148 0.8153914 0.06956843
vn 0.4205879 0.9040163 0.07655361
vn -0.0004083944 0.9965881 0.08253486
vn -0.0004076539 0.9965882 0.08253384
vn -0.4213179 0.904022 0.0723573
vn -0.5753656 0.8154014 0.06383581
vn -0.8183235 0.5732621 0.04143903
vn -0.9072199 0.4197525 0.02756606
vn -0.9999539 0.0003786387 -0.009603828
vn -0.9999539 0.0003875369 -0.009600864
vn -0.9068357 -0.4189873 -0.04581126
vn -0.8178111 -0.5724753 -0.05879773
vn -0.4995838 -0.8623196 -0.0825889
vn -0.4995867 -0.8623179 -0.08258919
vn -0.2583749 -0.9618492 -0.08993595
vn -0.2583764 -0.9618489 -0.0899358
vn -0.2074752 -0.5126479 0.8331543
vn -0.1320636 -0.5513805 0.8237346
vn -0.1691275 -0.6824597 0.7110869
vn -0.3358771 -0.6704703 0.6615559
vn -0.2271146 -0.879571 0.4180597
vn -0.399249 -0.3529327 0.8461907
vn -0.4982897 -0.7471493 0.4398582
vn -0.6384718 -0.4033999 0.6554558
vn -0.7486367 -0.4734725 0.4640765
vn -0.4852866 -0.1191048 0.866205
vn -0.8642715 -0.04423995 0.5010766
vn -0.6578224 -0.03911237 0.7521569
vn -0.4424317 0.1261695 0.8878826
vn -0.6138002 0.2685727 0.7423732
vn -0.70845 0.4501012 0.543606
vn -0.2821702 0.3171971 0.9054093
vn -0.3481658 0.5725228 0.7422925
vn -0.4337167 0.6992722 0.5682501
vn -0.004565821 0.4031409 0.9151266
vn -0.002887816 0.8142893 0.5804521
vn -0.003861628 0.629395 0.777076
vn 0.340764 0.572538 0.7457079
vn 0.4280338 0.6992394 0.5725831
vn 0.2731796 0.3172688 0.9081373
vn 0.7030085 0.4501053 0.5506217
vn 0.6064158 0.2686308 0.7483965
vn 0.4335765 0.1262181 0.8922334
vn 0.8592724 -0.04422352 0.509603
vn 0.6503245 -0.03909919 0.7586497
vn 0.476674 -0.1191251 0.8709714
vn 0.6319363 -0.4034255 0.6617435
vn 0.7439634 -0.4734528 0.4715516
vn 0.390885 -0.3529952 0.8500608
vn 0.4938604 -0.7471255 0.4448656
vn 0.3292654 -0.6704788 0.6648628
vn 0.2229369 -0.8795635 0.4203181
vn 0.1991414 -0.5126581 0.8351793
vn 0.1620502 -0.6824544 0.7127382
vn 0.1238612 -0.5513673 0.8250167
vn -0.00496361 -0.08714382 0.9961834
vn -0.005122015 -0.08710524 0.996186
vn -0.004992628 -0.08717965 0.9961801
vn -0.004932311 -0.08718527 0.9961799
vn -0.004995233 -0.08712708 0.9961847
vn -0.004953851 -0.08715712 0.9961823
vn -0.004948274 -0.08715582 0.9961824
vn -0.004891236 -0.08716684 0.9961817
vn -0.004979465 -0.08714606 0.9961831
vn -0.005004355 -0.08717605 0.9961803
vn -0.004878301 -0.08711103 0.9961867
vn -0.004734467 -0.08702826 0.9961946
vn 0.00490853 0.08719073 -0.9961796
vn 0.004890357 0.08720118 -0.9961787
vn 0.004951235 0.08715539 -0.9961824
vn 0.004987989 0.08717908 -0.9961802
vn 0.004957405 0.08716884 -0.9961812
vn 0.005051595 0.08723539 -0.9961749
vn 0.004916254 0.08718958 -0.9961796
vn 0.004816822 0.0871592 -0.9961827
vn 0.004943594 0.08719279 -0.9961792
vn 0.00489839 0.08728538 -0.9961713
vn 0.004953053 0.08713552 -0.9961842
vn 0.00494799 0.08713261 -0.9961844
vn -0.2584962 -0.9630673 -0.07537294
vn -0.4996578 -0.8634773 -0.0689138
vn -0.2584969 -0.9630671 -0.07537288
vn -0.4996608 -0.8634755 -0.06891388
vn -0.8178605 -0.5733955 -0.04818494
vn -0.9068987 -0.4197378 -0.03680836
vn -0.9959897 -0.08868773 -0.01178662
vn -0.9960566 0.08870048 0.001858164
vn -0.9072207 0.4197376 0.02776533
vn -0.818307 0.5733859 0.04002753
vn -0.5003296 0.8634718 0.06392698
vn -0.5003327 0.8634701 0.0639267
vn -0.0003857604 0.9970546 0.07669392
vn -0.000377565 0.9970546 0.07669374
vn 0.499678 0.8634658 0.0689103
vn 0.4996705 0.8634702 0.06891079
vn 0.8178837 0.5733628 0.04818158
vn 0.9069088 0.4197162 0.03680664
vn 0.9959902 0.0886831 0.0117864
vn 0.9960566 -0.0887011 -0.001858658
vn 0.9072209 -0.4197371 -0.02776638
vn 0.8183085 -0.5733837 -0.0400289
vn 0.5003341 -0.8634691 -0.06392882
vn 0.5003356 -0.8634683 -0.06392847
vn 0.2592422 -0.9630653 -0.07279222
vn 0.2592371 -0.9630666 -0.07279272
vn -0.4182887 -0.9024435 0.1031032
vn -0.257231 -0.9600321 0.1103206
vn -0.2602134 -0.9438623 0.2035018
vn -0.5360306 -0.8101544 0.2373207
vn -0.2619601 -0.8594767 0.4389496
vn -0.8156512 -0.5750554 0.06343771
vn -0.5037042 -0.7434394 0.4399772
vn -0.2629604 -0.7416372 0.6171111
vn -0.9084024 -0.4048155 0.1045439
vn -0.9959635 -0.08958479 0.005596126
vn -0.8681399 -0.4396146 0.230374
vn -0.9959534 0.08537288 -0.02807461
vn -0.9052904 0.4212053 -0.05509382
vn -0.9999146 -0.004111208 -0.01240073
vn -0.8187073 0.5531851 -0.1539627
vn -0.5706109 0.8149466 -0.1013176
vn -0.8657348 0.4325096 -0.2518703
vn -0.4531757 0.866919 -0.2075652
vn 0.0005942454 0.9927379 -0.1202962
vn -0.4995293 0.770022 -0.3969089
vn -0.4989306 0.6643775 -0.5564808
vn -0.9064506 0.3221092 -0.2731173
vn -0.9963421 -0.06800467 0.05174679
vn 0.001537948 0.9511322 -0.3087801
vn 0.002543722 0.8593286 -0.5114177
vn 0.4552378 0.8669111 -0.2030362
vn 0.5716074 0.8149362 -0.09562441
vn 0.5034756 0.7700129 -0.3919087
vn 0.5044469 0.6643816 -0.5514802
vn 0.8202186 0.5531601 -0.1457922
vn 0.9058018 0.4211894 -0.04607116
vn 0.8681973 0.4325255 -0.2432186
vn 0.9961835 0.08537847 -0.01814144
vn 0.9958567 -0.08960171 0.01552253
vn 0.9073206 -0.4048005 0.113604
vn 0.8149928 -0.575035 0.07156467
vn 0.9999887 -0.004094963 -0.00242045
vn 0.5336607 -0.8101389 0.2426547
vn 0.4172504 -0.9024385 0.1072706
vn 0.2581714 -0.9438616 0.2060894
vn 0.2561208 -0.9600313 0.1128803
vn 0.2575775 -0.8594757 0.4415374
vn 0.8658034 -0.4396096 0.2390146
vn 0.4993049 -0.7434403 0.4449621
vn 0.256808 -0.7416377 0.6196961
vn 0.9091303 0.3221136 -0.2640546
vn 0.995774 -0.06803036 0.06169308
vn 0.8174961 -0.4403158 0.371244
vn 0.4989336 -0.6643721 0.5564845
vn 0.5315123 -0.5171463 0.6708609
vn 0.2551666 -0.5327727 0.8068725
vn 0.9061706 -0.2483062 0.3423432
vn 0.413781 -0.4249105 0.8051313
vn 0.2524268 -0.451748 0.8556895
vn 0.8127721 -0.2712069 0.5156049
vn 0.9955119 -0.04229395 0.08465996
vn 0.9964243 0.05245867 -0.0662323
vn 0.9074123 0.1997129 -0.3697536
vn 0.821755 0.3400701 -0.4572428
vn 0.5746804 0.3869944 -0.7210948
vn 0.4578383 0.5053716 -0.7314258
vn 0.004395374 0.4717196 -0.8817376
vn 0.003860766 0.6323227 -0.7746955
vn 0.003186497 0.7680255 -0.6404114
vn -0.4505416 0.50537 -0.7359439
vn -0.5674822 0.3869911 -0.7267749
vn -0.8171623 0.3400688 -0.4654021
vn -0.9036809 0.1997204 -0.3787779
vn -0.9957123 0.05247338 -0.07618212
vn -0.9963064 -0.04229538 0.07472989
vn -0.9095451 -0.2483028 0.3332768
vn -0.817867 -0.2712194 0.5074777
vn -0.8211595 -0.4403063 0.3630804
vn -0.5381666 -0.5171539 0.6655289
vn -0.4217761 -0.4249185 0.8009676
vn -0.5044487 -0.6643685 0.5514944
vn -0.2631855 -0.5327774 0.8042895
vn -0.2609423 -0.4517487 0.8531308
vn -0.2636052 -0.06785282 0.9622413
vn -0.2635247 -0.06521036 0.962446
vn -0.504247 -0.06057673 0.8614323
vn -0.45736 -0.06551269 0.8868653
vn -0.2636288 -0.08090978 0.961225
vn -0.8488551 -0.04250168 0.5269142
vn -0.8683961 -0.04164325 0.4941195
vn -0.9963447 -0.02031549 0.0829728
vn -0.5043032 -0.07655954 0.8601261
vn -0.2636455 -0.1041739 0.9589781
vn -0.9999446 -0.008958652 -0.005523645
vn -0.9048287 0.006061395 -0.4257327
vn -0.5369642 -0.09637769 0.8380815
vn -0.2636111 -0.1210306 0.9570062
vn -0.8685068 -0.04482075 0.4936466
vn -0.8635266 0.02304973 -0.5037762
vn -0.5709006 0.02660339 -0.8205881
vn -0.9999865 -0.001076828 -0.005084991
vn -0.4956964 0.04677562 -0.8672353
vn 0.004974819 0.03595154 -0.9993411
vn -0.5042604 -0.1097509 0.856549
vn -0.2635935 -0.1196543 0.9571841
vn -0.9091528 -0.04708842 0.4137921
vn -0.8635347 0.04295846 -0.5024565
vn -0.4572955 -0.1072587 0.882823
vn -0.2636208 -0.1343921 0.9552188
vn -0.8684857 -0.06284463 0.4917144
vn -0.9955836 0.009948475 -0.09335054
vn -0.5043525 -0.1323768 0.8532907
vn -0.263522 -0.1969384 0.9443365
vn -0.8208902 -0.07002584 0.5667766
vn -0.9999877 0.0001908225 -0.004957071
vn -0.5042645 -0.1852189 0.843452
vn -0.2634824 -0.2448266 0.9330793
vn -0.886843 -0.07416815 0.4560796
vn -0.9964592 -0.01083652 0.08337601
vn -0.5042064 -0.227001 0.8332146
vn -0.2634102 -0.2737258 0.9250347
vn -0.5788888 -0.2318636 0.7817461
vn -0.8406971 -0.1197493 0.5280989
vn -0.8684201 -0.1322301 0.4778722
vn -0.9090217 -0.1193514 0.3992929
vn -0.9964551 -0.01891309 0.08197346
vn -0.9999828 -0.002020153 -0.005503393
vn -0.9955979 0.02521832 -0.09027168
vn -0.9955902 0.01343137 -0.09284256
vn -0.9049745 0.05128304 -0.4223637
vn -0.8636239 0.1287582 -0.4874168
vn -0.8152936 0.1630615 -0.5556144
vn -0.8822527 0.0964278 -0.4607949
vn -0.4958552 0.2250536 -0.8387363
vn -0.4165418 0.2572013 -0.871975
vn -0.8635393 0.06317358 -0.500309
vn -0.8353895 0.07723562 -0.544205
vn -0.4958107 0.1829004 -0.8489518
vn 0.004809402 0.2685624 -0.9632503
vn 0.004778877 0.2835539 -0.9589444
vn 0.4252165 0.2572018 -0.8677777
vn -0.5285109 0.1040142 -0.8425303
vn -0.495807 0.1292816 -0.8587559
vn -0.8152457 0.0643243 -0.5755317
vn 0.004863958 0.2211829 -0.9752202
vn 0.5041938 0.225053 -0.8337504
vn 0.8207847 0.1630618 -0.54747
vn 0.0049206 0.1629491 -0.9866222
vn 0.8867693 0.119404 -0.4465231
vn 0.996448 0.02521112 -0.0803477
vn 0.5042439 0.1829037 -0.8439693
vn 0.004952269 0.1197446 -0.9927924
vn 0.5043429 0.1292808 -0.8537709
vn 0.9982973 -0.01518074 0.05632053
vn 0.9050087 -0.1193478 0.4083079
vn 0.8684768 0.1019345 -0.4851365
vn 0.8636342 -0.1322188 0.4864712
vn 0.571074 -0.2318633 0.787473
vn 0.9990678 -0.007134362 0.04257432
vn 0.4958704 -0.2270022 0.838202
vn 0.2541745 -0.2737272 0.9276145
vn 0.2541592 -0.2448297 0.935661
vn 0.8354037 -0.1197475 0.5364338
vn 0.4958143 -0.1852242 0.8484457
vn 0.2540875 -0.1969382 0.9469186
vn 0.8822578 -0.07416756 0.4648876
vn 0.4958209 -0.1323749 0.8582765
vn 0.2540967 -0.1343894 0.9577966
vn 0.9964678 0.01343182 -0.08289398
vn 0.4484726 -0.1072584 0.8873376
vn 0.2540454 -0.1196543 0.9597623
vn 0.8152163 -0.07002268 0.5749081
vn 0.4957015 -0.1097505 0.8615305
vn 0.2540579 -0.1210294 0.9595866
vn 0.9955782 -0.01083769 0.09330876
vn 0.8407661 0.07723565 -0.5358611
vn 0.8635327 -0.06284195 0.500362
vn 0.528577 -0.09637631 0.8433967
vn 0.2540809 -0.1041728 0.9615565
vn 0.9091408 0.05128193 -0.4133196
vn 0.5368909 0.1040133 -0.8372153
vn 0.9999875 0.0001922542 0.005003379
vn 0.9049805 -0.04708821 0.4228391
vn 0.4957203 -0.07655828 0.8651013
vn 0.254023 -0.08091131 0.9638079
vn 0.8684834 0.06317427 -0.4916764
vn 0.004940889 0.1267288 -0.9919251
vn 0.9964625 0.009952536 -0.08344775
vn 0.8635371 -0.04482286 0.5022894
vn 0.4484881 -0.0655137 0.8913845
vn 0.2539933 -0.06785331 0.9648229
vn 0.5042654 0.1085125 -0.8567038
vn -0.4956999 0.108512 -0.8616883
vn 0.8435647 -0.04250044 0.5353432
vn 0.4956472 -0.06057633 0.8664089
vn 0.2539446 -0.06520881 0.9650181
vn 0.8634365 -0.04164312 0.5027357
vn 0.9954665 -0.02031712 0.092917
vn 0.9999501 -0.008956781 0.004441094
vn 0.9090149 0.006063169 -0.4167196
vn 0.004950553 0.1158597 -0.9932533
vn -0.4485367 0.09732036 -0.8884501
vn 0.9999876 -0.001075028 0.004872904
vn 0.8684928 0.0230515 -0.4951655
vn 0.57903 0.02660478 -0.8148721
vn -0.4956836 0.07548615 -0.8652166
vn 0.004965698 0.09179757 -0.9957653
vn 0.004976411 0.06248154 -0.9980337
vn 0.5043136 0.04677596 -0.8622528
vn 0.868509 0.04295726 -0.4938084
vn 0.5042817 0.07548616 -0.8602335
vn 0.4573601 0.09732081 -0.8839402
vn 0.8209496 0.06432449 -0.567366
vn -0.818086 -0.5750815 -0.004077255
vn -0.7070937 -0.7071111 -0.003524242
vn -0.7070885 -0.7071162 -0.003524101
vn -0.9070562 -0.4209853 -0.004521025
vn -0.9960229 -0.08895972 -0.004964857
vn -0.9960228 0.08896008 -0.004964811
vn -0.9070658 0.4209645 -0.004520992
vn -0.8181003 0.575061 -0.00407739
vn -0.5750487 0.8181142 -0.002866199
vn -0.420978 0.9070684 -0.00209848
vn -9.277767E-06 1 0
vn -7.207082E-06 1 0
vn 0.4209942 0.9070609 0.002098561
vn 0.5750689 0.8181 0.002866299
vn 0.8181015 0.5750594 0.004077396
vn 0.9070646 0.4209672 0.004520987
vn 0.9960247 0.08893847 0.00496482
vn 0.9960207 -0.08898404 0.004964847
vn 0.9070613 -0.4209743 0.004521051
vn 0.8181074 -0.5750511 0.00407736
vn 0.5750647 -0.818103 0.002866114
vn 0.4209848 -0.9070652 0.002098342
vn -2.072271E-06 -1 0
vn -1.134845E-05 -1 0
vn -0.258848 -0.9659172 -0.001290279
vn -0.258839 -0.9659196 -0.001290085
vn -0.8184171 -0.5715234 0.05961806
vn -0.7074728 -0.7027703 0.0748072
vn -0.7100178 -0.6877304 0.151333
vn -0.9084954 -0.4086332 0.08749334
vn -0.99607 -0.0884347 0.004889936
vn -0.8682549 -0.4539723 0.2001065
vn -0.7105234 -0.6269024 0.319609
vn -0.9959751 0.08624825 -0.02438984
vn -0.9068276 0.4183851 -0.05116348
vn -0.8686672 -0.4002091 0.2919758
vn -0.7110976 -0.5443289 0.445024
vn -0.9998981 -0.004107153 -0.01367288
vn -0.819108 0.5587354 -0.1299108
vn -0.5745909 0.8130816 -0.09350751
vn -0.8217863 -0.371229 0.4322689
vn -0.7117794 -0.4568858 0.5335031
vn -0.7119549 -0.3547663 0.6060207
vn -0.9999055 -0.00575368 -0.0124858
vn -0.8661478 0.4468626 -0.2238342
vn -0.4541594 0.8733113 -0.1762567
vn 0.0005409995 0.9938431 -0.1107952
vn -0.8694323 -0.2273713 0.4386225
vn -0.7126182 -0.1898296 0.6753814
vn -0.9964017 -0.05733131 0.06242448
vn -0.8656539 0.3902272 -0.3136338
vn -0.5002348 0.7953523 -0.3423155
vn 0.001266047 0.9667825 -0.2555975
vn -0.9063607 0.2715279 -0.3237015
vn -0.4988324 0.5603698 -0.6611747
vn -0.4993637 0.7048059 -0.5038696
vn -0.9999639 0.008486846 -0.0004719708
vn 0.002294185 0.8888621 -0.4581692
vn 0.4558885 0.8733132 -0.1717261
vn 0.5755218 0.8130634 -0.08776446
vn 0.5036156 0.795355 -0.3373157
vn 0.8203834 0.5587067 -0.1217291
vn 0.9072999 0.4183707 -0.04210455
vn 0.00317671 0.7717308 -0.6359413
vn 0.5043788 0.7048004 -0.4988571
vn 0.5054064 0.5603678 -0.6561648
vn 0.996166 0.0862794 -0.01446188
vn 0.9959751 -0.08839574 0.01482317
vn 0.868337 0.4468589 -0.215193
vn 0.9075844 -0.4086185 0.09654759
vn 0.81777 -0.5715367 0.06780749
vn 0.8687457 0.3902161 -0.3049792
vn 0.9999847 -0.004088535 -0.003723415
vn 0.534014 -0.8205785 0.2036662
vn 0.4204769 -0.9014847 0.1025895
vn 0.8662207 -0.4539722 0.2087369
vn 0.9999803 -0.005752393 -0.002517897
vn 0.9095623 0.271514 -0.3146053
vn -0.0009112028 -0.9830203 0.1834946
vn -0.0005458157 -0.9938455 0.1107734
vn -0.2593549 -0.9599789 0.1057146
vn -0.2613698 -0.9334963 0.2455005
vn -0.001961728 -0.9195811 0.3928955
vn -0.2623209 -0.8582636 0.4411024
vn 0.4999759 -0.7687696 0.3987698
vn -0.002902954 -0.8148558 0.5796565
vn -0.2631318 -0.7451665 0.6127712
vn -0.003810531 -0.6479757 0.7616515
vn -0.2638997 -0.6256487 0.7341123
vn -0.2642552 -0.4857112 0.833219
vn 0.8657347 -0.4001766 0.300603
vn 0.4991416 -0.667486 0.5525579
vn 0.9957309 -0.05731613 0.07235152
vn 0.817453 -0.3712114 0.4404233
vn -0.004493242 -0.4394087 0.898276
vn -0.2647171 -0.2942005 0.9183523
vn 0.498825 -0.5603679 0.6611818
vn 0.4982086 -0.4350691 0.7500021
vn 0.8650311 -0.227372 0.4472395
vn 0.9999186 0.008472154 0.009537492
vn -0.004856922 -0.2335059 0.9723433
vn -0.2635588 -0.1559356 0.9519563
vn -0.004923432 -0.1614378 0.9868706
vn 0.4165005 -0.1464342 0.8972648
vn 0.5309757 -0.2426937 0.8118895
vn 0.8152596 -0.09284978 0.5716036
vn 0.9060152 -0.1128056 0.4079355
vn 0.9955832 -0.01436383 0.09277827
vn 0.996496 0.02380594 -0.08018093
vn 0.9091378 0.06795945 -0.4109136
vn 0.8694079 0.2420782 -0.4307297
vn 0.8225071 0.1542187 -0.5474474
vn 0.5790792 0.1320699 -0.8045029
vn 0.5057936 0.3800463 -0.7744272
vn 0.459299 0.2184185 -0.8610098
vn 0.004895821 0.1614508 -0.9868686
vn 0.004719609 0.3046914 -0.9524394
vn 0.004315785 0.5030209 -0.8642635
vn -0.4507124 0.2184114 -0.8655373
vn -0.5710068 0.1320964 -0.810248
vn -0.4980772 0.3800336 -0.7794188
vn -0.8169953 0.1542253 -0.5556376
vn -0.9049762 0.06798135 -0.4199961
vn 0.003784988 0.6479782 -0.7616495
vn -0.8650707 0.2420773 -0.4393761
vn -0.995642 0.02382563 -0.09016296
vn -0.9964635 -0.01434473 0.08279292
vn -0.9100495 -0.1127918 0.3988582
vn -0.8209211 -0.09284106 0.563444
vn -0.7105812 -0.1141474 0.6942944
vn -0.7109564 -0.01520735 0.7030717
vn -0.8210029 -0.03721612 0.5697098
vn -0.7108565 -0.04575573 0.7018471
vn -0.9092963 -0.009050678 0.4160508
vn -0.9964644 -0.00575855 0.08381855
vn -0.8209583 0.01249507 0.5708514
vn -0.7106007 0.0153636 0.7034277
vn -0.9964682 0.001934308 0.08394938
vn -0.9955878 0.001909536 -0.09381466
vn -0.9050106 0.02722654 -0.4245169
vn -0.9049659 -0.009151164 -0.4253857
vn -0.8154749 0.01235308 -0.5786607
vn -0.495686 0.05601052 -0.8666939
vn -0.4956822 -0.01882088 -0.8683001
vn -0.4959319 0.01861312 -0.8681619
vn 0.004986596 0.02148968 -0.9997566
vn 0.004978491 0.06467061 -0.9978942
vn 0.004986406 -0.02173649 -0.9997513
vn 0.5043275 0.05600963 -0.861694
vn 0.5043216 -0.01882063 -0.8633108
vn 0.5045958 0.01861107 -0.8631551
vn 0.8212044 0.01235527 -0.5705004
vn 0.9091998 0.02722589 -0.415469
vn 0.9091628 -0.009146588 -0.4163402
vn 0.9964771 0.001908366 -0.08384378
vn 0.9955723 -0.005763167 0.09382155
vn 0.9955765 0.001933539 0.09393447
vn 0.9050941 -0.009050207 0.4251151
vn 0.8152858 -0.03721591 0.5778616
vn 0.496047 -0.01862863 0.8680958
vn 0.8152562 0.01250312 0.5789655
vn 0.4959053 -0.05605001 0.8665658
vn 0.4956887 0.01882295 0.8682963
vn -0.004977682 -0.06473262 0.9978902
vn -0.0049863 0.02173379 0.9997514
vn -0.004986207 -0.02152059 0.999756
vn -0.2638485 -0.02078577 0.9643402
vn -0.2637579 -0.06252247 0.9625605
vn -0.2636422 0.02099007 0.9643922
vn -0.00499073 0.02173405 0.9997513
vn -0.2636916 0.02095996 0.9643793
vn -0.2636456 0.02099205 0.9643912
vn -0.004990589 0.0217669 0.9997506
vn 0.4956771 0.01881779 0.8683029
vn 0.4956739 0.01878249 0.8683056
vn 0.8152352 0.01249606 0.5789952
vn 0.904974 0.009167109 0.425368
vn 0.9955798 0.001941143 0.09389941
vn 0.9964662 -0.001931559 -0.08397326
vn 0.8685069 -0.01086972 -0.4955579
vn 0.8685002 -0.01087949 -0.4955695
vn 0.5791388 -0.01777512 -0.8150351
vn 0.4254991 -0.01971232 -0.9047441
vn 0.004980681 -0.021741 -0.9997513
vn 0.004980729 -0.0217669 -0.9997507
vn -0.4164706 -0.0197161 -0.9089354
vn -0.5710183 -0.01776736 -0.8207451
vn -0.8635268 -0.01085191 -0.5041863
vn -0.8635337 -0.01086112 -0.5041742
vn -0.9955767 -0.001902746 -0.09393239
vn -0.996466 0.001965989 0.08397377
vn -0.9091614 0.009175925 0.4163428
vn -0.820962 0.01248827 0.5708463
vn -0.7106366 0.01535114 0.7033918
vn -0.7105979 0.01531535 0.7034317
vn 0.003872752 -0.0007436153 -0.9999923
vn 0.003872752 -0.0007436153 -0.9999923
vn 0.003866431 -0.0007342704 -0.9999923
vn 0.003879073 -0.0007529603 -0.9999923
vn -0.4938733 0.7096606 -0.5024649
vn -0.4938752 0.7096633 -0.5024593
vn -0.4938733 0.7096606 -0.5024649
vn -0.4938713 0.709658 -0.5024704
vn -0.4988596 0.7096625 0.497512
vn -0.4988626 0.7096667 0.4975031
vn -0.4988596 0.7096625 0.497512
vn -0.4988565 0.7096584 0.4975211
vn -0.00608839 -0.0007556292 0.9999812
vn -0.006101846 -0.0007357379 0.9999812
vn -0.00608839 -0.0007556292 0.9999812
vn -0.006074936 -0.0007755206 0.9999813
vn 0.4916833 -0.7111968 0.5024408
vn 0.491686 -0.7112004 0.5024331
vn 0.4916833 -0.7111968 0.5024408
vn 0.4916806 -0.7111931 0.5024486
vn 0.4966601 -0.7111858 -0.4975374
vn 0.4966617 -0.711188 -0.4975328
vn 0.4966601 -0.7111858 -0.4975374
vn 0.4966586 -0.7111837 -0.4975421
vn 0.0007799775 0.9876862 -0.1564462
vn 0.0007773019 0.9876859 -0.1564482
vn 0.0007799775 0.9876862 -0.1564462
vn 0.0007826532 0.9876865 -0.1564443
vn 0.002255501 0.8910159 -0.4539665
vn 0.002255462 0.8910159 -0.4539665
vn 0.002255462 0.8910159 -0.4539665
vn 0.002255423 0.8910159 -0.4539664
vn 0.003513086 0.7070985 -0.7071064
vn 0.003513147 0.7070985 -0.7071064
vn 0.003513147 0.7070985 -0.7071064
vn 0.003513208 0.7070985 -0.7071064
vn 0.004426873 0.453981 -0.8910004
vn 0.004426797 0.453981 -0.8910004
vn 0.004426797 0.453981 -0.8910004
vn 0.00442672 0.453981 -0.8910003
vn 0.004907018 0.15645 -0.9876737
vn 0.004924065 0.1564377 -0.9876755
vn 0.004924065 0.1564377 -0.9876755
vn 0.004941113 0.1564254 -0.9876774
vn 0.004941113 -0.1564254 -0.9876774
vn 0.004941113 -0.1564254 -0.9876774
vn 0.004941113 -0.1564254 -0.9876774
vn 0.004941113 -0.1564254 -0.9876774
vn 0.004457409 -0.4540011 -0.89099
vn 0.004442141 -0.4539911 -0.8909951
vn 0.004442141 -0.4539911 -0.8909951
vn 0.004426873 -0.453981 -0.8910003
vn 0.003513145 -0.7071112 -0.7070936
vn 0.003513084 -0.7071112 -0.7070937
vn 0.003513084 -0.7071112 -0.7070937
vn 0.003513024 -0.7071111 -0.7070937
vn 0.002255573 -0.8910004 -0.4539968
vn 0.002263419 -0.8910031 -0.4539916
vn 0.002263419 -0.8910031 -0.4539916
vn 0.002271264 -0.8910057 -0.4539864
vn 0.0007825433 -0.9876904 -0.1564196
vn 0.0007825297 -0.9876904 -0.1564196
vn 0.0007825433 -0.9876904 -0.1564196
vn 0.0007825568 -0.9876904 -0.1564196
vn -0.0007798412 -0.9876901 0.1564216
vn -0.0007771332 -0.9876904 0.1564196
vn -0.0007798412 -0.9876901 0.1564216
vn -0.0007825492 -0.9876898 0.1564235
vn -0.002255573 -0.8910005 0.4539967
vn -0.002263379 -0.8910031 0.4539916
vn -0.002263379 -0.8910031 0.4539916
vn -0.002271185 -0.8910057 0.4539864
vn -0.00353742 -0.7071112 0.7070935
vn -0.00353742 -0.7071112 0.7070935
vn -0.00353742 -0.7071112 0.7070935
vn -0.00353742 -0.7071112 0.7070935
vn -0.004442141 -0.4539911 0.8909951
vn -0.004426873 -0.453981 0.8910003
vn -0.004442141 -0.4539911 0.8909951
vn -0.004457409 -0.4540011 0.89099
vn -0.004924235 -0.1564377 0.9876755
vn -0.004941264 -0.15645 0.9876735
vn -0.004924235 -0.1564377 0.9876755
vn -0.004907207 -0.1564254 0.9876776
vn -0.004924235 0.1564377 0.9876755
vn -0.004907188 0.15645 0.9876737
vn -0.004924235 0.1564377 0.9876755
vn -0.004941284 0.1564254 0.9876774
vn -0.004442141 0.4539911 0.8909951
vn -0.004457461 0.453981 0.8910002
vn -0.004442141 0.4539911 0.8909951
vn -0.004426822 0.454001 0.8909901
vn -0.003537483 0.7070985 0.7071063
vn -0.003537483 0.7070985 0.7071063
vn -0.003537483 0.7070985 0.7071063
vn -0.003537483 0.7070985 0.7071063
vn -0.002271136 0.8910107 0.4539766
vn -0.002263279 0.8910133 0.4539715
vn -0.002263279 0.8910133 0.4539715
vn -0.002255423 0.8910159 0.4539664
vn -0.000779964 0.9876862 0.1564462
vn -0.0007826531 0.9876865 0.1564443
vn -0.000779964 0.9876862 0.1564462
vn -0.000777275 0.9876859 0.1564482
vn -0.8180981 -0.5750642 -0.004077654
vn -0.7071375 -0.7070674 -0.003525449
vn -0.7071105 -0.7070944 -0.003524705
vn -0.9070562 -0.4209853 -0.004521025
vn -0.9960229 -0.08895972 -0.004964857
vn -0.9960228 0.08895993 -0.004964809
vn -0.9070743 0.4209462 -0.00452103
vn -0.8181125 0.5750438 -0.004077786
vn -0.5750598 0.8181064 -0.002866715
vn -0.4209709 0.9070717 -0.002098908
vn -3.603069E-06 1 -1.11396E-07
vn -7.207082E-06 1 0
vn 0.4209943 0.9070608 0.002098562
vn 0.5750862 0.8180879 0.002866723
vn 0.8181135 0.5750424 0.004078255
vn 0.9070609 0.4209751 0.004521767
vn 0.9960222 0.0889672 0.004965269
vn 0.9960206 -0.08898538 0.00496531
vn 0.9070492 -0.4210002 0.004521794
vn 0.8181037 -0.5750562 0.004078146
vn 0.5750819 -0.8180909 0.002866539
vn 0.421003 -0.9070569 0.002098432
vn 3.603719E-06 -1 0
vn 0 -1 0
vn -0.258837 -0.9659202 -0.001290405
vn -0.258839 -0.9659196 -0.001290448
vn -0.8184159 -0.5715231 0.05963879
vn -0.7074724 -0.7027689 0.07482405
vn -0.7100124 -0.6877355 0.151335
vn -0.9085048 -0.4086132 0.08748863
vn -0.9960724 -0.08840674 0.004895423
vn -0.8682534 -0.4539788 0.2000981
vn -0.7105387 -0.6268882 0.3196028
vn -0.9959728 0.08627298 -0.02439507
vn -0.906827 0.4183863 -0.05116454
vn -0.8686775 -0.4001928 0.2919677
vn -0.711126 -0.5443062 0.4450064
vn -0.999898 -0.004098909 -0.01368059
vn -0.8191172 0.5587227 -0.1299073
vn -0.5746057 0.813072 -0.09349956
vn -0.8217983 -0.3712177 0.4322556
vn -0.7117794 -0.4568858 0.5335031
vn -0.7119833 -0.3547528 0.6059953
vn -0.9999055 -0.00575368 -0.0124858
vn -0.8661453 0.4468663 -0.2238369
vn -0.454173 0.8733047 -0.176255
vn 0.0005466328 0.9938433 -0.1107936
vn -0.869447 -0.2273666 0.4385958
vn -0.7126504 -0.1898245 0.6753489
vn -0.9964017 -0.05733131 0.06242448
vn -0.86566 0.3902197 -0.3136264
vn -0.5002325 0.7953521 -0.3423194
vn 0.001273655 0.9667822 -0.2555983
vn -0.9063762 0.2715158 -0.3236687
vn -0.4988266 0.5603723 -0.6611769
vn -0.4993655 0.7048072 -0.503866
vn -0.999964 0.00847253 -0.000436277
vn 0.002286634 0.888862 -0.4581693
vn 0.4558885 0.8733132 -0.1717261
vn 0.57552 0.8130646 -0.08776522
vn 0.5036156 0.795355 -0.3373157
vn 0.8203827 0.5587076 -0.1217296
vn 0.9072993 0.4183719 -0.04210548
vn 0.00316905 0.7717309 -0.6359414
vn 0.5043722 0.7048005 -0.4988635
vn 0.5053809 0.5603762 -0.6561773
vn 0.9961684 0.08625263 -0.01445598
vn 0.9959726 -0.08842529 0.01481784
vn 0.868337 0.4468589 -0.215193
vn 0.9075809 -0.4086261 0.09654823
vn 0.8177822 -0.5715214 0.06779093
vn 0.868737 0.3902274 -0.3049897
vn 0.9999847 -0.004103144 -0.003713642
vn 0.5340316 -0.820568 0.2036628
vn 0.4204769 -0.9014847 0.1025895
vn 0.8662273 -0.4539585 0.2087386
vn 0.9999802 -0.005759209 -0.002511614
vn 0.9095519 0.2715225 -0.3146281
vn -0.0009097499 -0.9830202 0.1834953
vn -0.0005458157 -0.9938455 0.1107734
vn -0.2593485 -0.9599804 0.1057169
vn -0.261367 -0.9334966 0.2455024
vn -0.001962518 -0.9195809 0.3928958
vn -0.2623136 -0.8582639 0.4411061
vn 0.4999883 -0.7687633 0.3987664
vn -0.002895305 -0.8148549 0.5796577
vn -0.2631169 -0.7451698 0.6127737
vn -0.003801854 -0.6479765 0.7616509
vn -0.2638997 -0.6256487 0.7341123
vn -0.2642402 -0.485713 0.8332227
vn 0.8657324 -0.4001829 0.3006009
vn 0.4991678 -0.6674768 0.5525452
vn 0.9957283 -0.05734191 0.0723677
vn 0.8174543 -0.3712091 0.4404229
vn -0.004478103 -0.4394088 0.8982761
vn -0.2647098 -0.2942036 0.9183534
vn 0.4988725 -0.5603557 0.6611564
vn 0.4982142 -0.4350609 0.7500032
vn 0.8650256 -0.2273685 0.4472519
vn 0.9999188 0.008477742 0.009517339
vn -0.004842768 -0.2335104 0.9723422
vn -0.2635588 -0.1559356 0.9519563
vn -0.004881583 -0.1614379 0.9868708
vn 0.4165083 -0.1464486 0.897259
vn 0.5309625 -0.2426982 0.8118968
vn 0.8152475 -0.09285893 0.5716195
vn 0.9060212 -0.1127965 0.4079246
vn 0.9955825 -0.01436497 0.09278525
vn 0.9964943 0.02382335 -0.08019724
vn 0.909121 0.06798631 -0.4109464
vn 0.8693962 0.2420847 -0.4307497
vn 0.8224855 0.154233 -0.5474758
vn 0.5790623 0.1320905 -0.8045116
vn 0.5057994 0.3800472 -0.7744231
vn 0.4593366 0.2184093 -0.8609921
vn 0.004927929 0.1614343 -0.9868712
vn 0.004762099 0.3046976 -0.9524372
vn 0.00432332 0.5030255 -0.8642608
vn -0.4507256 0.2184048 -0.8655321
vn -0.5710235 0.1320686 -0.8102408
vn -0.4980362 0.3800529 -0.7794355
vn -0.8170111 0.1542107 -0.5556186
vn -0.9049881 0.06796392 -0.4199733
vn 0.003807752 0.6479734 -0.7616535
vn -0.8650815 0.2420725 -0.4393574
vn -0.995647 0.02380477 -0.09011383
vn -0.9964629 -0.01434372 0.08280049
vn -0.9100546 -0.1127887 0.3988475
vn -0.8209326 -0.09283013 0.5634289
vn -0.7105812 -0.1141474 0.6942944
vn -0.7109564 -0.01520735 0.7030717
vn -0.8210029 -0.03721612 0.5697098
vn -0.7108565 -0.04575573 0.7018471
vn -0.9092963 -0.009050678 0.4160508
vn -0.9964644 -0.00575855 0.08381855
vn -0.8209583 0.01249507 0.5708514
vn -0.7106007 0.0153636 0.7034277
vn -0.9964682 0.001934308 0.08394938
vn -0.9955878 0.001909536 -0.09381466
vn -0.9050106 0.02722654 -0.4245169
vn -0.9049659 -0.009151164 -0.4253857
vn -0.8154991 0.01235016 -0.5786265
vn -0.4956896 0.05601119 -0.8666918
vn -0.4956858 -0.01882776 -0.8682979
vn -0.4959393 0.0186069 -0.8681578
vn 0.004998015 0.02148745 -0.9997566
vn 0.004978491 0.06467061 -0.9978942
vn 0.004986406 -0.02173649 -0.9997513
vn 0.5043008 0.05601063 -0.8617097
vn 0.5043082 -0.01882262 -0.8633186
vn 0.504569 0.0186098 -0.8631708
vn 0.8211942 0.01235573 -0.570515
vn 0.9091915 0.02722678 -0.415487
vn 0.9091598 -0.009147632 -0.4163471
vn 0.9964762 0.001908411 -0.08385496
vn 0.9955724 -0.00576313 0.0938209
vn 0.9955772 0.001933405 0.09392671
vn 0.9050974 -0.009049645 0.425108
vn 0.8152736 -0.03721675 0.5778788
vn 0.496047 -0.01862881 0.8680958
vn 0.8152562 0.01250312 0.5789655
vn 0.495915 -0.05604862 0.8665603
vn 0.4956791 0.01882307 0.8683018
vn -0.00495653 -0.06473233 0.9978904
vn -0.004997635 0.02173382 0.9997513
vn -0.004986194 -0.02152057 0.999756
vn -0.2638541 -0.02078512 0.9643387
vn -0.2637579 -0.06252247 0.9625605
vn -0.2636645 0.02098994 0.964386
vn -0.004980734 0.02171454 0.9997518
vn -0.2636011 0.02097306 0.9644037
vn -0.2636004 0.02097361 0.9644039
vn -0.004980734 0.0217151 0.9997518
vn 0.4956533 0.01881747 0.8683166
vn 0.4956414 0.0188076 0.8683236
vn 0.8152243 0.01250865 0.5790104
vn 0.9049666 0.009167554 0.4253839
vn 0.9955798 0.00194114 0.09389925
vn 0.9964661 -0.001931565 -0.08397356
vn 0.8685068 -0.0108698 -0.495558
vn 0.8685001 -0.01087949 -0.4955697
vn 0.5791388 -0.01777512 -0.8150351
vn 0.4254991 -0.01971232 -0.9047441
vn 0.004980681 -0.021741 -0.9997513
vn 0.004980729 -0.0217669 -0.9997507
vn -0.4164546 -0.01971627 -0.9089428
vn -0.5709877 -0.01776795 -0.8207663
vn -0.8635154 -0.01085603 -0.5042056
vn -0.8635059 -0.01084354 -0.5042222
vn -0.9955773 -0.00192452 -0.0939253
vn -0.9964662 0.001931556 0.08397312
vn -0.9091647 0.009158648 0.4163361
vn -0.8209649 0.01250056 0.5708417
vn -0.7106168 0.01536958 0.7034114
vn -0.7105971 0.01535139 0.7034317
vn 0.2567788 0.8754265 0.4095036
vn 0.4981623 0.7848889 0.3684884
vn 0.2567954 0.8754235 0.4094995
vn 0.4981548 0.7848923 0.3684914
vn 0.8168814 0.5211918 0.2471112
vn 0.9061764 0.3815276 0.1824308
vn 0.9925394 0.1085297 0.05555909
vn 0.9925399 0.108524 0.05556058
vn 0.9997976 -0.01967474 -0.00418839
vn 0.9997974 -0.01968602 -0.004198114
vn -0.2608417 0.8754286 0.4069231
vn -0.2608722 0.8754231 0.4069153
vn -0.5018122 0.7848881 0.3635043
vn -0.5017984 0.7848942 0.3635098
vn -0.8193179 0.5211729 0.2389498
vn -0.9079504 0.381528 0.1733856
vn -0.993045 0.1085235 0.04565356
vn -0.9930439 0.1085339 0.0456534
vn -0.9999057 -0.009842009 -0.009574412
vn -0.9999058 -0.009840039 -0.0095706
vn -0.9999876 9.719456E-06 -0.00497926
vn -0.9999876 1.726947E-05 -0.004976979
vn 0.002111447 -0.9063087 -0.4226111
vn 0.002121157 -0.9063087 -0.4226111
vn 0.002121157 -0.9063087 -0.4226111
vn 0.002101738 -0.9063087 -0.4226111
vn 0.002099217 -0.9063087 -0.4226111
vn 0.002106406 -0.9063087 -0.4226111
vn 0.002116116 -0.9063087 -0.4226111
vn 0.002118636 -0.9063087 -0.4226111
vn 0.002115912 -0.9063087 -0.4226111
vn 0.00210949 -0.9063078 -0.4226129
vn 0.002103386 -0.906307 -0.4226148
vn 0.002105146 -0.9063064 -0.422616
vn 0.002108416 -0.9063067 -0.4226153
vn 0.002100951 -0.906306 -0.4226169
vn 0.002096076 -0.9063055 -0.422618
vn 0.002080453 -0.9063039 -0.4226214
vn 0.03064102 0.9058238 0.4225453
vn 0.03063775 0.9058235 0.4225461
vn 0.03065049 0.9058233 0.4225454
vn 0.03063402 0.9058229 0.4225475
vn 0.03062175 0.9058221 0.4225502
vn 0.0306261 0.9058211 0.4225521
vn 0.03061176 0.9058218 0.4225515
vn 0.0306089 0.9058236 0.4225478
vn 0.0305958 0.9058247 0.4225464
vn 0.03061785 0.9058263 0.4225416
vn 0.8861483 0.19739 -0.4192593
vn 0.7533883 0.2789038 -0.5954987
vn 0.7533167 0.2791639 -0.5954675
vn 0.9733459 0.09876717 -0.2069851
vn 0.933902 -0.1494449 0.3247972
vn 0.933883 -0.1493825 0.3248808
vn 0.7473636 -0.2795897 0.602725
vn 0.7474276 -0.279759 0.602567
vn 0.2424948 0.4102443 -0.879145
vn 0.4164445 0.3848278 -0.8237
vn 0.4165291 0.3845921 -0.8237672
vn 0.2425395 0.4101243 -0.8791885
vn -0.003567754 0.4443987 -0.895822
vn 0.0768803 0.4692381 -0.8797187
vn 0.3567475 0.4395249 -0.8243477
vn 0.1643957 0.4330859 -0.886234
vn 0.004531095 0.422644 -0.9062845
vn 0.5626 0.3868146 -0.7306543
vn 0.7352412 0.2733883 -0.6202251
vn 0.7218251 0.3994096 -0.5651906
vn 0.5096752 0.5954924 -0.6209831
vn 0.6261467 0.619554 -0.4733848
vn 0.4168826 0.8276626 -0.3757439
vn 0.004524323 0.4226393 -0.9062867
vn 0.004517152 0.4226485 -0.9062824
vn -0.1172132 0.438055 -0.8912737
vn 0.1610831 0.4412658 -0.8828005
vn 0.004523349 0.4226356 -0.9062884
vn 0.004519964 0.4226184 -0.9062965
vn 0.2638235 0.7921747 -0.5503238
vn 0.001620351 0.9459795 -0.3242224
vn 0.004522301 0.4226201 -0.9062957
vn -0.182394 0.4337391 -0.8823847
vn -0.3803187 0.4843071 -0.7879114
vn -0.5586462 0.4129708 -0.7192841
vn -0.7285218 0.3278681 -0.6014636
vn -0.5553313 0.3868169 -0.7361928
vn -0.7161897 0.399406 -0.5723175
vn -0.5034624 0.5954882 -0.6260346
vn -0.6213372 0.6195378 -0.479701
vn -0.4130727 0.8276359 -0.3799863
vn -0.2583586 0.7921918 -0.5528861
vn -0.174185 0.5260371 -0.8324329
vn 0.002911995 0.8106402 -0.5855373
vn -0.07240131 0.5649552 -0.821939
vn 0.1528166 0.5102338 -0.8463502
vn 0.1181697 0.6300184 -0.7675368
vn 0.00408782 0.5797099 -0.8148127
vn 0.2936988 -0.4036728 0.866481
vn 0.4083844 -0.3851657 0.8275685
vn 0.4082986 -0.3853898 0.8275064
vn 0.1728078 -0.4161191 0.8927388
vn -0.01259822 -0.4005333 0.9161956
vn 0.06786682 -0.3725442 0.9255295
vn 0.3515446 -0.3608931 0.8638128
vn 0.144559 -0.3939075 0.9077112
vn 0.1185823 -0.411289 0.9037586
vn 0.5531548 -0.2972629 0.7782381
vn 0.7290605 -0.3022012 0.6141216
vn -0.004519979 -0.4226116 0.9062997
vn 0.715642 -0.1789549 0.675153
vn -0.004499184 -0.4226166 0.9062974
vn -0.00451412 -0.4226262 0.9062929
vn -0.004517186 -0.4226336 0.9062894
vn -0.004515128 -0.4226156 0.9062978
vn -0.004515762 -0.4226083 0.9063012
vn -0.1286619 -0.3994136 0.9076976
vn -0.388615 -0.2908009 0.8743072
vn 0.480553 -0.1160974 0.8692469
vn 0.5863992 0.08354229 0.8057026
vn 0.1931251 -0.3292555 0.92428
vn -0.5287453 -0.3087012 0.7906529
vn -0.7345215 -0.2472881 0.6319231
vn -0.1630811 -0.4067864 0.898849
vn -0.5608141 -0.2973047 0.7727208
vn -0.7221649 -0.1790598 0.6681433
vn 0.3227325 0.1009523 0.9410911
vn 0.2993154 0.3007526 0.9055154
vn -0.004925768 0.1461115 0.9892559
vn -0.004655078 0.3596365 0.9330809
vn -0.3083363 0.3008022 0.902467
vn 0.09862942 -0.2511493 0.9629103
vn -0.4891245 -0.1161555 0.864445
vn -0.5943944 0.08356562 0.79982
vn -0.3320992 0.1009757 0.9378241
vn -0.1694306 -0.3462449 0.9227176
vn -0.1489619 -0.1785066 0.9725974
vn -0.004821761 -0.2516457 0.9678074
vn 0 -1 0
vn 0 -1 0
vn 0 -1 0
vn 0 -1 0
vn 0 1 0
vn 0 1 0
vn 0 1 0
vn 0 1 0
vn 0 -0.111349 0.9937814
vn 0 -0.111349 0.9937814
vn 0 -0.111349 0.9937814
vn 0 -0.111349 0.9937814
vn 1 0 0
vn 1 0 0
vn 1 0 0
vn 1 0 0
vn 0 0.05924822 -0.9982433
vn 0 0.05924822 -0.9982433
vn 0 0.05924822 -0.9982433
vn 0 0.05924822 -0.9982433
vn -1 0 0
vn -1 0 0
vn -1 0 0
vn -1 0 0
vn 0 -1 0
vn 0 -1 0
vn 0 -1 0
vn 0 -1 0
vn 0 1 0
vn 0 1 0
vn 0 1 0
vn 0 1 0
vn 0 -0.111349 0.9937814
vn 0 -0.111349 0.9937814
vn 0 -0.111349 0.9937814
vn 0 -0.111349 0.9937814
vn 1 0 0
vn 1 0 0
vn 1 0 0
vn 1 0 0
vn 0 0.05924822 -0.9982433
vn 0 0.05924822 -0.9982433
vn 0 0.05924822 -0.9982433
vn 0 0.05924822 -0.9982433
vn -1 0 0
vn -1 0 0
vn -1 0 0
vn -1 0 0
vn 0.9999876 2.011541E-05 0.004983027
vn 0.9999877 6.075381E-05 0.00495067
vn 0.9999876 3.03769E-05 0.004981045
vn 0.9999875 9.853909E-06 0.004998325
vn 0.9999876 9.853909E-06 0.004985008
vn 0.9999876 0 0.004984787
vn -0.9999876 -2.033232E-05 -0.004982445
vn -0.9999876 0 -0.004983615
vn -0.9999876 -1.028774E-05 -0.004983845
vn -0.9999875 -1.028774E-05 -0.004997749
vn -0.9999876 -3.03769E-05 -0.004981045
vn -0.9999877 -6.075381E-05 -0.00495067
vn -0.004984458 0 0.9999876
vn -0.004984455 0 0.9999876
vn -0.004984455 0 0.9999876
vn -0.004984462 0 0.9999876
vn -0.00498446 0 0.9999876
vn -0.00498446 0 0.9999876
vn -0.00498446 0 0.9999876
vn -0.004984466 0 0.9999876
vn -0.004984466 0 0.9999876
vn -0.00498446 0 0.9999876
vn -0.004984455 0 0.9999876
vn -0.004984455 0 0.9999876
vn 0.106023 0.9943635 0.0005284084
vn 0.1106479 0.9938595 0.0005514335
vn 0.1102409 0.9838728 -0.1408586
vn 0.103101 0.953715 -0.2824851
vn 0.0904495 0.7849228 -0.6129559
vn 0.0514539 0.9755761 -0.2135501
vn 0.03383747 0.9994273 0.0001686668
vn 0.07359101 0.6508955 -0.755592
vn 0.03641042 0.2841114 -0.9580997
vn 0.04472072 0.6678975 -0.7429085
vn 0.02731876 0.2136955 -0.9765183
vn 0.004984455 0 -0.9999876
vn 0.004984458 0 -0.9999876
vn 0.01217411 0.1421427 -0.9897713
vn 0.004984459 0 -0.9999876
vn 0.004984454 0 -0.9999876
vn -0.0023901 0.2137867 -0.9768775
vn 0.004984449 0 -0.9999876
vn -0.05574602 0.9814991 -0.1831716
vn -0.05076344 0.9987107 -0.0002530303
vn -0.1060231 0.9943635 -0.0005285001
vn -0.02799847 0.7066273 -0.7070318
vn -0.01758028 0.2136808 -0.9767453
vn 0.004984455 0 -0.9999876
vn -0.02685725 0.284109 -0.9584158
vn -0.0712112 0.7046542 -0.7059684
vn -0.08433455 0.7849226 -0.6138275
vn -0.1021064 0.9613773 -0.2555934
vn -0.1088313 0.9838729 -0.1419502
vn -0.1106479 0.9938595 -0.0005515632
vn -0.1106197 -0.9938627 -0.0005513437
vn -0.1106197 -0.9938627 -0.0005513437
vn -0.1059863 -0.9943674 -0.0005282621
vn -0.1059863 -0.9943675 -0.0005282501
vn -0.06764456 -0.9977095 -0.0003371654
vn -0.03382231 -0.9994279 -0.0001685907
vn 0.05074058 -0.9987118 0.0002529361
vn 0.05074069 -0.9987118 0.0002529161
vn 0.1059862 -0.9943675 0.0005283516
vn 0.1059861 -0.9943675 0.0005283716
vn 0.1106197 -0.9938627 0.0005514712
vn 0.1106197 -0.9938627 0.0005514712
vn -0.00504264 8.540772E-06 0.9999872
vn -0.004941172 -1.223447E-05 0.9999878
vn -0.004935782 8.666512E-05 0.9999878
vn -0.00494153 6.805746E-05 0.9999878
vn -0.00488622 0.0002172915 0.9999881
vn -0.004964964 -3.088398E-05 0.9999877
vn -0.00491999 0 0.9999878
vn -0.005059131 -2.864539E-05 0.9999872
vn -0.005332164 0 0.9999858
vn -0.004956285 -3.819385E-05 0.9999877
vn -0.004944451 4.47719E-06 0.9999877
vn -0.004944451 0 0.9999877
vn 0.4200655 0.9074847 0.004059963
vn 0.2588412 0.9659141 0.0033588
vn 0.2597778 0.9585094 0.1173678
vn 0.5345697 0.8258347 0.1795337
vn 0.2571006 0.8585607 0.4435908
vn 0.8169309 0.5767107 0.005365124
vn 0.4522084 0.7475674 0.4864674
vn 0.256328 0.6077089 0.7516555
vn 0.907801 0.4117424 0.0797844
vn 0.9959306 0.08997437 0.005169445
vn 0.8180314 0.4930135 0.2962469
vn 0.5742534 0.5139981 0.6372119
vn 0.9961778 -0.08665929 -0.01095418
vn 0.9066442 -0.4218818 0.003443239
vn 0.9958277 0.07624111 0.05014412
vn 0.8206409 -0.5628253 -0.09887442
vn 0.573415 -0.8192648 0.0006817944
vn 0.4953352 0.3641426 0.7886972
vn 0.2538652 0.3817503 0.8887177
vn 0.9064109 0.2638429 0.3298579
vn 0.9089882 -0.3605585 -0.2091364
vn 0.4558359 -0.8815997 -0.1224568
vn 0.2573846 -0.9663082 -0.001333433
vn 0.2605451 -0.9379395 -0.2288794
vn 0.5366595 -0.7395959 -0.4061951
vn 0.2620593 -0.8002209 -0.5394177
vn 0.9964114 -0.05578462 -0.06365795
vn 0.863221 0.2139424 0.4572507
vn 0.8219309 -0.361219 -0.440398
vn 0.426541 -0.571559 -0.7009873
vn 0.2635118 -0.6091682 -0.747981
vn 0.2622102 -0.4245349 -0.8666118
vn 0.5030919 -0.3578501 -0.786665
vn 0.2645945 -0.4313312 -0.8625215
vn 0.9999782 0.006150513 0.002422423
vn 0.8678927 -0.2033081 -0.4532419
vn 0.5386198 -0.439242 -0.718996
vn 0.2629056 -0.731311 -0.6293369
vn 0.9098721 -0.2079248 -0.3590267
vn 0.9957011 0.04396569 0.08152521
vn 0.8173169 0.2849432 0.5007997
vn 0.4510761 0.4145744 0.7903534
vn 0.4991982 0.6549534 0.567307
vn 0.2552002 0.5255218 0.8116031
vn 0.2566622 0.7312955 0.6319268
vn 0.2574132 0.8826364 0.3933083
vn 0.9065679 0.3173775 0.2782195
vn 0.9963452 -0.06707955 -0.05288173
vn 0.8213464 -0.4340027 -0.370178
vn 0.4534132 0.8458356 0.2810313
vn 0.2575484 0.9592364 0.1163372
vn 0.8187048 0.5364155 0.2048921
vn 0.4994956 0.8631107 0.07445779
vn 0.2588508 0.9659114 -0.0033811
vn 0.5750526 0.8181141 -0.001952826
vn 0.8659877 0.4984555 0.04009198
vn 0.9070302 0.4210655 -0.0003018618
vn 0.9959139 0.08282831 0.03598612
vn 0.999985 0.0002963208 -0.005464844
vn 0.9960397 -0.08890977 0.0001361179
vn 0.9087654 -0.3924314 -0.1419263
vn 0.8660198 -0.4975388 -0.04964735
vn 0.8181527 -0.5750005 -0.0007559756
vn 0.5365478 -0.7823406 -0.3163219
vn 0.5005513 -0.8619332 -0.08074401
vn 0.4210177 -0.9070483 -0.002738741
vn 0.2593086 -0.9639986 -0.05887008
vn 0.2587856 -0.9659288 -0.003403368
vn 0.2611152 -0.9236031 -0.2806709
vn 0.5048221 -0.6549627 -0.5622976
vn -0.2588616 0.9659141 0.0007785098
vn -0.4200904 0.9074823 -0.0001277574
vn -0.260949 0.958506 0.1147689
vn -0.5363378 0.8258315 0.174196
vn -0.816963 0.5766833 -0.002779154
vn -0.2614865 0.8585648 0.4410117
vn -0.9085553 0.4117341 0.07072764
vn -0.9959317 0.08998516 -0.00475783
vn -0.4570415 0.7475666 0.4819308
vn -0.2637911 0.607711 0.7490672
vn -0.8209612 0.492994 0.2880619
vn -0.9960208 -0.08663914 -0.02088659
vn -0.9066388 -0.4218706 -0.005594733
vn -0.580599 0.5139869 0.6314446
vn -0.9962765 0.07625756 0.04022323
vn -0.8196005 -0.5628451 -0.1070531
vn -0.573393 -0.8192651 -0.005034748
vn -0.503182 0.3641332 0.7837186
vn -0.2626486 0.3817557 0.8861594
vn -0.9096496 0.2638431 0.3208184
vn -0.9068559 -0.3605629 -0.2181896
vn -0.4545912 -0.8816001 -0.1269965
vn -0.2573636 -0.9663067 -0.003899253
vn -0.2582577 -0.937937 -0.2314677
vn -0.5325814 -0.7395974 -0.4115249
vn -0.2566856 -0.80022 -0.5419968
vn -0.9957278 -0.05578477 -0.07358178
vn -0.8677366 0.2139372 0.4486246
vn -0.419538 -0.571561 -0.7051992
vn -0.256046 -0.6091701 -0.7505679
vn -0.2535544 -0.424534 -0.8691841
vn -0.8174902 -0.3612298 -0.4485787
vn -0.4952258 -0.3578494 -0.7916409
vn -0.255954 -0.4313357 -0.8651226
vn -0.9999526 0.006139407 -0.00756778
vn -0.863332 -0.2033048 -0.4618711
vn -0.5314423 -0.4392311 -0.7243239
vn -0.2566511 -0.7313012 -0.6319246
vn -0.9062288 -0.2079387 -0.3681179
vn -0.9964674 0.04395134 0.07156156
vn -0.8222772 0.2849366 0.4926169
vn -0.4589249 0.4145754 0.7858213
vn -0.5048267 0.6549582 0.5622987
vn -0.2632212 0.5255295 0.8090324
vn -0.2629307 0.7313002 0.6293389
vn -0.2613142 0.8826398 0.3907196
vn -0.9092913 0.3173886 0.2691725
vn -0.9957619 -0.0671332 -0.06285963
vn -0.8176138 -0.4340044 -0.3783489
vn -0.4562061 0.84583 0.2764917
vn -0.2587095 0.9592325 0.1137645
vn -0.8206825 0.5364484 0.1967316
vn -0.5002031 0.8631164 0.06947666
vn -0.2588162 0.9659082 -0.0059617
vn -0.5749609 0.8181448 -0.00768493
vn -0.8663314 0.4984776 0.03146445
vn -0.9070001 0.4210269 -0.009343957
vn -0.996225 0.0828077 0.02605089
vn -0.9998807 0.0002362063 -0.0154434
vn -0.9959921 -0.08890423 -0.009792358
vn -0.9072911 -0.3924615 -0.1509869
vn -0.8654958 -0.4975149 -0.05827387
vn -0.8181097 -0.5749932 -0.008910687
vn -0.5333859 -0.782331 -0.3216483
vn -0.4997189 -0.8619351 -0.08572605
vn -0.4209548 -0.9070551 -0.006936068
vn -0.2587267 -0.9639941 -0.06144865
vn -0.2587388 -0.9659288 -0.005983967
vn -0.258322 -0.9235992 -0.2832564
vn -0.4992278 -0.6549411 -0.5672951
vn 0.001993875 -0.9122917 -0.4095363
vn 0.002147812 -0.9123479 -0.4094103
vn 0.00208373 -0.9123269 -0.4094574
vn 0.001909346 -0.9123172 -0.4094797
vn 0.002044159 -0.9122999 -0.4095175
vn 0.001881162 -0.9122918 -0.4095366
vn 0.001504774 -0.9122653 -0.4095969
vn 0.001367562 -0.9122653 -0.4095976
vn 0.001931381 -0.9122524 -0.409624
vn 0.001593487 -0.912174 -0.4098
vn 0.001971353 -0.9123811 -0.409337
vn 0.00184085 -0.9124729 -0.409133
vn 0.4160686 -0.3758811 0.8280098
vn 0.2543972 -0.4000946 0.8804581
vn 0.2532488 -0.4002361 0.8807248
vn 0.5693576 -0.3394835 0.7487209
vn 0.8145315 -0.2387976 0.5286909
vn 0.9041382 -0.1753184 0.389612
vn 0.9955397 -0.03720733 0.08669706
vn 0.9964227 0.03689482 -0.07603036
vn 0.9086096 0.1748237 -0.3792958
vn 0.8193199 0.2392238 -0.521044
vn 0.5774269 0.3395701 -0.7424758
vn 0.422964 0.3765007 -0.8242261
vn 0.004528834 0.4146273 -0.90998
vn 0.004511574 0.4146421 -0.9099734
vn -0.4147333 0.3765001 -0.8283985
vn -0.5700095 0.3395667 -0.7481869
vn -0.8141139 0.2392069 -0.5291491
vn -0.9047993 0.1748095 -0.3883037
vn -0.9956161 0.03689152 -0.08595189
vn -0.9963574 -0.03719265 0.07673784
vn -0.9079875 -0.1753088 0.3805596
vn -0.8197853 -0.2387827 0.5205141
vn -0.5768278 -0.3394724 0.742986
vn -0.4243061 -0.3758797 0.8238196
vn -0.2619896 -0.4002387 0.8781631
vn -0.2630655 -0.4001059 0.877902
vn 0.4935504 -0.5929996 0.636207
vn 0.2528665 -0.6604024 0.7070553
vn 0.2566481 -0.7652943 0.590302
vn 0.4990669 -0.68551 0.5301021
vn 0.5331459 -0.7919353 0.2976475
vn 0.2582525 -0.9299912 0.2615761
vn 0.8175353 -0.4543858 0.3537932
vn 0.9041045 -0.289706 0.3141106
vn 0.4179536 -0.8960319 0.1498056
vn 0.2564782 -0.9535065 0.158254
vn 0.8156334 -0.5701339 0.09843568
vn 0.9072106 -0.3967121 0.1399589
vn 0.9958695 -0.08864241 0.01966077
vn 0.99578 -0.07025637 0.0590445
vn 0.9962686 0.06140592 -0.06064804
vn 0.9962029 0.0837635 -0.02373529
vn 0.9063162 0.4174956 -0.06548601
vn 0.9090664 0.3323578 -0.2512701
vn 0.81775 0.3952808 -0.4183753
vn 0.5043406 0.6855099 -0.5250872
vn 0.4998676 0.592997 -0.6312582
vn 0.003636786 0.6832386 -0.7301862
vn 0.8203748 0.5422198 -0.181612
vn 0.5728805 0.808741 -0.133214
vn 0.4557897 0.8527032 -0.2552508
vn 0.0008243393 0.9860972 -0.1661677
vn 0.001869288 0.9268097 -0.3755267
vn 0.003050548 0.7924683 -0.6099054
vn -0.4990789 0.6855103 -0.5300903
vn -0.4935666 0.5929815 -0.6362115
vn -0.8135539 0.3952583 -0.4264984
vn -0.4532213 0.8527048 -0.2597787
vn -0.5715134 0.808748 -0.1389211
vn -0.8185078 0.5422432 -0.1897824
vn -0.9056212 0.4174914 -0.0745057
vn -0.9065255 0.3323416 -0.2603089
vn -0.9956183 0.06136288 -0.07056047
vn -0.9959189 0.08374543 -0.03364762
vn -0.9960162 -0.08863782 0.009748725
vn -0.9963155 -0.07029732 0.04912922
vn -0.9071877 -0.2897172 0.3050811
vn -0.9085646 -0.3967034 0.1309079
vn -0.8165924 -0.570109 0.09029084
vn -0.8210199 -0.4543901 0.345624
vn -0.4998871 -0.5929907 0.6312487
vn -0.5360866 -0.7919371 0.2923129
vn -0.4194144 -0.896036 0.1456407
vn -0.5043399 -0.6855087 0.5250896
vn -0.2625319 -0.7652941 0.5877091
vn -0.2599413 -0.6603908 0.704496
vn -0.2608436 -0.9299914 0.2589916
vn -0.2580736 -0.953499 0.1556848
vn 0.2588454 -0.9659179 0.001290138
vn 0.2588519 -0.9659162 0.001290099
vn 0.4209857 -0.9070649 0.002098346
vn 0.5750648 -0.8181029 0.002866296
vn 0.8181143 -0.5750412 0.004077631
vn 0.907065 -0.4209662 0.004521274
vn 0.9960211 -0.08897982 0.004965049
vn 0.996025 0.08893573 0.004965151
vn 0.9070644 0.4209675 0.004521415
vn 0.8180864 0.575081 0.004077486
vn 0.5750253 0.8181306 0.002865957
vn 0.4209226 0.9070942 0.002097873
vn 0 1 0
vn -1.62564E-07 1 0
vn -0.4209176 0.9070964 -0.002098219
vn -0.5750204 0.818134 -0.002866304
vn -0.8180977 0.5750649 -0.004077814
vn -0.9070758 0.4209432 -0.004521098
vn -0.9960238 0.08894891 -0.004964399
vn -0.9960248 -0.08893774 -0.004964322
vn -0.9070751 -0.4209444 -0.004520951
vn -0.8181033 -0.5750569 -0.004077574
vn -0.575056 -0.818109 -0.00286625
vn -0.4209939 -0.907061 -0.002098385
vn -0.2588585 -0.9659144 -0.001290202
vn -0.2588519 -0.9659162 -0.001290099
vn 0.004488016 0.4300967 -0.9027717
vn 0.004432628 0.4300682 -0.9027855
vn 0.004516805 0.4301127 -0.902764
vn 0.0045031 0.4301296 -0.9027559
vn 0.004539948 0.4301721 -0.9027355
vn 0.00447867 0.4301244 -0.9027585
vn 0.004549878 0.4301336 -0.9027537
vn 0.004693998 0.4302088 -0.9027172
vn 0.004509649 0.4301577 -0.9027425
vn 0.00462648 0.4302525 -0.9026967
vn 0.004418519 0.4301478 -0.9027477
vn 0.004439572 0.4301367 -0.9027528
vn -0.2003056 0.7720774 -0.603137
vn -0.1249472 0.8048372 -0.5801942
vn -0.1634321 0.8883813 -0.4290322
vn -0.3760919 0.8533913 -0.3609407
vn -0.2245907 0.9706419 -0.0861004
vn -0.4301696 0.8919661 -0.1391064
vn -0.391736 0.627372 -0.6730135
vn -0.7045107 0.6654099 -0.2467678
vn -0.6288995 0.573321 -0.5251557
vn -0.477213 0.4153314 -0.7744467
vn -0.8594654 0.2182021 -0.4622847
vn -0.6506341 0.300838 -0.6972602
vn -0.4336507 0.193165 -0.8801332
vn -0.6061498 0.009153107 -0.7952978
vn -0.7023739 -0.2302624 -0.6735356
vn -0.2729237 0.01991122 -0.9618297
vn -0.3575747 -0.226196 -0.9060771
vn -0.1229713 -0.05730094 -0.9907546
vn -0.3591639 -0.4889216 -0.7949573
vn -0.194455 -0.3952861 -0.8977395
vn -0.2209535 -0.5453951 -0.8085319
vn 0.1676777 0.8883657 -0.4274232
vn 0.1307218 0.8048146 -0.578952
vn 0.2062423 0.7720093 -0.6012204
vn 0.3796946 0.853358 -0.3572283
vn 0.2254271 0.9706468 -0.08382968
vn 0.4315929 0.8919412 -0.1347901
vn 0.3983662 0.627328 -0.6691517
vn 0.7069952 0.6653725 -0.2396607
vn 0.6340907 0.5733774 -0.5188135
vn 0.4847428 0.4154781 -0.7696769
vn 0.8640826 0.218154 -0.4536189
vn 0.6575566 0.3008304 -0.690739
vn 0.4424565 0.193 -0.8757759
vn 0.6141114 0.00901195 -0.7891678
vn 0.709114 -0.2303201 -0.6664158
vn 0.2825132 0.01992953 -0.9590564
vn 0.3666151 -0.2261276 -0.9024742
vn 0.1327842 -0.05718194 -0.9894941
vn 0.3671012 -0.4889759 -0.7912896
vn 0.203358 -0.3952976 -0.8957596
vn 0.2289795 -0.5454315 -0.806271
vn 0.4229074 -0.8188906 -0.3880304
vn 0.260861 -0.8720259 -0.4141526
vn 0.260861 -0.8720259 -0.4141526
vn 0.5768204 -0.7385665 -0.3489955
vn 0.8670794 -0.4514012 -0.2107376
vn 0.8670794 -0.4514012 -0.2107376
vn 0.9999876 -4.899161E-06 0.004979659
vn 0.9999876 -4.899161E-06 0.004979659
vn 0.9061515 0.3800629 0.1855848
vn 0.8168684 0.5191538 0.2514068
vn 0.5733097 0.7385692 0.3547273
vn 0.4190407 0.8188825 0.3922199
vn -0.002137084 0.9027829 0.4300913
vn -0.002133807 0.9027838 0.4300895
vn -0.4229316 0.818882 0.3880222
vn -0.576795 0.7385834 0.3490016
vn -0.8193172 0.5191749 0.2432629
vn -0.9079559 0.3800633 0.1765449
vn -0.9999876 6.111819E-06 -0.004982292
vn -0.9999876 7.324436E-06 -0.004984924
vn -0.8649358 -0.4514017 -0.2193684
vn -0.8649201 -0.4514268 -0.2193787
vn -0.5732734 -0.7385924 -0.3547377
vn -0.4190007 -0.8188987 -0.3922287
vn -0.2567261 -0.8720248 -0.4167307
vn -0.2567261 -0.8720248 -0.4167307
vn 0 -1 0
vn 0 -1 0
vn 0 -1 0
vn 0 -1 0
vn 0 -1 0
vn 0 -1 0
vn 0 -1 0
vn 0 -1 0
vn 0 -1 0
vn 0 -1 0
vn 0 -1 0
vn 0 -1 0
vn 0 -1 0
vn 0 -1 0
vn 0.1317591 0.5069095 -0.8518699
vn 0.004316535 0.4985265 -0.8668637
vn 0.004693338 0.3425987 -0.9394701
vn 0.2142006 0.2641375 -0.9403986
vn 0.005003209 0 -0.9999875
vn 0.3005824 0 -0.9537559
vn 0.5403994 0.5079829 -0.6707622
vn 0.5758811 0.210949 -0.7898491
vn 0.6846473 0 -0.7288746
vn 0.8667943 0.226187 -0.4444177
vn 0.9031295 0 -0.4293684
vn 0.8044403 0.5066998 -0.3100505
vn 0.9974852 0 -0.0708759
vn 0.95279 0.301194 0.03838503
vn 0.8614647 0.5077993 0.004304666
vn 0.9294604 0 0.368922
vn 0.8012878 0.5067394 0.3180457
vn 0.8324896 0.2633351 0.4874585
vn 0.7787089 0 0.6273853
vn 0.6751456 0.4982992 0.5439451
vn 0.7523736 0.2578661 0.6061676
vn -0.4148433 0.2579672 -0.8725583
vn -0.3722273 0.4984746 -0.7829239
vn -0.5336809 0.5079988 -0.676108
vn -0.5975762 0.2641262 -0.7570601
vn -0.8623062 0.2262319 -0.4530421
vn -0.8012051 0.5068986 -0.3180002
vn -0.6195771 0 -0.7849359
vn -0.4293763 0 -0.9031257
vn -0.8987959 0 -0.4383673
vn -0.9967288 0 -0.0808185
vn -0.9530935 0.3012941 0.02889108
vn -0.8613524 0.5079898 -0.004284154
vn -0.9330881 0 0.359648
vn -0.80436 0.5068372 0.3100337
vn -0.8372996 0.2633753 0.479127
vn -0.6273823 -0.0001012627 0.7787113
vn -0.5403956 0.5080112 0.6707438
vn -0.6051075 0.2640924 0.751066
vn -0.2498111 0.2262169 0.941499
vn -0.227396 0 0.9738024
vn -0.131764 0.5069094 0.8518692
vn 0.1429885 0 0.9897244
vn 0.2402478 0.3013157 0.9227621
vn 0.1874655 0.5080832 0.8406594
vn 0.4294226 0 0.9031037
vn 0.3722593 0.4984281 0.7829384
vn 0.4148993 0.2578704 0.8725603
vn -0.9999876 0 -0.00497265
vn -0.9999876 0 -0.004975063
vn -0.9999876 0 -0.004971846
vn -0.9999874 6.782893E-06 -0.005035819
vn -0.9999874 0 -0.005030541
vn -0.9999872 -1.198967E-05 -0.0050619
vn -0.9999871 1.695723E-05 -0.005073889
vn -0.9999869 5.789379E-05 -0.005114821
vn 0.9999874 -6.782893E-06 0.005035819
vn 0.9999869 -5.789379E-05 0.005114821
vn 0.9999871 -1.695723E-05 0.005073889
vn 0.9999872 1.198967E-05 0.0050619
vn 0.9999874 0 0.005030541
vn 0.9999876 0 0.004971846
vn 0.9999876 0 0.00497265
vn 0.9999876 0 0.004975063
vn 0.003974776 0.603767 -0.797151
vn 0.004606577 0.382702 -0.9238604
vn 0.004606577 0.382702 -0.9238604
vn 0.003010276 0.7971922 -0.6037182
vn 0.001907977 0.9238917 -0.3826494
vn 0.001907977 0.9238917 -0.3826494
vn -0.003010394 0.7971742 0.6037419
vn -0.001908175 0.9238752 0.3826892
vn -0.001908175 0.9238752 0.3826892
vn -0.003974815 0.6037564 0.797159
vn -0.004606577 0.382702 0.9238604
vn -0.004606577 0.382702 0.9238604
vn -0.004606659 -0.3826624 0.9238768
vn -0.003974905 -0.6037327 0.7971769
vn -0.004606659 -0.3826624 0.9238768
vn -0.003010446 -0.7971662 0.6037524
vn -0.001908175 -0.9238752 0.3826892
vn -0.001908175 -0.9238752 0.3826892
vn -0.9999876 -6.60359E-05 -0.00498789
vn -0.9999875 -0.0002977338 -0.005004542
vn -0.9999876 1.077925E-05 -0.004982339
vn -0.9999876 0.0001151132 -0.004975828
vn -0.9912548 -0.1318693 -0.004938117
vn -0.9912497 -0.1319073 -0.00494145
vn -0.9728977 -0.2311851 -0.004848649
vn -0.972895 -0.2311964 -0.00485041
vn -0.9801425 -0.1982345 -0.004883472
vn -0.9801395 -0.1982495 -0.004879887
vn -0.9816937 -0.1904034 -0.004892728
vn -0.9827381 -0.1849375 -0.004899882
vn -0.9815338 -0.1912258 -0.004893093
vn -0.9815337 -0.1912269 -0.004892681
vn -0.9879549 -0.1540599 -0.0145192
vn -0.9867396 -0.1622366 -0.004918477
vn -0.9981407 -0.06074894 -0.004975334
vn -0.9968505 -0.06072322 -0.05100795
vn -0.9912306 -0.1210748 -0.05294145
vn -0.9954113 -0.06063244 -0.07402623
vn -0.9839008 0.1182543 -0.1339972
vn -0.9755844 0.2057822 -0.07673817
vn -0.9834162 0.1812965 -0.004901948
vn -0.9140779 0.3492094 -0.2061901
vn -0.9342515 0.3565844 -0.004656881
vn -0.9289373 0.3547469 -0.1059729
vn -0.9999875 0.0001205523 -0.004996432
vn -0.9999875 7.699124E-06 -0.005004543
vn -0.9999875 7.349654E-05 -0.004993728
vn -0.9999876 7.60195E-05 -0.004987217
vn -0.9924433 0.1226042 -0.004948363
vn -0.9924424 0.122612 -0.004947395
vn -0.976622 0.2149085 -0.004867238
vn -0.9766245 0.2148971 -0.004869055
vn -0.9828973 0.1840893 -0.004894864
vn -0.9828938 0.1841082 -0.0048936
vn -0.9842343 0.1768021 -0.004899123
vn -0.9851378 0.1716954 -0.004905582
vn -0.9841 0.1775478 -0.004903533
vn -0.9840992 0.1775521 -0.00490547
vn -0.9885882 0.1505624 -0.004927731
vn -0.9885882 0.1505625 -0.004927692
vn -0.9936486 0.112418 -0.004952917
vn -0.9936486 0.112418 -0.004952917
vn 0.991872 0.1180443 0.04749295
vn 0.9920263 0.1151621 0.05120031
vn 0.9928042 0.1142747 0.03579296
vn 0.9896178 0.1429464 0.01493418
vn 0.9936486 0.112418 0.004952935
vn 0.9885882 0.1505623 0.004927692
vn 0.9840999 0.1775483 0.004903532
vn 0.9841006 0.1775441 0.004905477
vn 0.9851363 0.1717043 0.004905574
vn 0.9842332 0.1768078 0.004899118
vn 0.9828972 0.1840898 0.004894851
vn 0.9829008 0.1840711 0.004893635
vn 0.9766218 0.2149096 0.004867211
vn 0.9766193 0.214921 0.004868977
vn 0.992443 0.1226072 0.004948348
vn 0.992444 0.1225993 0.004947403
vn 0.9999876 2.579149E-05 0.004987217
vn 0.9999875 0.0001301254 0.004993728
vn 0.9999875 0.0001848806 0.004996432
vn 0.9999875 0.0002977338 0.005004542
vn -0.003278068 -0.7477165 0.66401
vn -0.003875366 -0.6234481 0.7818552
vn -0.003864299 -0.623448 0.7818553
vn -0.003272451 -0.7477165 0.66401
vn -0.002154748 -0.899353 0.4372179
vn -0.001686104 -0.9396392 0.3421628
vn -0.0006070129 -0.9923822 0.123196
vn -0.000606877 -0.9923821 0.123196
vn 0.000606877 -0.9923821 -0.123196
vn 0.000606877 -0.9923821 -0.123196
vn 0.001685531 -0.9396392 -0.3421628
vn 0.002154174 -0.899353 -0.4372179
vn 0.003054207 -0.7847491 -0.6198061
vn 0.003486741 -0.7082287 -0.7059745
vn 0.003864162 -0.6234824 -0.7818278
vn 0.003875231 -0.6234824 -0.7818278
vn -0.004776941 -0.2769621 0.960869
vn -0.004775259 -0.2679946 0.9634085
vn -0.004786004 -0.2679946 0.9634085
vn -0.004828842 -0.285896 0.9582485
vn -0.004951148 -0.2402649 0.9706947
vn -0.005042502 -0.1847625 0.9827702
vn -0.005040037 -0.1556934 0.9877926
vn -0.004962029 -0.1824304 0.9832063
vn -0.004970489 -0.1400298 0.9901348
vn -0.004967699 -0.0700059 0.9975342
vn -0.004967819 5.92847E-06 0.9999876
vn -0.004952663 7.749145E-06 0.9999877
vn -0.004951027 2.908464E-06 0.9999877
vn -0.004954516 2.908464E-06 0.9999877
vn -0.004985786 0 0.9999876
vn -0.004989823 0 0.9999876
vn -0.004989823 0 0.9999876
vn -0.004973739 0 0.9999876
vn -0.004964808 9.66903E-07 0.9999877
vn -0.004954516 -2.908464E-06 0.9999877
vn -0.004951027 -2.908464E-06 0.9999877
vn -0.004952663 2.593915E-06 0.9999877
vn -0.004967698 -0.07000887 0.997534
vn -0.004970496 -0.1400205 0.9901361
vn -0.00496205 -0.1824087 0.9832103
vn -0.004918713 -0.1556715 0.9877966
vn -0.004803646 -0.1847621 0.9827715
vn -0.004712264 -0.2402873 0.9706904
vn -0.00471194 -0.2859329 0.9582381
vn -0.004776889 -0.2769984 0.9608585
vn -0.004785955 -0.2680301 0.9633987
vn -0.00477521 -0.2680301 0.9633987
vn 0.004776957 -0.2769508 -0.9608723
vn 0.004786053 -0.2679586 -0.9634185
vn 0.004775309 -0.2679586 -0.9634186
vn 0.004711976 -0.2859091 -0.9582452
vn 0.004712264 -0.2402873 -0.9706904
vn 0.004803646 -0.1847621 -0.9827715
vn 0.004918713 -0.1556715 -0.9877966
vn 0.00496205 -0.1824087 -0.9832103
vn 0.0047378 -0.3313989 -0.9434788
vn 0.0044358 -0.4503336 -0.8928493
vn 0.004123139 -0.5505802 -0.8347721
vn 0.004132918 -0.5411016 -0.8409471
vn 0.004874119 -0.1568482 -0.9876107
vn 0.004727255 -0.2765658 -0.9609834
vn 0.004920497 2.343317E-06 -0.9999878
vn 0.004917505 2.343318E-06 -0.999988
vn 0.004945312 0 -0.9999877
vn 0.004986792 0 -0.9999876
vn 0.004986792 0 -0.9999876
vn 0.004879613 -0.156847 -0.9876109
vn 0.004954621 0 -0.9999877
vn 0.004917505 -2.343317E-06 -0.999988
vn 0.004920497 -2.343317E-06 -0.9999878
vn 0.004727262 -0.2765605 -0.9609849
vn 0.00413293 -0.5410978 -0.8409496
vn 0.004123145 -0.5505785 -0.8347732
vn 0.004435791 -0.4503371 -0.8928475
vn 0.004737782 -0.3314094 -0.9434752
vn 0.004962036 -0.1824236 -0.9832075
vn 0.004918131 -0.1556664 -0.9877974
vn 0.0048025 -0.1847569 -0.9827725
vn 0.004711139 -0.2402663 -0.9706956
vn 0.004711402 -0.2859169 -0.9582428
vn 0.004776941 -0.2769621 -0.960869
vn 0.004786004 -0.2679946 -0.9634085
vn 0.004775259 -0.2679946 -0.9634085
vn -0.2701552 0.9628158 -0.001351414
vn -0.3978538 0.9174467 -0.001983146
vn -0.3946774 0.9118242 -0.1131652
vn -0.2005277 0.9648451 -0.1698903
vn -0.3828925 0.8629584 -0.329691
vn -0.1319868 0.9344797 -0.3306468
vn 0 1 -7.362571E-06
vn 0.001085891 0.9759748 -0.2178809
vn 0.001610261 0.9464313 -0.3229011
vn 0.1352625 0.934481 -0.3293164
vn 0.2022171 0.964844 -0.1678813
vn 0.3861776 0.8629538 -0.325849
vn 0.2701551 0.9628159 0.001341818
vn 0.3958102 0.9118145 -0.1092186
vn 0.3978538 0.9174467 0.001983146
vn -0.0005426088 -0.9940483 0.108939
vn 0 -1 0
vn 0 -1 0
vn -0.00108588 -0.9759753 0.2178786
vn -0.001607793 -0.946431 0.3229021
vn -0.001610261 -0.9464313 0.3229011
vn -0.001610831 -0.9464298 0.3229056
vn -0.0005426308 -0.994048 0.1089415
vn 0 -1 0
vn -0.9927979 0.1129397 0.03996119
vn -0.9927577 0.1135786 0.03914027
vn -0.9927979 0.1129397 0.03996119
vn -0.9928371 0.1123006 0.04078207
vn -0.003864362 -0.6234317 0.7818682
vn -0.003875431 -0.6234316 0.7818683
vn -0.003278106 -0.7477097 0.6640177
vn -0.003272489 -0.7477097 0.6640177
vn -0.002154748 -0.899353 0.437218
vn -0.001686104 -0.9396392 0.3421628
vn -0.0006070129 -0.9923822 0.123196
vn -0.0006068769 -0.9923822 0.123196
vn 0.0006070129 -0.9923822 -0.123196
vn 0.0006068769 -0.9923822 -0.123196
vn 0.001686104 -0.9396392 -0.3421628
vn 0.002154748 -0.899353 -0.437218
vn 0.003054657 -0.78474 -0.6198176
vn 0.003486845 -0.7082078 -0.7059954
vn 0.003864299 -0.623448 -0.7818553
vn 0.003875366 -0.6234481 -0.7818552
vn 0.9999875 0.0001301254 0.004993728
vn 0.9999875 0.0002977338 0.005004542
vn 0.9999875 0.0001848806 0.004996432
vn 0.9999876 2.579149E-05 0.004987217
vn 0.9912491 -0.1319122 0.00494241
vn 0.9912481 -0.13192 0.004941441
vn 0.9728979 -0.231184 0.004848676
vn 0.9729006 -0.2311727 0.00485049
vn 0.9801429 -0.1982324 0.004883475
vn 0.9801459 -0.1982176 0.004879919
vn 0.9816938 -0.1904031 0.004892697
vn 0.9827313 -0.1849735 0.004899818
vn 0.9815338 -0.1912259 0.004893083
vn 0.9815341 -0.1912248 0.004892684
vn 0.9880541 -0.1540599 -0.003822552
vn 0.9867396 -0.1622368 0.004918478
vn 0.9981407 -0.06074894 0.004975334
vn 0.9973733 -0.05997899 -0.040608
vn 0.992035 -0.1188563 -0.04171135
vn 0.9961855 -0.05838799 -0.06484778
vn 0.9851903 0.1182572 -0.1241579
vn 0.9763011 0.2057846 -0.06699857
vn 0.9834162 0.1812965 0.004901948
vn 0.9160897 0.3492179 -0.1970449
vn 0.9342515 0.3565844 0.004656881
vn 0.9299473 0.3547507 -0.09669557
vn -0.9999876 -1.530394E-05 -0.004979837
vn -0.9999876 -2.22696E-05 -0.004972622
vn -0.9999876 -1.70581E-05 -0.004975173
vn -0.9999877 -1.643667E-06 -0.004964625
vn -0.9999876 -7.786697E-06 -0.004981811
vn -0.999988 -3.796948E-05 -0.004897909
vn -0.9999884 -6.865407E-05 -0.004803469
vn -0.9999876 2.834332E-06 -0.004988256
vn -0.9999876 -6.626894E-06 -0.004986264
vn -0.9999871 -7.316164E-06 -0.005067192
vn -0.9999871 7.316164E-06 -0.005067192
vn -0.9999863 0 -0.00523553
vn -0.9999876 6.626894E-06 -0.004986264
vn -0.9999876 -2.834332E-06 -0.004988256
vn -0.9999876 7.786697E-06 -0.004981811
vn -0.9999876 1.70581E-05 -0.004975173
vn -0.9999876 6.936057E-06 -0.004978344
vn -0.9999876 2.22696E-05 -0.004972622
vn -0.9999876 -5.441351E-06 -0.004983106
vn -0.9999871 -6.381032E-05 -0.005063441
vn 0.9999876 -7.310751E-06 0.004975322
vn 0.9999877 0 0.004959983
vn 0.9999876 7.310751E-06 0.004975322
vn 0.9999875 0 0.004992304
vn 0.9999876 -6.719577E-06 0.004986197
vn 0.9999876 6.719577E-06 0.004986197
vn 0.9999876 2.851884E-06 0.004988266
vn 0.9999876 -2.851884E-06 0.004988266
vn 0.9999876 -7.762142E-06 0.004981778
vn 0.9999876 7.639358E-06 0.004981867
vn 0.9999876 -1.685824E-05 0.004975271
vn 0.9999876 1.700564E-05 0.00497518
vn 0.9999876 1.521424E-05 0.004979905
vn 0.9999876 2.22696E-05 0.004972622
vn 0.9999874 -4.855273E-06 0.005029358
vn 0.9999871 -1.682574E-05 0.005066197
vn 0.9999876 -1.549932E-05 0.004984973
vn 0.9999876 -2.165154E-05 0.004972937
vn 0.9999875 -1.207876E-05 0.004996123
vn 0.9999877 -3.484667E-05 0.004964788
vn -0.7733665 -0.626738 0.09541363
vn -0.8786205 -0.4722992 0.07042378
vn -0.8810368 -0.4580519 0.1181637
vn -0.7124242 -0.6716896 0.2031868
vn -0.8818095 -0.3976258 0.253586
vn -0.2474214 -0.9571657 0.150388
vn -0.7134211 -0.5749179 0.4006242
vn -0.8826749 -0.2783434 0.3786952
vn -0.2509313 -0.9039928 0.3461656
vn 0.2480431 -0.9219894 0.2973385
vn 0.3269776 -0.933141 0.1494438
vn 0.7103271 -0.6717228 0.2102946
vn 0.7723538 -0.6267665 0.1031186
vn 0.8797782 -0.4581181 0.1269572
vn 0.8778792 -0.4722937 0.07916363
vn 0.8791685 -0.3977283 0.2624404
vn 0.7093978 -0.5749186 0.4077049
vn 0.8788859 -0.2783019 0.3874374
vn 0.2466965 -0.7853706 0.5677444
vn -0.2522655 -0.7523865 0.6085037
vn -0.6421887 -0.4520863 0.6190409
vn 0.6360956 -0.4520305 0.6253405
vn 0.1954627 -0.6020606 0.7741559
vn 0.7370988 -0.1880978 0.6490799
vn 0.8785807 -0.1462911 0.4546371
vn 0.8784878 0 0.4777648
vn -0.2034167 -0.549287 0.8104971
vn 0.2447044 -0.3474215 0.9052172
vn -0.743475 -0.1881196 0.6417601
vn -0.8831521 -0.1462485 0.4457058
vn -0.8831666 0 0.4690594
vn -0.2541244 -0.296111 0.9207275
vn 0.2800898 -0.02330633 0.9596909
vn 0.7080591 0 0.7061532
vn 0.7076589 0.1817369 0.6827815
vn 0.8783463 0.1700074 0.4467719
vn -0.2896539 0.02330568 0.9568477
vn -0.7149533 0 0.6991722
vn -0.7143927 0.1817439 0.675731
vn -0.8827642 0.1700371 0.4379665
vn 0.244938 0.2961032 0.9232163
vn 0.6782458 0.4211819 0.6021531
vn 0.878704 0.2984089 0.3726009
vn -0.6841415 0.4212272 0.5954143
vn -0.8823078 0.298473 0.3639326
vn -0.2537096 0.3474276 0.9027323
vn 0.1952691 0.5492944 0.8124935
vn 0.7383453 0.5557709 0.3820536
vn 0.8793912 0.3830694 0.2827172
vn 0.8795604 0.4426394 0.1744817
vn -0.2032231 0.6020529 0.772161
vn 0.246154 0.7523962 0.6109895
vn -0.7421243 0.5557586 0.3746784
vn -0.8822412 0.3829603 0.2738464
vn -0.8813203 0.4425272 0.165663
vn -0.2523713 0.7853619 0.565257
vn 0.7099881 0.6793959 0.1853052
vn 0.8778289 0.4723828 0.07918967
vn 0.7065269 0.6984198 0.114147
vn 0.2459103 0.9571656 0.1528468
vn 0.2474601 0.903994 0.3486521
vn -0.2509963 0.9219894 0.2948498
vn -0.3284433 0.9331437 0.1461775
vn -0.7118196 0.679377 0.1782128
vn -0.8786107 0.4723166 0.07042896
vn -0.7076333 0.6984165 0.1070963
vn 0.004518499 0.4300911 -0.9027742
vn 0.004723404 0.4300682 -0.902784
vn 0.004550834 0.4301076 -0.9027662
vn 0.004508534 0.4300883 -0.9027756
vn 0.004501482 0.4301013 -0.9027694
vn 0.004477253 0.4300872 -0.9027763
vn 0.004545058 0.4300818 -0.9027784
vn 0.004691706 0.4300056 -0.9028141
vn 0.004489131 0.4301291 -0.9027563
vn 0.004391999 0.4301796 -0.9027326
vn 0.004508298 0.4301119 -0.9027643
vn 0.004417563 0.4300646 -0.9027873
vn 0.1677221 0.8883964 -0.4273421
vn 0.130848 0.8049208 -0.5787756
vn 0.2063002 0.7720762 -0.6011144
vn 0.3796821 0.8533842 -0.3571792
vn 0.2254271 0.9706468 -0.08382968
vn 0.4315581 0.8919593 -0.1347816
vn 0.3984394 0.6273462 -0.669091
vn 0.7069808 0.6653883 -0.2396591
vn 0.6341251 0.5733382 -0.5188147
vn 0.4847865 0.4154184 -0.7696815
vn 0.864115 0.218142 -0.4535629
vn 0.6575007 0.3009065 -0.6907591
vn 0.4422523 0.1932357 -0.875827
vn 0.6140554 0.009097403 -0.7892105
vn 0.7091455 -0.2304519 -0.6663367
vn 0.2823687 0.02002503 -0.9590969
vn 0.3665764 -0.226212 -0.9024688
vn 0.1328003 -0.05720001 -0.9894909
vn 0.3670975 -0.4888985 -0.7913392
vn 0.2033797 -0.395219 -0.8957894
vn 0.2290453 -0.5451825 -0.8064207
vn -0.2003157 0.7720944 -0.6031117
vn -0.1251212 0.804939 -0.5800155
vn -0.1634865 0.8883974 -0.4289782
vn -0.3760981 0.8533909 -0.3609352
vn -0.2245907 0.9706419 -0.0861004
vn -0.4302042 0.891948 -0.1391152
vn -0.3916929 0.6273695 -0.673041
vn -0.7045811 0.6653993 -0.2465952
vn -0.6289071 0.5733705 -0.5250925
vn -0.4770479 0.4154044 -0.7745092
vn -0.859533 0.2181413 -0.4621877
vn -0.6505374 0.3008688 -0.6973372
vn -0.4335335 0.1931594 -0.8801922
vn -0.6061611 0.009053801 -0.7952904
vn -0.7024273 -0.2303163 -0.6734614
vn -0.2728821 0.01994143 -0.9618408
vn -0.3575705 -0.2261008 -0.9061026
vn -0.1229612 -0.05725759 -0.9907584
vn -0.3591543 -0.4886723 -0.7951148
vn -0.1944192 -0.3950965 -0.8978307
vn -0.2209151 -0.5451587 -0.8087018
vn -0.2567001 -0.8720316 -0.4167325
vn -0.2567262 -0.8720258 -0.4167286
vn -0.4190226 -0.8188899 -0.3922237
vn -0.5733065 -0.7385708 -0.3547291
vn -0.8649535 -0.4513738 -0.2193564
vn -0.8649577 -0.4513661 -0.2193555
vn -0.9999876 -6.895792E-06 -0.004988489
vn -0.9999876 -8.111268E-06 -0.004985858
vn -0.9079721 0.380032 0.1765283
vn -0.8193429 0.5191426 0.2432452
vn -0.576795 0.7385832 0.349002
vn -0.4229152 0.8188881 0.3880273
vn -0.002153837 0.9027829 0.4300912
vn -0.002167314 0.9027838 0.4300894
vn 0.4190573 0.8188764 0.3922149
vn 0.5733097 0.7385694 0.3547269
vn 0.8168684 0.5191529 0.2514085
vn 0.9061569 0.380051 0.1855828
vn 0.9999876 -6.111777E-06 0.004982292
vn 0.9999876 -4.831679E-06 0.004979691
vn 0.8670835 -0.4513958 -0.2107322
vn 0.8670794 -0.4514034 -0.2107331
vn 0.576795 -0.7385832 -0.349002
vn 0.422897 -0.8188953 -0.3880319
vn 0.2608869 -0.8720201 -0.4141484
vn 0.2609128 -0.8720144 -0.4141442
vn 0.005906285 -0.0006594629 -0.9999824
vn 0.0059069 -0.0006585548 -0.9999824
vn 0.005906285 -0.0006594629 -0.9999824
vn 0.005905671 -0.0006603711 -0.9999824
vn 0.4988651 0.7096531 -0.49752
vn 0.4988651 0.7096531 -0.49752
vn 0.4988593 0.7096453 -0.497537
vn 0.4988708 0.7096609 -0.497503
vn 0.4938779 0.7096497 0.5024759
vn 0.4938893 0.7096649 0.5024431
vn 0.4938779 0.7096497 0.5024759
vn 0.4938665 0.7096345 0.5025085
vn -0.004064314 -0.0006609039 0.9999915
vn -0.004064314 -0.0006609039 0.9999915
vn -0.004046127 -0.0006340265 0.9999917
vn -0.0040825 -0.0006877812 0.9999914
vn -0.4970044 -0.7109452 0.4975374
vn -0.4970034 -0.7109439 0.4975404
vn -0.4970044 -0.7109452 0.4975374
vn -0.4970054 -0.7109467 0.4975344
vn -0.4920101 -0.7109319 -0.5024957
vn -0.4920101 -0.7109319 -0.5024957
vn -0.4919983 -0.710916 -0.5025297
vn -0.492022 -0.7109477 -0.5024616
vn -0.0005425897 -0.9940487 0.1089352
vn 0 -1 0
vn 0 -1 0
vn -0.00108586 -0.9759762 0.2178747
vn -0.001610787 -0.9464329 0.3228966
vn -0.001610261 -0.9464313 0.3229011
vn -0.001607783 -0.9464317 0.3229001
vn -0.0005426118 -0.9940485 0.1089376
vn 0 -1 0
vn -0.2701552 0.9628158 -0.001351404
vn -0.3978538 0.9174467 -0.001983132
vn -0.3946774 0.9118242 -0.1131652
vn -0.2005267 0.9648453 -0.1698902
vn -0.3828925 0.8629584 -0.329691
vn -0.1319829 0.9344802 -0.3306468
vn 0 1 -7.362598E-06
vn 0.001086861 0.9759752 -0.2178789
vn 0.001610261 0.9464313 -0.3229011
vn 0.135261 0.9344838 -0.329309
vn 0.2022019 0.9648479 -0.1678776
vn 0.3861355 0.8629737 -0.325846
vn 0.2701553 0.9628158 0.001341824
vn 0.3957815 0.9118267 -0.1092202
vn 0.3978538 0.9174467 0.001983146
vn 0.9936464 0.1124383 0.004952942
vn 0.9885884 0.1505613 0.004927759
vn 0.9936464 0.1124383 0.004952942
vn 0.9885884 0.1505612 0.004927729
vn 0.984101 0.177542 0.004905889
vn 0.9841008 0.1775431 0.004905478
vn 0.9851351 0.1717114 0.004911803
vn 0.9842333 0.1768072 0.004908582
vn 0.9828975 0.1840884 0.004899416
vn 0.9828941 0.1841063 0.004903283
vn 0.9766172 0.2149308 0.004864417
vn 0.9766181 0.214927 0.00485859
vn 0.9924402 0.1226298 0.004945758
vn 0.992444 0.1225989 0.004947403
vn 0.9999876 -7.584007E-05 0.004987274
vn 0.9999875 -7.305545E-05 0.004993785
vn 0.9999875 -0.0001199595 0.004996474
vn 0.9999875 -7.699124E-06 0.005004543
vn -0.9999876 2.857762E-05 -0.004981199
vn -0.9999876 0.0001288447 -0.004973994
vn -0.9999876 1.213421E-05 -0.004983602
vn -0.9999876 -2.546305E-05 -0.004987274
vn -0.9912487 -0.131915 -0.004942417
vn -0.9912498 -0.1319069 -0.00494145
vn -0.9728977 -0.2311852 -0.004848638
vn -0.972895 -0.2311966 -0.004850409
vn -0.9801425 -0.1982346 -0.004883436
vn -0.9801395 -0.1982495 -0.004879839
vn -0.9816937 -0.1904034 -0.004892681
vn -0.9827381 -0.1849375 -0.004899852
vn -0.9815338 -0.1912258 -0.004893092
vn -0.9815337 -0.1912269 -0.004892681
vn -0.9879669 -0.1540601 -0.01367254
vn -0.9867396 -0.1622366 -0.004918514
vn -0.9981407 -0.06074894 -0.004975316
vn -0.9969184 -0.05997546 -0.05056242
vn -0.9915702 -0.1188458 -0.05161519
vn -0.9954881 -0.05837687 -0.07480346
vn -0.9839008 0.1182543 -0.1339972
vn -0.9755844 0.2057822 -0.07673815
vn -0.9834162 0.1812965 -0.004901912
vn -0.9140779 0.3492094 -0.2061901
vn -0.9342515 0.3565844 -0.004656846
vn -0.9289373 0.3547469 -0.1059728
vn 0.00477573 -0.2769563 -0.9608706
vn 0.004785036 -0.2680305 -0.9633986
vn 0.004775209 -0.2680304 -0.9633986
vn 0.004827663 -0.2858694 -0.9582564
vn 0.004950608 -0.2402098 -0.9707084
vn 0.004943569 -0.1847378 -0.9827754
vn 0.004843992 -0.1556797 -0.9877957
vn 0.004765567 -0.1824301 -0.9832072
vn 0.004638127 -0.3314143 -0.9434739
vn 0.004435011 -0.4503437 -0.8928442
vn 0.004122746 -0.5505949 -0.8347623
vn 0.004132868 -0.5411174 -0.840937
vn 0.004879637 -0.1568535 -0.9876099
vn 0.004727242 -0.2765752 -0.9609807
vn 0.004920497 2.343317E-06 -0.9999878
vn 0.004917505 2.343317E-06 -0.999988
vn 0.004954668 0 -0.9999877
vn 0.004986793 0 -0.9999876
vn 0.004986793 0 -0.9999876
vn 0.004874089 -0.1568522 -0.9876101
vn 0.004945266 0 -0.9999877
vn 0.004917505 -2.343318E-06 -0.999988
vn 0.004920497 -2.343317E-06 -0.9999878
vn 0.004727249 -0.27657 -0.9609821
vn 0.00413288 -0.5411134 -0.8409395
vn 0.004123096 -0.5505932 -0.8347635
vn 0.004435782 -0.4503406 -0.8928458
vn 0.004737799 -0.3314003 -0.9434784
vn 0.004962044 -0.1824157 -0.983209
vn 0.005040043 -0.155686 -0.9877937
vn 0.005042503 -0.1847624 -0.9827703
vn 0.004951148 -0.2402648 -0.9706947
vn 0.004828842 -0.285896 -0.9582485
vn 0.004776284 -0.2769621 -0.960869
vn 0.004785018 -0.2679946 -0.9634085
vn 0.004773287 -0.2679946 -0.9634085
vn 0.003485766 -0.7082287 -0.7059745
vn 0.0038633 -0.6234825 -0.7818278
vn 0.003875231 -0.6234824 -0.7818278
vn 0.003053232 -0.784749 -0.6198062
vn 0.002153783 -0.899353 -0.4372179
vn 0.001685531 -0.9396392 -0.3421627
vn 0.0006068769 -0.9923822 -0.123196
vn 0.0006068769 -0.9923822 -0.123196
vn -0.0006346321 -0.9923816 0.1232004
vn -0.0006623426 -0.9923822 0.1231957
vn -0.001722577 -0.939642 0.3421548
vn -0.00215368 -0.8993632 0.437197
vn -0.003276554 -0.7477309 0.6639938
vn -0.003270906 -0.7477309 0.6639939
vn -0.003862637 -0.6234477 0.7818556
vn -0.003873768 -0.6234478 0.7818554
vn -0.004776284 -0.2769621 0.960869
vn -0.004773287 -0.2679946 0.9634085
vn -0.004785018 -0.2679946 0.9634085
vn -0.004828842 -0.285896 0.9582485
vn -0.004951157 -0.2402582 0.9706964
vn -0.004943568 -0.1847381 0.9827754
vn -0.004844013 -0.1556508 0.9878002
vn -0.004765606 -0.1823874 0.9832152
vn -0.004871923 -0.1400109 0.990138
vn -0.004966871 -0.07001218 0.9975338
vn -0.0049646 -9.606109E-07 0.9999877
vn -0.004952663 -2.593915E-06 0.9999877
vn -0.004951027 2.908464E-06 0.9999877
vn -0.004954516 2.908464E-06 0.9999877
vn -0.004973739 0 0.9999876
vn -0.004980832 0 0.9999876
vn -0.004980832 0 0.9999876
vn -0.004973799 0 0.9999876
vn -0.005094974 3.337882E-05 0.999987
vn -0.005119858 9.091842E-05 0.9999869
vn -0.005228926 9.091842E-05 0.9999863
vn -0.005177779 6.002787E-06 0.9999866
vn -0.005043108 -0.07000659 0.9975338
vn -0.004970496 -0.1400205 0.9901361
vn -0.004962057 -0.1824019 0.9832115
vn -0.005040077 -0.1556446 0.9878002
vn -0.00504255 -0.1847132 0.9827795
vn -0.004951227 -0.2402028 0.9707101
vn -0.004828883 -0.2858691 0.9582565
vn -0.004776292 -0.2769562 0.9608706
vn -0.004784969 -0.2680305 0.9633986
vn -0.004773238 -0.2680304 0.9633986
vn 0.9923505 0.1129374 0.04985602
vn 0.9923505 0.1129374 0.04985602
vn 0.9923804 0.1123206 0.05064869
vn 0.9923196 0.1135542 0.04906331
vn -0.9999876 2.964002E-05 -0.004981123
vn -0.9999876 0.0001309695 -0.004973841
vn -0.9999876 1.258066E-05 -0.004983551
vn -0.9999876 -2.598651E-05 -0.004987274
vn -0.9924433 0.1226041 -0.004948372
vn -0.9924424 0.1226122 -0.004947395
vn -0.9766178 0.2149281 -0.004869611
vn -0.9766163 0.2149348 -0.004868963
vn -0.9828936 0.1841088 -0.004902008
vn -0.9828933 0.1841106 -0.004903278
vn -0.9842342 0.1768022 -0.004908585
vn -0.9851391 0.1716882 -0.004911823
vn -0.9841008 0.1775431 -0.004905888
vn -0.984101 0.177542 -0.004905479
vn -0.9897175 0.1429465 0.005067809
vn -0.9885882 0.1505625 -0.004927728
vn -0.9936486 0.112418 -0.004952953
vn -0.993111 0.1142831 0.02588319
vn -0.9924867 0.1151747 0.04129218
vn -0.9922944 0.118069 0.03757102
vn 0.003873768 -0.6234478 -0.7818554
vn 0.003862637 -0.6234477 -0.7818556
vn 0.00348528 -0.7082177 -0.7059855
vn 0.003053176 -0.7847581 -0.6197947
vn 0.002153653 -0.8993658 -0.4371916
vn 0.001722381 -0.9396421 -0.3421547
vn 0.0006344857 -0.9923816 -0.1232004
vn 0.0006620946 -0.992381 -0.1232048
vn -0.0006070129 -0.9923822 0.123196
vn -0.0006071489 -0.9923821 0.123196
vn -0.001685712 -0.9396392 0.3421628
vn -0.002153783 -0.899353 0.4372179
vn -0.003276552 -0.7477312 0.6639934
vn -0.003270903 -0.7477313 0.6639934
vn -0.003862499 -0.6234827 0.7818276
vn -0.00387363 -0.6234826 0.7818276
vn 0.9999875 -7.30984E-05 0.004993836
vn 0.9999875 -7.089788E-06 0.005004697
vn 0.9999875 -0.0001204166 0.004996551
vn 0.9999876 -7.582449E-05 0.004987274
vn 0.9912491 -0.1319121 0.004942419
vn 0.991248 -0.1319202 0.004941441
vn 0.9729022 -0.2311661 0.004851085
vn 0.9729006 -0.2311727 0.004850438
vn 0.9801395 -0.1982493 0.004888271
vn 0.980139 -0.198251 0.004889539
vn 0.981686 -0.1904432 0.004895878
vn 0.9827338 -0.1849602 0.004899831
vn 0.9815358 -0.1912159 0.004893101
vn 0.981536 -0.1912148 0.004892693
vn 0.9880505 -0.1540601 -0.004669168
vn 0.9867396 -0.1622369 0.004918514
vn 0.9981407 -0.06074894 0.004975316
vn 0.9973098 -0.06072742 -0.04105395
vn 0.9917083 -0.1210874 -0.04304026
vn 0.996101 -0.06064466 -0.064071
vn 0.9851903 0.1182572 -0.1241579
vn 0.9763011 0.2057848 -0.06699859
vn 0.9834161 0.1812972 0.004901912
vn 0.9160897 0.3492179 -0.1970449
vn 0.9342513 0.356585 0.004656863
vn 0.9299473 0.3547507 -0.09669557
vn -0.7733665 -0.626738 0.09541363
vn -0.8786205 -0.4722992 0.07042378
vn -0.8810366 -0.4580538 0.1181578
vn -0.7124063 -0.6717068 0.203193
vn -0.8817672 -0.3976911 0.2536305
vn -0.3284433 -0.9331437 0.1461775
vn -0.7133619 -0.5749692 0.400656
vn -0.8826465 -0.2783587 0.3787501
vn -0.2509684 -0.9219945 0.2948576
vn 0.2459103 -0.9571656 0.1528468
vn -0.6421667 -0.4520975 0.6190556
vn -0.2522782 -0.7853822 0.5652704
vn 0.24746 -0.9039941 0.3486522
vn -0.7434819 -0.1881134 0.6417539
vn -0.883004 -0.1463163 0.4459772
vn -0.8831642 0 0.4690641
vn 0.7103092 -0.6717399 0.2103007
vn 0.7723538 -0.6267665 0.1031186
vn 0.8797781 -0.4581199 0.1269513
vn 0.8778792 -0.4722937 0.07916363
vn 0.8793363 -0.3831724 0.2827485
vn 0.6664108 -0.6181683 0.4168509
vn 0.2461174 -0.7524052 0.6109932
vn 0.6782508 -0.4393457 0.5890257
vn 0.8785219 -0.2580025 0.4020374
vn -0.2031513 -0.6020652 0.7721704
vn 0.1951972 -0.5493045 0.8125039
vn -0.2537432 -0.3474211 0.9027253
vn 0.7370311 -0.1881074 0.6491539
vn 0.8784305 -0.1463668 0.4549027
vn 0.8784497 0 0.4778349
vn 0.2449625 -0.2960878 0.9232147
vn -0.2896218 -0.02330055 0.9568575
vn 0.2800807 0.02330522 0.9596935
vn 0.7080089 0 0.7062035
vn 0.7075674 0.1817497 0.682873
vn 0.8782481 0.1700566 0.4469463
vn 0.6782131 0.4211992 0.6021779
vn 0.8787038 0.298419 0.3725933
vn 0.2447046 0.3474093 0.9052217
vn -0.7150645 0 0.6990585
vn -0.7143946 0.1817451 0.6757286
vn -0.882666 0.1700707 0.4381514
vn -0.2541337 0.2961003 0.9207284
vn -0.6841103 0.4212379 0.5954426
vn -0.8823078 0.298473 0.3639326
vn -0.2034166 0.5492903 0.8104948
vn -0.7421064 0.555773 0.3746925
vn -0.8822412 0.3829657 0.2738389
vn -0.8813702 0.442438 0.1656355
vn 0.1954625 0.6020607 0.7741559
vn -0.2522089 0.7523987 0.608512
vn -0.7118576 0.6793395 0.178204
vn -0.8786522 0.4722398 0.0704269
vn -0.7076333 0.6984165 0.1070963
vn -0.2474214 0.9571657 0.150388
vn -0.2509035 0.9039977 0.3461729
vn 0.2466963 0.7853708 0.5677445
vn 0.2480431 0.9219894 0.2973385
vn 0.3269776 0.933141 0.1494438
vn 0.7383603 0.5557574 0.3820442
vn 0.8793913 0.3830749 0.2827097
vn 0.8796106 0.4425506 0.1744537
vn 0.7100297 0.6793551 0.1852957
vn 0.7065369 0.6984099 0.1141455
vn 0.8778771 0.4722939 0.07918443
vn -0.7723475 0.6267738 -0.1031209
vn -0.8778653 0.4723184 -0.07917093
vn -0.8799498 0.4505104 -0.1507606
vn -0.6674667 0.715692 -0.2056042
vn -0.3269936 0.9331362 -0.1494389
vn -0.6791039 0.5987851 -0.4245872
vn -0.8789313 0.3683733 -0.3029535
vn -0.2480988 0.9219778 -0.2973283
vn 0.2474331 0.9571635 -0.1503828
vn -0.7085245 0.4041837 -0.5784708
vn -0.8784301 0.2581131 -0.4021668
vn -0.7370617 0.188125 -0.6491141
vn -0.8785807 0.1462867 -0.4546386
vn -0.8784667 -9.413195E-07 -0.4778036
vn 0.2509859 0.9039809 -0.3461569
vn -0.1966195 0.8115039 -0.5502747
vn -0.2456202 0.609722 -0.7535979
vn -0.2448665 0.3474083 -0.9051784
vn 0.2023564 0.7731684 -0.6010512
vn 0.669503 0.7156756 -0.1989327
vn 0.7733609 0.6267446 -0.09541575
vn 0.2534778 0.5665021 -0.7841074
vn 0.6833422 0.5987567 -0.4177725
vn 0.8814566 0.4504271 -0.1419501
vn 0.8786082 0.4723212 -0.07043041
vn 0.8819817 0.3682666 -0.2940884
vn 0.7143351 0.4041426 -0.5713091
vn 0.8824725 0.2580484 -0.3932598
vn 0.2541763 0.2960911 -0.9207196
vn 0.7435223 0.1880987 -0.6417114
vn 0.8831521 0.1462627 -0.4457012
vn 0.8831286 0 -0.4691311
vn -0.2801298 0.02330006 -0.9596794
vn 0.2896991 -0.02330633 -0.956834
vn 0.7148942 0 -0.6992326
vn 0.7144423 -0.1817235 -0.675684
vn 0.8827641 -0.1700435 -0.4379643
vn 0.713991 -0.3827352 -0.5862855
vn 0.8822883 -0.298495 -0.3639615
vn 0.7135535 -0.5684786 -0.4094795
vn 0.8821951 -0.3830267 -0.2739019
vn 0.8813239 -0.4425201 -0.165663
vn 0.2537185 -0.3474152 -0.9027345
vn -0.7080591 0 -0.7061532
vn -0.7076206 -0.181755 -0.6828164
vn -0.8782194 -0.1701045 -0.4469846
vn -0.2450573 -0.2960882 -0.9231895
vn -0.708011 -0.3827793 -0.5934649
vn -0.8785405 -0.29858 -0.3728492
vn 0.2530304 -0.6097407 -0.7511271
vn -0.2458211 -0.5664682 -0.7865658
vn -0.6789954 -0.5856203 -0.4427348
vn -0.8791365 -0.3977706 -0.2624834
vn -0.196395 -0.77316 -0.6030363
vn -0.7392427 -0.6455418 -0.1918228
vn -0.8799064 -0.4505845 -0.1507924
vn -0.8778289 -0.4723833 -0.07918635
vn -0.7065272 -0.6984203 -0.1141423
vn -0.3269776 -0.933142 -0.1494377
vn -0.2121462 -0.9225425 -0.3223497
vn 0.2474214 -0.9571666 -0.1503818
vn 0.2021317 -0.8115027 -0.5482756
vn 0.3004476 -0.8983384 -0.3204986
vn 0.7118288 -0.6793679 -0.1782104
vn 0.7076246 -0.6984257 -0.1070933
vn 0.8786109 -0.4723162 -0.07042895
vn -0.9999876 1.930497E-05 -0.004976071
vn -0.9999877 3.484667E-05 -0.004964788
vn -0.9999876 1.333023E-05 -0.004974455
vn -0.9999876 1.238257E-07 -0.004981912
vn -0.9999876 7.538473E-06 -0.00497593
vn -0.9999876 2.22696E-05 -0.004972622
vn -0.9999876 2.70667E-06 -0.004981701
vn -0.9999875 1.68106E-05 -0.005006916
vn -0.9999876 1.069504E-05 -0.004977057
vn -0.9999878 -5.317168E-06 -0.004927775
vn -0.9999876 -7.610797E-06 -0.004977941
vn -0.9999877 1.082689E-07 -0.004960666
vn -0.9999876 -1.858521E-05 -0.004986962
vn -0.9999876 -1.231125E-05 -0.004979271
vn -0.9999876 -1.040315E-06 -0.00497649
vn -0.9999876 -2.096636E-05 -0.004973046
vn -0.9999875 -1.2012E-05 -0.004999172
vn -0.9999876 2.227544E-05 -0.00497262
vn -0.9999874 -3.334976E-05 -0.005021518
vn -0.9999871 -6.381032E-05 -0.005063441
vn 0.9999871 -7.316164E-06 0.005067192
vn 0.9999863 0 0.00523553
vn 0.9999871 1.749237E-05 0.00506705
vn 0.9999877 2.697617E-06 0.004960732
vn 0.9999876 -6.626894E-06 0.004986264
vn 0.9999876 7.108925E-06 0.004982284
vn 0.9999875 1.433436E-05 0.00500088
vn 0.9999876 -6.500173E-06 0.004975694
vn 0.9999871 6.41311E-05 0.005064071
vn 0.9999876 2.096636E-05 0.004973046
vn 0.9999876 1.631779E-06 0.004976328
vn 0.9999876 -2.096636E-05 0.004973046
vn 0.9999876 1.656628E-05 0.004974696
vn 0.9999876 1.144513E-05 0.004984183
vn 0.999988 3.796959E-05 0.004897908
vn 0.9999884 6.865407E-05 0.004803469
vn 0.9999876 -6.937516E-06 0.004978343
vn 0.9999876 -2.227544E-05 0.00497262
vn 0.9999876 5.441351E-06 0.004983106
vn 0.9999871 6.381032E-05 0.005063441
vn 0.0007799775 0.9876862 -0.1564462
vn 0.0007826532 0.9876865 -0.1564443
vn 0.0007799775 0.9876862 -0.1564462
vn 0.0007773019 0.9876859 -0.1564482
vn 0.002271136 0.8910107 -0.4539766
vn 0.002263279 0.8910133 -0.4539715
vn 0.002263279 0.8910133 -0.4539715
vn 0.002255423 0.8910159 -0.4539664
vn 0.003513087 0.7070985 -0.7071064
vn 0.003513087 0.7070985 -0.7071064
vn 0.003513087 0.7070985 -0.7071064
vn 0.003513087 0.7070985 -0.7071064
vn 0.004426669 0.4540011 -0.8909901
vn 0.004442064 0.4539911 -0.8909951
vn 0.004442064 0.4539911 -0.8909951
vn 0.004457461 0.453981 -0.8910002
vn 0.004941113 0.1564254 -0.9876774
vn 0.00492415 0.1564376 -0.9876755
vn 0.00492415 0.1564376 -0.9876755
vn 0.004907188 0.1564499 -0.9876737
vn 0.004907207 -0.1564254 -0.9876776
vn 0.00492415 -0.1564376 -0.9876755
vn 0.00492415 -0.1564376 -0.9876755
vn 0.004941094 -0.1564499 -0.9876736
vn 0.004457409 -0.4540011 -0.89099
vn 0.004442064 -0.4539911 -0.8909951
vn 0.004442064 -0.4539911 -0.8909951
vn 0.00442672 -0.453981 -0.8910003
vn 0.003513024 -0.7071111 -0.7070937
vn 0.003513024 -0.7071111 -0.7070937
vn 0.003513024 -0.7071111 -0.7070937
vn 0.003513024 -0.7071111 -0.7070937
vn 0.002255573 -0.8910005 -0.4539967
vn 0.002263379 -0.8910031 -0.4539916
vn 0.002263379 -0.8910031 -0.4539916
vn 0.002271185 -0.8910057 -0.4539864
vn 0.0007798545 -0.9876901 -0.1564216
vn 0.0007771601 -0.9876904 -0.1564196
vn 0.0007798545 -0.9876901 -0.1564216
vn 0.0007825492 -0.9876898 -0.1564235
vn -0.0007798545 -0.9876901 0.1564216
vn -0.0007825492 -0.9876898 0.1564235
vn -0.0007798545 -0.9876901 0.1564216
vn -0.0007771601 -0.9876904 0.1564196
vn -0.002271185 -0.8910057 0.4539864
vn -0.002271185 -0.8910057 0.4539864
vn -0.002271185 -0.8910057 0.4539864
vn -0.002271185 -0.8910057 0.4539864
vn -0.003537481 -0.7071112 0.7070935
vn -0.003537541 -0.7071112 0.7070935
vn -0.003537481 -0.7071112 0.7070935
vn -0.00353742 -0.7071112 0.7070935
vn -0.004442141 -0.4539911 0.8909951
vn -0.004426721 -0.453981 0.8910004
vn -0.004442141 -0.4539911 0.8909951
vn -0.004457562 -0.4540011 0.89099
vn -0.004907122 -0.1564253 0.9876776
vn -0.004907207 -0.1564254 0.9876776
vn -0.004907122 -0.1564253 0.9876776
vn -0.004907038 -0.1564252 0.9876776
vn -0.004907122 0.1564253 0.9876776
vn -0.004907038 0.1564254 0.9876776
vn -0.004907122 0.1564253 0.9876776
vn -0.004907207 0.1564252 0.9876776
vn -0.004426746 0.4540011 0.8909901
vn -0.004426822 0.454001 0.8909901
vn -0.004426746 0.4540011 0.8909901
vn -0.004426669 0.4540011 0.8909901
vn -0.003525377 0.7070922 0.7071126
vn -0.003537546 0.7070859 0.7071189
vn -0.003525377 0.7070922 0.7071126
vn -0.003513208 0.7070985 0.7071064
vn -0.002271085 0.8910159 0.4539663
vn -0.002271085 0.8910159 0.4539663
vn -0.002271085 0.8910159 0.4539663
vn -0.002271085 0.8910159 0.4539663
vn -0.0007799775 0.9876862 0.1564462
vn -0.0007773019 0.9876859 0.1564482
vn -0.0007799775 0.9876862 0.1564462
vn -0.0007826532 0.9876865 0.1564443
vn 0.9999876 2.826793E-07 0.00497028
vn 0.9999876 2.412596E-06 0.004969239
vn 0.9999876 7.066982E-07 0.004970944
vn 0.9999876 -4.995999E-07 0.004971444
vn 0.9999876 0 0.004969937
vn 0.9999876 0 0.004971445
vn 0.9999876 0 0.004972349
vn 0.9999876 0 0.004975063
vn -0.001907978 -0.9238915 0.3826496
vn -0.003010329 -0.7971841 0.6037288
vn -0.001907978 -0.9238915 0.3826496
vn -0.003974865 -0.6037433 0.7971689
vn -0.004606659 -0.3826624 0.9238768
vn -0.004606659 -0.3826624 0.9238768
vn -0.004606577 0.382702 0.9238604
vn -0.004606577 0.382702 0.9238604
vn -0.003974776 0.6037669 0.797151
vn -0.003010276 0.7971921 0.6037183
vn -0.001907978 0.9238915 0.3826496
vn -0.001907978 0.9238915 0.3826496
vn 0.001908175 0.9238752 -0.3826892
vn 0.003010394 0.7971742 -0.6037419
vn 0.001908175 0.9238752 -0.3826892
vn 0.003974815 0.6037564 -0.797159
vn 0.004606577 0.382702 -0.9238604
vn 0.004606577 0.382702 -0.9238604
vn -0.9999876 0 -0.004972349
vn -0.9999876 0 -0.004975063
vn -0.9999876 0 -0.004971545
vn -0.9999876 -3.845422E-07 -0.004970365
vn -0.9999876 4.372137E-07 -0.004971294
vn -0.9999876 7.272368E-07 -0.004969937
vn -0.9999876 -7.066982E-07 -0.004970944
vn -0.9999876 -2.412596E-06 -0.004969239
vn 0.4235511 0.2579347 -0.8683744
vn 0.4383865 0 -0.8987866
vn 0.6273727 0 -0.7787192
vn 0.6050965 0.2641056 -0.7510703
vn 0.5403996 0.5079777 -0.670766
vn 0.3800451 0.4984303 -0.7791874
vn 0.8667708 0.2262512 -0.4444306
vn 0.9031178 0 -0.4293928
vn 0.804316 0.5069317 -0.3099938
vn 0.9974849 0 -0.07087874
vn 0.9527493 0.301323 0.03838061
vn 0.8613523 0.5079898 0.004296404
vn 0.9294626 0 0.3689165
vn 0.8011923 0.5069173 0.3180027
vn 0.83247 0.2634226 0.4874446
vn 0.6195771 0 0.7849359
vn 0.5336999 0.5079504 0.6761292
vn 0.5975762 0.2641262 0.7570601
vn 0.2404142 0.2262002 0.9439462
vn 0.2176622 0 0.9760242
vn 0.1232712 0.5068665 0.853165
vn -0.1528352 0 0.9882517
vn -0.2494201 0.3013251 0.9203221
vn -0.1958494 0.5081028 0.8387339
vn -0.4383713 0 0.898794
vn -0.3800199 0.4984592 0.7791812
vn -0.4235391 0.2579247 0.8683833
vn -0.1232395 0.5069501 -0.85312
vn 0.004693217 0.3425969 -0.9394708
vn 0.004316879 0.4984064 -0.8669327
vn -0.2048242 0.2641345 -0.9424861
vn 0.005003016 0 -0.9999875
vn -0.2910939 0 -0.9566945
vn -0.5337375 0.507875 -0.6761563
vn -0.5680216 0.2108309 -0.7955513
vn -0.6773512 0 -0.7356598
vn -0.8623229 0.2261296 -0.4530613
vn -0.898794 0 -0.4383713
vn -0.8013268 0.506666 -0.3180646
vn -0.9967273 0 -0.08083657
vn -0.9531258 0.301194 0.02886742
vn -0.8614648 0.5077993 -0.00428469
vn -0.9331 0 0.3596171
vn -0.8044038 0.5067729 0.3100254
vn -0.8373076 0.2633794 0.4791109
vn -0.7849408 0 0.6195707
vn -0.6805077 0.4983803 0.5371466
vn -0.7583804 0.2579343 0.5986059
vn 0 -1 0
vn 0 -1 0
vn 0 -1 0
vn 0 -1 0
vn 0 -1 0
vn 0 -1 0
vn 0 -1 0
vn 0 -1 0
vn 0 -1 0
vn 0 -1 0
vn 0 -1 0
vn 0 -1 0
vn 0 -1 0
vn 0 -1 0
vn 0.2588615 -0.9659085 -0.003400846
vn 0.4210261 -0.9070444 -0.002737698
vn 0.2587856 -0.9659288 -0.003403368
vn 0.5751494 -0.818046 -0.001967324
vn 0.818159 -0.5749916 -0.0007552139
vn 0.9071328 -0.4208443 -0.0003093413
vn 0.996043 -0.0888734 0.0001362154
vn 0.9960248 0.08907571 0.000139946
vn 0.9070608 0.4209996 -0.0003017746
vn 0.81805 0.5751466 -0.0007419785
vn 0.5750319 0.8181287 -0.00195194
vn 0.4209175 0.9070948 -0.002717272
vn 2.483155E-05 0.9999883 -0.004834471
vn 2.555275E-05 0.9999883 -0.004832028
vn -0.4208684 0.9070953 -0.006914323
vn -0.5749609 0.8181448 -0.00768493
vn -0.8179839 0.5751723 -0.008897387
vn -0.9070001 0.4210269 -0.009343957
vn -0.9959762 0.08908291 -0.009789266
vn -0.9959951 -0.08886965 -0.009793391
vn -0.9070864 -0.4208406 -0.009352679
vn -0.818095 -0.575014 -0.008912342
vn -0.5750795 -0.8180613 -0.00770196
vn -0.4209548 -0.9070551 -0.006936068
vn -0.258816 -0.9659081 -0.005982172
vn -0.2587388 -0.9659288 -0.005983967
vn 0.2611066 -0.9236044 -0.2806747
vn 0.4190739 -0.8940265 -0.1584097
vn 0.2578556 -0.9512432 -0.1692538
vn 0.5365592 -0.782334 -0.3163192
vn 0.8162671 -0.5692161 -0.09849386
vn 0.2628791 -0.7313135 -0.6293449
vn 0.9087614 -0.3924384 -0.1419318
vn 0.9960058 -0.08860312 -0.01104261
vn 0.9959155 0.08281446 0.03597519
vn 0.9053987 0.4168514 0.08054861
vn 0.8186777 0.5364534 0.2049014
vn 0.5709438 0.8070632 0.150573
vn 0.4533999 0.8458446 0.2810255
vn 0.4991841 0.6549638 0.5673075
vn -0.0009034495 0.9836096 0.1803092
vn 0.9065613 0.3173949 0.2782215
vn 0.9963393 -0.06713171 -0.05292674
vn 0.8213547 -0.4339939 -0.3701698
vn 0.504855 -0.6549464 -0.5622869
vn 0.4995018 -0.5479748 -0.6709856
vn 0.2596499 -0.6101263 -0.7485505
vn 0.9070362 -0.2679448 -0.3247937
vn 0.9955828 0.05679413 0.07476272
vn 0.812961 0.3655194 0.4533099
vn 0.4927416 0.5479652 0.6759733
vn -0.003835558 0.6311082 0.7756854
vn -0.003231837 0.7573032 0.6530555
vn -0.5048328 0.6549548 0.5622972
vn -0.4994877 0.547951 0.6710155
vn -0.8174657 0.3654853 0.4451632
vn -0.002024388 0.9139152 0.4059003
vn -0.4561977 0.8458374 0.2764825
vn -0.572425 0.8070577 0.1448705
vn -0.8206897 0.5364402 0.1967238
vn -0.9061535 0.4168576 0.07152401
vn -0.9092855 0.3173958 0.2691836
vn -0.9962724 0.0568334 0.06489465
vn -0.9962233 0.08282721 0.02605231
vn -0.9958472 -0.08859468 -0.02096259
vn -0.9957666 -0.06709345 -0.06282832
vn -0.9037535 -0.2679364 -0.3338259
vn -0.9073132 -0.392414 -0.1509769
vn -0.8152559 -0.5692012 -0.1066193
vn -0.8176212 -0.4339897 -0.3783496
vn -0.4927656 -0.5479863 -0.6759387
vn -0.5333875 -0.7823291 -0.3216505
vn -0.4174784 -0.894024 -0.1625819
vn -0.4992087 -0.6549614 -0.5672885
vn -0.2565996 -0.7313171 -0.6319271
vn -0.2522404 -0.6101126 -0.7510909
vn -0.2582988 -0.9236038 -0.2832629
vn -0.2561532 -0.951243 -0.1718205
vn 0.2573614 -0.9663143 -0.001332911
vn 0.4183248 -0.9082974 -0.0003687209
vn 0.2559309 -0.9666941 -0.001359952
vn 0.5734226 -0.8192595 0.0006822983
vn 0.8163909 -0.5774941 0.002552659
vn 0.9066231 -0.4219273 0.003443012
vn 0.9960172 -0.08903538 0.004735017
vn 0.9959299 0.08998312 0.005170817
vn 0.9058113 0.4236456 0.005498224
vn 0.8169309 0.5767107 0.005366238
vn 0.5726254 0.8198039 0.004669081
vn 0.420074 0.9074808 0.004060449
vn -1.290498E-06 0.9999976 0.002161628
vn 3.141764E-06 0.9999977 0.002141719
vn -0.420082 0.9074861 -0.0001272551
vn -0.5726411 0.8198055 -0.001039546
vn -0.816944 0.5767103 -0.002777886
vn -0.9058308 0.423625 -0.003532334
vn -0.9959339 0.08996082 -0.004758358
vn -0.9960141 -0.08904371 -0.00519508
vn -0.9066179 -0.4219156 -0.005595649
vn -0.8163677 -0.5775055 -0.005586579
vn -0.573372 -0.8192797 -0.005035012
vn -0.4182955 -0.9082997 -0.004539804
vn -0.2573636 -0.9663067 -0.003899253
vn -0.2559875 -0.9666722 -0.003911546
vn -0.004954681 -5.622645E-05 0.9999877
vn -0.00488622 -0.0002172915 0.9999881
vn -0.004952321 -9.379492E-06 0.9999877
vn -0.005017021 -1.473778E-06 0.9999874
vn -0.004957894 9.369391E-05 0.9999877
vn -0.004886954 0.000216558 0.9999881
vn -0.004983743 2.583454E-05 0.9999876
vn -0.00491999 0 0.9999878
vn -0.004991061 1.697811E-05 0.9999876
vn -0.004940552 -5.911191E-05 0.9999878
vn -0.005047841 -3.744128E-06 0.9999872
vn -0.005170692 6.718814E-05 0.9999866
vn 0.2588585 -0.9659144 0.00129035
vn 0.2588518 -0.9659162 0.00129039
vn 0.4209941 -0.907061 0.002098488
vn 0.5750513 -0.8181123 0.002866501
vn 0.8180809 -0.5750887 0.004078106
vn 0.907055 -0.4209879 0.004521494
vn 0.996024 -0.08894686 0.004964688
vn 0.9960189 0.08900307 0.004964373
vn 0.9070499 0.4209989 0.004520966
vn 0.8181009 0.5750602 0.004077827
vn 0.5750461 0.818116 0.00286643
vn 0.4209361 0.9070879 0.002098311
vn -6.946857E-06 1 0
vn -1.382527E-05 1 0
vn -0.4209395 0.9070863 -0.00209833
vn -0.5750412 0.8181195 -0.002866681
vn -0.8180933 0.5750711 -0.004078436
vn -0.9070613 0.4209744 -0.004521668
vn -0.9960237 0.08895051 -0.00496477
vn -0.9960217 -0.08897214 -0.004964677
vn -0.9070606 -0.4209759 -0.004521522
vn -0.8181033 -0.5750569 -0.004078491
vn -0.575056 -0.8181091 -0.002866897
vn -0.420994 -0.907061 -0.002098861
vn -0.2588585 -0.9659144 -0.001290495
vn -0.2588519 -0.9659162 -0.001290391
vn 0.2582789 -0.9299843 0.2615744
vn 0.2565045 -0.9534996 0.158253
vn 0.417952 -0.8960326 0.1498057
vn 0.5331546 -0.7919301 0.2976456
vn 0.8156407 -0.5701265 0.09841787
vn 0.2566731 -0.7652917 0.5902945
vn 0.9071978 -0.396737 0.1399705
vn 0.9958697 -0.08863764 0.01966959
vn 0.9962056 0.08373914 -0.02371157
vn 0.9063258 0.4174789 -0.06545888
vn 0.8203852 0.5422083 -0.1815995
vn 0.5728934 0.808733 -0.133207
vn 0.45579 0.852704 -0.2552477
vn 0.5043308 0.6855094 -0.5250974
vn 0.0008198685 0.9860977 -0.1661646
vn 0.9090699 0.3323456 -0.2512735
vn 0.9957765 -0.07029298 0.05906101
vn 0.8175257 -0.4543895 0.3538106
vn 0.4990996 -0.6854965 0.5300888
vn 0.4935722 -0.592995 0.6361945
vn 0.2529391 -0.6603892 0.7070416
vn 0.9040958 -0.2897122 0.3141301
vn 0.9962671 0.06139744 -0.06068115
vn 0.8177584 0.395258 -0.4183805
vn 0.4998656 0.5929859 -0.6312702
vn 0.003630139 0.6832373 -0.7301874
vn 0.003032836 0.7924644 -0.6099105
vn -0.4990707 0.6855109 -0.5300974
vn -0.4935457 0.5929924 -0.6362176
vn -0.8135384 0.3952721 -0.4265154
vn 0.001874808 0.9268078 -0.3755313
vn -0.4532116 0.8527086 -0.2597833
vn -0.5715311 0.8087373 -0.1389102
vn -0.8185392 0.5422004 -0.1897692
vn -0.9056304 0.4174731 -0.07449668
vn -0.9065296 0.3323292 -0.26031
vn -0.9956145 0.06140543 -0.07057706
vn -0.9959207 0.08372463 -0.03364766
vn -0.9960157 -0.08864605 0.009730737
vn -0.9963165 -0.07028003 0.04913428
vn -0.9071863 -0.2896985 0.305103
vn -0.9085547 -0.396726 0.1309077
vn -0.8165726 -0.5701367 0.09029588
vn -0.8210291 -0.4543719 0.345626
vn -0.499897 -0.5929905 0.631241
vn -0.5360973 -0.7919281 0.2923177
vn -0.419423 -0.8960325 0.1456369
vn -0.5043606 -0.6854962 0.5250862
vn -0.2625418 -0.7652919 0.5877076
vn -0.2599869 -0.6603826 0.7044868
vn -0.2608647 -0.9299867 0.2589875
vn -0.2580736 -0.953499 0.1556848
vn 0.2532809 -0.4002322 0.8807173
vn 0.4160891 -0.3758766 0.8280016
vn 0.254371 -0.4000979 0.8804641
vn 0.569363 -0.3394812 0.7487177
vn 0.8145371 -0.2387941 0.528684
vn 0.9041584 -0.1753007 0.3895732
vn 0.9955462 -0.03717859 0.08663397
vn 0.9964206 0.03690499 -0.07605298
vn 0.9086223 0.1748119 -0.3792709
vn 0.819339 0.2392121 -0.5210193
vn 0.5774304 0.339569 -0.7424736
vn 0.4229375 0.3765062 -0.8242372
vn 0.004545659 0.4146275 -0.9099799
vn 0.00453112 0.4146421 -0.9099733
vn -0.4146839 0.3765093 -0.828419
vn -0.5699847 0.3395739 -0.7482025
vn -0.8140946 0.2392181 -0.5291737
vn -0.9047881 0.1748189 -0.3883256
vn -0.9956128 0.03690487 -0.08598346
vn -0.9963574 -0.03719383 0.07673702
vn -0.9079818 -0.175315 0.3805704
vn -0.8197588 -0.2387994 0.520548
vn -0.5768074 -0.3394791 0.7429988
vn -0.4243435 -0.3758728 0.8238035
vn -0.2620797 -0.4002287 0.8781408
vn -0.2631823 -0.4000926 0.8778731
vn 0.002117922 -0.9123234 -0.4094649
vn 0.002424191 -0.9122655 -0.4095921
vn 0.002386385 -0.9122656 -0.4095923
vn 0.00214916 -0.9122875 -0.4095448
vn 0.002021374 -0.9122924 -0.4095344
vn 0.002011206 -0.9123123 -0.4094904
vn 0.00211059 -0.9122937 -0.4095312
vn 0.001977983 -0.9123323 -0.4094456
vn 0.002151597 -0.9122727 -0.4095777
vn 0.002536039 -0.9121894 -0.4097608
vn 0.002099761 -0.9124092 -0.4092737
vn 0.00224648 -0.912514 -0.4090393
vn -0.2608722 0.8754222 0.4069172
vn -0.5018131 0.7848879 0.3635033
vn -0.2608377 0.8754284 0.406926
vn -0.5018175 0.784883 0.3635078
vn -0.8670691 0.4531528 0.2069871
vn -0.8670644 0.4531626 0.2069857
vn -0.9863312 0.1511657 0.06557243
vn -0.9975123 0.06566125 0.0256481
vn -0.999706 -0.01968111 -0.01415876
vn -0.999706 -0.01968134 -0.01415895
vn 0.4981754 0.7848822 0.3684849
vn 0.2567955 0.8754243 0.4094976
vn 0.2567609 0.8754305 0.4095061
vn 0.4981712 0.7848824 0.3684901
vn 0.8649657 0.4531477 0.2156188
vn 0.8649591 0.4531589 0.2156218
vn 0.9856266 0.151176 0.07540575
vn 0.9972076 0.06565645 0.03558494
vn 0.9999131 -0.01313035 -0.001140572
vn 0.9999766 -0.006569168 0.001920092
vn 0.9999876 -1.021914E-05 0.004979027
vn 0.9999876 -3.619091E-06 0.004983345
vn 0.002091843 -0.9063087 -0.4226112
vn 0.002099058 -0.9063087 -0.4226111
vn 0.002091843 -0.9063087 -0.4226112
vn 0.002106272 -0.9063087 -0.4226111
vn 0.002113522 -0.9063087 -0.4226111
vn 0.002113559 -0.9063087 -0.4226111
vn 0.002106296 -0.9063087 -0.4226111
vn 0.002098996 -0.9063087 -0.4226111
vn 0.002096678 -0.9063087 -0.4226112
vn 0.002103622 -0.9063073 -0.4226142
vn 0.002109068 -0.9063059 -0.4226172
vn 0.002108235 -0.9063047 -0.4226198
vn 0.002107382 -0.9063048 -0.4226195
vn 0.002111339 -0.9063045 -0.4226198
vn 0.002114938 -0.9063044 -0.4226202
vn 0.00211991 -0.9063039 -0.4226212
vn -0.03478421 0.9058234 0.4222251
vn -0.0347319 0.9058238 0.4222286
vn -0.03480045 0.9058233 0.422224
vn -0.03483225 0.9058219 0.4222244
vn -0.03482806 0.9058207 0.4222274
vn -0.03483878 0.9058205 0.4222267
vn -0.03481984 0.9058227 0.4222237
vn -0.0348214 0.9058261 0.4222164
vn -0.03479953 0.9058276 0.4222147
vn -0.03482861 0.9058296 0.422208
vn -0.7473592 0.2791078 -0.6029536
vn -0.747436 0.2788281 -0.6029878
vn -0.8819343 0.1973335 -0.4280788
vn -0.971234 0.09878919 -0.2166686
vn -0.9370929 -0.1494277 0.315481
vn -0.9370732 -0.1492877 0.3156059
vn -0.7533267 -0.2796066 0.5952471
vn -0.7534083 -0.2798274 0.59504
vn -0.4082764 0.38457 -0.8278987
vn -0.408211 0.3847539 -0.8278455
vn -0.2337089 0.4102432 -0.8815218
vn -0.2337431 0.410146 -0.8815579
vn 0.01247342 0.4444144 -0.8957345
vn -0.06812771 0.4692495 -0.8804337
vn -0.3485063 0.4395336 -0.8278609
vn -0.1555908 0.4330832 -0.8878235
vn 0.004510236 0.4226452 -0.906284
vn -0.5552825 0.3868072 -0.7362347
vn -0.7289094 0.2734424 -0.6276307
vn -0.7160999 0.3994375 -0.5724077
vn -0.5035115 0.5955011 -0.6259829
vn -0.6215172 0.619561 -0.4794379
vn -0.4131598 0.82766 -0.3798393
vn 0.004505982 0.4226361 -0.9062883
vn 0.004517068 0.4226185 -0.9062964
vn 0.1261415 0.438053 -0.8900551
vn -0.1523399 0.4412668 -0.8843507
vn 0.004514001 0.422618 -0.9062967
vn 0.004515932 0.4226062 -0.9063022
vn -0.2583458 0.7921975 -0.552884
vn 0.001611105 0.9459649 -0.324265
vn 0.004522618 0.4226141 -0.9062985
vn 0.1912088 0.4337349 -0.8805187
vn 0.3881301 0.4843123 -0.7840897
vn 0.5657557 0.4129885 -0.7136954
vn 0.7343815 0.3279167 -0.5942681
vn 0.5626102 0.3868125 -0.7306476
vn 0.7217775 0.399445 -0.5652264
vn 0.509733 0.595497 -0.6209313
vn 0.6262421 0.6195548 -0.4732575
vn 0.4169078 0.8276454 -0.3757539
vn 0.2638539 0.792188 -0.55029
vn 0.1824828 0.5260523 -0.8306437
vn 0.002908989 0.8106393 -0.5855386
vn 0.08058526 0.5649688 -0.8211677
vn -0.1443877 0.5102764 -0.8478031
vn -0.1105326 0.6300738 -0.7686283
vn 0.004052822 0.5797251 -0.8148021
vn -0.4165124 -0.3854383 0.8233801
vn -0.4165822 -0.3852571 0.8234296
vn -0.3023111 -0.4037098 0.8634967
vn -0.1816998 -0.4161203 0.8909709
vn 0.003452139 -0.4005309 0.9162768
vn -0.07709657 -0.3725393 0.9248083
vn -0.3601443 -0.3608971 0.8602612
vn -0.1535922 -0.3939122 0.9062244
vn -0.1275782 -0.411295 0.9025299
vn -0.5608619 -0.2972897 0.7726919
vn -0.7351544 -0.3022094 0.6068093
vn -0.004515865 -0.4226013 0.9063045
vn -0.7223694 -0.1789408 0.6679541
vn -0.004522489 -0.4226201 0.9062957
vn -0.004532548 -0.4226176 0.9062967
vn -0.004532596 -0.4226037 0.9063033
vn -0.004524582 -0.4226126 0.9062991
vn -0.004510352 -0.422607 0.9063018
vn 0.1195641 -0.3994172 0.9089391
vn 0.3798538 -0.2908279 0.8781402
vn -0.4892104 -0.1160619 0.864409
vn -0.5944576 0.08366637 0.7997626
vn -0.20228 -0.3293067 0.9223014
vn 0.520799 -0.3087194 0.7959024
vn 0.7282637 -0.247255 0.6391376
vn 0.1540807 -0.4067908 0.9004334
vn 0.55311 -0.2972955 0.7782575
vn 0.7156037 -0.1789793 0.6751872
vn -0.3321263 0.1011061 0.9378004
vn -0.3083278 0.3008064 0.9024686
vn -0.004942256 0.1461686 0.9892474
vn -0.004655078 0.3596365 0.9330809
vn 0.2993229 0.3008426 0.905483
vn -0.1082058 -0.2511064 0.9618924
vn 0.1601716 -0.3462851 0.9243547
vn 0.4805153 -0.1161416 0.8692619
vn 0.5864615 0.08364879 0.8056462
vn 0.3227467 0.1010535 0.9410753
vn 0.1392124 -0.1785428 0.9740341
vn -0.004826832 -0.2516484 0.9678067
vn 0.004955102 -0.1132756 -0.9935513
vn -0.425417 -0.1607395 -0.8906083
vn -0.3737816 -0.378397 -0.8468193
vn -0.7007343 -0.2619146 -0.6636055
vn -0.6288354 -0.5346241 -0.5645735
vn -0.8583196 -0.4664981 -0.2136986
vn 0.004426697 -0.4524515 -0.891778
vn 0.3822129 -0.3783615 -0.8430633
vn 0.434319 -0.1606701 -0.8863138
vn 0.7073457 -0.2618526 -0.6565785
vn 0.6344732 -0.5346264 -0.558228
vn 0.8604023 -0.4664952 -0.2051584
vn -0.395382 -0.6820518 -0.6152059
vn -0.2013689 -0.6157315 -0.7617909
vn 0.003980387 -0.5985217 -0.8010967
vn 0.2089219 -0.6157199 -0.7597635
vn 0.4015308 -0.6820518 -0.6112105
vn -0.4829349 -0.779106 -0.3997096
vn 0.4869409 -0.7791141 -0.3948034
vn -0.6533933 -0.7001546 -0.2878555
vn -0.4406641 -0.8808683 -0.1728763
vn 0.6562237 -0.7001542 -0.2813442
vn 0.4423693 -0.8808553 -0.1685329
vn -0.6097791 -0.7925491 0.005942294
vn -0.7047066 -0.6681798 0.2385883
vn -0.2798696 -0.9600292 0.004116134
vn 0.6096876 -0.7925515 0.01196359
vn 0.2798091 -0.9600309 0.006890437
vn 0.7022824 -0.6681943 0.2455927
vn -0.3628351 -0.8992404 0.2443717
vn -0.3644045 -0.7852784 0.5005469
vn -0.0004165486 -0.9964257 0.08447225
vn 0.3603717 -0.8992458 0.2479703
vn 0.3593923 -0.7852924 0.504136
vn -0.00209585 -0.9067288 0.4217091
vn -0.00287533 -0.8190395 0.5737299
vn -0.5325695 -0.7396042 -0.4115281
vn -0.4946021 -0.8129641 -0.3073403
vn -0.2543272 -0.9051231 -0.3406903
vn -0.2567034 -0.8002158 -0.5419945
vn -0.8141783 -0.5422999 -0.2074234
vn -0.4195421 -0.5715589 -0.7051985
vn -0.256046 -0.6091679 -0.7505697
vn -0.2535543 -0.4245354 -0.8691835
vn -0.9068617 -0.3605522 -0.2181834
vn -0.9957717 -0.08427066 -0.03656833
vn -0.4952296 -0.3578493 -0.7916384
vn -0.2535316 -0.3346876 -0.9075824
vn -0.5698594 -0.2841208 -0.7710614
vn -0.8174825 -0.3612326 -0.4485905
vn -0.8633198 -0.2033198 -0.4618874
vn -0.9043693 -0.1469659 -0.400646
vn -0.9962767 0.07625602 0.04022236
vn -0.9061497 0.3974904 0.1445477
vn -0.9957263 -0.05578911 -0.0735984
vn -0.9999526 0.006139274 -0.007562978
vn -0.9964414 0.03112143 0.07833295
vn -0.8209623 0.4929927 0.2880612
vn -0.497675 0.8129392 0.302406
vn -0.9096627 0.2638248 0.3207962
vn -0.8677357 0.21395 0.4486202
vn -0.8199151 0.2018935 0.5357035
vn -0.5805917 0.513992 0.6314471
vn -0.5032092 0.3641342 0.7837006
vn -0.003861894 0.6293663 0.7770992
vn -0.4237913 0.3185229 0.8479058
vn -0.4570364 0.7475686 0.4819325
vn -0.004567597 0.3951567 0.9186024
vn -0.004627425 0.3510934 0.936329
vn 0.4152934 0.3185348 0.8520955
vn -0.00225681 0.8889689 0.4579621
vn -0.001750208 0.9363178 0.3511494
vn 0.494632 0.8129408 0.3073542
vn 0.4953551 0.364136 0.7886876
vn 0.8145238 0.2018891 0.5438674
vn 0.4522053 0.7475692 0.4864675
vn 0.8632284 0.2139382 0.4572384
vn 0.9956154 0.03110246 0.08821984
vn 0.5742586 0.5139941 0.6372105
vn 0.8180414 0.4930007 0.2962407
vn 0.9046639 0.3974858 0.1535849
vn 0.9999782 0.006151971 0.002412498
vn 0.9083308 -0.1469354 -0.3915931
vn 0.9064147 0.2638325 0.3298557
vn 0.9958277 0.07624088 0.0501448
vn 0.9960858 -0.08427916 -0.02665053
vn 0.867886 -0.2033106 -0.4532535
vn 0.5775113 -0.2841242 -0.7653458
vn 0.9964131 -0.05577707 -0.06363989
vn 0.9089966 -0.3605469 -0.20912
vn 0.8162273 -0.5422696 -0.1992904
vn 0.5030534 -0.3578636 -0.7866836
vn 0.2625454 -0.3346974 -0.9050125
vn 0.2622371 -0.4245302 -0.8666059
vn 0.8219092 -0.3612353 -0.4404251
vn 0.5366412 -0.7396029 -0.4062065
vn 0.4976381 -0.8129642 -0.3023997
vn 0.2576457 -0.9051361 -0.3381528
vn 0.2620502 -0.8002222 -0.5394204
vn 0.4265273 -0.5715612 -0.7009938
vn 0.2635387 -0.6091659 -0.7479734
vn 0.488802 0.8717036 -0.03471948
vn 0.360305 0.9169698 -0.1713088
vn 0.4415265 0.8723451 -0.2099247
vn 0.3355393 0.8716618 -0.3572383
vn 0.3019051 0.9530236 0.02448454
vn 0.4555332 0.8716653 0.1808014
vn 0.07085241 0.9921481 -0.1030637
vn 0.1111992 0.8722659 -0.4762216
vn 0.2613909 0.9530222 0.1530471
vn 0.05728135 0.9677492 -0.245317
vn 0.331954 0.8716796 0.360529
vn 0.1690802 0.9530324 0.251279
vn 0.1426374 0.8717043 0.4688136
vn 0.03611425 0.9675712 0.2500034
vn -0.111189 0.8722777 0.4762021
vn -0.05380173 0.9265143 -0.3723933
vn -0.1426535 0.8716637 -0.4688842
vn -0.120736 0.9763318 -0.1794409
vn -0.3318873 0.8717175 -0.3604989
vn -0.3585245 0.9169961 -0.1748665
vn -0.4393296 0.8723956 -0.2142787
vn -0.4883995 0.8717217 -0.03958826
vn -0.2519572 0.9675727 0.01790518
vn -0.4572711 0.8716883 0.1762457
vn -0.2628701 0.953033 0.1504238
vn -0.3355013 0.8717007 0.3571789
vn -0.1430892 0.9675727 0.2081548
vn -0.07617874 0.9422015 0.3262717
vn -0.9248475 -0.2213513 -0.3092907
vn -0.9252611 -0.3046749 -0.2259755
vn -0.9616529 -0.2213063 -0.1620098
vn -0.9255008 -0.351973 -0.1398693
vn -0.9599474 -0.2686811 -0.07944475
vn -0.9260755 -0.3765418 -0.02450168
vn -0.9718937 -0.2353905 0.003734428
vn -0.9266692 -0.3642371 0.09282032
vn -0.9880746 0.1439315 0.0547019
vn -0.9677 -0.2369018 0.08622257
vn -0.9271988 -0.3163062 0.2006309
vn -0.9680409 -0.1971772 0.1549768
vn -0.9278811 -0.2213647 0.3000572
vn -0.9726976 -0.1373588 -0.1870617
vn -0.9795933 0.1585087 0.1235797
vn -0.9660619 -0.09104098 -0.2417355
vn -0.9243541 -0.09746204 -0.3688776
vn -0.9912396 0.08329219 0.1025004
vn -0.9659798 -0.01338315 -0.2582709
vn -0.924293 0.01988207 -0.3811654
vn -0.9797911 0.07990292 0.183371
vn -0.8607519 0.3012302 0.4103247
vn -0.8597677 0.4303515 0.2749492
vn -0.8608528 0.1325769 0.4912797
vn -0.8590256 0.4955928 0.1283076
vn -0.9690332 0.003024461 0.2469118
vn -0.8612362 0 0.5082049
vn -0.8611217 -0.15836 0.4831061
vn -0.9660206 0.06558964 -0.2500044
vn -0.9244234 0.1352569 -0.3565768
vn -0.9663094 0.1489817 -0.2098823
vn -0.9248562 0.221348 -0.309267
vn -0.9250018 0.2929267 -0.2420035
vn -0.9625874 0.2706915 0.01231489
vn -0.8582264 0.5123147 -0.0313244
vn -0.9913563 -0.0379697 0.1255827
vn -0.967378 0.2384757 -0.08549385
vn -0.8579015 0.4873948 -0.1626384
vn -0.8572004 0.4145847 -0.3054945
vn -0.9505546 -0.1847886 0.2495978
vn -0.8607435 -0.3012441 0.4103324
vn -0.8599833 -0.3985582 0.3187163
vn -0.9902891 0.1074427 -0.08822457
vn -0.9781883 0.1197663 -0.1697165
vn -0.8566397 0.30121 -0.4188567
vn -0.8559839 0.1840347 -0.4831385
vn -0.9793796 -0.1752886 0.1004468
vn -0.8592898 -0.4788664 0.1797446
vn -0.9665569 0.2129097 -0.1429586
vn -0.925778 0.3581825 -0.1209979
vn -0.9790781 -0.1992826 0.04113937
vn -0.8586765 -0.5125001 -0.004275604
vn -0.9732741 0.2182292 -0.07150913
vn -0.9906811 -0.1358933 -0.009163192
vn -0.9624454 0.2714685 -0.001921939
vn -0.9263583 0.3766151 -0.004620423
vn -0.9266645 0.364246 0.09283258
vn -0.9786887 -0.1971018 -0.05761282
vn -0.8574608 -0.4788546 -0.1883064
vn -0.9676993 0.236903 0.08622678
vn -0.9271971 0.3163103 0.200632
vn -0.9670287 -0.2018829 -0.1552375
vn -0.8571913 -0.4145986 -0.3055014
vn -0.8566287 -0.3012274 -0.4188668
vn -0.9680416 0.1971783 0.1549714
vn -0.9278814 0.2213682 0.3000537
vn -0.9955109 -0.05325006 -0.07824571
vn -0.9683538 0.1489952 0.2002283
vn -0.9637155 0.08662508 0.2524849
vn -0.928156 0.1163683 0.353532
vn -0.9280623 0.0198779 0.3718943
vn -0.9779176 -0.07989753 -0.1931155
vn -0.8558944 -0.1325791 -0.4998676
vn -0.9730231 -0.008584494 0.230548
vn -0.9280017 -0.09744209 0.3596079
vn -0.9611533 -0.01710876 -0.2754844
vn -0.8558149 0.02704106 -0.5165749
vn -0.9779709 0.05272965 -0.2019717
vn -0.9684237 -0.09104219 0.2320925
vn -0.9683538 -0.1489928 0.2002301
vn -0.3631719 0 -0.9317221
vn -0.3628782 0.2403866 -0.9002964
vn -0.3631893 0 -0.9317154
vn -0.3628782 -0.2403866 -0.9002964
vn -0.3630186 0.3336646 -0.8699917
vn -0.3630186 -0.3336646 -0.8699917
vn -0.3640429 0.5465962 -0.7541255
vn -0.3640419 0.546593 -0.7541283
vn -0.3644369 0.7225807 -0.5874205
vn -0.3648492 0.78022 -0.5080767
vn -0.3657226 0.8681602 -0.335477
vn -0.3662042 0.8984606 -0.2422046
vn -0.3640528 -0.5465881 -0.7541267
vn -0.3640418 -0.546582 -0.7541364
vn -0.3644679 -0.7225722 -0.5874118
vn -0.3648703 -0.7802164 -0.5080671
vn -0.3657145 -0.8681657 -0.3354716
vn -0.3661618 -0.8984748 -0.2422159
vn -0.3678451 0.9298853 -0.001835559
vn -0.3678504 0.9298832 -0.001836764
vn -0.3685956 0.8984643 0.2385357
vn -0.3690451 0.8681648 0.3318067
vn -0.369899 0.7802203 0.5044116
vn -0.3702902 0.7225761 0.5837542
vn -0.3677918 -0.9299064 -0.001836794
vn -0.3677949 -0.9299051 -0.00183976
vn -0.3685422 -0.8984815 0.238553
vn -0.3690254 -0.8681722 0.331809
vn -0.3715758 0.546571 0.7504609
vn -0.3715823 0.5465702 0.7504583
vn -0.3717152 0.3336348 0.8663231
vn -0.3718714 0.2403746 0.8966224
vn -0.3705541 -0.7522966 0.5447379
vn -0.3705761 -0.7522933 0.5447276
vn -0.3709979 -0.5855749 0.7207376
vn -0.3712768 -0.5062378 0.7783809
vn -0.3717152 -0.3336348 0.8663231
vn -0.3718714 -0.2403746 0.8966224
vn -0.3724771 0 0.9280414
vn -0.3724857 0 0.9280379
vn 0.8561318 0 0.5167575
vn 0.8561253 0 0.5167684
vn 0.8562472 -0.1583674 0.4916914
vn 0.8558946 0.1325861 0.4998655
vn 0.8562453 -0.158364 0.4916959
vn 0.8559673 0.1840429 0.4831648
vn 0.8566124 -0.3012402 0.4188907
vn 0.8566015 -0.3012466 0.4189085
vn 0.8567666 -0.3985534 0.3272709
vn 0.8569917 -0.4303383 0.2835034
vn 0.8574629 -0.4788521 0.1883028
vn 0.8577083 -0.4955866 0.1368593
vn 0.8566039 0.3012452 0.4189046
vn 0.8565892 0.3012665 0.4189194
vn 0.8567616 0.398554 0.3272833
vn 0.8569928 0.4303315 0.2835102
vn 0.8574627 0.4788516 0.1883056
vn 0.8577086 0.4955855 0.1368614
vn 0.8586765 -0.5125001 0.004275604
vn 0.8586686 -0.5125134 0.004277615
vn 0.8590256 -0.4955929 -0.1283071
vn 0.8592919 -0.4788622 -0.1797449
vn 0.8586785 0.5124967 0.004275556
vn 0.8586686 0.5125134 0.004274382
vn 0.8590256 0.4955928 -0.1283076
vn 0.8592971 0.4788528 -0.1797457
vn 0.8601943 -0.4145992 -0.2969398
vn 0.8602021 -0.4145889 -0.2969317
vn 0.860202 0.414589 -0.2969318
vn 0.8602142 0.4145716 -0.2969208
vn 0.860758 -0.3012275 -0.4103142
vn 0.8607554 -0.3012338 -0.4103149
vn 0.860762 -0.1840322 -0.4745744
vn 0.8608429 -0.1325822 -0.4912957
vn 0.8609237 -0.02704289 -0.5080148
vn 0.8609233 0.02704514 -0.5080153
vn 0.8608426 0.1325831 -0.491296
vn 0.860762 0.1840303 -0.4745753
vn 0.860761 0.301222 -0.4103119
vn 0.8607555 0.3012241 -0.410322
vn 0.9663557 0.1534573 -0.2064159
vn 0.8936865 0.2529981 -0.3705624
vn 0.9660729 0.2112028 -0.148649
vn 0.9664277 0.0937916 -0.2392085
vn 0.877588 0.1250114 -0.4628299
vn 0.9665135 0.01379119 -0.2562451
vn 0.8776705 -0.02550378 -0.4785856
vn 0.9664701 -0.06758229 -0.2477262
vn 0.8775082 -0.1735064 -0.4470738
vn 0.9663029 -0.142296 -0.2145004
vn 0.8771338 -0.3044975 -0.3713724
vn 0.966037 -0.2030819 -0.1597822
vn 0.876575 -0.4057016 -0.258887
vn 0.9656807 -0.2440204 -0.08896615
vn 0.8758832 -0.4672037 -0.12062
vn 0.965282 -0.2610564 -0.00896544
vn 0.8751352 -0.4829563 0.02985895
vn 0.9649068 -0.2482894 0.08548347
vn 0.7376713 0.0357989 -0.6742103
vn 0.7375549 -0.1754598 -0.652094
vn 0.7374398 0.2435292 -0.6299811
vn 0.7371236 -0.3694983 -0.5657914
vn 0.7364157 -0.5273798 -0.4237482
vn 0.735499 -0.6336491 -0.2398544
vn 0.7344592 -0.6778927 -0.03211115
vn 0.7334141 -0.6557668 0.1790912
vn 0.7369038 0.4274134 -0.5237276
vn 0.8496798 -0.4928183 0.1875485
vn 0.7327661 -0.5487772 0.4023647
vn 0.8348187 0.4473469 -0.3208714
vn 0.7367269 0.5487835 -0.3950572
vn 0.7354898 0.6336603 -0.2398531
vn 0.8968834 -0.3606575 0.255981
vn 0.9643964 -0.2030861 0.1693979
vn 0.8924431 0.4348325 -0.120275
vn 0.9657071 0.2483048 -0.07585776
vn 0.7347622 0.6783149 0.003672361
vn 0.965305 0.2610805 0.00481224
vn 0.8900427 -0.2784785 0.3609347
vn 0.9642534 -0.1534557 0.2160251
vn 0.7314385 -0.3695064 0.5731167
vn 0.9639983 -0.09377785 0.2488235
vn 0.855613 -0.152882 0.4945235
vn 0.7315354 -0.2096041 0.6487851
vn 0.9640042 0 0.2658871
vn 0.7313746 0 0.6819759
vn 0.8755488 0.48311 0.004370173
vn 0.8746451 0.467189 0.1293467
vn 0.7330754 0.6336492 0.247162
vn 0.9647521 0.243999 0.09857977
vn 0.8565806 0.4190104 0.3011644
vn 0.732766 0.5487896 0.402348
vn 0.9643971 0.2030827 0.1693976
vn 0.731643 0.427416 0.53105
vn 0.8899487 0.252996 0.3794529
vn 0.9642554 0.1534512 0.2160194
vn 0.7311169 0.2435164 0.6373129
vn 0.9639987 0.09377832 0.2488213
vn 0.8729324 0.124995 0.4715563
vn 0.8731393 0 0.4874708
vn 0.8786048 -0.4723272 -0.0704322
vn 0.8814233 -0.4504797 -0.1419894
vn 0.7411731 -0.6454861 -0.1844182
vn 0.7076243 -0.6984254 -0.1070978
vn 0.8818096 -0.3976229 -0.25359
vn 0.3284587 -0.933139 -0.1461726
vn 0.6833931 -0.5856109 -0.4359286
vn 0.8823078 -0.298473 -0.3639326
vn 0.2153621 -0.9225398 -0.320218
vn -0.2459225 -0.9571633 -0.1528416
vn 0.7139165 -0.382771 -0.5863528
vn 0.8826659 -0.1700771 -0.4381493
vn 0.7144442 -0.1817248 -0.6756816
vn 0.8831261 0 -0.4691357
vn 0.2534443 -0.5665134 -0.7841101
vn 0.2023313 -0.7731662 -0.6010624
vn 0.2541881 -0.2961015 -0.9207129
vn -0.2972792 -0.898327 -0.3234712
vn -0.1966191 -0.8115039 -0.5502748
vn -0.2454863 -0.6097414 -0.7536258
vn -0.7100111 -0.6793744 -0.1852964
vn -0.7065269 -0.6984198 -0.114147
vn -0.8778289 -0.4723828 -0.07918967
vn -0.8795474 -0.4426621 -0.1744897
vn -0.6790854 -0.5988028 -0.4245919
vn -0.8790021 -0.3682851 -0.3028554
vn -0.7374958 -0.3783527 -0.5594187
vn -0.8789219 -0.2782647 -0.3873823
vn -0.878248 -0.1700631 -0.4469441
vn -0.2447957 -0.3474189 -0.9051934
vn -0.7075843 -0.1817548 -0.6828541
vn -0.8784102 0 -0.4779074
vn -0.2801298 -0.02330006 -0.9596794
vn -0.7080591 0 -0.7061532
vn -0.7370446 0.1881164 -0.6491359
vn -0.8784306 0.1463812 -0.4548981
vn -0.8785215 0.2580039 -0.4020374
vn 0.2897448 0.02332075 -0.9568198
vn -0.7085931 0.4041409 -0.5784168
vn -0.8790021 0.3682851 -0.3028554
vn -0.244938 0.2961032 -0.9232163
vn -0.67907 0.5988167 -0.4245968
vn -0.8795474 0.4426621 -0.1744897
vn -0.2456442 0.5664978 -0.7865998
vn 0.7150055 0 -0.6991189
vn 0.7434661 0.1881235 -0.6417693
vn 0.883004 0.1463305 -0.4459726
vn 0.8824226 0.2580849 -0.3933479
vn 0.2537665 0.3474205 -0.902719
vn 0.7142779 0.4041662 -0.5713639
vn 0.882012 0.3682231 -0.2940522
vn 0.2529972 0.6097403 -0.7511386
vn 0.6833023 0.5987831 -0.4177999
vn 0.8813203 0.4425272 -0.165663
vn -0.1963527 0.7731675 -0.6030403
vn 0.2020379 0.8115137 -0.5482938
vn 0.711842 0.6793559 -0.1782039
vn 0.8786107 0.4723166 -0.07042896
vn 0.7076333 0.6984165 -0.1070963
vn 0.3284587 0.933139 -0.1461726
vn 0.2509934 0.92199 -0.2948505
vn -0.2459217 0.957163 -0.1528448
vn -0.2475129 0.903984 -0.3486407
vn -0.7099881 0.6793959 -0.1853052
vn -0.7065269 0.6984198 -0.114147
vn -0.8778289 0.4723828 -0.07918967
vn -0.2012509 -0.6157506 -0.7618067
vn 0.003980387 -0.5985217 -0.8010967
vn 0.004461982 -0.452491 -0.8917578
vn 0.2089062 -0.6157324 -0.7597578
vn -0.3737597 -0.3784084 -0.8468238
vn -0.3953847 -0.6820681 -0.6151862
vn 0.3822014 -0.3784141 -0.843045
vn 0.4014808 -0.682031 -0.6112667
vn -0.6288716 -0.5346513 -0.5645074
vn -0.4829971 -0.7791132 -0.3996201
vn 0.004971168 -0.1133172 -0.9935464
vn -0.4254877 -0.1606472 -0.8905911
vn -0.7007579 -0.2618936 -0.6635888
vn 0.4343179 -0.1606698 -0.8863143
vn 0.7072973 -0.2619552 -0.6565896
vn -0.8582852 -0.4665469 -0.2137303
vn 0.634421 -0.5346396 -0.5582747
vn 0.4869262 -0.7790926 -0.3948642
vn 0.8603736 -0.4665508 -0.2051526
vn -0.6533673 -0.7001801 -0.2878524
vn -0.4406726 -0.8808567 -0.1729132
vn 0.6562269 -0.7001632 -0.2813143
vn 0.4423682 -0.8808706 -0.1684556
vn -0.6097666 -0.792559 0.005911543
vn -0.7046803 -0.6682037 0.238599
vn -0.2798785 -0.9600266 0.004101101
vn 0.6096758 -0.7925598 0.01201387
vn 0.7022769 -0.6681845 0.2456353
vn 0.279808 -0.9600312 0.006894045
vn -0.3628194 -0.8992465 0.2443723
vn -0.3643807 -0.7853211 0.5004972
vn -0.0004256582 -0.9964248 0.08448338
vn 0.3603678 -0.8992394 0.247999
vn 0.3593832 -0.7852768 0.5041668
vn -0.002098479 -0.906728 0.4217105
vn -0.002825021 -0.8190393 0.5737305
vn 0.8583614 0.4209234 -0.2933244
vn 0.7470206 0.5396068 -0.3883101
vn 0.7458047 0.6230686 -0.2357136
vn 0.7471956 0.4202579 -0.5148612
vn 0.8732757 0.4717428 -0.1218532
vn 0.7450929 0.6669504 0.003707643
vn 0.8898446 0.2577133 -0.3765108
vn 0.7477209 0.2394423 -0.6193391
vn 0.8749875 0.1262111 -0.4674051
vn 0.7479369 0.03519166 -0.6628363
vn 0.8750664 -0.02574796 -0.4833176
vn 0.7478282 -0.17251 -0.6410876
vn 0.874908 -0.1751831 -0.451494
vn 0.7474034 -0.3633161 -0.556228
vn 0.8745247 -0.3074737 -0.3750554
vn 0.7467121 -0.518565 -0.416547
vn 0.8739632 -0.4096657 -0.261462
vn 0.745811 -0.6230591 -0.2357187
vn 0.8732733 -0.4717481 -0.1218504
vn 0.7447951 -0.6665504 -0.03147893
vn 0.8725095 -0.4876696 0.0300901
vn 0.7437688 -0.6447939 0.1762069
vn 0.8717656 -0.4558448 0.1795277
vn 0.7431374 -0.5395727 0.3957375
vn 0.9595218 0.01509748 -0.2812295
vn 0.9594286 0.1027394 -0.262567
vn 0.9594754 -0.07401636 -0.2718979
vn 0.9592941 -0.155895 -0.2354815
vn 0.9589915 -0.2225139 -0.1755649
vn 0.9586147 -0.2673248 -0.09795562
vn 0.958177 -0.2859902 -0.01031755
vn 0.9577218 -0.2766954 0.07879481
vn 0.9593585 0.1681335 -0.2266331
vn 0.9589913 0.2225153 -0.1755638
vn 0.9586174 0.2673162 -0.09795247
vn 0.9573684 -0.231411 0.1729013
vn 0.9582072 0.2860353 0.004777771
vn 0.8715038 -0.3946528 0.2910847
vn 0.85483 -0.3083439 0.4173604
vn 0.7424082 -0.3920125 0.5432829
vn 0.9569001 -0.1558922 0.2450307
vn 0.7415337 -0.2394389 0.6267351
vn 0.8857521 -0.1273851 0.4463364
vn 0.9568507 -0.08839237 0.2768096
vn 0.7413153 -0.03518903 0.6702338
vn 0.9567803 0 0.2908119
vn 0.8474338 0.02158679 0.5304621
vn 0.7419349 0.2061028 0.6380081
vn 0.8916712 0.1297089 0.4337028
vn 0.9567655 0.1027422 0.2721099
vn 0.8860561 0.2577057 0.385347
vn 0.9570556 0.1681225 0.2361767
vn 0.7420402 0.4202477 0.5222722
vn 0.9572023 0.2225006 0.1850871
vn 0.8554015 0.4209137 0.301861
vn 0.7431312 0.539585 0.3957323
vn 0.9575818 0.267352 0.1075174
vn 0.7434361 0.623046 0.2431389
vn 0.8720108 0.4717535 0.1305594
vn 0.8729326 0.4878215 0.004339179
vn 0.000124777 0.999764 -0.02172182
vn 0.0001068916 0.9997635 -0.02174482
vn 0.0001199252 0.9997635 -0.02174505
vn 0.0001079584 0.999763 -0.02177389
vn 0.0001674103 0.9997632 -0.02176261
vn 6.787288E-05 0.9997627 -0.02178653
vn 0.0001779082 0.9997621 -0.02181366
vn 4.242166E-05 0.9997621 -0.02180975
vn 0.0001822424 0.9997619 -0.02181911
vn 9.874045E-05 0.9997646 -0.02169911
vn 0.0001087297 0.999762 -0.02181587
vn 0.0001087049 0.999763 -0.02177162
vn 3.467972E-05 0.9997619 -0.02182056
vn 3.967454E-05 0.9997621 -0.02181441
vn 5.104783E-05 0.9997632 -0.02176279
vn 9.286136E-05 0.9997641 -0.02172149
vn 0.0001078261 0.9997659 -0.02163695
vn 0.000106938 0.9997706 -0.02142062
vn 0.0001169376 0.9997645 -0.02169825
vn 0.0001750781 0.9997621 -0.02180899
vn 0.0001507811 0.9997627 -0.02178647
vn 0.0001101785 0.999763 -0.02177436
vn 9.722308E-05 0.9997635 -0.02174516
vn 0.0001068916 0.9997635 -0.02174481
vn -0.9646832 0.002048409 0.263405
vn -0.8612215 0 0.5082299
vn -0.8610969 -0.158375 0.4831453
vn -0.8608208 0.132592 0.4913318
vn -0.9755808 0.08483975 0.2025941
vn -0.8607432 0.3012353 0.4103395
vn -0.9878105 -0.04682464 0.1484512
vn -0.9464829 -0.1919452 0.2594749
vn -0.9670721 0.1472842 -0.2075545
vn -0.8607435 -0.3012352 0.4103388
vn -0.8599833 -0.398557 0.3187178
vn -0.9751409 -0.1905569 0.1130859
vn -0.8592899 -0.4788648 0.1797477
vn -0.9667907 0.06485102 -0.2472043
vn -0.9748143 -0.2176933 0.04844328
vn -0.8586708 -0.5125096 -0.00428352
vn -0.9667503 -0.01323042 -0.2553796
vn -0.9673198 0.2104757 -0.1413945
vn -0.9876854 0.09655588 0.1231028
vn -0.9668312 -0.09000964 -0.2390308
vn -0.975321 0.1738874 0.1360594
vn -0.8597676 0.4303495 0.2749528
vn -0.9751121 -0.1302368 -0.1794289
vn -0.9750163 0.208931 0.0754391
vn -0.8590249 0.4955935 0.1283091
vn -0.9609635 -0.2227123 -0.1641596
vn -0.7806889 -0.3654557 -0.5069191
vn -0.6891378 -0.2368483 -0.6848299
vn -0.9746748 0.2235193 0.006943872
vn -0.858218 0.512328 -0.03133392
vn -0.9676759 -0.2423847 -0.06966385
vn -0.9629295 0.2544276 -0.08962803
vn -0.8578715 0.4874429 -0.1626525
vn -0.8571878 0.414603 -0.3055053
vn -0.6457064 0.01001172 -0.7635202
vn -0.9680628 -0.2505674 0.008393265
vn -0.6887475 0.2589248 -0.6771889
vn -0.690819 -0.6737444 -0.2623695
vn -0.6494363 -0.7603006 -0.01324966
vn -0.6290151 -0.6082681 -0.484097
vn -0.3640438 -0.5465817 -0.7541357
vn -0.362878 -0.2403749 -0.9002997
vn -0.3648321 -0.780226 -0.5080796
vn -0.3631893 0 -0.9317154
vn -0.3661366 -0.8984848 -0.242217
vn -0.362878 0.2403749 -0.9002997
vn -0.367795 -0.9299051 -0.001828426
vn -0.3685422 -0.8984815 0.238553
vn -0.3640438 0.5465817 -0.7541357
vn -0.6937278 -0.6813739 0.2333909
vn -0.370522 -0.752306 0.5447468
vn -0.689698 0.4239688 -0.5869985
vn -0.6898527 0.5607486 -0.4578912
vn -0.3648419 0.7802262 -0.5080723
vn -0.6908308 0.6737344 -0.2623637
vn -0.36619 0.8984675 -0.2422002
vn -0.9684493 -0.2342011 0.08518177
vn -0.7506452 -0.5443265 0.374487
vn -0.9676761 0.2423835 -0.06966548
vn -0.6494671 0.7602742 -0.01325167
vn -0.3678505 0.9298832 -0.001828703
vn -0.3685956 0.8984643 0.2385357
vn -0.9865698 0.1280063 -0.1014616
vn -0.973784 0.1313819 -0.1856975
vn -0.8566144 0.3012299 -0.4188941
vn -0.855983 0.1840364 -0.4831394
vn -0.9687876 -0.1949272 0.1531468
vn -0.6937333 0.681366 0.2333975
vn -0.3698775 0.7802268 0.5044173
vn -0.9680635 0.2505646 0.008396593
vn -0.7357987 -0.4177782 0.5329744
vn -0.3712252 -0.5062634 0.7783889
vn -0.6947049 0.5748442 0.4323646
vn -0.3715273 0.5465925 0.7504693
vn -0.9690974 -0.1472876 0.1978803
vn -0.6350299 -0.2694662 0.7239648
vn -0.3718572 -0.2403711 0.8966292
vn -0.9630554 -0.08650244 0.2550327
vn -0.6533037 -0.01001025 0.7570298
vn -0.3724857 0 0.9280379
vn -0.3718572 0.2403711 0.8966292
vn -0.6959415 0.2368508 0.6779138
vn -0.9735395 0.05784945 -0.2210756
vn -0.8558186 0.02705266 -0.5165682
vn -0.9749347 0.009358645 0.2222944
vn -0.9566994 -0.01699641 -0.290581
vn -0.8559117 -0.1325853 -0.4998364
vn -0.9735188 -0.08483732 -0.2122824
vn -0.8566208 -0.3012314 -0.41888
vn -0.7857113 0.3654635 0.4990932
vn -0.9691694 0.09000253 0.2293689
vn -0.9925159 -0.06940077 -0.1004779
vn -0.9690974 0.1472876 0.1978803
vn -0.9687892 0.1949252 0.1531398
vn -0.9625574 -0.215767 -0.1640969
vn -0.8571913 -0.4145986 -0.3055014
vn -0.857443 -0.4788828 -0.1883157
vn -0.9684485 0.2342019 0.08518802
vn -0.9743271 -0.2162262 -0.06271191
vn -0.9870347 -0.1603179 -0.007782222
vn 0.8561218 0 0.5167742
vn 0.856122 0 0.5167738
vn 0.8562464 -0.1583672 0.4916929
vn 0.8558906 0.1325885 0.4998715
vn 0.8562453 -0.1583693 0.4916941
vn 0.8559753 0.1840298 0.4831555
vn 0.8566095 -0.3012375 0.4188988
vn 0.8566144 -0.3012337 0.4188914
vn 0.8567475 -0.3985789 0.3272897
vn 0.8569702 -0.4303681 0.2835229
vn 0.8574522 -0.4788691 0.1883086
vn 0.8577175 -0.495572 0.1368545
vn 0.8566098 0.3012332 0.4189014
vn 0.8566144 0.3012263 0.4188968
vn 0.8567487 0.3985808 0.3272843
vn 0.8569696 0.4303742 0.2835156
vn 0.8574507 0.4788733 0.1883049
vn 0.8577169 0.4955696 0.1368669
vn 0.8586843 -0.512487 0.004280858
vn 0.8586939 -0.5124709 0.004289511
vn 0.8590178 -0.495603 -0.1283198
vn 0.8592749 -0.4788842 -0.1797678
vn 0.8586841 0.5124875 0.004280611
vn 0.858694 0.512471 0.004275938
vn 0.8590155 0.4956088 -0.128313
vn 0.8592815 0.4788779 -0.1797537
vn 0.8601872 -0.4146064 -0.2969503
vn 0.8602021 -0.4145889 -0.2969317
vn 0.8601958 0.4145949 -0.2969417
vn 0.8602142 0.4145643 -0.2969309
vn 0.860758 -0.3012275 -0.4103142
vn 0.8607554 -0.3012338 -0.4103149
vn 0.860762 -0.1840322 -0.4745744
vn 0.860846 -0.1325843 -0.4912898
vn 0.8609305 -0.02704589 -0.5080032
vn 0.8609307 0.02704504 -0.508003
vn 0.8608461 0.132585 -0.4912893
vn 0.8607619 0.1840331 -0.4745743
vn 0.860761 0.301222 -0.4103119
vn 0.8607555 0.3012241 -0.410322
vn 7.743763E-06 0.9997641 -0.02171784
vn -0.0002441403 0.9997634 -0.02174657
vn -5.559081E-05 0.9997635 -0.02174592
vn -9.028363E-06 0.9997628 -0.02177904
vn 0.0001674103 0.9997632 -0.02176261
vn 6.787534E-05 0.9997627 -0.02178653
vn 0.0001779082 0.9997621 -0.02181366
vn 4.242187E-05 0.9997621 -0.02180976
vn 0.0001822424 0.9997619 -0.02181911
vn 9.875567E-05 0.9997646 -0.02169908
vn 0.0001087297 0.999762 -0.02181587
vn 0.0001087049 0.999763 -0.02177162
vn 3.467972E-05 0.9997619 -0.02182056
vn 3.752549E-05 0.999762 -0.02181578
vn 4.636123E-05 0.9997631 -0.02176486
vn 0.0002052195 0.9997641 -0.02171898
vn 0.0001078392 0.9997659 -0.02163694
vn 0.0001069675 0.9997706 -0.02142058
vn 0.0001169409 0.9997645 -0.02169826
vn 0.0001750901 0.9997621 -0.021809
vn 0.0001508051 0.9997627 -0.02178649
vn 0.0002272892 0.9997628 -0.02177835
vn 0.0002709275 0.9997635 -0.02174524
vn 0.0004580887 0.9997635 -0.02174394
vn 0.3354628 0.8717161 -0.3571776
vn 0.4413957 0.8724258 -0.2098641
vn 0.360234 0.9170039 -0.1712757
vn 0.4887584 0.8717282 -0.03471387
vn 0.1225226 0.9763307 -0.1782317
vn 0.147317 0.8716751 -0.4674187
vn 0.2517681 0.9675722 0.02041692
vn 0.4554978 0.8716841 0.1808001
vn 0.2613679 0.953029 0.1530447
vn 0.3319443 0.8716828 0.3605301
vn -0.06981178 0.9921499 -0.1037535
vn 0.1410162 0.9675691 0.2095819
vn -0.05483599 0.9677412 -0.2459064
vn -0.1064364 0.8722733 -0.4772951
vn 0.1064364 0.8722733 0.4772951
vn 0.05750733 0.9265179 -0.3718299
vn -0.3318943 0.8717181 -0.3604909
vn -0.3585285 0.9169956 -0.1748613
vn -0.4393331 0.8723956 -0.2142716
vn -0.4883995 0.8717217 -0.03958826
vn -0.3021317 0.9530244 0.0214702
vn -0.4573046 0.8716689 0.1762546
vn -0.2629035 0.9530213 0.1504399
vn -0.3355412 0.8716651 0.3572284
vn -0.1715898 0.9530228 0.2496086
vn -0.1473225 0.8716754 0.4674163
vn -0.03861113 0.9675685 0.2496407
vn 0.07291888 0.9422079 0.3269972
g MaterialSlot_0
usemtl MaterialSlot_0
f 1/1/1 3/3/3 2/2/2
f 4/4/4 6/6/6 5/5/5
f 7/7/7 9/9/9 8/8/8
f 10/10/10 11/11/11 8/8/8
f 11/11/11 10/10/10 12/12/12
f 13/13/13 15/15/15 14/14/14
f 16/16/16 17/17/17 13/13/13
f 17/17/17 16/16/16 18/18/18
f 19/19/19 18/18/18 16/16/16
f 20/20/20 22/22/22 21/21/21
f 23/23/23 25/25/25 24/24/24
f 26/26/26 28/28/28 27/27/27
f 28/28/28 26/26/26 29/29/29
f 30/30/30 28/28/28 29/29/29
f 28/28/28 30/30/30 31/31/31
f 26/26/26 32/32/32 29/29/29
f 32/32/32 26/26/26 33/33/33
f 34/34/34 31/31/31 30/30/30
f 31/31/31 34/34/34 35/35/35
f 29/29/29 36/36/36 30/30/30
f 36/36/36 34/34/34 30/30/30
f 36/36/36 29/29/29 32/32/32
f 34/34/34 36/36/36 37/37/37
f 38/38/38 37/37/37 36/36/36
f 32/32/32 38/38/38 36/36/36
f 37/37/37 38/38/38 39/39/39
f 38/38/38 32/32/32 40/40/40
f 33/33/33 40/40/40 32/32/32
f 40/40/40 33/33/33 41/41/41
f 42/42/42 44/44/44 43/43/43
f 44/44/44 42/42/42 45/45/45
f 46/46/46 44/44/44 45/45/45
f 46/46/46 47/47/47 44/44/44
f 45/45/45 42/42/42 48/48/48
f 48/48/48 42/42/42 49/49/49
f 50/50/50 47/47/47 46/46/46
f 50/50/50 51/51/51 47/47/47
f 52/52/52 50/50/50 46/46/46
f 46/46/46 45/45/45 53/53/53
f 53/53/53 45/45/45 48/48/48
f 52/52/52 46/46/46 53/53/53
f 54/54/54 48/48/48 49/49/49
f 54/54/54 53/53/53 48/48/48
f 54/54/54 49/49/49 55/55/55
f 53/53/53 54/54/54 56/56/56
f 56/56/56 52/52/52 53/53/53
f 52/52/52 56/56/56 57/57/57
f 58/58/58 60/60/60 59/59/59
f 58/58/58 59/59/59 61/61/61
f 62/62/62 58/58/58 61/61/61
f 62/62/62 61/61/61 63/63/63
f 64/64/64 62/62/62 63/63/63
f 62/62/62 64/64/64 65/65/65
f 66/66/66 68/68/68 67/67/67
f 68/68/68 66/66/66 69/69/69
f 70/70/70 68/68/68 69/69/69
f 68/68/68 70/70/70 71/71/71
f 72/72/72 71/71/71 70/70/70
f 71/71/71 72/72/72 73/73/73
f 74/74/74 76/76/76 75/75/75
f 75/75/75 77/77/77 74/74/74
f 77/77/77 78/78/78 74/74/74
f 78/78/78 77/77/77 79/79/79
f 80/80/80 78/78/78 79/79/79
f 78/78/78 80/80/80 81/81/81
f 82/82/82 84/84/84 83/83/83
f 83/83/83 85/85/85 82/82/82
f 86/86/86 82/82/82 85/85/85
f 85/85/85 87/87/87 86/86/86
f 88/88/88 86/86/86 87/87/87
f 86/86/86 88/88/88 89/89/89
f 90/90/90 92/92/92 91/91/91
f 92/92/92 90/90/90 93/93/93
f 90/90/90 94/94/94 93/93/93
f 94/94/94 90/90/90 95/95/95
f 95/95/95 96/96/96 94/94/94
f 96/96/96 95/95/95 97/97/97
f 97/97/97 98/98/98 96/96/96
f 98/98/98 97/97/97 99/99/99
f 99/99/99 100/100/100 98/98/98
f 100/100/100 99/99/99 101/101/101
f 100/100/100 101/101/101 102/102/102
f 102/102/102 103/103/103 100/100/100
f 102/102/102 104/104/104 103/103/103
f 104/104/104 102/102/102 105/105/105
f 104/104/104 105/105/105 106/106/106
f 106/106/106 107/107/107 104/104/104
f 107/107/107 106/106/106 108/108/108
f 108/108/108 109/109/109 107/107/107
f 109/109/109 108/108/108 110/110/110
f 110/110/110 111/111/111 109/109/109
f 111/111/111 110/110/110 112/112/112
f 112/112/112 113/113/113 111/111/111
f 112/112/112 114/114/114 113/113/113
f 114/114/114 112/112/112 115/115/115
f 116/116/116 118/118/118 117/117/117
f 118/118/118 116/116/116 119/119/119
f 119/119/119 120/120/120 118/118/118
f 121/121/121 119/119/119 116/116/116
f 120/120/120 119/119/119 122/122/122
f 122/122/122 123/123/123 120/120/120
f 119/119/119 121/121/121 124/124/124
f 125/125/125 124/124/124 121/121/121
f 123/123/123 122/122/122 126/126/126
f 126/126/126 127/127/127 123/123/123
f 119/119/119 128/128/128 122/122/122
f 128/128/128 119/119/119 124/124/124
f 127/127/127 126/126/126 129/129/129
f 129/129/129 130/130/130 127/127/127
f 122/122/122 131/131/131 126/126/126
f 131/131/131 122/122/122 128/128/128
f 130/130/130 129/129/129 132/132/132
f 132/132/132 133/133/133 130/130/130
f 126/126/126 134/134/134 129/129/129
f 134/134/134 126/126/126 131/131/131
f 129/129/129 135/135/135 132/132/132
f 135/135/135 129/129/129 134/134/134
f 134/134/134 136/136/136 135/135/135
f 133/133/133 132/132/132 137/137/137
f 135/135/135 137/137/137 132/132/132
f 131/131/131 138/138/138 134/134/134
f 136/136/136 134/134/134 138/138/138
f 128/128/128 139/139/139 131/131/131
f 138/138/138 131/131/131 139/139/139
f 133/133/133 137/137/137 140/140/140
f 140/140/140 141/141/141 133/133/133
f 137/137/137 135/135/135 142/142/142
f 136/136/136 142/142/142 135/135/135
f 141/141/141 140/140/140 143/143/143
f 143/143/143 144/144/144 141/141/141
f 145/145/145 140/140/140 137/137/137
f 137/137/137 142/142/142 145/145/145
f 145/145/145 143/143/143 140/140/140
f 146/146/146 145/145/145 142/142/142
f 147/147/147 144/144/144 143/143/143
f 144/144/144 147/147/147 148/148/148
f 143/143/143 145/145/145 149/149/149
f 146/146/146 149/149/149 145/145/145
f 149/149/149 147/147/147 143/143/143
f 150/150/150 148/148/148 147/147/147
f 148/148/148 150/150/150 151/151/151
f 147/147/147 149/149/149 152/152/152
f 152/152/152 150/150/150 147/147/147
f 153/153/153 151/151/151 150/150/150
f 151/151/151 153/153/153 154/154/154
f 155/155/155 154/154/154 153/153/153
f 154/154/154 155/155/155 156/156/156
f 153/153/153 157/157/157 155/155/155
f 158/158/158 153/153/153 150/150/150
f 150/150/150 152/152/152 158/158/158
f 157/157/157 153/153/153 159/159/159
f 153/153/153 158/158/158 159/159/159
f 159/159/159 160/160/160 157/157/157
f 161/161/161 152/152/152 149/149/149
f 149/149/149 146/146/146 161/161/161
f 162/162/162 158/158/158 152/152/152
f 152/152/152 161/161/161 162/162/162
f 163/163/163 159/159/159 158/158/158
f 158/158/158 162/162/162 163/163/163
f 160/160/160 159/159/159 164/164/164
f 159/159/159 163/163/163 164/164/164
f 165/165/165 160/160/160 164/164/164
f 163/163/163 165/165/165 164/164/164
f 160/160/160 165/165/165 166/166/166
f 162/162/162 167/167/167 163/163/163
f 165/165/165 163/163/163 167/167/167
f 168/168/168 166/166/166 165/165/165
f 166/166/166 168/168/168 169/169/169
f 165/165/165 170/170/170 168/168/168
f 170/170/170 165/165/165 167/167/167
f 167/167/167 171/171/171 170/170/170
f 167/167/167 162/162/162 172/172/172
f 171/171/171 167/167/167 172/172/172
f 161/161/161 172/172/172 162/162/162
f 172/172/172 173/173/173 171/171/171
f 172/172/172 161/161/161 174/174/174
f 173/173/173 172/172/172 174/174/174
f 174/174/174 175/175/175 173/173/173
f 146/146/146 174/174/174 161/161/161
f 175/175/175 174/174/174 176/176/176
f 174/174/174 146/146/146 176/176/176
f 176/176/176 177/177/177 175/175/175
f 146/146/146 178/178/178 176/176/176
f 177/177/177 176/176/176 178/178/178
f 178/178/178 146/146/146 179/179/179
f 142/142/142 179/179/179 146/146/146
f 142/142/142 136/136/136 179/179/179
f 179/179/179 136/136/136 178/178/178
f 177/177/177 178/178/178 180/180/180
f 136/136/136 180/180/180 178/178/178
f 180/180/180 181/181/181 177/177/177
f 136/136/136 182/182/182 180/180/180
f 182/182/182 181/181/181 180/180/180
f 182/182/182 136/136/136 138/138/138
f 182/182/182 183/183/183 181/181/181
f 138/138/138 184/184/184 182/182/182
f 184/184/184 183/183/183 182/182/182
f 184/184/184 185/185/185 183/183/183
f 184/184/184 138/138/138 139/139/139
f 186/186/186 185/185/185 184/184/184
f 139/139/139 186/186/186 184/184/184
f 186/186/186 187/187/187 185/185/185
f 186/186/186 139/139/139 188/188/188
f 139/139/139 128/128/128 188/188/188
f 124/124/124 188/188/188 128/128/128
f 189/189/189 187/187/187 186/186/186
f 188/188/188 189/189/189 186/186/186
f 189/189/189 190/190/190 187/187/187
f 188/188/188 124/124/124 191/191/191
f 189/189/189 188/188/188 191/191/191
f 124/124/124 125/125/125 191/191/191
f 191/191/191 125/125/125 189/189/189
f 125/125/125 192/192/192 189/189/189
f 190/190/190 189/189/189 192/192/192
f 192/192/192 193/193/193 190/190/190
f 194/194/194 196/196/196 195/195/195
f 195/195/195 197/197/197 194/194/194
f 198/198/198 194/194/194 197/197/197
f 195/195/195 199/199/199 197/197/197
f 199/199/199 195/195/195 200/200/200
f 199/199/199 200/200/200 201/201/201
f 197/197/197 202/202/202 198/198/198
f 202/202/202 197/197/197 199/199/199
f 203/203/203 198/198/198 202/202/202
f 201/201/201 204/204/204 199/199/199
f 204/204/204 201/201/201 205/205/205
f 202/202/202 206/206/206 203/203/203
f 207/207/207 203/203/203 206/206/206
f 199/199/199 208/208/208 202/202/202
f 208/208/208 199/199/199 204/204/204
f 206/206/206 202/202/202 208/208/208
f 205/205/205 209/209/209 204/204/204
f 209/209/209 205/205/205 210/210/210
f 204/204/204 211/211/211 208/208/208
f 211/211/211 204/204/204 209/209/209
f 210/210/210 212/212/212 209/209/209
f 212/212/212 210/210/210 213/213/213
f 206/206/206 214/214/214 207/207/207
f 215/215/215 207/207/207 214/214/214
f 208/208/208 216/216/216 206/206/206
f 216/216/216 208/208/208 211/211/211
f 209/209/209 217/217/217 211/211/211
f 217/217/217 209/209/209 212/212/212
f 214/214/214 218/218/218 215/215/215
f 219/219/219 215/215/215 218/218/218
f 206/206/206 220/220/220 214/214/214
f 220/220/220 206/206/206 216/216/216
f 211/211/211 221/221/221 216/216/216
f 221/221/221 211/211/211 217/217/217
f 218/218/218 222/222/222 219/219/219
f 223/223/223 219/219/219 222/222/222
f 214/214/214 224/224/224 218/218/218
f 224/224/224 214/214/214 220/220/220
f 222/222/222 218/218/218 224/224/224
f 216/216/216 225/225/225 220/220/220
f 225/225/225 216/216/216 221/221/221
f 222/222/222 226/226/226 223/223/223
f 227/227/227 223/223/223 226/226/226
f 224/224/224 228/228/228 222/222/222
f 226/226/226 222/222/222 228/228/228
f 220/220/220 229/229/229 224/224/224
f 229/229/229 220/220/220 225/225/225
f 228/228/228 224/224/224 229/229/229
f 226/226/226 230/230/230 227/227/227
f 231/231/231 227/227/227 230/230/230
f 230/230/230 232/232/232 231/231/231
f 230/230/230 226/226/226 233/233/233
f 228/228/228 233/233/233 226/226/226
f 232/232/232 230/230/230 234/234/234
f 233/233/233 234/234/234 230/230/230
f 234/234/234 235/235/235 232/232/232
f 235/235/235 234/234/234 236/236/236
f 233/233/233 236/236/236 234/234/234
f 236/236/236 237/237/237 235/235/235
f 228/228/228 238/238/238 233/233/233
f 236/236/236 233/233/233 238/238/238
f 229/229/229 239/239/239 228/228/228
f 238/238/238 228/228/228 239/239/239
f 237/237/237 236/236/236 240/240/240
f 240/240/240 241/241/241 237/237/237
f 236/236/236 238/238/238 242/242/242
f 239/239/239 242/242/242 238/238/238
f 242/242/242 240/240/240 236/236/236
f 239/239/239 229/229/229 243/243/243
f 225/225/225 243/243/243 229/229/229
f 241/241/241 240/240/240 244/244/244
f 244/244/244 245/245/245 241/241/241
f 240/240/240 242/242/242 246/246/246
f 246/246/246 244/244/244 240/240/240
f 242/242/242 239/239/239 247/247/247
f 243/243/243 247/247/247 239/239/239
f 243/243/243 225/225/225 248/248/248
f 221/221/221 248/248/248 225/225/225
f 245/245/245 244/244/244 249/249/249
f 249/249/249 250/250/250 245/245/245
f 249/249/249 251/251/251 250/250/250
f 242/242/242 247/247/247 252/252/252
f 252/252/252 246/246/246 242/242/242
f 247/247/247 243/243/243 253/253/253
f 248/248/248 253/253/253 243/243/243
f 253/253/253 252/252/252 247/247/247
f 248/248/248 221/221/221 254/254/254
f 217/217/217 254/254/254 221/221/221
f 255/255/255 249/249/249 244/244/244
f 244/244/244 246/246/246 255/255/255
f 251/251/251 249/249/249 256/256/256
f 255/255/255 256/256/256 249/249/249
f 256/256/256 257/257/257 251/251/251
f 246/246/246 252/252/252 258/258/258
f 258/258/258 255/255/255 246/246/246
f 257/257/257 256/256/256 259/259/259
f 259/259/259 260/260/260 257/257/257
f 256/256/256 255/255/255 261/261/261
f 258/258/258 261/261/261 255/255/255
f 261/261/261 259/259/259 256/256/256
f 262/262/262 258/258/258 252/252/252
f 252/252/252 253/253/253 262/262/262
f 260/260/260 259/259/259 263/263/263
f 263/263/263 264/264/264 260/260/260
f 259/259/259 261/261/261 265/265/265
f 265/265/265 263/263/263 259/259/259
f 261/261/261 258/258/258 266/266/266
f 262/262/262 266/266/266 258/258/258
f 266/266/266 265/265/265 261/261/261
f 264/264/264 263/263/263 267/267/267
f 267/267/267 268/268/268 264/264/264
f 268/268/268 267/267/267 269/269/269
f 269/269/269 270/270/270 268/268/268
f 270/270/270 269/269/269 271/271/271
f 272/272/272 267/267/267 263/263/263
f 272/272/272 269/269/269 267/267/267
f 273/273/273 271/271/271 269/269/269
f 269/269/269 272/272/272 273/273/273
f 271/271/271 273/273/273 274/274/274
f 263/263/263 275/275/275 272/272/272
f 263/263/263 265/265/265 275/275/275
f 276/276/276 274/274/274 273/273/273
f 274/274/274 276/276/276 277/277/277
f 278/278/278 273/273/273 272/272/272
f 278/278/278 272/272/272 275/275/275
f 273/273/273 278/278/278 276/276/276
f 279/279/279 275/275/275 265/265/265
f 275/275/275 279/279/279 278/278/278
f 280/280/280 277/277/277 276/276/276
f 277/277/277 280/280/280 281/281/281
f 282/282/282 276/276/276 278/278/278
f 276/276/276 282/282/282 280/280/280
f 283/283/283 281/281/281 280/280/280
f 283/283/283 280/280/280 282/282/282
f 281/281/281 283/283/283 284/284/284
f 278/278/278 285/285/285 282/282/282
f 285/285/285 278/278/278 279/279/279
f 265/265/265 286/286/286 279/279/279
f 265/265/265 266/266/266 286/286/286
f 287/287/287 284/284/284 283/283/283
f 284/284/284 287/287/287 288/288/288
f 282/282/282 289/289/289 283/283/283
f 289/289/289 282/282/282 285/285/285
f 287/287/287 283/283/283 289/289/289
f 279/279/279 290/290/290 285/285/285
f 290/290/290 279/279/279 286/286/286
f 291/291/291 286/286/286 266/266/266
f 286/286/286 291/291/291 290/290/290
f 266/266/266 262/262/262 291/291/291
f 285/285/285 292/292/292 289/289/289
f 292/292/292 285/285/285 290/290/290
f 293/293/293 288/288/288 287/287/287
f 288/288/288 293/293/293 294/294/294
f 289/289/289 295/295/295 287/287/287
f 295/295/295 289/289/289 292/292/292
f 290/290/290 296/296/296 292/292/292
f 296/296/296 290/290/290 291/291/291
f 297/297/297 291/291/291 262/262/262
f 297/297/297 262/262/262 253/253/253
f 298/298/298 294/294/294 293/293/293
f 294/294/294 298/298/298 299/299/299
f 287/287/287 300/300/300 293/293/293
f 300/300/300 287/287/287 295/295/295
f 292/292/292 301/301/301 295/295/295
f 301/301/301 292/292/292 296/296/296
f 291/291/291 302/302/302 296/296/296
f 291/291/291 297/297/297 302/302/302
f 253/253/253 303/303/303 297/297/297
f 253/253/253 248/248/248 303/303/303
f 254/254/254 303/303/303 248/248/248
f 304/304/304 299/299/299 298/298/298
f 299/299/299 304/304/304 305/305/305
f 304/304/304 298/298/298 306/306/306
f 306/306/306 307/307/307 304/304/304
f 293/293/293 306/306/306 298/298/298
f 306/306/306 308/308/308 307/307/307
f 306/306/306 293/293/293 300/300/300
f 308/308/308 306/306/306 309/309/309
f 300/300/300 309/309/309 306/306/306
f 309/309/309 310/310/310 308/308/308
f 311/311/311 297/297/297 303/303/303
f 311/311/311 302/302/302 297/297/297
f 309/309/309 300/300/300 312/312/312
f 295/295/295 312/312/312 300/300/300
f 312/312/312 295/295/295 301/301/301
f 310/310/310 309/309/309 313/313/313
f 312/312/312 313/313/313 309/309/309
f 313/313/313 314/314/314 310/310/310
f 301/301/301 315/315/315 312/312/312
f 313/313/313 312/312/312 315/315/315
f 314/314/314 313/313/313 316/316/316
f 315/315/315 316/316/316 313/313/313
f 316/316/316 213/213/213 314/314/314
f 315/315/315 301/301/301 317/317/317
f 296/296/296 317/317/317 301/301/301
f 317/317/317 296/296/296 302/302/302
f 316/316/316 315/315/315 318/318/318
f 317/317/317 318/318/318 315/315/315
f 213/213/213 316/316/316 319/319/319
f 318/318/318 319/319/319 316/316/316
f 213/213/213 319/319/319 212/212/212
f 302/302/302 320/320/320 317/317/317
f 318/318/318 317/317/317 320/320/320
f 302/302/302 311/311/311 320/320/320
f 320/320/320 321/321/321 318/318/318
f 319/319/319 318/318/318 321/321/321
f 321/321/321 320/320/320 311/311/311
f 322/322/322 212/212/212 319/319/319
f 319/319/319 321/321/321 322/322/322
f 212/212/212 322/322/322 217/217/217
f 254/254/254 217/217/217 322/322/322
f 321/321/321 311/311/311 323/323/323
f 323/323/323 322/322/322 321/321/321
f 322/322/322 323/323/323 254/254/254
f 303/303/303 323/323/323 311/311/311
f 303/303/303 254/254/254 323/323/323
f 324/324/324 326/326/326 325/325/325
f 326/326/326 324/324/324 327/327/327
f 327/327/327 324/324/324 328/328/328
f 329/329/329 328/328/328 324/324/324
f 328/328/328 329/329/329 330/330/330
f 331/331/331 330/330/330 329/329/329
f 332/332/332 330/330/330 331/331/331
f 330/330/330 332/332/332 333/333/333
f 334/334/334 333/333/333 332/332/332
f 333/333/333 334/334/334 335/335/335
f 336/336/336 335/335/335 334/334/334
f 335/335/335 336/336/336 337/337/337
f 337/337/337 336/336/336 338/338/338
f 338/338/338 336/336/336 339/339/339
f 339/339/339 340/340/340 338/338/338
f 340/340/340 339/339/339 341/341/341
f 341/341/341 342/342/342 340/340/340
f 342/342/342 341/341/341 343/343/343
f 344/344/344 342/342/342 343/343/343
f 342/342/342 344/344/344 345/345/345
f 346/346/346 345/345/345 344/344/344
f 345/345/345 346/346/346 347/347/347
f 346/346/346 348/348/348 347/347/347
f 349/349/349 348/348/348 346/346/346
f 350/350/350 352/352/352 351/351/351
f 352/352/352 350/350/350 353/353/353
f 353/353/353 354/354/354 352/352/352
f 355/355/355 353/353/353 350/350/350
f 354/354/354 353/353/353 356/356/356
f 353/353/353 355/355/355 357/357/357
f 357/357/357 356/356/356 353/353/353
f 356/356/356 357/357/357 358/358/358
f 359/359/359 357/357/357 355/355/355
f 360/360/360 358/358/358 357/357/357
f 357/357/357 359/359/359 361/361/361
f 357/357/357 361/361/361 360/360/360
f 362/362/362 361/361/361 359/359/359
f 363/363/363 360/360/360 361/361/361
f 361/361/361 362/362/362 363/363/363
f 360/360/360 363/363/363 364/364/364
f 365/365/365 363/363/363 362/362/362
f 366/366/366 364/364/364 363/363/363
f 363/363/363 365/365/365 366/366/366
f 364/364/364 366/366/366 367/367/367
f 368/368/368 366/366/366 365/365/365
f 369/369/369 367/367/367 366/366/366
f 366/366/366 368/368/368 370/370/370
f 366/366/366 370/370/370 369/369/369
f 371/371/371 370/370/370 368/368/368
f 371/371/371 369/369/369 370/370/370
f 369/369/369 371/371/371 372/372/372
f 371/371/371 368/368/368 373/373/373
f 371/371/371 374/374/374 372/372/372
f 373/373/373 375/375/375 371/371/371
f 371/371/371 375/375/375 374/374/374
f 375/375/375 373/373/373 376/376/376
f 375/375/375 377/377/377 374/374/374
f 376/376/376 378/378/378 375/375/375
f 377/377/377 375/375/375 378/378/378
f 376/376/376 379/379/379 378/378/378
f 380/380/380 377/377/377 378/378/378
f 380/380/380 378/378/378 379/379/379
f 377/377/377 380/380/380 381/381/381
f 380/380/380 379/379/379 382/382/382
f 380/380/380 383/383/383 381/381/381
f 384/384/384 380/380/380 382/382/382
f 383/383/383 380/380/380 384/384/384
f 384/384/384 385/385/385 383/383/383
f 384/384/384 382/382/382 386/386/386
f 385/385/385 384/384/384 387/387/387
f 386/386/386 387/387/387 384/384/384
f 387/387/387 386/386/386 388/388/388
f 389/389/389 391/391/391 390/390/390
f 391/391/391 389/389/389 392/392/392
f 389/389/389 393/393/393 392/392/392
f 393/393/393 389/389/389 394/394/394
f 394/394/394 389/389/389 395/395/395
f 394/394/394 395/395/395 396/396/396
f 389/389/389 397/397/397 395/395/395
f 397/397/397 389/389/389 398/398/398
f 389/389/389 399/399/399 398/398/398
f 399/399/399 389/389/389 400/400/400
f 401/401/401 403/403/403 402/402/402
f 403/403/403 401/401/401 404/404/404
f 404/404/404 405/405/405 403/403/403
f 405/405/405 404/404/404 406/406/406
f 407/407/407 403/403/403 405/405/405
f 407/407/407 405/405/405 408/408/408
f 403/403/403 407/407/407 409/409/409
f 409/409/409 407/407/407 410/410/410
f 411/411/411 403/403/403 409/409/409
f 403/403/403 411/411/411 412/412/412
f 413/413/413 415/415/415 414/414/414
f 415/415/415 413/413/413 416/416/416
f 416/416/416 413/413/413 417/417/417
f 418/418/418 417/417/417 413/413/413
f 417/417/417 418/418/418 419/419/419
f 420/420/420 419/419/419 418/418/418
f 421/421/421 419/419/419 420/420/420
f 419/419/419 421/421/421 422/422/422
f 423/423/423 422/422/422 421/421/421
f 422/422/422 423/423/423 424/424/424
f 425/425/425 424/424/424 423/423/423
f 424/424/424 425/425/425 426/426/426
f 426/426/426 425/425/425 427/427/427
f 427/427/427 425/425/425 428/428/428
f 428/428/428 429/429/429 427/427/427
f 429/429/429 428/428/428 430/430/430
f 430/430/430 431/431/431 429/429/429
f 431/431/431 430/430/430 432/432/432
f 433/433/433 431/431/431 432/432/432
f 431/431/431 433/433/433 434/434/434
f 435/435/435 434/434/434 433/433/433
f 434/434/434 435/435/435 436/436/436
f 435/435/435 437/437/437 436/436/436
f 438/438/438 437/437/437 435/435/435
f 439/439/439 441/441/441 440/440/440
f 441/441/441 439/439/439 442/442/442
f 442/442/442 443/443/443 441/441/441
f 444/444/444 442/442/442 439/439/439
f 443/443/443 442/442/442 445/445/445
f 442/442/442 444/444/444 446/446/446
f 446/446/446 445/445/445 442/442/442
f 445/445/445 446/446/446 447/447/447
f 448/448/448 446/446/446 444/444/444
f 449/449/449 447/447/447 446/446/446
f 446/446/446 448/448/448 450/450/450
f 446/446/446 450/450/450 449/449/449
f 451/451/451 450/450/450 448/448/448
f 452/452/452 449/449/449 450/450/450
f 450/450/450 451/451/451 452/452/452
f 449/449/449 452/452/452 453/453/453
f 454/454/454 452/452/452 451/451/451
f 455/455/455 453/453/453 452/452/452
f 452/452/452 454/454/454 455/455/455
f 453/453/453 455/455/455 456/456/456
f 457/457/457 455/455/455 454/454/454
f 458/458/458 456/456/456 455/455/455
f 455/455/455 457/457/457 459/459/459
f 455/455/455 459/459/459 458/458/458
f 460/460/460 459/459/459 457/457/457
f 460/460/460 458/458/458 459/459/459
f 458/458/458 460/460/460 461/461/461
f 460/460/460 457/457/457 462/462/462
f 460/460/460 463/463/463 461/461/461
f 462/462/462 464/464/464 460/460/460
f 460/460/460 464/464/464 463/463/463
f 464/464/464 462/462/462 465/465/465
f 464/464/464 466/466/466 463/463/463
f 465/465/465 467/467/467 464/464/464
f 466/466/466 464/464/464 467/467/467
f 465/465/465 468/468/468 467/467/467
f 469/469/469 466/466/466 467/467/467
f 469/469/469 467/467/467 468/468/468
f 466/466/466 469/469/469 470/470/470
f 469/469/469 468/468/468 471/471/471
f 469/469/469 472/472/472 470/470/470
f 473/473/473 469/469/469 471/471/471
f 472/472/472 469/469/469 473/473/473
f 473/473/473 474/474/474 472/472/472
f 473/473/473 471/471/471 475/475/475
f 474/474/474 473/473/473 476/476/476
f 475/475/475 476/476/476 473/473/473
f 476/476/476 475/475/475 477/477/477
f 478/478/478 480/480/480 479/479/479
f 480/480/480 478/478/478 481/481/481
f 478/478/478 482/482/482 481/481/481
f 482/482/482 478/478/478 483/483/483
f 483/483/483 478/478/478 484/484/484
f 483/483/483 484/484/484 485/485/485
f 478/478/478 486/486/486 484/484/484
f 486/486/486 478/478/478 487/487/487
f 478/478/478 488/488/488 487/487/487
f 488/488/488 478/478/478 489/489/489
f 490/490/490 492/492/492 491/491/491
f 492/492/492 490/490/490 493/493/493
f 493/493/493 494/494/494 492/492/492
f 494/494/494 493/493/493 495/495/495
f 496/496/496 492/492/492 494/494/494
f 496/496/496 494/494/494 497/497/497
f 492/492/492 496/496/496 498/498/498
f 498/498/498 496/496/496 499/499/499
f 500/500/500 492/492/492 498/498/498
f 492/492/492 500/500/500 501/501/501
f 502/502/502 504/504/504 503/503/503
f 503/503/503 504/504/504 505/505/505
f 506/506/506 503/503/503 505/505/505
f 503/503/503 506/506/506 507/507/507
f 508/508/508 507/507/507 506/506/506
f 507/507/507 508/508/508 509/509/509
f 510/510/510 509/509/509 508/508/508
f 509/509/509 510/510/510 511/511/511
f 512/512/512 511/511/511 510/510/510
f 511/511/511 512/512/512 513/513/513
f 512/512/512 514/514/514 513/513/513
f 515/515/515 514/514/514 512/512/512
f 516/516/516 514/514/514 515/515/515
f 514/514/514 516/516/516 517/517/517
f 517/517/517 516/516/516 518/518/518
f 519/519/519 518/518/518 516/516/516
f 518/518/518 519/519/519 520/520/520
f 521/521/521 520/520/520 519/519/519
f 520/520/520 521/521/521 522/522/522
f 523/523/523 522/522/522 521/521/521
f 522/522/522 523/523/523 524/524/524
f 525/525/525 524/524/524 523/523/523
f 526/526/526 524/524/524 525/525/525
f 524/524/524 526/526/526 527/527/527
f 528/528/528 530/530/530 529/529/529
f 530/530/530 528/528/528 531/531/531
f 531/531/531 532/532/532 530/530/530
f 533/533/533 531/531/531 528/528/528
f 532/532/532 531/531/531 534/534/534
f 534/534/534 535/535/535 532/532/532
f 531/531/531 533/533/533 536/536/536
f 537/537/537 536/536/536 533/533/533
f 534/534/534 531/531/531 538/538/538
f 538/538/538 531/531/531 536/536/536
f 536/536/536 537/537/537 539/539/539
f 540/540/540 539/539/539 537/537/537
f 536/536/536 541/541/541 538/538/538
f 541/541/541 536/536/536 539/539/539
f 539/539/539 540/540/540 542/542/542
f 543/543/543 542/542/542 540/540/540
f 539/539/539 544/544/544 541/541/541
f 544/544/544 539/539/539 542/542/542
f 542/542/542 543/543/543 545/545/545
f 546/546/546 545/545/545 543/543/543
f 547/547/547 542/542/542 545/545/545
f 544/544/544 542/542/542 547/547/547
f 544/544/544 547/547/547 548/548/548
f 541/541/541 544/544/544 549/549/549
f 549/549/549 544/544/544 548/548/548
f 550/550/550 538/538/538 541/541/541
f 550/550/550 541/541/541 549/549/549
f 545/545/545 546/546/546 551/551/551
f 551/551/551 547/547/547 545/545/545
f 552/552/552 548/548/548 547/547/547
f 547/547/547 551/551/551 552/552/552
f 546/546/546 553/553/553 551/551/551
f 553/553/553 546/546/546 554/554/554
f 553/553/553 555/555/555 551/551/551
f 551/551/551 555/555/555 552/552/552
f 555/555/555 556/556/556 552/552/552
f 553/553/553 554/554/554 557/557/557
f 557/557/557 555/555/555 553/553/553
f 557/557/557 554/554/554 558/558/558
f 555/555/555 557/557/557 559/559/559
f 559/559/559 556/556/556 555/555/555
f 557/557/557 558/558/558 560/560/560
f 560/560/560 559/559/559 557/557/557
f 561/561/561 560/560/560 558/558/558
f 560/560/560 561/561/561 562/562/562
f 563/563/563 562/562/562 561/561/561
f 559/559/559 560/560/560 564/564/564
f 562/562/562 564/564/564 560/560/560
f 562/562/562 563/563/563 565/565/565
f 565/565/565 563/563/563 566/566/566
f 565/565/565 566/566/566 567/567/567
f 567/567/567 566/566/566 568/568/568
f 569/569/569 565/565/565 567/567/567
f 565/565/565 570/570/570 562/562/562
f 564/564/564 562/562/562 570/570/570
f 569/569/569 571/571/571 565/565/565
f 570/570/570 565/565/565 571/571/571
f 572/572/572 571/571/571 569/569/569
f 564/564/564 573/573/573 559/559/559
f 556/556/556 559/559/559 573/573/573
f 570/570/570 574/574/574 564/564/564
f 573/573/573 564/564/564 574/574/574
f 571/571/571 575/575/575 570/570/570
f 574/574/574 570/570/570 575/575/575
f 572/572/572 576/576/576 571/571/571
f 575/575/575 571/571/571 576/576/576
f 572/572/572 577/577/577 576/576/576
f 577/577/577 575/575/575 576/576/576
f 577/577/577 572/572/572 578/578/578
f 579/579/579 574/574/574 575/575/575
f 575/575/575 577/577/577 579/579/579
f 578/578/578 580/580/580 577/577/577
f 580/580/580 578/578/578 581/581/581
f 582/582/582 577/577/577 580/580/580
f 577/577/577 582/582/582 579/579/579
f 583/583/583 579/579/579 582/582/582
f 574/574/574 579/579/579 584/584/584
f 579/579/579 583/583/583 584/584/584
f 584/584/584 573/573/573 574/574/574
f 585/585/585 584/584/584 583/583/583
f 573/573/573 584/584/584 586/586/586
f 584/584/584 585/585/585 586/586/586
f 587/587/587 586/586/586 585/585/585
f 586/586/586 556/556/556 573/573/573
f 586/586/586 587/587/587 588/588/588
f 556/556/556 586/586/586 588/588/588
f 589/589/589 588/588/588 587/587/587
f 590/590/590 556/556/556 588/588/588
f 588/588/588 589/589/589 590/590/590
f 556/556/556 590/590/590 591/591/591
f 552/552/552 556/556/556 591/591/591
f 548/548/548 552/552/552 591/591/591
f 591/591/591 590/590/590 548/548/548
f 590/590/590 589/589/589 592/592/592
f 548/548/548 590/590/590 592/592/592
f 592/592/592 589/589/589 593/593/593
f 594/594/594 548/548/548 592/592/592
f 592/592/592 593/593/593 594/594/594
f 548/548/548 594/594/594 549/549/549
f 595/595/595 594/594/594 593/593/593
f 596/596/596 549/549/549 594/594/594
f 594/594/594 595/595/595 596/596/596
f 597/597/597 596/596/596 595/595/595
f 549/549/549 596/596/596 550/550/550
f 596/596/596 597/597/597 598/598/598
f 598/598/598 550/550/550 596/596/596
f 599/599/599 598/598/598 597/597/597
f 550/550/550 598/598/598 600/600/600
f 600/600/600 538/538/538 550/550/550
f 534/534/534 538/538/538 600/600/600
f 598/598/598 599/599/599 601/601/601
f 601/601/601 600/600/600 598/598/598
f 602/602/602 601/601/601 599/599/599
f 603/603/603 534/534/534 600/600/600
f 600/600/600 601/601/601 603/603/603
f 535/535/535 534/534/534 603/603/603
f 603/603/603 601/601/601 535/535/535
f 535/535/535 601/601/601 604/604/604
f 601/601/601 602/602/602 604/604/604
f 604/604/604 602/602/602 605/605/605
f 606/606/606 608/608/608 607/607/607
f 609/609/609 608/608/608 606/606/606
f 610/610/610 609/609/609 606/606/606
f 611/611/611 608/608/608 609/609/609
f 608/608/608 611/611/611 612/612/612
f 611/611/611 613/613/613 612/612/612
f 614/614/614 609/609/609 610/610/610
f 614/614/614 611/611/611 609/609/609
f 615/615/615 614/614/614 610/610/610
f 616/616/616 613/613/613 611/611/611
f 616/616/616 617/617/617 613/613/613
f 618/618/618 614/614/614 615/615/615
f 619/619/619 618/618/618 615/615/615
f 620/620/620 611/611/611 614/614/614
f 620/620/620 616/616/616 611/611/611
f 618/618/618 620/620/620 614/614/614
f 621/621/621 617/617/617 616/616/616
f 621/621/621 622/622/622 617/617/617
f 623/623/623 616/616/616 620/620/620
f 623/623/623 621/621/621 616/616/616
f 624/624/624 622/622/622 621/621/621
f 624/624/624 625/625/625 622/622/622
f 626/626/626 618/618/618 619/619/619
f 627/627/627 626/626/626 619/619/619
f 628/628/628 620/620/620 618/618/618
f 628/628/628 623/623/623 620/620/620
f 629/629/629 621/621/621 623/623/623
f 629/629/629 624/624/624 621/621/621
f 630/630/630 626/626/626 627/627/627
f 631/631/631 630/630/630 627/627/627
f 632/632/632 618/618/618 626/626/626
f 618/618/618 632/632/632 628/628/628
f 633/633/633 623/623/623 628/628/628
f 633/633/633 629/629/629 623/623/623
f 634/634/634 630/630/630 631/631/631
f 635/635/635 634/634/634 631/631/631
f 636/636/636 626/626/626 630/630/630
f 626/626/626 636/636/636 632/632/632
f 634/634/634 636/636/636 630/630/630
f 637/637/637 628/628/628 632/632/632
f 628/628/628 637/637/637 633/633/633
f 638/638/638 634/634/634 635/635/635
f 639/639/639 638/638/638 635/635/635
f 640/640/640 636/636/636 634/634/634
f 638/638/638 640/640/640 634/634/634
f 641/641/641 632/632/632 636/636/636
f 632/632/632 641/641/641 637/637/637
f 640/640/640 641/641/641 636/636/636
f 642/642/642 638/638/638 639/639/639
f 643/643/643 642/642/642 639/639/639
f 644/644/644 642/642/642 643/643/643
f 642/642/642 645/645/645 638/638/638
f 645/645/645 640/640/640 638/638/638
f 644/644/644 646/646/646 642/642/642
f 646/646/646 645/645/645 642/642/642
f 647/647/647 646/646/646 644/644/644
f 648/648/648 640/640/640 645/645/645
f 646/646/646 648/648/648 645/645/645
f 647/647/647 649/649/649 646/646/646
f 649/649/649 648/648/648 646/646/646
f 650/650/650 649/649/649 647/647/647
f 651/651/651 641/641/641 640/640/640
f 640/640/640 648/648/648 651/651/651
f 652/652/652 637/637/637 641/641/641
f 651/651/651 652/652/652 641/641/641
f 650/650/650 653/653/653 649/649/649
f 654/654/654 653/653/653 650/650/650
f 649/649/649 655/655/655 648/648/648
f 655/655/655 651/651/651 648/648/648
f 653/653/653 655/655/655 649/649/649
f 654/654/654 656/656/656 653/653/653
f 657/657/657 656/656/656 654/654/654
f 637/637/637 652/652/652 658/658/658
f 658/658/658 633/633/633 637/637/637
f 659/659/659 652/652/652 651/651/651
f 651/651/651 655/655/655 659/659/659
f 653/653/653 660/660/660 655/655/655
f 656/656/656 660/660/660 653/653/653
f 657/657/657 661/661/661 656/656/656
f 662/662/662 661/661/661 657/657/657
f 663/663/663 661/661/661 662/662/662
f 659/659/659 664/664/664 652/652/652
f 664/664/664 658/658/658 652/652/652
f 655/655/655 665/665/665 659/659/659
f 660/660/660 665/665/665 655/655/655
f 665/665/665 664/664/664 659/659/659
f 633/633/633 658/658/658 666/666/666
f 666/666/666 629/629/629 633/633/633
f 661/661/661 667/667/667 656/656/656
f 656/656/656 667/667/667 660/660/660
f 661/661/661 663/663/663 668/668/668
f 668/668/668 667/667/667 661/661/661
f 669/669/669 668/668/668 663/663/663
f 660/660/660 670/670/670 665/665/665
f 667/667/667 670/670/670 660/660/660
f 668/668/668 669/669/669 671/671/671
f 672/672/672 671/671/671 669/669/669
f 667/667/667 668/668/668 673/673/673
f 673/673/673 670/670/670 667/667/667
f 671/671/671 673/673/673 668/668/668
f 670/670/670 674/674/674 665/665/665
f 665/665/665 674/674/674 664/664/664
f 670/670/670 673/673/673 675/675/675
f 675/675/675 674/674/674 670/670/670
f 671/671/671 672/672/672 676/676/676
f 677/677/677 676/676/676 672/672/672
f 673/673/673 671/671/671 678/678/678
f 678/678/678 675/675/675 673/673/673
f 676/676/676 677/677/677 679/679/679
f 680/680/680 679/679/679 677/677/677
f 681/681/681 671/671/671 676/676/676
f 671/671/671 681/681/681 678/678/678
f 679/679/679 681/681/681 676/676/676
f 679/679/679 680/680/680 682/682/682
f 683/683/683 682/682/682 680/680/680
f 682/682/682 683/683/683 684/684/684
f 682/682/682 685/685/685 679/679/679
f 681/681/681 679/679/679 685/685/685
f 684/684/684 686/686/686 682/682/682
f 685/685/685 682/682/682 686/686/686
f 686/686/686 684/684/684 687/687/687
f 688/688/688 681/681/681 685/685/685
f 686/686/686 688/688/688 685/685/685
f 687/687/687 689/689/689 686/686/686
f 688/688/688 686/686/686 689/689/689
f 689/689/689 687/687/687 690/690/690
f 691/691/691 678/678/678 681/681/681
f 681/681/681 688/688/688 691/691/691
f 690/690/690 692/692/692 689/689/689
f 692/692/692 690/690/690 693/693/693
f 689/689/689 694/694/694 688/688/688
f 694/694/694 689/689/689 692/692/692
f 693/693/693 695/695/695 692/692/692
f 695/695/695 694/694/694 692/692/692
f 695/695/695 693/693/693 696/696/696
f 697/697/697 688/688/688 694/694/694
f 688/688/688 697/697/697 691/691/691
f 678/678/678 691/691/691 698/698/698
f 675/675/675 678/678/678 698/698/698
f 694/694/694 695/695/695 699/699/699
f 699/699/699 697/697/697 694/694/694
f 696/696/696 700/700/700 695/695/695
f 700/700/700 699/699/699 695/695/695
f 700/700/700 696/696/696 701/701/701
f 691/691/691 702/702/702 698/698/698
f 702/702/702 691/691/691 697/697/697
f 698/698/698 703/703/703 675/675/675
f 703/703/703 698/698/698 702/702/702
f 674/674/674 675/675/675 703/703/703
f 697/697/697 699/699/699 704/704/704
f 704/704/704 702/702/702 697/697/697
f 699/699/699 700/700/700 705/705/705
f 705/705/705 704/704/704 699/699/699
f 701/701/701 706/706/706 700/700/700
f 706/706/706 701/701/701 707/707/707
f 702/702/702 704/704/704 708/708/708
f 708/708/708 703/703/703 702/702/702
f 703/703/703 709/709/709 674/674/674
f 674/674/674 709/709/709 664/664/664
f 704/704/704 705/705/705 710/710/710
f 710/710/710 708/708/708 704/704/704
f 700/700/700 711/711/711 705/705/705
f 711/711/711 700/700/700 706/706/706
f 707/707/707 712/712/712 706/706/706
f 712/712/712 707/707/707 713/713/713
f 703/703/703 708/708/708 714/714/714
f 709/709/709 703/703/703 714/714/714
f 664/664/664 709/709/709 715/715/715
f 658/658/658 664/664/664 715/715/715
f 715/715/715 666/666/666 658/658/658
f 716/716/716 706/706/706 712/712/712
f 706/706/706 716/716/716 711/711/711
f 713/713/713 717/717/717 712/712/712
f 717/717/717 716/716/716 712/712/712
f 717/717/717 713/713/713 718/718/718
f 716/716/716 717/717/717 719/719/719
f 720/720/720 716/716/716 719/719/719
f 716/716/716 720/720/720 721/721/721
f 721/721/721 711/711/711 716/716/716
f 722/722/722 721/721/721 720/720/720
f 709/709/709 723/723/723 715/715/715
f 714/714/714 723/723/723 709/709/709
f 666/666/666 715/715/715 724/724/724
f 715/715/715 723/723/723 724/724/724
f 711/711/711 721/721/721 725/725/725
f 725/725/725 705/705/705 711/711/711
f 705/705/705 725/725/725 710/710/710
f 721/721/721 722/722/722 726/726/726
f 726/726/726 725/725/725 721/721/721
f 727/727/727 726/726/726 722/722/722
f 724/724/724 728/728/728 666/666/666
f 666/666/666 728/728/728 629/629/629
f 728/728/728 624/624/624 629/629/629
f 723/723/723 729/729/729 724/724/724
f 724/724/724 729/729/729 728/728/728
f 728/728/728 730/730/730 624/624/624
f 729/729/729 730/730/730 728/728/728
f 730/730/730 625/625/625 624/624/624
f 625/625/625 731/731/731 727/727/727
f 726/726/726 727/727/727 731/731/731
f 731/731/731 625/625/625 730/730/730
f 725/725/725 726/726/726 732/732/732
f 731/731/731 732/732/732 726/726/726
f 732/732/732 710/710/710 725/725/725
f 730/730/730 733/733/733 731/731/731
f 733/733/733 730/730/730 729/729/729
f 732/732/732 731/731/731 733/733/733
f 734/734/734 729/729/729 723/723/723
f 729/729/729 734/734/734 733/733/733
f 723/723/723 714/714/714 734/734/734
f 710/710/710 732/732/732 735/735/735
f 733/733/733 735/735/735 732/732/732
f 735/735/735 733/733/733 734/734/734
f 714/714/714 735/735/735 734/734/734
f 708/708/708 710/710/710 735/735/735
f 735/735/735 714/714/714 708/708/708
f 736/736/736 738/738/738 737/737/737
f 738/738/738 736/736/736 739/739/739
f 740/740/740 739/739/739 736/736/736
f 740/740/740 741/741/741 739/739/739
f 742/742/742 741/741/741 740/740/740
f 741/741/741 742/742/742 743/743/743
f 743/743/743 742/742/742 744/744/744
f 744/744/744 745/745/745 743/743/743
f 745/745/745 744/744/744 746/746/746
f 746/746/746 747/747/747 745/745/745
f 746/746/746 748/748/748 747/747/747
f 748/748/748 746/746/746 749/749/749
f 749/749/749 750/750/750 748/748/748
f 750/750/750 749/749/749 751/751/751
f 751/751/751 752/752/752 750/750/750
f 752/752/752 751/751/751 753/753/753
f 753/753/753 754/754/754 752/752/752
f 754/754/754 753/753/753 755/755/755
f 755/755/755 756/756/756 754/754/754
f 756/756/756 755/755/755 757/757/757
f 757/757/757 758/758/758 756/756/756
f 758/758/758 757/757/757 759/759/759
f 760/760/760 758/758/758 759/759/759
f 758/758/758 760/760/760 761/761/761
f 762/762/762 764/764/764 763/763/763
f 764/764/764 762/762/762 765/765/765
f 766/766/766 765/765/765 762/762/762
f 767/767/767 764/764/764 765/765/765
f 764/764/764 767/767/767 768/768/768
f 765/765/765 766/766/766 769/769/769
f 770/770/770 769/769/769 766/766/766
f 771/771/771 768/768/768 767/767/767
f 768/768/768 771/771/771 772/772/772
f 765/765/765 773/773/773 767/767/767
f 773/773/773 765/765/765 769/769/769
f 769/769/769 770/770/770 774/774/774
f 775/775/775 774/774/774 770/770/770
f 776/776/776 772/772/772 771/771/771
f 772/772/772 776/776/776 777/777/777
f 778/778/778 777/777/777 776/776/776
f 767/767/767 779/779/779 771/771/771
f 779/779/779 767/767/767 773/773/773
f 769/769/769 780/780/780 773/773/773
f 780/780/780 769/769/769 774/774/774
f 774/774/774 775/775/775 781/781/781
f 781/781/781 775/775/775 782/782/782
f 778/778/778 776/776/776 783/783/783
f 784/784/784 778/778/778 783/783/783
f 771/771/771 785/785/785 776/776/776
f 785/785/785 771/771/771 779/779/779
f 783/783/783 776/776/776 785/785/785
f 773/773/773 786/786/786 779/779/779
f 786/786/786 773/773/773 780/780/780
f 787/787/787 774/774/774 781/781/781
f 774/774/774 787/787/787 780/780/780
f 782/782/782 788/788/788 781/781/781
f 787/787/787 781/781/781 788/788/788
f 779/779/779 789/789/789 785/785/785
f 789/789/789 779/779/779 786/786/786
f 786/786/786 790/790/790 789/789/789
f 780/780/780 791/791/791 786/786/786
f 791/791/791 780/780/780 787/787/787
f 790/790/790 786/786/786 791/791/791
f 783/783/783 785/785/785 792/792/792
f 792/792/792 785/785/785 789/789/789
f 791/791/791 787/787/787 793/793/793
f 788/788/788 793/793/793 787/787/787
f 782/782/782 794/794/794 788/788/788
f 794/794/794 782/782/782 795/795/795
f 796/796/796 788/788/788 794/794/794
f 788/788/788 796/796/796 793/793/793
f 795/795/795 797/797/797 794/794/794
f 796/796/796 794/794/794 797/797/797
f 797/797/797 795/795/795 798/798/798
f 793/793/793 799/799/799 791/791/791
f 790/790/790 791/791/791 799/799/799
f 800/800/800 793/793/793 796/796/796
f 793/793/793 800/800/800 799/799/799
f 801/801/801 799/799/799 800/800/800
f 798/798/798 802/802/802 797/797/797
f 802/802/802 798/798/798 803/803/803
f 796/796/796 797/797/797 804/804/804
f 804/804/804 800/800/800 796/796/796
f 802/802/802 804/804/804 797/797/797
f 803/803/803 805/805/805 802/802/802
f 805/805/805 803/803/803 806/806/806
f 800/800/800 804/804/804 807/807/807
f 807/807/807 801/801/801 800/800/800
f 804/804/804 802/802/802 808/808/808
f 805/805/805 808/808/808 802/802/802
f 808/808/808 807/807/807 804/804/804
f 806/806/806 809/809/809 805/805/805
f 809/809/809 806/806/806 810/810/810
f 808/808/808 805/805/805 811/811/811
f 811/811/811 805/805/805 809/809/809
f 807/807/807 808/808/808 812/812/812
f 811/811/811 812/812/812 808/808/808
f 801/801/801 807/807/807 813/813/813
f 812/812/812 813/813/813 807/807/807
f 810/810/810 814/814/814 809/809/809
f 814/814/814 810/810/810 815/815/815
f 816/816/816 814/814/814 815/815/815
f 814/814/814 816/816/816 817/817/817
f 817/817/817 818/818/818 814/814/814
f 818/818/818 809/809/809 814/814/814
f 818/818/818 817/817/817 819/819/819
f 811/811/811 809/809/809 820/820/820
f 809/809/809 818/818/818 820/820/820
f 819/819/819 821/821/821 818/818/818
f 821/821/821 820/820/820 818/818/818
f 821/821/821 819/819/819 822/822/822
f 822/822/822 823/823/823 821/821/821
f 823/823/823 822/822/822 824/824/824
f 825/825/825 823/823/823 824/824/824
f 820/820/820 826/826/826 811/811/811
f 812/812/812 811/811/811 826/826/826
f 820/820/820 821/821/821 827/827/827
f 823/823/823 827/827/827 821/821/821
f 826/826/826 820/820/820 827/827/827
f 826/826/826 828/828/828 812/812/812
f 813/813/813 812/812/812 828/828/828
f 827/827/827 829/829/829 826/826/826
f 828/828/828 826/826/826 829/829/829
f 823/823/823 825/825/825 830/830/830
f 831/831/831 830/830/830 825/825/825
f 827/827/827 823/823/823 832/832/832
f 829/829/829 827/827/827 832/832/832
f 833/833/833 832/832/832 823/823/823
f 833/833/833 829/829/829 832/832/832
f 823/823/823 830/830/830 833/833/833
f 834/834/834 828/828/828 829/829/829
f 829/829/829 833/833/833 834/834/834
f 835/835/835 813/813/813 828/828/828
f 828/828/828 834/834/834 835/835/835
f 830/830/830 831/831/831 836/836/836
f 837/837/837 836/836/836 831/831/831
f 836/836/836 837/837/837 838/838/838
f 836/836/836 838/838/838 839/839/839
f 840/840/840 833/833/833 830/830/830
f 830/830/830 836/836/836 840/840/840
f 839/839/839 840/840/840 836/836/836
f 840/840/840 834/834/834 833/833/833
f 840/840/840 839/839/839 841/841/841
f 834/834/834 840/840/840 842/842/842
f 841/841/841 842/842/842 840/840/840
f 842/842/842 835/835/835 834/834/834
f 842/842/842 841/841/841 843/843/843
f 843/843/843 844/844/844 842/842/842
f 835/835/835 842/842/842 844/844/844
f 844/844/844 843/843/843 845/845/845
f 844/844/844 846/846/846 835/835/835
f 813/813/813 835/835/835 846/846/846
f 846/846/846 801/801/801 813/813/813
f 845/845/845 847/847/847 844/844/844
f 846/846/846 844/844/844 847/847/847
f 847/847/847 845/845/845 848/848/848
f 847/847/847 849/849/849 846/846/846
f 801/801/801 846/846/846 849/849/849
f 848/848/848 850/850/850 847/847/847
f 849/849/849 847/847/847 850/850/850
f 850/850/850 848/848/848 851/851/851
f 849/849/849 850/850/850 852/852/852
f 851/851/851 852/852/852 850/850/850
f 801/801/801 849/849/849 853/853/853
f 852/852/852 853/853/853 849/849/849
f 851/851/851 854/854/854 852/852/852
f 854/854/854 851/851/851 855/855/855
f 856/856/856 852/852/852 854/854/854
f 852/852/852 856/856/856 853/853/853
f 855/855/855 857/857/857 854/854/854
f 856/856/856 854/854/854 857/857/857
f 857/857/857 855/855/855 858/858/858
f 853/853/853 859/859/859 801/801/801
f 799/799/799 801/801/801 859/859/859
f 799/799/799 859/859/859 790/790/790
f 853/853/853 790/790/790 859/859/859
f 790/790/790 853/853/853 856/856/856
f 860/860/860 790/790/790 856/856/856
f 857/857/857 860/860/860 856/856/856
f 860/860/860 789/789/789 790/790/790
f 792/792/792 789/789/789 860/860/860
f 858/858/858 861/861/861 857/857/857
f 860/860/860 857/857/857 861/861/861
f 861/861/861 792/792/792 860/860/860
f 861/861/861 858/858/858 862/862/862
f 792/792/792 861/861/861 863/863/863
f 862/862/862 863/863/863 861/861/861
f 863/863/863 783/783/783 792/792/792
f 863/863/863 862/862/862 864/864/864
f 783/783/783 863/863/863 784/784/784
f 864/864/864 784/784/784 863/863/863
f 784/784/784 864/864/864 865/865/865
f 866/866/866 868/868/868 867/867/867
f 867/867/867 869/869/869 866/866/866
f 869/869/869 867/867/867 870/870/870
f 871/871/871 866/866/866 869/869/869
f 866/866/866 871/871/871 872/872/872
f 869/869/869 873/873/873 871/871/871
f 870/870/870 874/874/874 869/869/869
f 873/873/873 869/869/869 874/874/874
f 874/874/874 870/870/870 875/875/875
f 874/874/874 876/876/876 873/873/873
f 875/875/875 877/877/877 874/874/874
f 876/876/876 874/874/874 877/877/877
f 877/877/877 875/875/875 878/878/878
f 877/877/877 879/879/879 876/876/876
f 878/878/878 880/880/880 877/877/877
f 879/879/879 877/877/877 880/880/880
f 878/878/878 881/881/881 880/880/880
f 879/879/879 880/880/880 881/881/881
f 881/881/881 878/878/878 882/882/882
f 881/881/881 883/883/883 879/879/879
f 881/881/881 882/882/882 884/884/884
f 881/881/881 885/885/885 883/883/883
f 884/884/884 886/886/886 881/881/881
f 885/885/885 881/881/881 886/886/886
f 884/884/884 887/887/887 886/886/886
f 885/885/885 886/886/886 887/887/887
f 887/887/887 884/884/884 888/888/888
f 887/887/887 889/889/889 885/885/885
f 888/888/888 890/890/890 887/887/887
f 889/889/889 887/887/887 890/890/890
f 890/890/890 888/888/888 891/891/891
f 890/890/890 892/892/892 889/889/889
f 891/891/891 893/893/893 890/890/890
f 892/892/892 890/890/890 893/893/893
f 893/893/893 891/891/891 894/894/894
f 894/894/894 895/895/895 893/893/893
f 893/893/893 896/896/896 892/892/892
f 896/896/896 893/893/893 895/895/895
f 895/895/895 894/894/894 897/897/897
f 895/895/895 898/898/898 896/896/896
f 895/895/895 897/897/897 899/899/899
f 895/895/895 900/900/900 898/898/898
f 899/899/899 901/901/901 895/895/895
f 900/900/900 895/895/895 901/901/901
f 899/899/899 902/902/902 901/901/901
f 900/900/900 901/901/901 902/902/902
f 902/902/902 899/899/899 903/903/903
f 902/902/902 904/904/904 900/900/900
f 905/905/905 907/907/907 906/906/906
f 907/907/907 905/905/905 908/908/908
f 908/908/908 905/905/905 909/909/909
f 909/909/909 905/905/905 910/910/910
f 911/911/911 909/909/909 910/910/910
f 909/909/909 911/911/911 912/912/912
f 913/913/913 912/912/912 911/911/911
f 912/912/912 913/913/913 914/914/914
f 915/915/915 914/914/914 913/913/913
f 914/914/914 915/915/915 916/916/916
f 916/916/916 915/915/915 917/917/917
f 917/917/917 915/915/915 918/918/918
f 917/917/917 918/918/918 919/919/919
f 919/919/919 918/918/918 920/920/920
f 921/921/921 919/919/919 920/920/920
f 919/919/919 921/921/921 922/922/922
f 923/923/923 922/922/922 921/921/921
f 922/922/922 923/923/923 924/924/924
f 923/923/923 925/925/925 924/924/924
f 925/925/925 923/923/923 926/926/926
f 926/926/926 927/927/927 925/925/925
f 927/927/927 926/926/926 928/928/928
f 928/928/928 929/929/929 927/927/927
f 929/929/929 928/928/928 930/930/930
f 931/931/931 933/933/933 932/932/932
f 932/932/932 934/934/934 931/931/931
f 935/935/935 937/937/937 936/936/936
f 937/937/937 935/935/935 938/938/938
f 939/939/939 941/941/941 940/940/940
f 941/941/941 939/939/939 942/942/942
f 943/943/943 945/945/945 944/944/944
f 945/945/945 943/943/943 946/946/946
f 947/947/947 949/949/949 948/948/948
f 949/949/949 947/947/947 950/950/950
f 951/951/951 953/953/953 952/952/952
f 953/953/953 951/951/951 954/954/954
f 955/955/955 957/957/957 956/956/956
f 957/957/957 955/955/955 958/958/958
f 959/959/959 961/961/961 960/960/960
f 961/961/961 962/962/962 960/960/960
f 963/963/963 965/965/965 964/964/964
f 965/965/965 966/966/966 964/964/964
f 967/967/967 969/969/969 968/968/968
f 969/969/969 970/970/970 968/968/968
f 971/971/971 973/973/973 972/972/972
f 973/973/973 974/974/974 972/972/972
f 975/975/975 977/977/977 976/976/976
f 977/977/977 978/978/978 976/976/976
f 979/979/979 981/981/981 980/980/980
f 981/981/981 982/982/982 980/980/980
f 983/983/983 985/985/985 984/984/984
f 985/985/985 986/986/986 984/984/984
f 987/987/987 989/989/989 988/988/988
f 989/989/989 990/990/990 988/988/988
f 991/991/991 993/993/993 992/992/992
f 993/993/993 991/991/991 994/994/994
f 995/995/995 997/997/997 996/996/996
f 997/997/997 995/995/995 998/998/998
f 999/999/999 1001/1001/1001 1000/1000/1000
f 1001/1001/1001 1002/1002/1002 1000/1000/1000
f 1003/1003/1003 1005/1005/1005 1004/1004/1004
f 1005/1005/1005 1003/1003/1003 1006/1006/1006
f 1007/1007/1007 1009/1009/1009 1008/1008/1008
f 1009/1009/1009 1007/1007/1007 1010/1010/1010
f 1011/1011/1011 1013/1013/1013 1012/1012/1012
f 1013/1013/1013 1011/1011/1011 1014/1014/1014
f 1015/1015/1015 1017/1017/1017 1016/1016/1016
f 1017/1017/1017 1015/1015/1015 1018/1018/1018
f 1019/1019/1019 1021/1021/1021 1020/1020/1020
f 1021/1021/1021 1019/1019/1019 1022/1022/1022
f 1023/1023/1023 1025/1025/1025 1024/1024/1024
f 1025/1025/1025 1023/1023/1023 1026/1026/1026
f 1027/1027/1027 1029/1029/1029 1028/1028/1028
f 1029/1029/1029 1030/1030/1030 1028/1028/1028
f 1031/1031/1031 1033/1033/1033 1032/1032/1032
f 1033/1033/1033 1031/1031/1031 1034/1034/1034
f 1035/1035/1035 1037/1037/1037 1036/1036/1036
f 1037/1037/1037 1035/1035/1035 1038/1038/1038
f 1039/1039/1039 1038/1038/1038 1035/1035/1035
f 1039/1039/1039 1040/1040/1040 1038/1038/1038
f 1041/1041/1041 1040/1040/1040 1039/1039/1039
f 1040/1040/1040 1041/1041/1041 1042/1042/1042
f 1043/1043/1043 1042/1042/1042 1041/1041/1041
f 1043/1043/1043 1044/1044/1044 1042/1042/1042
f 1044/1044/1044 1043/1043/1043 1045/1045/1045
f 1045/1045/1045 1046/1046/1046 1044/1044/1044
f 1045/1045/1045 1047/1047/1047 1046/1046/1046
f 1047/1047/1047 1045/1045/1045 1048/1048/1048
f 1048/1048/1048 1049/1049/1049 1047/1047/1047
f 1049/1049/1049 1048/1048/1048 1050/1050/1050
f 1050/1050/1050 1051/1051/1051 1049/1049/1049
f 1051/1051/1051 1050/1050/1050 1052/1052/1052
f 1052/1052/1052 1053/1053/1053 1051/1051/1051
f 1053/1053/1053 1052/1052/1052 1054/1054/1054
f 1054/1054/1054 1055/1055/1055 1053/1053/1053
f 1055/1055/1055 1054/1054/1054 1056/1056/1056
f 1056/1056/1056 1057/1057/1057 1055/1055/1055
f 1057/1057/1057 1056/1056/1056 1058/1058/1058
f 1059/1059/1059 1057/1057/1057 1058/1058/1058
f 1057/1057/1057 1059/1059/1059 1060/1060/1060
f 1061/1061/1061 1063/1063/1063 1062/1062/1062
f 1063/1063/1063 1061/1061/1061 1064/1064/1064
f 1065/1065/1065 1064/1064/1064 1061/1061/1061
f 1066/1066/1066 1063/1063/1063 1064/1064/1064
f 1063/1063/1063 1066/1066/1066 1067/1067/1067
f 1064/1064/1064 1065/1065/1065 1068/1068/1068
f 1069/1069/1069 1068/1068/1068 1065/1065/1065
f 1070/1070/1070 1067/1067/1067 1066/1066/1066
f 1067/1067/1067 1070/1070/1070 1071/1071/1071
f 1064/1064/1064 1072/1072/1072 1066/1066/1066
f 1072/1072/1072 1064/1064/1064 1068/1068/1068
f 1068/1068/1068 1069/1069/1069 1073/1073/1073
f 1074/1074/1074 1073/1073/1073 1069/1069/1069
f 1075/1075/1075 1071/1071/1071 1070/1070/1070
f 1071/1071/1071 1075/1075/1075 1076/1076/1076
f 1077/1077/1077 1076/1076/1076 1075/1075/1075
f 1066/1066/1066 1078/1078/1078 1070/1070/1070
f 1078/1078/1078 1066/1066/1066 1072/1072/1072
f 1068/1068/1068 1079/1079/1079 1072/1072/1072
f 1079/1079/1079 1068/1068/1068 1073/1073/1073
f 1073/1073/1073 1074/1074/1074 1080/1080/1080
f 1080/1080/1080 1074/1074/1074 1081/1081/1081
f 1077/1077/1077 1075/1075/1075 1082/1082/1082
f 1083/1083/1083 1077/1077/1077 1082/1082/1082
f 1070/1070/1070 1084/1084/1084 1075/1075/1075
f 1084/1084/1084 1070/1070/1070 1078/1078/1078
f 1082/1082/1082 1075/1075/1075 1084/1084/1084
f 1072/1072/1072 1085/1085/1085 1078/1078/1078
f 1085/1085/1085 1072/1072/1072 1079/1079/1079
f 1086/1086/1086 1073/1073/1073 1080/1080/1080
f 1073/1073/1073 1086/1086/1086 1079/1079/1079
f 1081/1081/1081 1087/1087/1087 1080/1080/1080
f 1086/1086/1086 1080/1080/1080 1087/1087/1087
f 1078/1078/1078 1088/1088/1088 1084/1084/1084
f 1088/1088/1088 1078/1078/1078 1085/1085/1085
f 1085/1085/1085 1089/1089/1089 1088/1088/1088
f 1079/1079/1079 1090/1090/1090 1085/1085/1085
f 1090/1090/1090 1079/1079/1079 1086/1086/1086
f 1089/1089/1089 1085/1085/1085 1090/1090/1090
f 1082/1082/1082 1084/1084/1084 1091/1091/1091
f 1091/1091/1091 1084/1084/1084 1088/1088/1088
f 1090/1090/1090 1086/1086/1086 1092/1092/1092
f 1087/1087/1087 1092/1092/1092 1086/1086/1086
f 1081/1081/1081 1093/1093/1093 1087/1087/1087
f 1093/1093/1093 1081/1081/1081 1094/1094/1094
f 1095/1095/1095 1087/1087/1087 1093/1093/1093
f 1087/1087/1087 1095/1095/1095 1092/1092/1092
f 1094/1094/1094 1096/1096/1096 1093/1093/1093
f 1095/1095/1095 1093/1093/1093 1096/1096/1096
f 1096/1096/1096 1094/1094/1094 1097/1097/1097
f 1092/1092/1092 1098/1098/1098 1090/1090/1090
f 1089/1089/1089 1090/1090/1090 1098/1098/1098
f 1099/1099/1099 1092/1092/1092 1095/1095/1095
f 1092/1092/1092 1099/1099/1099 1098/1098/1098
f 1100/1100/1100 1098/1098/1098 1099/1099/1099
f 1097/1097/1097 1101/1101/1101 1096/1096/1096
f 1101/1101/1101 1097/1097/1097 1102/1102/1102
f 1095/1095/1095 1096/1096/1096 1103/1103/1103
f 1103/1103/1103 1099/1099/1099 1095/1095/1095
f 1101/1101/1101 1103/1103/1103 1096/1096/1096
f 1102/1102/1102 1104/1104/1104 1101/1101/1101
f 1104/1104/1104 1102/1102/1102 1105/1105/1105
f 1099/1099/1099 1103/1103/1103 1106/1106/1106
f 1106/1106/1106 1100/1100/1100 1099/1099/1099
f 1103/1103/1103 1101/1101/1101 1107/1107/1107
f 1104/1104/1104 1107/1107/1107 1101/1101/1101
f 1107/1107/1107 1106/1106/1106 1103/1103/1103
f 1105/1105/1105 1108/1108/1108 1104/1104/1104
f 1108/1108/1108 1105/1105/1105 1109/1109/1109
f 1107/1107/1107 1104/1104/1104 1110/1110/1110
f 1110/1110/1110 1104/1104/1104 1108/1108/1108
f 1106/1106/1106 1107/1107/1107 1111/1111/1111
f 1110/1110/1110 1111/1111/1111 1107/1107/1107
f 1100/1100/1100 1106/1106/1106 1112/1112/1112
f 1111/1111/1111 1112/1112/1112 1106/1106/1106
f 1109/1109/1109 1113/1113/1113 1108/1108/1108
f 1113/1113/1113 1109/1109/1109 1114/1114/1114
f 1115/1115/1115 1113/1113/1113 1114/1114/1114
f 1113/1113/1113 1115/1115/1115 1116/1116/1116
f 1116/1116/1116 1117/1117/1117 1113/1113/1113
f 1117/1117/1117 1108/1108/1108 1113/1113/1113
f 1117/1117/1117 1116/1116/1116 1118/1118/1118
f 1110/1110/1110 1108/1108/1108 1119/1119/1119
f 1108/1108/1108 1117/1117/1117 1119/1119/1119
f 1118/1118/1118 1120/1120/1120 1117/1117/1117
f 1120/1120/1120 1119/1119/1119 1117/1117/1117
f 1120/1120/1120 1118/1118/1118 1121/1121/1121
f 1121/1121/1121 1122/1122/1122 1120/1120/1120
f 1122/1122/1122 1121/1121/1121 1123/1123/1123
f 1124/1124/1124 1122/1122/1122 1123/1123/1123
f 1119/1119/1119 1125/1125/1125 1110/1110/1110
f 1111/1111/1111 1110/1110/1110 1125/1125/1125
f 1119/1119/1119 1120/1120/1120 1126/1126/1126
f 1122/1122/1122 1126/1126/1126 1120/1120/1120
f 1125/1125/1125 1119/1119/1119 1126/1126/1126
f 1125/1125/1125 1127/1127/1127 1111/1111/1111
f 1112/1112/1112 1111/1111/1111 1127/1127/1127
f 1126/1126/1126 1128/1128/1128 1125/1125/1125
f 1127/1127/1127 1125/1125/1125 1128/1128/1128
f 1122/1122/1122 1124/1124/1124 1129/1129/1129
f 1130/1130/1130 1129/1129/1129 1124/1124/1124
f 1126/1126/1126 1122/1122/1122 1131/1131/1131
f 1128/1128/1128 1126/1126/1126 1131/1131/1131
f 1132/1132/1132 1131/1131/1131 1122/1122/1122
f 1132/1132/1132 1128/1128/1128 1131/1131/1131
f 1122/1122/1122 1129/1129/1129 1132/1132/1132
f 1133/1133/1133 1127/1127/1127 1128/1128/1128
f 1128/1128/1128 1132/1132/1132 1133/1133/1133
f 1134/1134/1134 1112/1112/1112 1127/1127/1127
f 1127/1127/1127 1133/1133/1133 1134/1134/1134
f 1129/1129/1129 1130/1130/1130 1135/1135/1135
f 1136/1136/1136 1135/1135/1135 1130/1130/1130
f 1135/1135/1135 1136/1136/1136 1137/1137/1137
f 1135/1135/1135 1137/1137/1137 1138/1138/1138
f 1139/1139/1139 1132/1132/1132 1129/1129/1129
f 1129/1129/1129 1135/1135/1135 1139/1139/1139
f 1138/1138/1138 1139/1139/1139 1135/1135/1135
f 1139/1139/1139 1133/1133/1133 1132/1132/1132
f 1139/1139/1139 1138/1138/1138 1140/1140/1140
f 1133/1133/1133 1139/1139/1139 1141/1141/1141
f 1140/1140/1140 1141/1141/1141 1139/1139/1139
f 1141/1141/1141 1134/1134/1134 1133/1133/1133
f 1141/1141/1141 1140/1140/1140 1142/1142/1142
f 1142/1142/1142 1143/1143/1143 1141/1141/1141
f 1134/1134/1134 1141/1141/1141 1143/1143/1143
f 1143/1143/1143 1142/1142/1142 1144/1144/1144
f 1143/1143/1143 1145/1145/1145 1134/1134/1134
f 1112/1112/1112 1134/1134/1134 1145/1145/1145
f 1145/1145/1145 1100/1100/1100 1112/1112/1112
f 1144/1144/1144 1146/1146/1146 1143/1143/1143
f 1145/1145/1145 1143/1143/1143 1146/1146/1146
f 1146/1146/1146 1144/1144/1144 1147/1147/1147
f 1146/1146/1146 1148/1148/1148 1145/1145/1145
f 1100/1100/1100 1145/1145/1145 1148/1148/1148
f 1147/1147/1147 1149/1149/1149 1146/1146/1146
f 1148/1148/1148 1146/1146/1146 1149/1149/1149
f 1149/1149/1149 1147/1147/1147 1150/1150/1150
f 1148/1148/1148 1149/1149/1149 1151/1151/1151
f 1150/1150/1150 1151/1151/1151 1149/1149/1149
f 1100/1100/1100 1148/1148/1148 1152/1152/1152
f 1151/1151/1151 1152/1152/1152 1148/1148/1148
f 1150/1150/1150 1153/1153/1153 1151/1151/1151
f 1153/1153/1153 1150/1150/1150 1154/1154/1154
f 1155/1155/1155 1151/1151/1151 1153/1153/1153
f 1151/1151/1151 1155/1155/1155 1152/1152/1152
f 1154/1154/1154 1156/1156/1156 1153/1153/1153
f 1155/1155/1155 1153/1153/1153 1156/1156/1156
f 1156/1156/1156 1154/1154/1154 1157/1157/1157
f 1152/1152/1152 1158/1158/1158 1100/1100/1100
f 1098/1098/1098 1100/1100/1100 1158/1158/1158
f 1098/1098/1098 1158/1158/1158 1089/1089/1089
f 1152/1152/1152 1089/1089/1089 1158/1158/1158
f 1089/1089/1089 1152/1152/1152 1155/1155/1155
f 1159/1159/1159 1089/1089/1089 1155/1155/1155
f 1156/1156/1156 1159/1159/1159 1155/1155/1155
f 1159/1159/1159 1088/1088/1088 1089/1089/1089
f 1091/1091/1091 1088/1088/1088 1159/1159/1159
f 1157/1157/1157 1160/1160/1160 1156/1156/1156
f 1159/1159/1159 1156/1156/1156 1160/1160/1160
f 1160/1160/1160 1091/1091/1091 1159/1159/1159
f 1160/1160/1160 1157/1157/1157 1161/1161/1161
f 1091/1091/1091 1160/1160/1160 1162/1162/1162
f 1161/1161/1161 1162/1162/1162 1160/1160/1160
f 1162/1162/1162 1082/1082/1082 1091/1091/1091
f 1162/1162/1162 1161/1161/1161 1163/1163/1163
f 1082/1082/1082 1162/1162/1162 1083/1083/1083
f 1163/1163/1163 1083/1083/1083 1162/1162/1162
f 1083/1083/1083 1163/1163/1163 1164/1164/1164
f 1165/1165/1165 1167/1167/1167 1166/1166/1166
f 1166/1166/1166 1168/1168/1168 1165/1165/1165
f 1168/1168/1168 1166/1166/1166 1169/1169/1169
f 1170/1170/1170 1165/1165/1165 1168/1168/1168
f 1165/1165/1165 1170/1170/1170 1171/1171/1171
f 1168/1168/1168 1172/1172/1172 1170/1170/1170
f 1169/1169/1169 1173/1173/1173 1168/1168/1168
f 1172/1172/1172 1168/1168/1168 1173/1173/1173
f 1173/1173/1173 1169/1169/1169 1174/1174/1174
f 1173/1173/1173 1175/1175/1175 1172/1172/1172
f 1174/1174/1174 1176/1176/1176 1173/1173/1173
f 1175/1175/1175 1173/1173/1173 1176/1176/1176
f 1176/1176/1176 1174/1174/1174 1177/1177/1177
f 1176/1176/1176 1178/1178/1178 1175/1175/1175
f 1177/1177/1177 1179/1179/1179 1176/1176/1176
f 1178/1178/1178 1176/1176/1176 1179/1179/1179
f 1177/1177/1177 1180/1180/1180 1179/1179/1179
f 1178/1178/1178 1179/1179/1179 1180/1180/1180
f 1180/1180/1180 1177/1177/1177 1181/1181/1181
f 1180/1180/1180 1182/1182/1182 1178/1178/1178
f 1180/1180/1180 1181/1181/1181 1183/1183/1183
f 1180/1180/1180 1184/1184/1184 1182/1182/1182
f 1183/1183/1183 1185/1185/1185 1180/1180/1180
f 1184/1184/1184 1180/1180/1180 1185/1185/1185
f 1183/1183/1183 1186/1186/1186 1185/1185/1185
f 1184/1184/1184 1185/1185/1185 1186/1186/1186
f 1186/1186/1186 1183/1183/1183 1187/1187/1187
f 1186/1186/1186 1188/1188/1188 1184/1184/1184
f 1187/1187/1187 1189/1189/1189 1186/1186/1186
f 1188/1188/1188 1186/1186/1186 1189/1189/1189
f 1189/1189/1189 1187/1187/1187 1190/1190/1190
f 1189/1189/1189 1191/1191/1191 1188/1188/1188
f 1190/1190/1190 1192/1192/1192 1189/1189/1189
f 1191/1191/1191 1189/1189/1189 1192/1192/1192
f 1192/1192/1192 1190/1190/1190 1193/1193/1193
f 1193/1193/1193 1194/1194/1194 1192/1192/1192
f 1192/1192/1192 1195/1195/1195 1191/1191/1191
f 1195/1195/1195 1192/1192/1192 1194/1194/1194
f 1194/1194/1194 1193/1193/1193 1196/1196/1196
f 1194/1194/1194 1197/1197/1197 1195/1195/1195
f 1194/1194/1194 1196/1196/1196 1198/1198/1198
f 1194/1194/1194 1199/1199/1199 1197/1197/1197
f 1198/1198/1198 1200/1200/1200 1194/1194/1194
f 1199/1199/1199 1194/1194/1194 1200/1200/1200
f 1198/1198/1198 1201/1201/1201 1200/1200/1200
f 1199/1199/1199 1200/1200/1200 1201/1201/1201
f 1201/1201/1201 1198/1198/1198 1202/1202/1202
f 1201/1201/1201 1203/1203/1203 1199/1199/1199
f 1204/1204/1204 1206/1206/1206 1205/1205/1205
f 1206/1206/1206 1204/1204/1204 1207/1207/1207
f 1207/1207/1207 1204/1204/1204 1208/1208/1208
f 1208/1208/1208 1204/1204/1204 1209/1209/1209
f 1210/1210/1210 1208/1208/1208 1209/1209/1209
f 1208/1208/1208 1210/1210/1210 1211/1211/1211
f 1212/1212/1212 1211/1211/1211 1210/1210/1210
f 1211/1211/1211 1212/1212/1212 1213/1213/1213
f 1214/1214/1214 1213/1213/1213 1212/1212/1212
f 1213/1213/1213 1214/1214/1214 1215/1215/1215
f 1215/1215/1215 1214/1214/1214 1216/1216/1216
f 1216/1216/1216 1214/1214/1214 1217/1217/1217
f 1216/1216/1216 1217/1217/1217 1218/1218/1218
f 1218/1218/1218 1217/1217/1217 1219/1219/1219
f 1220/1220/1220 1218/1218/1218 1219/1219/1219
f 1218/1218/1218 1220/1220/1220 1221/1221/1221
f 1222/1222/1222 1221/1221/1221 1220/1220/1220
f 1221/1221/1221 1222/1222/1222 1223/1223/1223
f 1222/1222/1222 1224/1224/1224 1223/1223/1223
f 1224/1224/1224 1222/1222/1222 1225/1225/1225
f 1225/1225/1225 1226/1226/1226 1224/1224/1224
f 1226/1226/1226 1225/1225/1225 1227/1227/1227
f 1227/1227/1227 1228/1228/1228 1226/1226/1226
f 1228/1228/1228 1227/1227/1227 1229/1229/1229
f 1230/1230/1230 1232/1232/1232 1231/1231/1231
f 1231/1231/1231 1233/1233/1233 1230/1230/1230
f 1231/1231/1231 1234/1234/1234 1233/1233/1233
f 1234/1234/1234 1231/1231/1231 1235/1235/1235
f 1235/1235/1235 1236/1236/1236 1234/1234/1234
f 1236/1236/1236 1235/1235/1235 1237/1237/1237
f 1236/1236/1236 1237/1237/1237 1238/1238/1238
f 1238/1238/1238 1239/1239/1239 1236/1236/1236
f 1240/1240/1240 1242/1242/1242 1241/1241/1241
f 1242/1242/1242 1240/1240/1240 1243/1243/1243
f 1242/1242/1242 1243/1243/1243 1244/1244/1244
f 1244/1244/1244 1245/1245/1245 1242/1242/1242
f 1245/1245/1245 1244/1244/1244 1246/1246/1246
f 1246/1246/1246 1247/1247/1247 1245/1245/1245
f 1246/1246/1246 1248/1248/1248 1247/1247/1247
f 1248/1248/1248 1246/1246/1246 1249/1249/1249
f 1250/1250/1250 1248/1248/1248 1249/1249/1249
f 1248/1248/1248 1250/1250/1250 1251/1251/1251
f 1252/1252/1252 1254/1254/1254 1253/1253/1253
f 1254/1254/1254 1252/1252/1252 1255/1255/1255
f 1256/1256/1256 1255/1255/1255 1252/1252/1252
f 1255/1255/1255 1256/1256/1256 1257/1257/1257
f 1258/1258/1258 1257/1257/1257 1256/1256/1256
f 1257/1257/1257 1258/1258/1258 1259/1259/1259
f 1260/1260/1260 1259/1259/1259 1258/1258/1258
f 1259/1259/1259 1260/1260/1260 1261/1261/1261
f 1260/1260/1260 1262/1262/1262 1261/1261/1261
f 1263/1263/1263 1261/1261/1261 1262/1262/1262
f 1263/1263/1263 1262/1262/1262 1264/1264/1264
f 1263/1263/1263 1264/1264/1264 1265/1265/1265
f 1265/1265/1265 1264/1264/1264 1266/1266/1266
f 1265/1265/1265 1266/1266/1266 1267/1267/1267
f 1268/1268/1268 1270/1270/1270 1269/1269/1269
f 1270/1270/1270 1268/1268/1268 1271/1271/1271
f 1272/1272/1272 1271/1271/1271 1268/1268/1268
f 1271/1271/1271 1272/1272/1272 1273/1273/1273
f 1273/1273/1273 1272/1272/1272 1274/1274/1274
f 1273/1273/1273 1274/1274/1274 1275/1275/1275
f 1275/1275/1275 1274/1274/1274 1276/1276/1276
f 1275/1275/1275 1276/1276/1276 1277/1277/1277
f 1278/1278/1278 1280/1280/1280 1279/1279/1279
f 1280/1280/1280 1278/1278/1278 1281/1281/1281
f 1282/1282/1282 1281/1281/1281 1278/1278/1278
f 1283/1283/1283 1281/1281/1281 1282/1282/1282
f 1282/1282/1282 1284/1284/1284 1283/1283/1283
f 1284/1284/1284 1282/1282/1282 1285/1285/1285
f 1286/1286/1286 1288/1288/1288 1287/1287/1287
f 1288/1288/1288 1286/1286/1286 1289/1289/1289
f 1286/1286/1286 1290/1290/1290 1289/1289/1289
f 1290/1290/1290 1286/1286/1286 1291/1291/1291
f 1290/1290/1290 1291/1291/1291 1292/1292/1292
f 1291/1291/1291 1293/1293/1293 1292/1292/1292
f 1293/1293/1293 1291/1291/1291 1294/1294/1294
f 1293/1293/1293 1295/1295/1295 1292/1292/1292
f 1292/1292/1292 1295/1295/1295 1296/1296/1296
f 1297/1297/1297 1296/1296/1296 1295/1295/1295
f 1295/1295/1295 1298/1298/1298 1297/1297/1297
f 1299/1299/1299 1297/1297/1297 1298/1298/1298
f 1298/1298/1298 1300/1300/1300 1299/1299/1299
f 1294/1294/1294 1301/1301/1301 1293/1293/1293
f 1301/1301/1301 1294/1294/1294 1302/1302/1302
f 1303/1303/1303 1293/1293/1293 1301/1301/1301
f 1303/1303/1303 1304/1304/1304 1293/1293/1293
f 1295/1295/1295 1293/1293/1293 1304/1304/1304
f 1304/1304/1304 1298/1298/1298 1295/1295/1295
f 1305/1305/1305 1301/1301/1301 1302/1302/1302
f 1303/1303/1303 1301/1301/1301 1305/1305/1305
f 1305/1305/1305 1302/1302/1302 1306/1306/1306
f 1300/1300/1300 1298/1298/1298 1307/1307/1307
f 1307/1307/1307 1308/1308/1308 1300/1300/1300
f 1309/1309/1309 1305/1305/1305 1306/1306/1306
f 1303/1303/1303 1305/1305/1305 1309/1309/1309
f 1306/1306/1306 1310/1310/1310 1309/1309/1309
f 1303/1303/1303 1309/1309/1309 1310/1310/1310
f 1310/1310/1310 1306/1306/1306 1311/1311/1311
f 1310/1310/1310 1311/1311/1311 1312/1312/1312
f 1311/1311/1311 1313/1313/1313 1312/1312/1312
f 1314/1314/1314 1310/1310/1310 1312/1312/1312
f 1313/1313/1313 1314/1314/1314 1312/1312/1312
f 1303/1303/1303 1310/1310/1310 1314/1314/1314
f 1314/1314/1314 1313/1313/1313 1315/1315/1315
f 1315/1315/1315 1316/1316/1316 1314/1314/1314
f 1314/1314/1314 1316/1316/1316 1303/1303/1303
f 1316/1316/1316 1315/1315/1315 1317/1317/1317
f 1317/1317/1317 1318/1318/1318 1316/1316/1316
f 1318/1318/1318 1308/1308/1308 1319/1319/1319
f 1318/1318/1318 1319/1319/1319 1316/1316/1316
f 1320/1320/1320 1303/1303/1303 1316/1316/1316
f 1316/1316/1316 1319/1319/1319 1320/1320/1320
f 1304/1304/1304 1303/1303/1303 1320/1320/1320
f 1321/1321/1321 1319/1319/1319 1308/1308/1308
f 1308/1308/1308 1307/1307/1307 1321/1321/1321
f 1320/1320/1320 1319/1319/1319 1322/1322/1322
f 1304/1304/1304 1320/1320/1320 1322/1322/1322
f 1319/1319/1319 1321/1321/1321 1322/1322/1322
f 1304/1304/1304 1322/1322/1322 1323/1323/1323
f 1298/1298/1298 1304/1304/1304 1323/1323/1323
f 1323/1323/1323 1307/1307/1307 1298/1298/1298
f 1324/1324/1324 1321/1321/1321 1307/1307/1307
f 1307/1307/1307 1323/1323/1323 1324/1324/1324
f 1322/1322/1322 1321/1321/1321 1325/1325/1325
f 1321/1321/1321 1324/1324/1324 1325/1325/1325
f 1323/1323/1323 1322/1322/1322 1325/1325/1325
f 1323/1323/1323 1325/1325/1325 1324/1324/1324
f 1326/1326/1326 1328/1328/1328 1327/1327/1327
f 1328/1328/1328 1326/1326/1326 1329/1329/1329
f 1330/1330/1330 1329/1329/1329 1326/1326/1326
f 1329/1329/1329 1330/1330/1330 1331/1331/1331
f 1331/1331/1331 1330/1330/1330 1332/1332/1332
f 1333/1333/1333 1331/1331/1331 1332/1332/1332
f 1332/1332/1332 1334/1334/1334 1333/1333/1333
f 1334/1334/1334 1332/1332/1332 1335/1335/1335
f 1336/1336/1336 1335/1335/1335 1332/1332/1332
f 1333/1333/1333 1337/1337/1337 1331/1331/1331
f 1335/1335/1335 1336/1336/1336 1338/1338/1338
f 1337/1337/1337 1333/1333/1333 1339/1339/1339
f 1334/1334/1334 1339/1339/1339 1333/1333/1333
f 1339/1339/1339 1340/1340/1340 1337/1337/1337
f 1334/1334/1334 1340/1340/1340 1339/1339/1339
f 1340/1340/1340 1341/1341/1341 1337/1337/1337
f 1340/1340/1340 1342/1342/1342 1341/1341/1341
f 1334/1334/1334 1342/1342/1342 1340/1340/1340
f 1342/1342/1342 1343/1343/1343 1341/1341/1341
f 1343/1343/1343 1342/1342/1342 1344/1344/1344
f 1334/1334/1334 1344/1344/1344 1342/1342/1342
f 1344/1344/1344 1345/1345/1345 1343/1343/1343
f 1338/1338/1338 1346/1346/1346 1335/1335/1335
f 1346/1346/1346 1338/1338/1338 1347/1347/1347
f 1335/1335/1335 1348/1348/1348 1334/1334/1334
f 1348/1348/1348 1335/1335/1335 1346/1346/1346
f 1345/1345/1345 1344/1344/1344 1349/1349/1349
f 1350/1350/1350 1345/1345/1345 1349/1349/1349
f 1334/1334/1334 1351/1351/1351 1344/1344/1344
f 1351/1351/1351 1334/1334/1334 1348/1348/1348
f 1351/1351/1351 1349/1349/1349 1344/1344/1344
f 1352/1352/1352 1350/1350/1350 1349/1349/1349
f 1352/1352/1352 1349/1349/1349 1351/1351/1351
f 1353/1353/1353 1350/1350/1350 1352/1352/1352
f 1347/1347/1347 1354/1354/1354 1346/1346/1346
f 1354/1354/1354 1347/1347/1347 1355/1355/1355
f 1355/1355/1355 1356/1356/1356 1354/1354/1354
f 1356/1356/1356 1355/1355/1355 1357/1357/1357
f 1357/1357/1357 1358/1358/1358 1356/1356/1356
f 1346/1346/1346 1359/1359/1359 1348/1348/1348
f 1359/1359/1359 1346/1346/1346 1354/1354/1354
f 1359/1359/1359 1351/1351/1351 1348/1348/1348
f 1354/1354/1354 1356/1356/1356 1359/1359/1359
f 1360/1360/1360 1353/1353/1353 1352/1352/1352
f 1353/1353/1353 1360/1360/1360 1361/1361/1361
f 1361/1361/1361 1362/1362/1362 1358/1358/1358
f 1362/1362/1362 1356/1356/1356 1358/1358/1358
f 1362/1362/1362 1361/1361/1361 1360/1360/1360
f 1363/1363/1363 1352/1352/1352 1351/1351/1351
f 1351/1351/1351 1359/1359/1359 1363/1363/1363
f 1360/1360/1360 1352/1352/1352 1363/1363/1363
f 1364/1364/1364 1362/1362/1362 1360/1360/1360
f 1364/1364/1364 1356/1356/1356 1362/1362/1362
f 1363/1363/1363 1364/1364/1364 1360/1360/1360
f 1363/1363/1363 1359/1359/1359 1365/1365/1365
f 1359/1359/1359 1356/1356/1356 1365/1365/1365
f 1363/1363/1363 1365/1365/1365 1364/1364/1364
f 1356/1356/1356 1364/1364/1364 1365/1365/1365
f 1366/1366/1366 1368/1368/1368 1367/1367/1367
f 1368/1368/1368 1366/1366/1366 1369/1369/1369
f 1370/1370/1370 1372/1372/1372 1371/1371/1371
f 1372/1372/1372 1370/1370/1370 1373/1373/1373
f 1374/1374/1374 1376/1376/1376 1375/1375/1375
f 1376/1376/1376 1374/1374/1374 1377/1377/1377
f 1378/1378/1378 1380/1380/1380 1379/1379/1379
f 1378/1378/1378 1379/1379/1379 1381/1381/1381
f 1382/1382/1382 1384/1384/1384 1383/1383/1383
f 1383/1383/1383 1384/1384/1384 1385/1385/1385
f 1386/1386/1386 1388/1388/1388 1387/1387/1387
f 1388/1388/1388 1386/1386/1386 1389/1389/1389
f 1390/1390/1390 1392/1392/1392 1391/1391/1391
f 1392/1392/1392 1390/1390/1390 1393/1393/1393
f 1394/1394/1394 1396/1396/1396 1395/1395/1395
f 1396/1396/1396 1394/1394/1394 1397/1397/1397
f 1398/1398/1398 1400/1400/1400 1399/1399/1399
f 1400/1400/1400 1398/1398/1398 1401/1401/1401
f 1402/1402/1402 1404/1404/1404 1403/1403/1403
f 1402/1402/1402 1403/1403/1403 1405/1405/1405
f 1406/1406/1406 1408/1408/1408 1407/1407/1407
f 1407/1407/1407 1408/1408/1408 1409/1409/1409
f 1410/1410/1410 1412/1412/1412 1411/1411/1411
f 1412/1412/1412 1410/1410/1410 1413/1413/1413
f 1414/1414/1414 1416/1416/1416 1415/1415/1415
f 1416/1416/1416 1414/1414/1414 1417/1417/1417
f 1418/1418/1418 1417/1417/1417 1414/1414/1414
f 1414/1414/1414 1419/1419/1419 1418/1418/1418
f 1420/1420/1420 1422/1422/1422 1421/1421/1421
f 1422/1422/1422 1420/1420/1420 1423/1423/1423
f 1420/1420/1420 1424/1424/1424 1423/1423/1423
f 1424/1424/1424 1420/1420/1420 1425/1425/1425
f 1426/1426/1426 1428/1428/1428 1427/1427/1427
f 1428/1428/1428 1426/1426/1426 1429/1429/1429
f 1430/1430/1430 1429/1429/1429 1426/1426/1426
f 1429/1429/1429 1430/1430/1430 1431/1431/1431
f 1430/1430/1430 1432/1432/1432 1431/1431/1431
f 1430/1430/1430 1433/1433/1433 1432/1432/1432
f 1433/1433/1433 1434/1434/1434 1432/1432/1432
f 1433/1433/1433 1435/1435/1435 1434/1434/1434
f 1435/1435/1435 1436/1436/1436 1434/1434/1434
f 1435/1435/1435 1437/1437/1437 1436/1436/1436
f 1438/1438/1438 1440/1440/1440 1439/1439/1439
f 1440/1440/1440 1438/1438/1438 1441/1441/1441
f 1441/1441/1441 1442/1442/1442 1440/1440/1440
f 1438/1438/1438 1443/1443/1443 1441/1441/1441
f 1444/1444/1444 1443/1443/1443 1438/1438/1438
f 1442/1442/1442 1441/1441/1441 1445/1445/1445
f 1445/1445/1445 1446/1446/1446 1442/1442/1442
f 1441/1441/1441 1447/1447/1447 1445/1445/1445
f 1441/1441/1441 1443/1443/1443 1447/1447/1447
f 1446/1446/1446 1445/1445/1445 1448/1448/1448
f 1447/1447/1447 1448/1448/1448 1445/1445/1445
f 1448/1448/1448 1449/1449/1449 1446/1446/1446
f 1449/1449/1449 1448/1448/1448 1450/1450/1450
f 1451/1451/1451 1450/1450/1450 1448/1448/1448
f 1448/1448/1448 1447/1447/1447 1451/1451/1451
f 1450/1450/1450 1451/1451/1451 1452/1452/1452
f 1451/1451/1451 1453/1453/1453 1452/1452/1452
f 1451/1451/1451 1454/1454/1454 1453/1453/1453
f 1447/1447/1447 1454/1454/1454 1451/1451/1451
f 1454/1454/1454 1455/1455/1455 1453/1453/1453
f 1444/1444/1444 1456/1456/1456 1443/1443/1443
f 1457/1457/1457 1456/1456/1456 1444/1444/1444
f 1458/1458/1458 1456/1456/1456 1457/1457/1457
f 1443/1443/1443 1459/1459/1459 1447/1447/1447
f 1447/1447/1447 1459/1459/1459 1454/1454/1454
f 1443/1443/1443 1456/1456/1456 1459/1459/1459
f 1454/1454/1454 1460/1460/1460 1455/1455/1455
f 1459/1459/1459 1460/1460/1460 1454/1454/1454
f 1460/1460/1460 1461/1461/1461 1455/1455/1455
f 1460/1460/1460 1462/1462/1462 1461/1461/1461
f 1459/1459/1459 1463/1463/1463 1460/1460/1460
f 1463/1463/1463 1462/1462/1462 1460/1460/1460
f 1456/1456/1456 1463/1463/1463 1459/1459/1459
f 1463/1463/1463 1464/1464/1464 1462/1462/1462
f 1463/1463/1463 1456/1456/1456 1465/1465/1465
f 1465/1465/1465 1464/1464/1464 1463/1463/1463
f 1456/1456/1456 1458/1458/1458 1465/1465/1465
f 1465/1465/1465 1466/1466/1466 1464/1464/1464
f 1458/1458/1458 1466/1466/1466 1465/1465/1465
f 1467/1467/1467 1466/1466/1466 1458/1458/1458
f 1468/1468/1468 1470/1470/1470 1469/1469/1469
f 1470/1470/1470 1468/1468/1468 1471/1471/1471
f 1470/1470/1470 1471/1471/1471 1472/1472/1472
f 1472/1472/1472 1473/1473/1473 1470/1470/1470
f 1473/1473/1473 1472/1472/1472 1474/1474/1474
f 1474/1474/1474 1475/1475/1475 1473/1473/1473
f 1474/1474/1474 1476/1476/1476 1475/1475/1475
f 1476/1476/1476 1474/1474/1474 1477/1477/1477
f 1476/1476/1476 1477/1477/1477 1478/1478/1478
f 1478/1478/1478 1479/1479/1479 1476/1476/1476
f 1480/1480/1480 1482/1482/1482 1481/1481/1481
f 1480/1480/1480 1483/1483/1483 1482/1482/1482
f 1482/1482/1482 1483/1483/1483 1484/1484/1484
f 1485/1485/1485 1483/1483/1483 1480/1480/1480
f 1483/1483/1483 1485/1485/1485 1486/1486/1486
f 1487/1487/1487 1485/1485/1485 1480/1480/1480
f 1487/1487/1487 1480/1480/1480 1488/1488/1488
f 1485/1485/1485 1487/1487/1487 1489/1489/1489
f 1489/1489/1489 1487/1487/1487 1490/1490/1490
f 1489/1489/1489 1490/1490/1490 1491/1491/1491
f 1492/1492/1492 1494/1494/1494 1493/1493/1493
f 1494/1494/1494 1492/1492/1492 1495/1495/1495
f 1495/1495/1495 1496/1496/1496 1494/1494/1494
f 1497/1497/1497 1495/1495/1495 1492/1492/1492
f 1496/1496/1496 1495/1495/1495 1498/1498/1498
f 1498/1498/1498 1499/1499/1499 1496/1496/1496
f 1495/1495/1495 1497/1497/1497 1500/1500/1500
f 1501/1501/1501 1500/1500/1500 1497/1497/1497
f 1495/1495/1495 1502/1502/1502 1498/1498/1498
f 1500/1500/1500 1502/1502/1502 1495/1495/1495
f 1499/1499/1499 1498/1498/1498 1503/1503/1503
f 1502/1502/1502 1503/1503/1503 1498/1498/1498
f 1500/1500/1500 1501/1501/1501 1504/1504/1504
f 1505/1505/1505 1504/1504/1504 1501/1501/1501
f 1500/1500/1500 1506/1506/1506 1502/1502/1502
f 1504/1504/1504 1506/1506/1506 1500/1500/1500
f 1504/1504/1504 1505/1505/1505 1507/1507/1507
f 1508/1508/1508 1507/1507/1507 1505/1505/1505
f 1509/1509/1509 1499/1499/1499 1503/1503/1503
f 1510/1510/1510 1499/1499/1499 1509/1509/1509
f 1503/1503/1503 1502/1502/1502 1511/1511/1511
f 1506/1506/1506 1511/1511/1511 1502/1502/1502
f 1504/1504/1504 1512/1512/1512 1506/1506/1506
f 1507/1507/1507 1512/1512/1512 1504/1504/1504
f 1507/1507/1507 1508/1508/1508 1513/1513/1513
f 1514/1514/1514 1513/1513/1513 1508/1508/1508
f 1513/1513/1513 1514/1514/1514 1515/1515/1515
f 1513/1513/1513 1516/1516/1516 1507/1507/1507
f 1515/1515/1515 1516/1516/1516 1513/1513/1513
f 1507/1507/1507 1516/1516/1516 1512/1512/1512
f 1516/1516/1516 1515/1515/1515 1517/1517/1517
f 1512/1512/1512 1518/1518/1518 1506/1506/1506
f 1511/1511/1511 1506/1506/1506 1518/1518/1518
f 1511/1511/1511 1519/1519/1519 1503/1503/1503
f 1509/1509/1509 1503/1503/1503 1519/1519/1519
f 1516/1516/1516 1520/1520/1520 1512/1512/1512
f 1518/1518/1518 1512/1512/1512 1520/1520/1520
f 1517/1517/1517 1521/1521/1521 1516/1516/1516
f 1520/1520/1520 1516/1516/1516 1521/1521/1521
f 1521/1521/1521 1517/1517/1517 1522/1522/1522
f 1523/1523/1523 1521/1521/1521 1522/1522/1522
f 1524/1524/1524 1521/1521/1521 1523/1523/1523
f 1521/1521/1521 1524/1524/1524 1520/1520/1520
f 1525/1525/1525 1524/1524/1524 1523/1523/1523
f 1518/1518/1518 1526/1526/1526 1511/1511/1511
f 1519/1519/1519 1511/1511/1511 1526/1526/1526
f 1520/1520/1520 1527/1527/1527 1518/1518/1518
f 1527/1527/1527 1520/1520/1520 1524/1524/1524
f 1526/1526/1526 1518/1518/1518 1527/1527/1527
f 1528/1528/1528 1524/1524/1524 1525/1525/1525
f 1524/1524/1524 1528/1528/1528 1527/1527/1527
f 1529/1529/1529 1528/1528/1528 1525/1525/1525
f 1527/1527/1527 1530/1530/1530 1526/1526/1526
f 1530/1530/1530 1527/1527/1527 1528/1528/1528
f 1526/1526/1526 1531/1531/1531 1519/1519/1519
f 1531/1531/1531 1526/1526/1526 1530/1530/1530
f 1532/1532/1532 1519/1519/1519 1531/1531/1531
f 1519/1519/1519 1532/1532/1532 1509/1509/1509
f 1533/1533/1533 1509/1509/1509 1532/1532/1532
f 1532/1532/1532 1534/1534/1534 1533/1533/1533
f 1533/1533/1533 1510/1510/1510 1509/1509/1509
f 1535/1535/1535 1510/1510/1510 1533/1533/1533
f 1534/1534/1534 1535/1535/1535 1533/1533/1533
f 1536/1536/1536 1535/1535/1535 1534/1534/1534
f 1534/1534/1534 1537/1537/1537 1536/1536/1536
f 1531/1531/1531 1538/1538/1538 1532/1532/1532
f 1534/1534/1534 1532/1532/1532 1538/1538/1538
f 1530/1530/1530 1539/1539/1539 1531/1531/1531
f 1538/1538/1538 1531/1531/1531 1539/1539/1539
f 1528/1528/1528 1540/1540/1540 1530/1530/1530
f 1539/1539/1539 1530/1530/1530 1540/1540/1540
f 1537/1537/1537 1534/1534/1534 1541/1541/1541
f 1541/1541/1541 1542/1542/1542 1537/1537/1537
f 1538/1538/1538 1543/1543/1543 1534/1534/1534
f 1534/1534/1534 1543/1543/1543 1541/1541/1541
f 1542/1542/1542 1541/1541/1541 1544/1544/1544
f 1543/1543/1543 1544/1544/1544 1541/1541/1541
f 1544/1544/1544 1545/1545/1545 1542/1542/1542
f 1545/1545/1545 1544/1544/1544 1546/1546/1546
f 1547/1547/1547 1546/1546/1546 1544/1544/1544
f 1544/1544/1544 1543/1543/1543 1547/1547/1547
f 1546/1546/1546 1547/1547/1547 1548/1548/1548
f 1538/1538/1538 1549/1549/1549 1543/1543/1543
f 1539/1539/1539 1549/1549/1549 1538/1538/1538
f 1549/1549/1549 1547/1547/1547 1543/1543/1543
f 1550/1550/1550 1548/1548/1548 1547/1547/1547
f 1547/1547/1547 1549/1549/1549 1550/1550/1550
f 1548/1548/1548 1550/1550/1550 1551/1551/1551
f 1539/1539/1539 1552/1552/1552 1549/1549/1549
f 1552/1552/1552 1550/1550/1550 1549/1549/1549
f 1540/1540/1540 1552/1552/1552 1539/1539/1539
f 1553/1553/1553 1551/1551/1551 1550/1550/1550
f 1550/1550/1550 1552/1552/1552 1553/1553/1553
f 1551/1551/1551 1553/1553/1553 1554/1554/1554
f 1540/1540/1540 1555/1555/1555 1552/1552/1552
f 1555/1555/1555 1553/1553/1553 1552/1552/1552
f 1556/1556/1556 1554/1554/1554 1553/1553/1553
f 1553/1553/1553 1555/1555/1555 1556/1556/1556
f 1554/1554/1554 1556/1556/1556 1557/1557/1557
f 1558/1558/1558 1557/1557/1557 1556/1556/1556
f 1557/1557/1557 1558/1558/1558 1559/1559/1559
f 1556/1556/1556 1560/1560/1560 1558/1558/1558
f 1560/1560/1560 1556/1556/1556 1555/1555/1555
f 1555/1555/1555 1529/1529/1529 1560/1560/1560
f 1561/1561/1561 1555/1555/1555 1540/1540/1540
f 1529/1529/1529 1555/1555/1555 1561/1561/1561
f 1540/1540/1540 1528/1528/1528 1561/1561/1561
f 1561/1561/1561 1528/1528/1528 1529/1529/1529
f 1562/1562/1562 1564/1564/1564 1563/1563/1563
f 1563/1563/1563 1564/1564/1564 1565/1565/1565
f 1563/1563/1563 1565/1565/1565 1566/1566/1566
f 1564/1564/1564 1567/1567/1567 1565/1565/1565
f 1566/1566/1566 1565/1565/1565 1568/1568/1568
f 1566/1566/1566 1568/1568/1568 1569/1569/1569
f 1565/1565/1565 1567/1567/1567 1570/1570/1570
f 1567/1567/1567 1571/1571/1571 1570/1570/1570
f 1572/1572/1572 1565/1565/1565 1570/1570/1570
f 1565/1565/1565 1572/1572/1572 1568/1568/1568
f 1573/1573/1573 1569/1569/1569 1568/1568/1568
f 1569/1569/1569 1573/1573/1573 1574/1574/1574
f 1570/1570/1570 1571/1571/1571 1575/1575/1575
f 1570/1570/1570 1575/1575/1575 1572/1572/1572
f 1576/1576/1576 1568/1568/1568 1572/1572/1572
f 1568/1568/1568 1576/1576/1576 1573/1573/1573
f 1577/1577/1577 1574/1574/1574 1573/1573/1573
f 1577/1577/1577 1578/1578/1578 1574/1574/1574
f 1571/1571/1571 1579/1579/1579 1575/1575/1575
f 1579/1579/1579 1571/1571/1571 1580/1580/1580
f 1572/1572/1572 1575/1575/1575 1581/1581/1581
f 1572/1572/1572 1581/1581/1581 1576/1576/1576
f 1582/1582/1582 1573/1573/1573 1576/1576/1576
f 1573/1573/1573 1582/1582/1582 1577/1577/1577
f 1583/1583/1583 1578/1578/1578 1577/1577/1577
f 1583/1583/1583 1584/1584/1584 1578/1578/1578
f 1585/1585/1585 1584/1584/1584 1583/1583/1583
f 1577/1577/1577 1586/1586/1586 1583/1583/1583
f 1586/1586/1586 1585/1585/1585 1583/1583/1583
f 1586/1586/1586 1577/1577/1577 1582/1582/1582
f 1587/1587/1587 1585/1585/1585 1586/1586/1586
f 1576/1576/1576 1588/1588/1588 1582/1582/1582
f 1576/1576/1576 1581/1581/1581 1588/1588/1588
f 1575/1575/1575 1589/1589/1589 1581/1581/1581
f 1589/1589/1589 1575/1575/1575 1579/1579/1579
f 1590/1590/1590 1587/1587/1587 1586/1586/1586
f 1591/1591/1591 1587/1587/1587 1590/1590/1590
f 1590/1590/1590 1592/1592/1592 1591/1591/1591
f 1582/1582/1582 1593/1593/1593 1586/1586/1586
f 1586/1586/1586 1593/1593/1593 1590/1590/1590
f 1582/1582/1582 1588/1588/1588 1593/1593/1593
f 1592/1592/1592 1590/1590/1590 1594/1594/1594
f 1593/1593/1593 1594/1594/1594 1590/1590/1590
f 1594/1594/1594 1595/1595/1595 1592/1592/1592
f 1581/1581/1581 1596/1596/1596 1588/1588/1588
f 1596/1596/1596 1581/1581/1581 1589/1589/1589
f 1588/1588/1588 1597/1597/1597 1593/1593/1593
f 1594/1594/1594 1593/1593/1593 1597/1597/1597
f 1597/1597/1597 1588/1588/1588 1596/1596/1596
f 1595/1595/1595 1594/1594/1594 1598/1598/1598
f 1597/1597/1597 1598/1598/1598 1594/1594/1594
f 1598/1598/1598 1599/1599/1599 1595/1595/1595
f 1596/1596/1596 1600/1600/1600 1597/1597/1597
f 1598/1598/1598 1597/1597/1597 1600/1600/1600
f 1589/1589/1589 1601/1601/1601 1596/1596/1596
f 1600/1600/1600 1596/1596/1596 1601/1601/1601
f 1601/1601/1601 1589/1589/1589 1602/1602/1602
f 1579/1579/1579 1602/1602/1602 1589/1589/1589
f 1602/1602/1602 1579/1579/1579 1603/1603/1603
f 1603/1603/1603 1604/1604/1604 1602/1602/1602
f 1580/1580/1580 1603/1603/1603 1579/1579/1579
f 1603/1603/1603 1580/1580/1580 1605/1605/1605
f 1605/1605/1605 1604/1604/1604 1603/1603/1603
f 1604/1604/1604 1605/1605/1605 1606/1606/1606
f 1606/1606/1606 1607/1607/1607 1604/1604/1604
f 1608/1608/1608 1601/1601/1601 1602/1602/1602
f 1602/1602/1602 1604/1604/1604 1608/1608/1608
f 1609/1609/1609 1600/1600/1600 1601/1601/1601
f 1601/1601/1601 1608/1608/1608 1609/1609/1609
f 1610/1610/1610 1598/1598/1598 1600/1600/1600
f 1600/1600/1600 1609/1609/1609 1610/1610/1610
f 1604/1604/1604 1607/1607/1607 1611/1611/1611
f 1607/1607/1607 1612/1612/1612 1611/1611/1611
f 1604/1604/1604 1613/1613/1613 1608/1608/1608
f 1613/1613/1613 1604/1604/1604 1611/1611/1611
f 1611/1611/1611 1612/1612/1612 1614/1614/1614
f 1611/1611/1611 1614/1614/1614 1613/1613/1613
f 1612/1612/1612 1615/1615/1615 1614/1614/1614
f 1614/1614/1614 1615/1615/1615 1616/1616/1616
f 1614/1614/1614 1616/1616/1616 1617/1617/1617
f 1617/1617/1617 1613/1613/1613 1614/1614/1614
f 1617/1617/1617 1616/1616/1616 1618/1618/1618
f 1619/1619/1619 1608/1608/1608 1613/1613/1613
f 1608/1608/1608 1619/1619/1619 1609/1609/1609
f 1613/1613/1613 1617/1617/1617 1619/1619/1619
f 1617/1617/1617 1618/1618/1618 1620/1620/1620
f 1620/1620/1620 1619/1619/1619 1617/1617/1617
f 1621/1621/1621 1620/1620/1620 1618/1618/1618
f 1622/1622/1622 1609/1609/1609 1619/1619/1619
f 1619/1619/1619 1620/1620/1620 1622/1622/1622
f 1609/1609/1609 1622/1622/1622 1610/1610/1610
f 1620/1620/1620 1621/1621/1621 1623/1623/1623
f 1623/1623/1623 1622/1622/1622 1620/1620/1620
f 1624/1624/1624 1623/1623/1623 1621/1621/1621
f 1625/1625/1625 1610/1610/1610 1622/1622/1622
f 1622/1622/1622 1623/1623/1623 1625/1625/1625
f 1623/1623/1623 1624/1624/1624 1626/1626/1626
f 1626/1626/1626 1625/1625/1625 1623/1623/1623
f 1627/1627/1627 1626/1626/1626 1624/1624/1624
f 1627/1627/1627 1628/1628/1628 1626/1626/1626
f 1629/1629/1629 1628/1628/1628 1627/1627/1627
f 1628/1628/1628 1630/1630/1630 1626/1626/1626
f 1626/1626/1626 1630/1630/1630 1625/1625/1625
f 1630/1630/1630 1599/1599/1599 1625/1625/1625
f 1610/1610/1610 1625/1625/1625 1631/1631/1631
f 1625/1625/1625 1599/1599/1599 1631/1631/1631
f 1598/1598/1598 1610/1610/1610 1631/1631/1631
f 1599/1599/1599 1598/1598/1598 1631/1631/1631
f 1632/1632/1632 1634/1634/1634 1633/1633/1633
f 1635/1635/1635 1634/1634/1634 1632/1632/1632
f 1635/1635/1635 1636/1636/1636 1634/1634/1634
f 1636/1636/1636 1635/1635/1635 1637/1637/1637
f 1635/1635/1635 1638/1638/1638 1637/1637/1637
f 1638/1638/1638 1635/1635/1635 1639/1639/1639
f 1640/1640/1640 1635/1635/1635 1632/1632/1632
f 1640/1640/1640 1632/1632/1632 1641/1641/1641
f 1642/1642/1642 1635/1635/1635 1640/1640/1640
f 1635/1635/1635 1642/1642/1642 1643/1643/1643
f 1644/1644/1644 1646/1646/1646 1645/1645/1645
f 1646/1646/1646 1644/1644/1644 1647/1647/1647
f 1648/1648/1648 1647/1647/1647 1644/1644/1644
f 1647/1647/1647 1648/1648/1648 1649/1649/1649
f 1650/1650/1650 1649/1649/1649 1648/1648/1648
f 1649/1649/1649 1650/1650/1650 1651/1651/1651
f 1652/1652/1652 1651/1651/1651 1650/1650/1650
f 1651/1651/1651 1652/1652/1652 1653/1653/1653
f 1654/1654/1654 1653/1653/1653 1652/1652/1652
f 1653/1653/1653 1654/1654/1654 1655/1655/1655
f 1656/1656/1656 1655/1655/1655 1654/1654/1654
f 1655/1655/1655 1656/1656/1656 1657/1657/1657
f 1657/1657/1657 1656/1656/1656 1658/1658/1658
f 1658/1658/1658 1656/1656/1656 1659/1659/1659
f 1658/1658/1658 1659/1659/1659 1660/1660/1660
f 1661/1661/1661 1660/1660/1660 1659/1659/1659
f 1660/1660/1660 1661/1661/1661 1662/1662/1662
f 1663/1663/1663 1662/1662/1662 1661/1661/1661
f 1662/1662/1662 1663/1663/1663 1664/1664/1664
f 1665/1665/1665 1664/1664/1664 1663/1663/1663
f 1664/1664/1664 1665/1665/1665 1666/1666/1666
f 1667/1667/1667 1666/1666/1666 1665/1665/1665
f 1666/1666/1666 1667/1667/1667 1668/1668/1668
f 1668/1668/1668 1667/1667/1667 1669/1669/1669
f 1670/1670/1670 1672/1672/1672 1671/1671/1671
f 1672/1672/1672 1670/1670/1670 1673/1673/1673
f 1673/1673/1673 1674/1674/1674 1672/1672/1672
f 1672/1672/1672 1674/1674/1674 1675/1675/1675
f 1670/1670/1670 1676/1676/1676 1673/1673/1673
f 1676/1676/1676 1674/1674/1674 1673/1673/1673
f 1677/1677/1677 1676/1676/1676 1670/1670/1670
f 1674/1674/1674 1678/1678/1678 1675/1675/1675
f 1675/1675/1675 1678/1678/1678 1679/1679/1679
f 1678/1678/1678 1674/1674/1674 1680/1680/1680
f 1681/1681/1681 1680/1680/1680 1674/1674/1674
f 1674/1674/1674 1676/1676/1676 1681/1681/1681
f 1680/1680/1680 1681/1681/1681 1682/1682/1682
f 1677/1677/1677 1683/1683/1683 1676/1676/1676
f 1683/1683/1683 1681/1681/1681 1676/1676/1676
f 1683/1683/1683 1677/1677/1677 1684/1684/1684
f 1685/1685/1685 1682/1682/1682 1681/1681/1681
f 1681/1681/1681 1683/1683/1683 1685/1685/1685
f 1682/1682/1682 1685/1685/1685 1686/1686/1686
f 1684/1684/1684 1687/1687/1687 1683/1683/1683
f 1687/1687/1687 1685/1685/1685 1683/1683/1683
f 1687/1687/1687 1684/1684/1684 1688/1688/1688
f 1688/1688/1688 1689/1689/1689 1687/1687/1687
f 1690/1690/1690 1689/1689/1689 1688/1688/1688
f 1691/1691/1691 1689/1689/1689 1690/1690/1690
f 1692/1692/1692 1686/1686/1686 1685/1685/1685
f 1685/1685/1685 1687/1687/1687 1692/1692/1692
f 1689/1689/1689 1692/1692/1692 1687/1687/1687
f 1686/1686/1686 1692/1692/1692 1693/1693/1693
f 1694/1694/1694 1693/1693/1693 1692/1692/1692
f 1692/1692/1692 1689/1689/1689 1694/1694/1694
f 1693/1693/1693 1694/1694/1694 1695/1695/1695
f 1694/1694/1694 1689/1689/1689 1696/1696/1696
f 1695/1695/1695 1694/1694/1694 1696/1696/1696
f 1689/1689/1689 1691/1691/1691 1697/1697/1697
f 1696/1696/1696 1689/1689/1689 1697/1697/1697
f 1697/1697/1697 1691/1691/1691 1698/1698/1698
f 1698/1698/1698 1696/1696/1696 1697/1697/1697
f 1698/1698/1698 1691/1691/1691 1699/1699/1699
f 1700/1700/1700 1698/1698/1698 1699/1699/1699
f 1701/1701/1701 1695/1695/1695 1696/1696/1696
f 1696/1696/1696 1698/1698/1698 1701/1701/1701
f 1695/1695/1695 1701/1701/1701 1702/1702/1702
f 1703/1703/1703 1702/1702/1702 1701/1701/1701
f 1698/1698/1698 1703/1703/1703 1701/1701/1701
f 1702/1702/1702 1703/1703/1703 1704/1704/1704
f 1698/1698/1698 1700/1700/1700 1705/1705/1705
f 1705/1705/1705 1703/1703/1703 1698/1698/1698
f 1706/1706/1706 1705/1705/1705 1700/1700/1700
f 1707/1707/1707 1704/1704/1704 1703/1703/1703
f 1705/1705/1705 1707/1707/1707 1703/1703/1703
f 1704/1704/1704 1707/1707/1707 1708/1708/1708
f 1705/1705/1705 1706/1706/1706 1709/1709/1709
f 1709/1709/1709 1707/1707/1707 1705/1705/1705
f 1710/1710/1710 1709/1709/1709 1706/1706/1706
f 1711/1711/1711 1708/1708/1708 1707/1707/1707
f 1709/1709/1709 1711/1711/1711 1707/1707/1707
f 1708/1708/1708 1711/1711/1711 1712/1712/1712
f 1709/1709/1709 1710/1710/1710 1713/1713/1713
f 1713/1713/1713 1711/1711/1711 1709/1709/1709
f 1714/1714/1714 1713/1713/1713 1710/1710/1710
f 1715/1715/1715 1712/1712/1712 1711/1711/1711
f 1713/1713/1713 1715/1715/1715 1711/1711/1711
f 1712/1712/1712 1715/1715/1715 1716/1716/1716
f 1713/1713/1713 1714/1714/1714 1717/1717/1717
f 1717/1717/1717 1715/1715/1715 1713/1713/1713
f 1717/1717/1717 1714/1714/1714 1718/1718/1718
f 1718/1718/1718 1715/1715/1715 1717/1717/1717
f 1718/1718/1718 1714/1714/1714 1719/1719/1719
f 1715/1715/1715 1718/1718/1718 1720/1720/1720
f 1720/1720/1720 1716/1716/1716 1715/1715/1715
f 1716/1716/1716 1720/1720/1720 1721/1721/1721
f 1722/1722/1722 1724/1724/1724 1723/1723/1723
f 1725/1725/1725 1724/1724/1724 1722/1722/1722
f 1725/1725/1725 1726/1726/1726 1724/1724/1724
f 1727/1727/1727 1726/1726/1726 1725/1725/1725
f 1726/1726/1726 1727/1727/1727 1728/1728/1728
f 1729/1729/1729 1728/1728/1728 1727/1727/1727
f 1728/1728/1728 1729/1729/1729 1730/1730/1730
f 1731/1731/1731 1730/1730/1730 1729/1729/1729
f 1731/1731/1731 1732/1732/1732 1730/1730/1730
f 1732/1732/1732 1731/1731/1731 1733/1733/1733
f 1732/1732/1732 1733/1733/1733 1734/1734/1734
f 1734/1734/1734 1733/1733/1733 1735/1735/1735
f 1736/1736/1736 1734/1734/1734 1735/1735/1735
f 1734/1734/1734 1736/1736/1736 1737/1737/1737
f 1738/1738/1738 1737/1737/1737 1736/1736/1736
f 1737/1737/1737 1738/1738/1738 1739/1739/1739
f 1740/1740/1740 1739/1739/1739 1738/1738/1738
f 1739/1739/1739 1740/1740/1740 1741/1741/1741
f 1742/1742/1742 1741/1741/1741 1740/1740/1740
f 1741/1741/1741 1742/1742/1742 1743/1743/1743
f 1744/1744/1744 1743/1743/1743 1742/1742/1742
f 1743/1743/1743 1744/1744/1744 1745/1745/1745
f 1746/1746/1746 1745/1745/1745 1744/1744/1744
f 1745/1745/1745 1746/1746/1746 1747/1747/1747
f 1748/1748/1748 1750/1750/1750 1749/1749/1749
f 1748/1748/1748 1751/1751/1751 1750/1750/1750
f 1752/1752/1752 1751/1751/1751 1748/1748/1748
f 1751/1751/1751 1752/1752/1752 1753/1753/1753
f 1754/1754/1754 1751/1751/1751 1753/1753/1753
f 1751/1751/1751 1754/1754/1754 1755/1755/1755
f 1751/1751/1751 1756/1756/1756 1750/1750/1750
f 1750/1750/1750 1756/1756/1756 1757/1757/1757
f 1751/1751/1751 1758/1758/1758 1756/1756/1756
f 1758/1758/1758 1751/1751/1751 1759/1759/1759
f 1760/1760/1760 1762/1762/1762 1761/1761/1761
f 1763/1763/1763 1762/1762/1762 1760/1760/1760
f 1762/1762/1762 1763/1763/1763 1764/1764/1764
f 1765/1765/1765 1764/1764/1764 1763/1763/1763
f 1766/1766/1766 1763/1763/1763 1760/1760/1760
f 1763/1763/1763 1767/1767/1767 1765/1765/1765
f 1768/1768/1768 1763/1763/1763 1766/1766/1766
f 1767/1767/1767 1763/1763/1763 1768/1768/1768
f 1766/1766/1766 1769/1769/1769 1768/1768/1768
f 1768/1768/1768 1770/1770/1770 1767/1767/1767
f 1769/1769/1769 1771/1771/1771 1768/1768/1768
f 1770/1770/1770 1768/1768/1768 1771/1771/1771
f 1772/1772/1772 1771/1771/1771 1769/1769/1769
f 1771/1771/1771 1773/1773/1773 1770/1770/1770
f 1771/1771/1771 1772/1772/1772 1773/1773/1773
f 1774/1774/1774 1770/1770/1770 1773/1773/1773
f 1775/1775/1775 1773/1773/1773 1772/1772/1772
f 1774/1774/1774 1773/1773/1773 1776/1776/1776
f 1776/1776/1776 1773/1773/1773 1775/1775/1775
f 1777/1777/1777 1776/1776/1776 1775/1775/1775
f 1778/1778/1778 1774/1774/1774 1776/1776/1776
f 1779/1779/1779 1776/1776/1776 1777/1777/1777
f 1779/1779/1779 1778/1778/1778 1776/1776/1776
f 1778/1778/1778 1779/1779/1779 1780/1780/1780
f 1781/1781/1781 1783/1783/1783 1782/1782/1782
f 1783/1783/1783 1781/1781/1781 1784/1784/1784
f 1785/1785/1785 1784/1784/1784 1781/1781/1781
f 1784/1784/1784 1785/1785/1785 1786/1786/1786
f 1784/1784/1784 1787/1787/1787 1783/1783/1783
f 1788/1788/1788 1784/1784/1784 1786/1786/1786
f 1787/1787/1787 1784/1784/1784 1789/1789/1789
f 1789/1789/1789 1784/1784/1784 1788/1788/1788
f 1789/1789/1789 1790/1790/1790 1787/1787/1787
f 1788/1788/1788 1791/1791/1791 1789/1789/1789
f 1790/1790/1790 1789/1789/1789 1792/1792/1792
f 1792/1792/1792 1789/1789/1789 1791/1791/1791
f 1792/1792/1792 1793/1793/1793 1790/1790/1790
f 1791/1791/1791 1794/1794/1794 1792/1792/1792
f 1793/1793/1793 1792/1792/1792 1794/1794/1794
f 1794/1794/1794 1791/1791/1791 1795/1795/1795
f 1794/1794/1794 1796/1796/1796 1793/1793/1793
f 1795/1795/1795 1797/1797/1797 1794/1794/1794
f 1796/1796/1796 1794/1794/1794 1797/1797/1797
f 1797/1797/1797 1798/1798/1798 1796/1796/1796
f 1797/1797/1797 1795/1795/1795 1799/1799/1799
f 1798/1798/1798 1797/1797/1797 1800/1800/1800
f 1799/1799/1799 1800/1800/1800 1797/1797/1797
f 1800/1800/1800 1799/1799/1799 1801/1801/1801
f 1802/1802/1802 1804/1804/1804 1803/1803/1803
f 1804/1804/1804 1802/1802/1802 1805/1805/1805
f 1806/1806/1806 1805/1805/1805 1802/1802/1802
f 1805/1805/1805 1806/1806/1806 1807/1807/1807
f 1807/1807/1807 1806/1806/1806 1808/1808/1808
f 1808/1808/1808 1806/1806/1806 1809/1809/1809
f 1810/1810/1810 1808/1808/1808 1809/1809/1809
f 1808/1808/1808 1810/1810/1810 1811/1811/1811
f 1812/1812/1812 1811/1811/1811 1810/1810/1810
f 1811/1811/1811 1812/1812/1812 1813/1813/1813
f 1814/1814/1814 1813/1813/1813 1812/1812/1812
f 1813/1813/1813 1814/1814/1814 1815/1815/1815
f 1815/1815/1815 1814/1814/1814 1816/1816/1816
f 1816/1816/1816 1814/1814/1814 1817/1817/1817
f 1817/1817/1817 1818/1818/1818 1816/1816/1816
f 1818/1818/1818 1817/1817/1817 1819/1819/1819
f 1819/1819/1819 1820/1820/1820 1818/1818/1818
f 1820/1820/1820 1819/1819/1819 1821/1821/1821
f 1822/1822/1822 1820/1820/1820 1821/1821/1821
f 1820/1820/1820 1822/1822/1822 1823/1823/1823
f 1822/1822/1822 1824/1824/1824 1823/1823/1823
f 1824/1824/1824 1822/1822/1822 1825/1825/1825
f 1825/1825/1825 1826/1826/1826 1824/1824/1824
f 1827/1827/1827 1826/1826/1826 1825/1825/1825
f 1828/1828/1828 1830/1830/1830 1829/1829/1829
f 1828/1828/1828 1831/1831/1831 1830/1830/1830
f 1830/1830/1830 1831/1831/1831 1832/1832/1832
f 1830/1830/1830 1832/1832/1832 1833/1833/1833
f 1831/1831/1831 1828/1828/1828 1834/1834/1834
f 1834/1834/1834 1828/1828/1828 1835/1835/1835
f 1836/1836/1836 1831/1831/1831 1834/1834/1834
f 1836/1836/1836 1834/1834/1834 1837/1837/1837
f 1838/1838/1838 1831/1831/1831 1836/1836/1836
f 1831/1831/1831 1838/1838/1838 1839/1839/1839
f 1840/1840/1840 1831/1831/1831 1839/1839/1839
f 1831/1831/1831 1840/1840/1840 1841/1841/1841
f 1842/1842/1842 1844/1844/1844 1843/1843/1843
f 1844/1844/1844 1842/1842/1842 1845/1845/1845
f 1845/1845/1845 1846/1846/1846 1844/1844/1844
f 1846/1846/1846 1845/1845/1845 1847/1847/1847
f 1848/1848/1848 1845/1845/1845 1842/1842/1842
f 1849/1849/1849 1847/1847/1847 1845/1845/1845
f 1845/1845/1845 1848/1848/1848 1849/1849/1849
f 1847/1847/1847 1849/1849/1849 1850/1850/1850
f 1848/1848/1848 1851/1851/1851 1849/1849/1849
f 1851/1851/1851 1850/1850/1850 1849/1849/1849
f 1850/1850/1850 1851/1851/1851 1852/1852/1852
f 1851/1851/1851 1848/1848/1848 1853/1853/1853
f 1851/1851/1851 1854/1854/1854 1852/1852/1852
f 1853/1853/1853 1855/1855/1855 1851/1851/1851
f 1854/1854/1854 1851/1851/1851 1855/1855/1855
f 1855/1855/1855 1853/1853/1853 1856/1856/1856
f 1855/1855/1855 1857/1857/1857 1854/1854/1854
f 1858/1858/1858 1855/1855/1855 1856/1856/1856
f 1857/1857/1857 1855/1855/1855 1859/1859/1859
f 1855/1855/1855 1858/1858/1858 1859/1859/1859
f 1859/1859/1859 1860/1860/1860 1857/1857/1857
f 1861/1861/1861 1859/1859/1859 1858/1858/1858
f 1860/1860/1860 1859/1859/1859 1862/1862/1862
f 1859/1859/1859 1861/1861/1861 1862/1862/1862
f 1863/1863/1863 1865/1865/1865 1864/1864/1864
f 1865/1865/1865 1863/1863/1863 1866/1866/1866
f 1867/1867/1867 1865/1865/1865 1866/1866/1866
f 1865/1865/1865 1867/1867/1867 1868/1868/1868
f 1863/1863/1863 1869/1869/1869 1866/1866/1866
f 1869/1869/1869 1867/1867/1867 1866/1866/1866
f 1869/1869/1869 1863/1863/1863 1870/1870/1870
f 1867/1867/1867 1869/1869/1869 1871/1871/1871
f 1872/1872/1872 1867/1867/1867 1871/1871/1871
f 1873/1873/1873 1868/1868/1868 1867/1867/1867
f 1867/1867/1867 1872/1872/1872 1873/1873/1873
f 1868/1868/1868 1873/1873/1873 1874/1874/1874
f 1875/1875/1875 1873/1873/1873 1872/1872/1872
f 1873/1873/1873 1876/1876/1876 1874/1874/1874
f 1873/1873/1873 1875/1875/1875 1877/1877/1877
f 1876/1876/1876 1873/1873/1873 1877/1877/1877
f 1878/1878/1878 1877/1877/1877 1875/1875/1875
f 1877/1877/1877 1879/1879/1879 1876/1876/1876
f 1877/1877/1877 1878/1878/1878 1880/1880/1880
f 1879/1879/1879 1877/1877/1877 1880/1880/1880
f 1878/1878/1878 1881/1881/1881 1880/1880/1880
f 1881/1881/1881 1879/1879/1879 1880/1880/1880
f 1881/1881/1881 1878/1878/1878 1882/1882/1882
f 1879/1879/1879 1881/1881/1881 1883/1883/1883
f 1884/1884/1884 1881/1881/1881 1882/1882/1882
f 1885/1885/1885 1883/1883/1883 1881/1881/1881
f 1881/1881/1881 1884/1884/1884 1885/1885/1885
f 1883/1883/1883 1885/1885/1885 1886/1886/1886
f 1887/1887/1887 1885/1885/1885 1884/1884/1884
f 1885/1885/1885 1888/1888/1888 1886/1886/1886
f 1885/1885/1885 1887/1887/1887 1889/1889/1889
f 1888/1888/1888 1885/1885/1885 1889/1889/1889
f 1890/1890/1890 1892/1892/1892 1891/1891/1891
f 1892/1892/1892 1890/1890/1890 1893/1893/1893
f 1893/1893/1893 1894/1894/1894 1892/1892/1892
f 1894/1894/1894 1893/1893/1893 1895/1895/1895
f 1893/1893/1893 1896/1896/1896 1895/1895/1895
f 1896/1896/1896 1893/1893/1893 1897/1897/1897
f 1898/1898/1898 1900/1900/1900 1899/1899/1899
f 1898/1898/1898 1901/1901/1901 1900/1900/1900
f 1898/1898/1898 1902/1902/1902 1901/1901/1901
f 1902/1902/1902 1898/1898/1898 1903/1903/1903
f 1904/1904/1904 1903/1903/1903 1898/1898/1898
f 1903/1903/1903 1904/1904/1904 1905/1905/1905
f 1906/1906/1906 1908/1908/1908 1907/1907/1907
f 1908/1908/1908 1906/1906/1906 1909/1909/1909
f 1910/1910/1910 1909/1909/1909 1906/1906/1906
f 1909/1909/1909 1910/1910/1910 1911/1911/1911
f 1912/1912/1912 1914/1914/1914 1913/1913/1913
f 1914/1914/1914 1912/1912/1912 1915/1915/1915
f 1915/1915/1915 1912/1912/1912 1916/1916/1916
f 1915/1915/1915 1916/1916/1916 1917/1917/1917
f 1918/1918/1918 1920/1920/1920 1919/1919/1919
f 1918/1918/1918 1919/1919/1919 1921/1921/1921
f 1922/1922/1922 1921/1921/1921 1919/1919/1919
f 1921/1921/1921 1922/1922/1922 1923/1923/1923
f 1924/1924/1924 1926/1926/1926 1925/1925/1925
f 1926/1926/1926 1924/1924/1924 1927/1927/1927
f 1927/1927/1927 1928/1928/1928 1926/1926/1926
f 1929/1929/1929 1928/1928/1928 1927/1927/1927
f 1930/1930/1930 1928/1928/1928 1929/1929/1929
f 1928/1928/1928 1930/1930/1930 1931/1931/1931
f 1931/1931/1931 1930/1930/1930 1932/1932/1932
f 1933/1933/1933 1932/1932/1932 1930/1930/1930
f 1934/1934/1934 1932/1932/1932 1933/1933/1933
f 1932/1932/1932 1934/1934/1934 1935/1935/1935
f 1936/1936/1936 1935/1935/1935 1934/1934/1934
f 1936/1936/1936 1937/1937/1937 1935/1935/1935
f 1936/1936/1936 1938/1938/1938 1937/1937/1937
f 1938/1938/1938 1936/1936/1936 1939/1939/1939
f 1940/1940/1940 1938/1938/1938 1939/1939/1939
f 1938/1938/1938 1940/1940/1940 1941/1941/1941
f 1938/1938/1938 1941/1941/1941 1942/1942/1942
f 1942/1942/1942 1941/1941/1941 1943/1943/1943
f 1941/1941/1941 1944/1944/1944 1943/1943/1943
f 1940/1940/1940 1945/1945/1945 1941/1941/1941
f 1944/1944/1944 1941/1941/1941 1945/1945/1945
f 1945/1945/1945 1940/1940/1940 1946/1946/1946
f 1945/1945/1945 1947/1947/1947 1944/1944/1944
f 1948/1948/1948 1945/1945/1945 1946/1946/1946
f 1947/1947/1947 1945/1945/1945 1949/1949/1949
f 1948/1948/1948 1949/1949/1949 1945/1945/1945
f 1950/1950/1950 1952/1952/1952 1951/1951/1951
f 1952/1952/1952 1950/1950/1950 1953/1953/1953
f 1953/1953/1953 1954/1954/1954 1952/1952/1952
f 1955/1955/1955 1954/1954/1954 1953/1953/1953
f 1956/1956/1956 1954/1954/1954 1955/1955/1955
f 1954/1954/1954 1956/1956/1956 1957/1957/1957
f 1956/1956/1956 1958/1958/1958 1957/1957/1957
f 1958/1958/1958 1956/1956/1956 1959/1959/1959
f 1960/1960/1960 1958/1958/1958 1959/1959/1959
f 1958/1958/1958 1960/1960/1960 1961/1961/1961
f 1962/1962/1962 1961/1961/1961 1960/1960/1960
f 1961/1961/1961 1962/1962/1962 1963/1963/1963
f 1963/1963/1963 1962/1962/1962 1964/1964/1964
f 1965/1965/1965 1964/1964/1964 1962/1962/1962
f 1966/1966/1966 1964/1964/1964 1965/1965/1965
f 1966/1966/1966 1967/1967/1967 1964/1964/1964
f 1968/1968/1968 1970/1970/1970 1969/1969/1969
f 1970/1970/1970 1971/1971/1971 1969/1969/1969
f 1970/1970/1970 1972/1972/1972 1971/1971/1971
f 1973/1973/1973 1971/1971/1971 1972/1972/1972
f 1971/1971/1971 1973/1973/1973 1974/1974/1974
f 1971/1971/1971 1974/1974/1974 1975/1975/1975
f 1974/1974/1974 1976/1976/1976 1975/1975/1975
f 1976/1976/1976 1974/1974/1974 1977/1977/1977
f 1977/1977/1977 1978/1978/1978 1976/1976/1976
f 1978/1978/1978 1977/1977/1977 1979/1979/1979
f 1980/1980/1980 1978/1978/1978 1979/1979/1979
f 1978/1978/1978 1980/1980/1980 1981/1981/1981
f 1981/1981/1981 1980/1980/1980 1982/1982/1982
f 1982/1982/1982 1980/1980/1980 1983/1983/1983
f 1984/1984/1984 1982/1982/1982 1983/1983/1983
f 1982/1982/1982 1984/1984/1984 1985/1985/1985
f 1986/1986/1986 1985/1985/1985 1984/1984/1984
f 1985/1985/1985 1986/1986/1986 1987/1987/1987
f 1988/1988/1988 1990/1990/1990 1989/1989/1989
f 1990/1990/1990 1988/1988/1988 1991/1991/1991
f 1992/1992/1992 1991/1991/1991 1988/1988/1988
f 1988/1988/1988 1993/1993/1993 1992/1992/1992
f 1994/1994/1994 1992/1992/1992 1993/1993/1993
f 1993/1993/1993 1995/1995/1995 1994/1994/1994
f 1996/1996/1996 1994/1994/1994 1995/1995/1995
f 1997/1997/1997 1994/1994/1994 1996/1996/1996
f 1996/1996/1996 1998/1998/1998 1997/1997/1997
f 1998/1998/1998 1996/1996/1996 1999/1999/1999
f 1999/1999/1999 2000/2000/2000 1998/1998/1998
f 2000/2000/2000 1999/1999/1999 2001/2001/2001
f 2002/2002/2002 2000/2000/2000 2001/2001/2001
f 2001/2001/2001 2003/2003/2003 2002/2002/2002
f 2004/2004/2004 2006/2006/2006 2005/2005/2005
f 2006/2006/2006 2004/2004/2004 2007/2007/2007
f 2008/2008/2008 2007/2007/2007 2004/2004/2004
f 2009/2009/2009 2007/2007/2007 2008/2008/2008
f 2010/2010/2010 2009/2009/2009 2008/2008/2008
f 2011/2011/2011 2009/2009/2009 2010/2010/2010
f 2012/2012/2012 2011/2011/2011 2010/2010/2010
f 2013/2013/2013 2011/2011/2011 2012/2012/2012
f 2014/2014/2014 2013/2013/2013 2012/2012/2012
f 2013/2013/2013 2014/2014/2014 2015/2015/2015
f 2014/2014/2014 2016/2016/2016 2015/2015/2015
f 2016/2016/2016 2014/2014/2014 2017/2017/2017
f 2018/2018/2018 2017/2017/2017 2014/2014/2014
f 2019/2019/2019 2018/2018/2018 2014/2014/2014
f 2018/2018/2018 2019/2019/2019 2020/2020/2020
f 2021/2021/2021 2020/2020/2020 2019/2019/2019
f 2021/2021/2021 2019/2019/2019 2022/2022/2022
f 2023/2023/2023 2021/2021/2021 2022/2022/2022
f 2022/2022/2022 2024/2024/2024 2023/2023/2023
f 2024/2024/2024 2022/2022/2022 2025/2025/2025
f 2022/2022/2022 2026/2026/2026 2025/2025/2025
f 2026/2026/2026 2022/2022/2022 2027/2027/2027
f 2028/2028/2028 2026/2026/2026 2027/2027/2027
f 2027/2027/2027 2029/2029/2029 2028/2028/2028
f 2030/2030/2030 2028/2028/2028 2029/2029/2029
f 2029/2029/2029 2031/2031/2031 2030/2030/2030
f 2032/2032/2032 2030/2030/2030 2031/2031/2031
f 2031/2031/2031 2033/2033/2033 2032/2032/2032
f 2033/2033/2033 2034/2034/2034 2032/2032/2032
f 2034/2034/2034 2033/2033/2033 2035/2035/2035
f 2036/2036/2036 2038/2038/2038 2037/2037/2037
f 2037/2037/2037 2039/2039/2039 2036/2036/2036
f 2039/2039/2039 2040/2040/2040 2036/2036/2036
f 2040/2040/2040 2039/2039/2039 2041/2041/2041
f 2041/2041/2041 2042/2042/2042 2040/2040/2040
f 2042/2042/2042 2041/2041/2041 2043/2043/2043
f 2043/2043/2043 2044/2044/2044 2042/2042/2042
f 2044/2044/2044 2043/2043/2043 2045/2045/2045
f 2045/2045/2045 2046/2046/2046 2044/2044/2044
f 2046/2046/2046 2045/2045/2045 2047/2047/2047
f 2048/2048/2048 2046/2046/2046 2047/2047/2047
f 2047/2047/2047 2049/2049/2049 2048/2048/2048
f 2050/2050/2050 2048/2048/2048 2049/2049/2049
f 2048/2048/2048 2050/2050/2050 2051/2051/2051
f 2051/2051/2051 2052/2052/2052 2048/2048/2048
f 2053/2053/2053 2048/2048/2048 2052/2052/2052
f 2048/2048/2048 2053/2053/2053 2054/2054/2054
f 2053/2053/2053 2055/2055/2055 2054/2054/2054
f 2053/2053/2053 2056/2056/2056 2055/2055/2055
f 2055/2055/2055 2056/2056/2056 2057/2057/2057
f 2058/2058/2058 2055/2055/2055 2057/2057/2057
f 2055/2055/2055 2058/2058/2058 2059/2059/2059
f 2059/2059/2059 2060/2060/2060 2055/2055/2055
f 2055/2055/2055 2060/2060/2060 2061/2061/2061
f 2060/2060/2060 2062/2062/2062 2061/2061/2061
f 2062/2062/2062 2063/2063/2063 2061/2061/2061
f 2064/2064/2064 2063/2063/2063 2062/2062/2062
f 2063/2063/2063 2064/2064/2064 2065/2065/2065
f 2066/2066/2066 2065/2065/2065 2064/2064/2064
f 2065/2065/2065 2066/2066/2066 2067/2067/2067
f 2068/2068/2068 2067/2067/2067 2066/2066/2066
f 2067/2067/2067 2068/2068/2068 2069/2069/2069
f 2068/2068/2068 2070/2070/2070 2069/2069/2069
f 2069/2069/2069 2070/2070/2070 2071/2071/2071
f 2072/2072/2072 2074/2074/2074 2073/2073/2073
f 2074/2074/2074 2072/2072/2072 2075/2075/2075
f 2076/2076/2076 2074/2074/2074 2075/2075/2075
f 2075/2075/2075 2077/2077/2077 2076/2076/2076
f 2078/2078/2078 2075/2075/2075 2072/2072/2072
f 2075/2075/2075 2079/2079/2079 2077/2077/2077
f 2075/2075/2075 2078/2078/2078 2079/2079/2079
f 2080/2080/2080 2077/2077/2077 2079/2079/2079
f 2079/2079/2079 2081/2081/2081 2080/2080/2080
f 2078/2078/2078 2082/2082/2082 2079/2079/2079
f 2079/2079/2079 2082/2082/2082 2081/2081/2081
f 2082/2082/2082 2083/2083/2083 2081/2081/2081
f 2084/2084/2084 2082/2082/2082 2078/2078/2078
f 2085/2085/2085 2083/2083/2083 2082/2082/2082
f 2084/2084/2084 2085/2085/2085 2082/2082/2082
f 2085/2085/2085 2084/2084/2084 2086/2086/2086
f 2087/2087/2087 2089/2089/2089 2088/2088/2088
f 2090/2090/2090 2089/2089/2089 2087/2087/2087
f 2091/2091/2091 2090/2090/2090 2087/2087/2087
f 2090/2090/2090 2091/2091/2091 2092/2092/2092
f 2093/2093/2093 2090/2090/2090 2092/2092/2092
f 2090/2090/2090 2093/2093/2093 2094/2094/2094
f 2089/2089/2089 2090/2090/2090 2094/2094/2094
f 2094/2094/2094 2095/2095/2095 2089/2089/2089
f 2096/2096/2096 2098/2098/2098 2097/2097/2097
f 2098/2098/2098 2096/2096/2096 2099/2099/2099
f 2100/2100/2100 2102/2102/2102 2101/2101/2101
f 2102/2102/2102 2100/2100/2100 2103/2103/2103
f 2104/2104/2104 2102/2102/2102 2103/2103/2103
f 2105/2105/2105 2102/2102/2102 2104/2104/2104
f 2106/2106/2106 2105/2105/2105 2104/2104/2104
f 2105/2105/2105 2106/2106/2106 2107/2107/2107
f 2106/2106/2106 2108/2108/2108 2107/2107/2107
f 2108/2108/2108 2106/2106/2106 2109/2109/2109
f 2110/2110/2110 2108/2108/2108 2109/2109/2109
f 2111/2111/2111 2108/2108/2108 2110/2110/2110
f 2112/2112/2112 2111/2111/2111 2110/2110/2110
f 2113/2113/2113 2111/2111/2111 2112/2112/2112
f 2114/2114/2114 2113/2113/2113 2112/2112/2112
f 2115/2115/2115 2113/2113/2113 2114/2114/2114
f 2116/2116/2116 2118/2118/2118 2117/2117/2117
f 2118/2118/2118 2116/2116/2116 2119/2119/2119
f 2120/2120/2120 2119/2119/2119 2116/2116/2116
f 2119/2119/2119 2120/2120/2120 2121/2121/2121
f 2120/2120/2120 2122/2122/2122 2121/2121/2121
f 2123/2123/2123 2122/2122/2122 2120/2120/2120
f 2124/2124/2124 2122/2122/2122 2123/2123/2123
f 2122/2122/2122 2124/2124/2124 2125/2125/2125
f 2124/2124/2124 2126/2126/2126 2125/2125/2125
f 2126/2126/2126 2124/2124/2124 2127/2127/2127
f 2126/2126/2126 2127/2127/2127 2128/2128/2128
f 2129/2129/2129 2128/2128/2128 2127/2127/2127
f 2130/2130/2130 2128/2128/2128 2129/2129/2129
f 2128/2128/2128 2130/2130/2130 2131/2131/2131
f 2130/2130/2130 2132/2132/2132 2131/2131/2131
f 2132/2132/2132 2130/2130/2130 2133/2133/2133
f 2133/2133/2133 2130/2130/2130 2134/2134/2134
f 2135/2135/2135 2133/2133/2133 2134/2134/2134
f 2136/2136/2136 2133/2133/2133 2135/2135/2135
f 2137/2137/2137 2132/2132/2132 2133/2133/2133
f 2133/2133/2133 2136/2136/2136 2137/2137/2137
f 2137/2137/2137 2138/2138/2138 2132/2132/2132
f 2139/2139/2139 2137/2137/2137 2136/2136/2136
f 2137/2137/2137 2140/2140/2140 2138/2138/2138
f 2139/2139/2139 2141/2141/2141 2137/2137/2137
f 2140/2140/2140 2137/2137/2137 2141/2141/2141
f 2142/2142/2142 2144/2144/2144 2143/2143/2143
f 2145/2145/2145 2144/2144/2144 2142/2142/2142
f 2145/2145/2145 2146/2146/2146 2144/2144/2144
f 2147/2147/2147 2145/2145/2145 2142/2142/2142
f 2145/2145/2145 2147/2147/2147 2148/2148/2148
f 2146/2146/2146 2145/2145/2145 2149/2149/2149
f 2145/2145/2145 2150/2150/2150 2149/2149/2149
f 2150/2150/2150 2145/2145/2145 2151/2151/2151
f 2145/2145/2145 2152/2152/2152 2151/2151/2151
f 2151/2151/2151 2152/2152/2152 2153/2153/2153
f 2152/2152/2152 2145/2145/2145 2154/2154/2154
f 2154/2154/2154 2145/2145/2145 2155/2155/2155
f 2145/2145/2145 2156/2156/2156 2155/2155/2155
f 2156/2156/2156 2145/2145/2145 2157/2157/2157
f 2157/2157/2157 2145/2145/2145 2158/2158/2158
f 2157/2157/2157 2158/2158/2158 2159/2159/2159
f 2160/2160/2160 2158/2158/2158 2145/2145/2145
f 2158/2158/2158 2160/2160/2160 2161/2161/2161
f 2162/2162/2162 2164/2164/2164 2163/2163/2163
f 2162/2162/2162 2165/2165/2165 2164/2164/2164
f 2166/2166/2166 2165/2165/2165 2162/2162/2162
f 2165/2165/2165 2167/2167/2167 2164/2164/2164
f 2165/2165/2165 2166/2166/2166 2168/2168/2168
f 2167/2167/2167 2165/2165/2165 2169/2169/2169
f 2170/2170/2170 2165/2165/2165 2168/2168/2168
f 2165/2165/2165 2171/2171/2171 2169/2169/2169
f 2165/2165/2165 2170/2170/2170 2172/2172/2172
f 2171/2171/2171 2165/2165/2165 2173/2173/2173
f 2173/2173/2173 2165/2165/2165 2174/2174/2174
f 2173/2173/2173 2174/2174/2174 2175/2175/2175
f 2165/2165/2165 2176/2176/2176 2174/2174/2174
f 2176/2176/2176 2165/2165/2165 2177/2177/2177
f 2165/2165/2165 2172/2172/2172 2178/2178/2178
f 2178/2178/2178 2172/2172/2172 2179/2179/2179
f 2178/2178/2178 2180/2180/2180 2165/2165/2165
f 2180/2180/2180 2178/2178/2178 2181/2181/2181
f 2182/2182/2182 2184/2184/2184 2183/2183/2183
f 2184/2184/2184 2182/2182/2182 2185/2185/2185
f 2185/2185/2185 2186/2186/2186 2184/2184/2184
f 2187/2187/2187 2185/2185/2185 2182/2182/2182
f 2186/2186/2186 2185/2185/2185 2188/2188/2188
f 2188/2188/2188 2189/2189/2189 2186/2186/2186
f 2185/2185/2185 2187/2187/2187 2190/2190/2190
f 2190/2190/2190 2188/2188/2188 2185/2185/2185
f 2187/2187/2187 2191/2191/2191 2190/2190/2190
f 2192/2192/2192 2191/2191/2191 2187/2187/2187
f 2192/2192/2192 2193/2193/2193 2191/2191/2191
f 2193/2193/2193 2192/2192/2192 2194/2194/2194
f 2193/2193/2193 2194/2194/2194 2195/2195/2195
f 2196/2196/2196 2195/2195/2195 2194/2194/2194
f 2195/2195/2195 2197/2197/2197 2193/2193/2193
f 2197/2197/2197 2198/2198/2198 2193/2193/2193
f 2193/2193/2193 2198/2198/2198 2191/2191/2191
f 2197/2197/2197 2199/2199/2199 2198/2198/2198
f 2191/2191/2191 2200/2200/2200 2190/2190/2190
f 2200/2200/2200 2191/2191/2191 2198/2198/2198
f 2188/2188/2188 2190/2190/2190 2201/2201/2201
f 2190/2190/2190 2200/2200/2200 2201/2201/2201
f 2189/2189/2189 2188/2188/2188 2202/2202/2202
f 2201/2201/2201 2202/2202/2202 2188/2188/2188
f 2198/2198/2198 2199/2199/2199 2203/2203/2203
f 2198/2198/2198 2203/2203/2203 2200/2200/2200
f 2200/2200/2200 2204/2204/2204 2201/2201/2201
f 2204/2204/2204 2200/2200/2200 2203/2203/2203
f 2199/2199/2199 2205/2205/2205 2203/2203/2203
f 2205/2205/2205 2199/2199/2199 2206/2206/2206
f 2207/2207/2207 2205/2205/2205 2206/2206/2206
f 2201/2201/2201 2204/2204/2204 2208/2208/2208
f 2202/2202/2202 2201/2201/2201 2208/2208/2208
f 2203/2203/2203 2209/2209/2209 2204/2204/2204
f 2209/2209/2209 2208/2208/2208 2204/2204/2204
f 2209/2209/2209 2203/2203/2203 2205/2205/2205
f 2210/2210/2210 2189/2189/2189 2202/2202/2202
f 2189/2189/2189 2210/2210/2210 2211/2211/2211
f 2210/2210/2210 2212/2212/2212 2211/2211/2211
f 2208/2208/2208 2213/2213/2213 2202/2202/2202
f 2213/2213/2213 2208/2208/2208 2209/2209/2209
f 2210/2210/2210 2202/2202/2202 2213/2213/2213
f 2205/2205/2205 2214/2214/2214 2209/2209/2209
f 2214/2214/2214 2213/2213/2213 2209/2209/2209
f 2215/2215/2215 2205/2205/2205 2207/2207/2207
f 2214/2214/2214 2205/2205/2205 2215/2215/2215
f 2207/2207/2207 2216/2216/2216 2215/2215/2215
f 2216/2216/2216 2214/2214/2214 2215/2215/2215
f 2216/2216/2216 2207/2207/2207 2217/2217/2217
f 2218/2218/2218 2210/2210/2210 2213/2213/2213
f 2218/2218/2218 2213/2213/2213 2214/2214/2214
f 2212/2212/2212 2210/2210/2210 2219/2219/2219
f 2219/2219/2219 2210/2210/2210 2218/2218/2218
f 2219/2219/2219 2220/2220/2220 2212/2212/2212
f 2218/2218/2218 2220/2220/2220 2219/2219/2219
f 2221/2221/2221 2212/2212/2212 2220/2220/2220
f 2222/2222/2222 2214/2214/2214 2216/2216/2216
f 2222/2222/2222 2218/2218/2218 2214/2214/2214
f 2217/2217/2217 2223/2223/2223 2216/2216/2216
f 2223/2223/2223 2222/2222/2222 2216/2216/2216
f 2223/2223/2223 2217/2217/2217 2224/2224/2224
f 2220/2220/2220 2225/2225/2225 2221/2221/2221
f 2226/2226/2226 2221/2221/2221 2225/2225/2225
f 2220/2220/2220 2218/2218/2218 2227/2227/2227
f 2218/2218/2218 2222/2222/2222 2227/2227/2227
f 2227/2227/2227 2225/2225/2225 2220/2220/2220
f 2228/2228/2228 2227/2227/2227 2222/2222/2222
f 2228/2228/2228 2222/2222/2222 2223/2223/2223
f 2224/2224/2224 2229/2229/2229 2223/2223/2223
f 2229/2229/2229 2224/2224/2224 2230/2230/2230
f 2230/2230/2230 2231/2231/2231 2229/2229/2229
f 2227/2227/2227 2228/2228/2228 2232/2232/2232
f 2225/2225/2225 2227/2227/2227 2232/2232/2232
f 2223/2223/2223 2233/2233/2233 2228/2228/2228
f 2233/2233/2233 2232/2232/2232 2228/2228/2228
f 2233/2233/2233 2223/2223/2223 2229/2229/2229
f 2225/2225/2225 2234/2234/2234 2226/2226/2226
f 2226/2226/2226 2234/2234/2234 2235/2235/2235
f 2234/2234/2234 2236/2236/2236 2235/2235/2235
f 2232/2232/2232 2237/2237/2237 2225/2225/2225
f 2237/2237/2237 2232/2232/2232 2233/2233/2233
f 2225/2225/2225 2237/2237/2237 2234/2234/2234
f 2229/2229/2229 2231/2231/2231 2238/2238/2238
f 2231/2231/2231 2239/2239/2239 2238/2238/2238
f 2238/2238/2238 2239/2239/2239 2240/2240/2240
f 2241/2241/2241 2238/2238/2238 2240/2240/2240
f 2229/2229/2229 2242/2242/2242 2233/2233/2233
f 2242/2242/2242 2229/2229/2229 2238/2238/2238
f 2233/2233/2233 2242/2242/2242 2237/2237/2237
f 2238/2238/2238 2241/2241/2241 2242/2242/2242
f 2237/2237/2237 2242/2242/2242 2243/2243/2243
f 2242/2242/2242 2241/2241/2241 2243/2243/2243
f 2237/2237/2237 2243/2243/2243 2234/2234/2234
f 2243/2243/2243 2241/2241/2241 2244/2244/2244
f 2236/2236/2236 2234/2234/2234 2245/2245/2245
f 2234/2234/2234 2243/2243/2243 2245/2245/2245
f 2243/2243/2243 2244/2244/2244 2245/2245/2245
f 2245/2245/2245 2246/2246/2246 2236/2236/2236
f 2245/2245/2245 2244/2244/2244 2247/2247/2247
f 2246/2246/2246 2245/2245/2245 2247/2247/2247
f 2248/2248/2248 2250/2250/2250 2249/2249/2249
f 2248/2248/2248 2251/2251/2251 2250/2250/2250
f 2251/2251/2251 2252/2252/2252 2250/2250/2250
f 2252/2252/2252 2251/2251/2251 2253/2253/2253
f 2251/2251/2251 2254/2254/2254 2253/2253/2253
f 2254/2254/2254 2251/2251/2251 2255/2255/2255
f 2251/2251/2251 2248/2248/2248 2256/2256/2256
f 2256/2256/2256 2248/2248/2248 2257/2257/2257
f 2258/2258/2258 2251/2251/2251 2256/2256/2256
f 2251/2251/2251 2258/2258/2258 2259/2259/2259
f 2260/2260/2260 2262/2262/2262 2261/2261/2261
f 2260/2260/2260 2263/2263/2263 2262/2262/2262
f 2264/2264/2264 2263/2263/2263 2260/2260/2260
f 2263/2263/2263 2264/2264/2264 2265/2265/2265
f 2266/2266/2266 2262/2262/2262 2263/2263/2263
f 2267/2267/2267 2263/2263/2263 2265/2265/2265
f 2263/2263/2263 2268/2268/2268 2266/2266/2266
f 2263/2263/2263 2267/2267/2267 2268/2268/2268
f 2268/2268/2268 2269/2269/2269 2266/2266/2266
f 2270/2270/2270 2268/2268/2268 2267/2267/2267
f 2269/2269/2269 2268/2268/2268 2271/2271/2271
f 2268/2268/2268 2270/2270/2270 2271/2271/2271
f 2271/2271/2271 2272/2272/2272 2269/2269/2269
f 2270/2270/2270 2273/2273/2273 2271/2271/2271
f 2271/2271/2271 2273/2273/2273 2272/2272/2272
f 2270/2270/2270 2274/2274/2274 2273/2273/2273
f 2273/2273/2273 2275/2275/2275 2272/2272/2272
f 2274/2274/2274 2276/2276/2276 2273/2273/2273
f 2273/2273/2273 2276/2276/2276 2275/2275/2275
f 2277/2277/2277 2275/2275/2275 2276/2276/2276
f 2276/2276/2276 2274/2274/2274 2278/2278/2278
f 2277/2277/2277 2276/2276/2276 2279/2279/2279
f 2278/2278/2278 2279/2279/2279 2276/2276/2276
f 2279/2279/2279 2278/2278/2278 2280/2280/2280
f 2281/2281/2281 2283/2283/2283 2282/2282/2282
f 2283/2283/2283 2281/2281/2281 2284/2284/2284
f 2284/2284/2284 2285/2285/2285 2283/2283/2283
f 2285/2285/2285 2284/2284/2284 2286/2286/2286
f 2287/2287/2287 2284/2284/2284 2281/2281/2281
f 2288/2288/2288 2286/2286/2286 2284/2284/2284
f 2284/2284/2284 2287/2287/2287 2289/2289/2289
f 2288/2288/2288 2284/2284/2284 2289/2289/2289
f 2290/2290/2290 2289/2289/2289 2287/2287/2287
f 2289/2289/2289 2291/2291/2291 2288/2288/2288
f 2289/2289/2289 2290/2290/2290 2292/2292/2292
f 2291/2291/2291 2289/2289/2289 2292/2292/2292
f 2293/2293/2293 2292/2292/2292 2290/2290/2290
f 2294/2294/2294 2291/2291/2291 2292/2292/2292
f 2292/2292/2292 2293/2293/2293 2294/2294/2294
f 2291/2291/2291 2294/2294/2294 2295/2295/2295
f 2296/2296/2296 2294/2294/2294 2293/2293/2293
f 2297/2297/2297 2295/2295/2295 2294/2294/2294
f 2294/2294/2294 2296/2296/2296 2297/2297/2297
f 2298/2298/2298 2297/2297/2297 2296/2296/2296
f 2295/2295/2295 2297/2297/2297 2299/2299/2299
f 2297/2297/2297 2298/2298/2298 2300/2300/2300
f 2300/2300/2300 2299/2299/2299 2297/2297/2297
f 2299/2299/2299 2300/2300/2300 2301/2301/2301
f 2302/2302/2302 2304/2304/2304 2303/2303/2303
f 2304/2304/2304 2302/2302/2302 2305/2305/2305
f 2305/2305/2305 2306/2306/2306 2304/2304/2304
f 2306/2306/2306 2305/2305/2305 2307/2307/2307
f 2306/2306/2306 2307/2307/2307 2308/2308/2308
f 2308/2308/2308 2309/2309/2309 2306/2306/2306
f 2308/2308/2308 2310/2310/2310 2309/2309/2309
f 2310/2310/2310 2308/2308/2308 2311/2311/2311
f 2311/2311/2311 2312/2312/2312 2310/2310/2310
f 2312/2312/2312 2311/2311/2311 2313/2313/2313
f 2313/2313/2313 2314/2314/2314 2312/2312/2312
f 2314/2314/2314 2313/2313/2313 2315/2315/2315
f 2314/2314/2314 2315/2315/2315 2316/2316/2316
f 2316/2316/2316 2317/2317/2317 2314/2314/2314
f 2317/2317/2317 2316/2316/2316 2318/2318/2318
f 2318/2318/2318 2319/2319/2319 2317/2317/2317
f 2319/2319/2319 2318/2318/2318 2320/2320/2320
f 2320/2320/2320 2321/2321/2321 2319/2319/2319
f 2320/2320/2320 2322/2322/2322 2321/2321/2321
f 2322/2322/2322 2320/2320/2320 2323/2323/2323
f 2322/2322/2322 2323/2323/2323 2324/2324/2324
f 2324/2324/2324 2325/2325/2325 2322/2322/2322
f 2326/2326/2326 2325/2325/2325 2324/2324/2324
f 2325/2325/2325 2326/2326/2326 2327/2327/2327
f 2328/2328/2328 2330/2330/2330 2329/2329/2329
f 2330/2330/2330 2328/2328/2328 2331/2331/2331
f 2332/2332/2332 2334/2334/2334 2333/2333/2333
f 2333/2333/2333 2335/2335/2335 2332/2332/2332
f 2336/2336/2336 2338/2338/2338 2337/2337/2337
f 2338/2338/2338 2336/2336/2336 2339/2339/2339
f 2340/2340/2340 2342/2342/2342 2341/2341/2341
f 2341/2341/2341 2343/2343/2343 2340/2340/2340
f 2344/2344/2344 2346/2346/2346 2345/2345/2345
f 2346/2346/2346 2344/2344/2344 2347/2347/2347
f 2348/2348/2348 2350/2350/2350 2349/2349/2349
f 2349/2349/2349 2351/2351/2351 2348/2348/2348
f 2352/2352/2352 2354/2354/2354 2353/2353/2353
f 2354/2354/2354 2352/2352/2352 2355/2355/2355
f 2356/2356/2356 2355/2355/2355 2352/2352/2352
f 2355/2355/2355 2356/2356/2356 2357/2357/2357
f 2358/2358/2358 2355/2355/2355 2357/2357/2357
f 2355/2355/2355 2358/2358/2358 2359/2359/2359
f 2354/2354/2354 2355/2355/2355 2359/2359/2359
f 2359/2359/2359 2360/2360/2360 2354/2354/2354
f 2361/2361/2361 2363/2363/2363 2362/2362/2362
f 2363/2363/2363 2361/2361/2361 2364/2364/2364
f 2365/2365/2365 2363/2363/2363 2364/2364/2364
f 2364/2364/2364 2366/2366/2366 2365/2365/2365
f 2367/2367/2367 2364/2364/2364 2361/2361/2361
f 2364/2364/2364 2368/2368/2368 2366/2366/2366
f 2364/2364/2364 2367/2367/2367 2368/2368/2368
f 2369/2369/2369 2366/2366/2366 2368/2368/2368
f 2368/2368/2368 2370/2370/2370 2369/2369/2369
f 2367/2367/2367 2371/2371/2371 2368/2368/2368
f 2370/2370/2370 2368/2368/2368 2371/2371/2371
f 2371/2371/2371 2372/2372/2372 2370/2370/2370
f 2373/2373/2373 2371/2371/2371 2367/2367/2367
f 2374/2374/2374 2372/2372/2372 2371/2371/2371
f 2373/2373/2373 2374/2374/2374 2371/2371/2371
f 2374/2374/2374 2373/2373/2373 2375/2375/2375
f 2376/2376/2376 2378/2378/2378 2377/2377/2377
f 2379/2379/2379 2377/2377/2377 2378/2378/2378
f 2377/2377/2377 2379/2379/2379 2380/2380/2380
f 2377/2377/2377 2380/2380/2380 2381/2381/2381
f 2380/2380/2380 2382/2382/2382 2381/2381/2381
f 2382/2382/2382 2380/2380/2380 2383/2383/2383
f 2383/2383/2383 2384/2384/2384 2382/2382/2382
f 2384/2384/2384 2383/2383/2383 2385/2385/2385
f 2384/2384/2384 2385/2385/2385 2386/2386/2386
f 2384/2384/2384 2386/2386/2386 2387/2387/2387
f 2386/2386/2386 2388/2388/2388 2387/2387/2387
f 2388/2388/2388 2386/2386/2386 2389/2389/2389
f 2388/2388/2388 2389/2389/2389 2390/2390/2390
f 2388/2388/2388 2390/2390/2390 2391/2391/2391
f 2392/2392/2392 2391/2391/2391 2390/2390/2390
f 2391/2391/2391 2392/2392/2392 2393/2393/2393
f 2394/2394/2394 2396/2396/2396 2395/2395/2395
f 2396/2396/2396 2394/2394/2394 2397/2397/2397
f 2397/2397/2397 2398/2398/2398 2396/2396/2396
f 2398/2398/2398 2397/2397/2397 2399/2399/2399
f 2400/2400/2400 2398/2398/2398 2399/2399/2399
f 2400/2400/2400 2401/2401/2401 2398/2398/2398
f 2400/2400/2400 2402/2402/2402 2401/2401/2401
f 2402/2402/2402 2400/2400/2400 2403/2403/2403
f 2404/2404/2404 2402/2402/2402 2403/2403/2403
f 2404/2404/2404 2405/2405/2405 2402/2402/2402
f 2406/2406/2406 2405/2405/2405 2404/2404/2404
f 2406/2406/2406 2407/2407/2407 2405/2405/2405
f 2406/2406/2406 2408/2408/2408 2407/2407/2407
f 2408/2408/2408 2406/2406/2406 2409/2409/2409
f 2410/2410/2410 2408/2408/2408 2409/2409/2409
f 2408/2408/2408 2410/2410/2410 2411/2411/2411
f 2408/2408/2408 2411/2411/2411 2412/2412/2412
f 2412/2412/2412 2411/2411/2411 2413/2413/2413
f 2411/2411/2411 2414/2414/2414 2413/2413/2413
f 2410/2410/2410 2415/2415/2415 2411/2411/2411
f 2414/2414/2414 2411/2411/2411 2415/2415/2415
f 2415/2415/2415 2410/2410/2410 2416/2416/2416
f 2414/2414/2414 2415/2415/2415 2417/2417/2417
f 2418/2418/2418 2415/2415/2415 2416/2416/2416
f 2417/2417/2417 2415/2415/2415 2419/2419/2419
f 2415/2415/2415 2418/2418/2418 2419/2419/2419
f 2420/2420/2420 2422/2422/2422 2421/2421/2421
f 2421/2421/2421 2423/2423/2423 2420/2420/2420
f 2423/2423/2423 2424/2424/2424 2420/2420/2420
f 2424/2424/2424 2423/2423/2423 2425/2425/2425
f 2425/2425/2425 2426/2426/2426 2424/2424/2424
f 2426/2426/2426 2425/2425/2425 2427/2427/2427
f 2427/2427/2427 2428/2428/2428 2426/2426/2426
f 2428/2428/2428 2427/2427/2427 2429/2429/2429
f 2429/2429/2429 2430/2430/2430 2428/2428/2428
f 2430/2430/2430 2429/2429/2429 2431/2431/2431
f 2432/2432/2432 2430/2430/2430 2431/2431/2431
f 2431/2431/2431 2433/2433/2433 2432/2432/2432
f 2434/2434/2434 2432/2432/2432 2433/2433/2433
f 2432/2432/2432 2434/2434/2434 2435/2435/2435
f 2432/2432/2432 2435/2435/2435 2436/2436/2436
f 2437/2437/2437 2432/2432/2432 2436/2436/2436
f 2432/2432/2432 2437/2437/2437 2438/2438/2438
f 2437/2437/2437 2439/2439/2439 2438/2438/2438
f 2437/2437/2437 2440/2440/2440 2439/2439/2439
f 2441/2441/2441 2439/2439/2439 2440/2440/2440
f 2439/2439/2439 2441/2441/2441 2442/2442/2442
f 2439/2439/2439 2442/2442/2442 2443/2443/2443
f 2443/2443/2443 2444/2444/2444 2439/2439/2439
f 2439/2439/2439 2444/2444/2444 2445/2445/2445
f 2444/2444/2444 2446/2446/2446 2445/2445/2445
f 2446/2446/2446 2447/2447/2447 2445/2445/2445
f 2448/2448/2448 2447/2447/2447 2446/2446/2446
f 2447/2447/2447 2448/2448/2448 2449/2449/2449
f 2450/2450/2450 2449/2449/2449 2448/2448/2448
f 2449/2449/2449 2450/2450/2450 2451/2451/2451
f 2452/2452/2452 2451/2451/2451 2450/2450/2450
f 2451/2451/2451 2452/2452/2452 2453/2453/2453
f 2452/2452/2452 2454/2454/2454 2453/2453/2453
f 2453/2453/2453 2454/2454/2454 2455/2455/2455
f 2456/2456/2456 2458/2458/2458 2457/2457/2457
f 2457/2457/2457 2459/2459/2459 2456/2456/2456
f 2459/2459/2459 2460/2460/2460 2456/2456/2456
f 2460/2460/2460 2459/2459/2459 2461/2461/2461
f 2461/2461/2461 2462/2462/2462 2460/2460/2460
f 2462/2462/2462 2461/2461/2461 2463/2463/2463
f 2463/2463/2463 2464/2464/2464 2462/2462/2462
f 2462/2462/2462 2464/2464/2464 2465/2465/2465
f 2466/2466/2466 2465/2465/2465 2464/2464/2464
f 2464/2464/2464 2467/2467/2467 2466/2466/2466
f 2468/2468/2468 2466/2466/2466 2467/2467/2467
f 2467/2467/2467 2469/2469/2469 2468/2468/2468
f 2470/2470/2470 2468/2468/2468 2469/2469/2469
f 2468/2468/2468 2470/2470/2470 2471/2471/2471
f 2472/2472/2472 2474/2474/2474 2473/2473/2473
f 2474/2474/2474 2472/2472/2472 2475/2475/2475
f 2476/2476/2476 2475/2475/2475 2472/2472/2472
f 2477/2477/2477 2475/2475/2475 2476/2476/2476
f 2478/2478/2478 2477/2477/2477 2476/2476/2476
f 2479/2479/2479 2477/2477/2477 2478/2478/2478
f 2480/2480/2480 2479/2479/2479 2478/2478/2478
f 2481/2481/2481 2479/2479/2479 2480/2480/2480
f 2482/2482/2482 2481/2481/2481 2480/2480/2480
f 2481/2481/2481 2482/2482/2482 2483/2483/2483
f 2482/2482/2482 2484/2484/2484 2483/2483/2483
f 2482/2482/2482 2485/2485/2485 2484/2484/2484
f 2485/2485/2485 2482/2482/2482 2486/2486/2486
f 2487/2487/2487 2486/2486/2486 2482/2482/2482
f 2486/2486/2486 2487/2487/2487 2488/2488/2488
f 2489/2489/2489 2488/2488/2488 2487/2487/2487
f 2489/2489/2489 2487/2487/2487 2490/2490/2490
f 2489/2489/2489 2490/2490/2490 2491/2491/2491
f 2490/2490/2490 2492/2492/2492 2491/2491/2491
f 2492/2492/2492 2490/2490/2490 2493/2493/2493
f 2490/2490/2490 2494/2494/2494 2493/2493/2493
f 2494/2494/2494 2490/2490/2490 2495/2495/2495
f 2496/2496/2496 2494/2494/2494 2495/2495/2495
f 2495/2495/2495 2497/2497/2497 2496/2496/2496
f 2498/2498/2498 2496/2496/2496 2497/2497/2497
f 2497/2497/2497 2499/2499/2499 2498/2498/2498
f 2500/2500/2500 2498/2498/2498 2499/2499/2499
f 2499/2499/2499 2501/2501/2501 2500/2500/2500
f 2501/2501/2501 2502/2502/2502 2500/2500/2500
f 2502/2502/2502 2501/2501/2501 2503/2503/2503
f 2504/2504/2504 2506/2506/2506 2505/2505/2505
f 2507/2507/2507 2504/2504/2504 2505/2505/2505
f 2508/2508/2508 2510/2510/2510 2509/2509/2509
f 2510/2510/2510 2508/2508/2508 2511/2511/2511
f 2511/2511/2511 2512/2512/2512 2510/2510/2510
f 2512/2512/2512 2511/2511/2511 2513/2513/2513
f 2514/2514/2514 2512/2512/2512 2513/2513/2513
f 2514/2514/2514 2515/2515/2515 2512/2512/2512
f 2514/2514/2514 2516/2516/2516 2515/2515/2515
f 2516/2516/2516 2514/2514/2514 2517/2517/2517
f 2518/2518/2518 2516/2516/2516 2517/2517/2517
f 2518/2518/2518 2519/2519/2519 2516/2516/2516
f 2520/2520/2520 2519/2519/2519 2518/2518/2518
f 2519/2519/2519 2520/2520/2520 2521/2521/2521
f 2521/2521/2521 2520/2520/2520 2522/2522/2522
f 2523/2523/2523 2522/2522/2522 2520/2520/2520
f 2524/2524/2524 2522/2522/2522 2523/2523/2523
f 2524/2524/2524 2525/2525/2525 2522/2522/2522
f 2525/2525/2525 2526/2526/2526 2522/2522/2522
f 2526/2526/2526 2525/2525/2525 2527/2527/2527
f 2528/2528/2528 2530/2530/2530 2529/2529/2529
f 2529/2529/2529 2530/2530/2530 2531/2531/2531
f 2530/2530/2530 2532/2532/2532 2531/2531/2531
f 2531/2531/2531 2532/2532/2532 2533/2533/2533
f 2532/2532/2532 2534/2534/2534 2533/2533/2533
f 2533/2533/2533 2534/2534/2534 2535/2535/2535
f 2534/2534/2534 2536/2536/2536 2535/2535/2535
f 2536/2536/2536 2534/2534/2534 2537/2537/2537
f 2538/2538/2538 2536/2536/2536 2537/2537/2537
f 2536/2536/2536 2538/2538/2538 2539/2539/2539
f 2538/2538/2538 2540/2540/2540 2539/2539/2539
f 2539/2539/2539 2540/2540/2540 2541/2541/2541
f 2540/2540/2540 2542/2542/2542 2541/2541/2541
f 2542/2542/2542 2540/2540/2540 2543/2543/2543
f 2544/2544/2544 2546/2546/2546 2545/2545/2545
f 2546/2546/2546 2544/2544/2544 2547/2547/2547
f 2548/2548/2548 2547/2547/2547 2544/2544/2544
f 2548/2548/2548 2549/2549/2549 2547/2547/2547
f 2548/2548/2548 2550/2550/2550 2549/2549/2549
f 2550/2550/2550 2548/2548/2548 2551/2551/2551
f 2552/2552/2552 2550/2550/2550 2551/2551/2551
f 2552/2552/2552 2553/2553/2553 2550/2550/2550
f 2553/2553/2553 2552/2552/2552 2554/2554/2554
f 2555/2555/2555 2554/2554/2554 2552/2552/2552
f 2554/2554/2554 2555/2555/2555 2556/2556/2556
f 2557/2557/2557 2556/2556/2556 2555/2555/2555
f 2558/2558/2558 2556/2556/2556 2557/2557/2557
f 2556/2556/2556 2558/2558/2558 2559/2559/2559
f 2558/2558/2558 2560/2560/2560 2559/2559/2559
f 2560/2560/2560 2558/2558/2558 2561/2561/2561
f 2561/2561/2561 2558/2558/2558 2562/2562/2562
f 2563/2563/2563 2561/2561/2561 2562/2562/2562
f 2564/2564/2564 2561/2561/2561 2563/2563/2563
f 2565/2565/2565 2560/2560/2560 2561/2561/2561
f 2561/2561/2561 2564/2564/2564 2565/2565/2565
f 2565/2565/2565 2566/2566/2566 2560/2560/2560
f 2567/2567/2567 2565/2565/2565 2564/2564/2564
f 2565/2565/2565 2568/2568/2568 2566/2566/2566
f 2565/2565/2565 2567/2567/2567 2569/2569/2569
f 2568/2568/2568 2565/2565/2565 2569/2569/2569
f 2570/2570/2570 2572/2572/2572 2571/2571/2571
f 2572/2572/2572 2570/2570/2570 2573/2573/2573
f 2573/2573/2573 2574/2574/2574 2572/2572/2572
f 2573/2573/2573 2570/2570/2570 2575/2575/2575
f 2574/2574/2574 2573/2573/2573 2576/2576/2576
f 2576/2576/2576 2577/2577/2577 2574/2574/2574
f 2575/2575/2575 2578/2578/2578 2573/2573/2573
f 2576/2576/2576 2573/2573/2573 2578/2578/2578
f 2579/2579/2579 2578/2578/2578 2575/2575/2575
f 2576/2576/2576 2580/2580/2580 2577/2577/2577
f 2578/2578/2578 2581/2581/2581 2576/2576/2576
f 2580/2580/2580 2576/2576/2576 2581/2581/2581
f 2578/2578/2578 2579/2579/2579 2582/2582/2582
f 2582/2582/2582 2581/2581/2581 2578/2578/2578
f 2583/2583/2583 2577/2577/2577 2580/2580/2580
f 2577/2577/2577 2583/2583/2583 2584/2584/2584
f 2583/2583/2583 2585/2585/2585 2584/2584/2584
f 2579/2579/2579 2586/2586/2586 2582/2582/2582
f 2586/2586/2586 2579/2579/2579 2587/2587/2587
f 2587/2587/2587 2588/2588/2588 2586/2586/2586
f 2588/2588/2588 2587/2587/2587 2589/2589/2589
f 2590/2590/2590 2586/2586/2586 2588/2588/2588
f 2591/2591/2591 2582/2582/2582 2586/2586/2586
f 2586/2586/2586 2590/2590/2590 2591/2591/2591
f 2581/2581/2581 2582/2582/2582 2592/2592/2592
f 2582/2582/2582 2591/2591/2591 2592/2592/2592
f 2593/2593/2593 2591/2591/2591 2590/2590/2590
f 2593/2593/2593 2592/2592/2592 2591/2591/2591
f 2593/2593/2593 2590/2590/2590 2594/2594/2594
f 2592/2592/2592 2595/2595/2595 2581/2581/2581
f 2581/2581/2581 2595/2595/2595 2580/2580/2580
f 2595/2595/2595 2592/2592/2592 2596/2596/2596
f 2592/2592/2592 2593/2593/2593 2596/2596/2596
f 2597/2597/2597 2580/2580/2580 2595/2595/2595
f 2597/2597/2597 2595/2595/2595 2596/2596/2596
f 2580/2580/2580 2597/2597/2597 2583/2583/2583
f 2598/2598/2598 2593/2593/2593 2594/2594/2594
f 2598/2598/2598 2594/2594/2594 2599/2599/2599
f 2600/2600/2600 2598/2598/2598 2599/2599/2599
f 2601/2601/2601 2596/2596/2596 2593/2593/2593
f 2596/2596/2596 2601/2601/2601 2597/2597/2597
f 2593/2593/2593 2598/2598/2598 2601/2601/2601
f 2602/2602/2602 2583/2583/2583 2597/2597/2597
f 2602/2602/2602 2597/2597/2597 2601/2601/2601
f 2603/2603/2603 2601/2601/2601 2598/2598/2598
f 2601/2601/2601 2603/2603/2603 2602/2602/2602
f 2598/2598/2598 2600/2600/2600 2604/2604/2604
f 2598/2598/2598 2604/2604/2604 2603/2603/2603
f 2600/2600/2600 2605/2605/2605 2604/2604/2604
f 2605/2605/2605 2603/2603/2603 2604/2604/2604
f 2605/2605/2605 2600/2600/2600 2606/2606/2606
f 2606/2606/2606 2607/2607/2607 2605/2605/2605
f 2607/2607/2607 2606/2606/2606 2608/2608/2608
f 2603/2603/2603 2605/2605/2605 2609/2609/2609
f 2607/2607/2607 2609/2609/2609 2605/2605/2605
f 2583/2583/2583 2602/2602/2602 2610/2610/2610
f 2583/2583/2583 2610/2610/2610 2585/2585/2585
f 2611/2611/2611 2585/2585/2585 2610/2610/2610
f 2602/2602/2602 2611/2611/2611 2610/2610/2610
f 2585/2585/2585 2611/2611/2611 2612/2612/2612
f 2613/2613/2613 2602/2602/2602 2603/2603/2603
f 2611/2611/2611 2602/2602/2602 2613/2613/2613
f 2603/2603/2603 2609/2609/2609 2613/2613/2613
f 2614/2614/2614 2612/2612/2612 2611/2611/2611
f 2613/2613/2613 2614/2614/2614 2611/2611/2611
f 2612/2612/2612 2614/2614/2614 2615/2615/2615
f 2616/2616/2616 2613/2613/2613 2609/2609/2609
f 2614/2614/2614 2613/2613/2613 2616/2616/2616
f 2617/2617/2617 2615/2615/2615 2614/2614/2614
f 2615/2615/2615 2617/2617/2617 2618/2618/2618
f 2617/2617/2617 2619/2619/2619 2618/2618/2618
f 2609/2609/2609 2620/2620/2620 2616/2616/2616
f 2609/2609/2609 2607/2607/2607 2620/2620/2620
f 2621/2621/2621 2614/2614/2614 2616/2616/2616
f 2620/2620/2620 2621/2621/2621 2616/2616/2616
f 2614/2614/2614 2621/2621/2621 2617/2617/2617
f 2619/2619/2619 2617/2617/2617 2622/2622/2622
f 2622/2622/2622 2623/2623/2623 2619/2619/2619
f 2622/2622/2622 2624/2624/2624 2623/2623/2623
f 2622/2622/2622 2625/2625/2625 2624/2624/2624
f 2617/2617/2617 2626/2626/2626 2622/2622/2622
f 2626/2626/2626 2617/2617/2617 2621/2621/2621
f 2625/2625/2625 2622/2622/2622 2626/2626/2626
f 2621/2621/2621 2620/2620/2620 2627/2627/2627
f 2607/2607/2607 2627/2627/2627 2620/2620/2620
f 2627/2627/2627 2626/2626/2626 2621/2621/2621
f 2628/2628/2628 2625/2625/2625 2626/2626/2626
f 2626/2626/2626 2627/2627/2627 2628/2628/2628
f 2625/2625/2625 2628/2628/2628 2629/2629/2629
f 2607/2607/2607 2630/2630/2630 2627/2627/2627
f 2630/2630/2630 2628/2628/2628 2627/2627/2627
f 2630/2630/2630 2607/2607/2607 2608/2608/2608
f 2608/2608/2608 2631/2631/2631 2630/2630/2630
f 2632/2632/2632 2630/2630/2630 2631/2631/2631
f 2633/2633/2633 2629/2629/2629 2628/2628/2628
f 2628/2628/2628 2630/2630/2630 2633/2633/2633
f 2630/2630/2630 2632/2632/2632 2633/2633/2633
f 2629/2629/2629 2633/2633/2633 2634/2634/2634
f 2635/2635/2635 2633/2633/2633 2632/2632/2632
f 2633/2633/2633 2635/2635/2635 2634/2634/2634
f 2636/2636/2636 2638/2638/2638 2637/2637/2637
f 2636/2636/2636 2639/2639/2639 2638/2638/2638
f 2639/2639/2639 2636/2636/2636 2640/2640/2640
f 2641/2641/2641 2638/2638/2638 2639/2639/2639
f 2638/2638/2638 2641/2641/2641 2642/2642/2642
f 2640/2640/2640 2643/2643/2643 2639/2639/2639
f 2641/2641/2641 2639/2639/2639 2643/2643/2643
f 2644/2644/2644 2643/2643/2643 2640/2640/2640
f 2645/2645/2645 2642/2642/2642 2641/2641/2641
f 2642/2642/2642 2645/2645/2645 2646/2646/2646
f 2647/2647/2647 2646/2646/2646 2645/2645/2645
f 2646/2646/2646 2647/2647/2647 2648/2648/2648
f 2647/2647/2647 2649/2649/2649 2648/2648/2648
f 2643/2643/2643 2644/2644/2644 2650/2650/2650
f 2643/2643/2643 2651/2651/2651 2641/2641/2641
f 2650/2650/2650 2651/2651/2651 2643/2643/2643
f 2641/2641/2641 2652/2652/2652 2645/2645/2645
f 2652/2652/2652 2641/2641/2641 2651/2651/2651
f 2645/2645/2645 2653/2653/2653 2647/2647/2647
f 2653/2653/2653 2645/2645/2645 2652/2652/2652
f 2654/2654/2654 2652/2652/2652 2651/2651/2651
f 2651/2651/2651 2650/2650/2650 2654/2654/2654
f 2644/2644/2644 2655/2655/2655 2650/2650/2650
f 2655/2655/2655 2644/2644/2644 2656/2656/2656
f 2652/2652/2652 2654/2654/2654 2657/2657/2657
f 2657/2657/2657 2653/2653/2653 2652/2652/2652
f 2650/2650/2650 2658/2658/2658 2654/2654/2654
f 2658/2658/2658 2650/2650/2650 2655/2655/2655
f 2658/2658/2658 2657/2657/2657 2654/2654/2654
f 2656/2656/2656 2659/2659/2659 2655/2655/2655
f 2659/2659/2659 2658/2658/2658 2655/2655/2655
f 2659/2659/2659 2656/2656/2656 2660/2660/2660
f 2658/2658/2658 2659/2659/2659 2661/2661/2661
f 2661/2661/2661 2662/2662/2662 2658/2658/2658
f 2658/2658/2658 2662/2662/2662 2657/2657/2657
f 2662/2662/2662 2661/2661/2661 2663/2663/2663
f 2653/2653/2653 2657/2657/2657 2664/2664/2664
f 2662/2662/2662 2664/2664/2664 2657/2657/2657
f 2663/2663/2663 2665/2665/2665 2662/2662/2662
f 2664/2664/2664 2662/2662/2662 2665/2665/2665
f 2663/2663/2663 2666/2666/2666 2665/2665/2665
f 2667/2667/2667 2665/2665/2665 2666/2666/2666
f 2664/2664/2664 2668/2668/2668 2653/2653/2653
f 2668/2668/2668 2647/2647/2647 2653/2653/2653
f 2665/2665/2665 2669/2669/2669 2664/2664/2664
f 2668/2668/2668 2664/2664/2664 2669/2669/2669
f 2665/2665/2665 2667/2667/2667 2670/2670/2670
f 2669/2669/2669 2665/2665/2665 2670/2670/2670
f 2671/2671/2671 2670/2670/2670 2667/2667/2667
f 2671/2671/2671 2669/2669/2669 2670/2670/2670
f 2671/2671/2671 2667/2667/2667 2672/2672/2672
f 2673/2673/2673 2671/2671/2671 2672/2672/2672
f 2673/2673/2673 2672/2672/2672 2674/2674/2674
f 2675/2675/2675 2673/2673/2673 2674/2674/2674
f 2675/2675/2675 2674/2674/2674 2676/2676/2676
f 2677/2677/2677 2675/2675/2675 2676/2676/2676
f 2669/2669/2669 2671/2671/2671 2678/2678/2678
f 2673/2673/2673 2678/2678/2678 2671/2671/2671
f 2647/2647/2647 2668/2668/2668 2679/2679/2679
f 2649/2649/2649 2647/2647/2647 2679/2679/2679
f 2680/2680/2680 2649/2649/2649 2679/2679/2679
f 2680/2680/2680 2679/2679/2679 2668/2668/2668
f 2649/2649/2649 2680/2680/2680 2681/2681/2681
f 2669/2669/2669 2682/2682/2682 2668/2668/2668
f 2668/2668/2668 2682/2682/2682 2680/2680/2680
f 2682/2682/2682 2669/2669/2669 2678/2678/2678
f 2683/2683/2683 2681/2681/2681 2680/2680/2680
f 2683/2683/2683 2680/2680/2680 2682/2682/2682
f 2681/2681/2681 2683/2683/2683 2684/2684/2684
f 2678/2678/2678 2673/2673/2673 2685/2685/2685
f 2675/2675/2675 2685/2685/2685 2673/2673/2673
f 2678/2678/2678 2686/2686/2686 2682/2682/2682
f 2682/2682/2682 2686/2686/2686 2683/2683/2683
f 2686/2686/2686 2678/2678/2678 2685/2685/2685
f 2687/2687/2687 2684/2684/2684 2683/2683/2683
f 2687/2687/2687 2683/2683/2683 2686/2686/2686
f 2684/2684/2684 2687/2687/2687 2688/2688/2688
f 2685/2685/2685 2689/2689/2689 2686/2686/2686
f 2686/2686/2686 2689/2689/2689 2687/2687/2687
f 2690/2690/2690 2688/2688/2688 2687/2687/2687
f 2688/2688/2688 2690/2690/2690 2691/2691/2691
f 2692/2692/2692 2691/2691/2691 2690/2690/2690
f 2690/2690/2690 2693/2693/2693 2692/2692/2692
f 2690/2690/2690 2694/2694/2694 2693/2693/2693
f 2687/2687/2687 2695/2695/2695 2690/2690/2690
f 2694/2694/2694 2690/2690/2690 2695/2695/2695
f 2695/2695/2695 2687/2687/2687 2689/2689/2689
f 2695/2695/2695 2696/2696/2696 2694/2694/2694
f 2689/2689/2689 2685/2685/2685 2697/2697/2697
f 2697/2697/2697 2695/2695/2695 2689/2689/2689
f 2685/2685/2685 2675/2675/2675 2697/2697/2697
f 2695/2695/2695 2697/2697/2697 2698/2698/2698
f 2696/2696/2696 2695/2695/2695 2698/2698/2698
f 2675/2675/2675 2698/2698/2698 2697/2697/2697
f 2699/2699/2699 2696/2696/2696 2698/2698/2698
f 2698/2698/2698 2675/2675/2675 2699/2699/2699
f 2696/2696/2696 2699/2699/2699 2700/2700/2700
f 2675/2675/2675 2677/2677/2677 2699/2699/2699
f 2699/2699/2699 2701/2701/2701 2700/2700/2700
f 2701/2701/2701 2699/2699/2699 2677/2677/2677
f 2702/2702/2702 2704/2704/2704 2703/2703/2703
f 2705/2705/2705 2704/2704/2704 2702/2702/2702
f 2705/2705/2705 2702/2702/2702 2706/2706/2706
f 2706/2706/2706 2702/2702/2702 2707/2707/2707
f 2708/2708/2708 2705/2705/2705 2706/2706/2706
f 2705/2705/2705 2708/2708/2708 2709/2709/2709
f 2710/2710/2710 2705/2705/2705 2709/2709/2709
f 2705/2705/2705 2710/2710/2710 2711/2711/2711
f 2704/2704/2704 2705/2705/2705 2712/2712/2712
f 2704/2704/2704 2712/2712/2712 2713/2713/2713
f 2705/2705/2705 2714/2714/2714 2712/2712/2712
f 2714/2714/2714 2705/2705/2705 2715/2715/2715
f 2716/2716/2716 2715/2715/2715 2705/2705/2705
f 2715/2715/2715 2716/2716/2716 2717/2717/2717
f 2716/2716/2716 2705/2705/2705 2718/2718/2718
f 2716/2716/2716 2718/2718/2718 2719/2719/2719
f 2720/2720/2720 2718/2718/2718 2705/2705/2705
f 2718/2718/2718 2720/2720/2720 2721/2721/2721
f 2722/2722/2722 2724/2724/2724 2723/2723/2723
f 2724/2724/2724 2722/2722/2722 2725/2725/2725
f 2725/2725/2725 2722/2722/2722 2726/2726/2726
f 2725/2725/2725 2726/2726/2726 2727/2727/2727
f 2724/2724/2724 2725/2725/2725 2728/2728/2728
f 2727/2727/2727 2729/2729/2729 2725/2725/2725
f 2724/2724/2724 2728/2728/2728 2730/2730/2730
f 2729/2729/2729 2727/2727/2727 2731/2731/2731
f 2728/2728/2728 2725/2725/2725 2732/2732/2732
f 2728/2728/2728 2732/2732/2732 2733/2733/2733
f 2725/2725/2725 2734/2734/2734 2732/2732/2732
f 2734/2734/2734 2725/2725/2725 2735/2735/2735
f 2725/2725/2725 2736/2736/2736 2735/2735/2735
f 2736/2736/2736 2725/2725/2725 2737/2737/2737
f 2725/2725/2725 2729/2729/2729 2738/2738/2738
f 2738/2738/2738 2729/2729/2729 2739/2739/2739
f 2738/2738/2738 2740/2740/2740 2725/2725/2725
f 2740/2740/2740 2738/2738/2738 2741/2741/2741
f 2742/2742/2742 2744/2744/2744 2743/2743/2743
f 2744/2744/2744 2742/2742/2742 2745/2745/2745
f 2746/2746/2746 2748/2748/2748 2747/2747/2747
f 2748/2748/2748 2749/2749/2749 2747/2747/2747
f 2750/2750/2750 2752/2752/2752 2751/2751/2751
f 2752/2752/2752 2753/2753/2753 2751/2751/2751
f 2754/2754/2754 2756/2756/2756 2755/2755/2755
f 2756/2756/2756 2757/2757/2757 2755/2755/2755
f 2758/2758/2758 2760/2760/2760 2759/2759/2759
f 2760/2760/2760 2761/2761/2761 2759/2759/2759
f 2762/2762/2762 2764/2764/2764 2763/2763/2763
f 2764/2764/2764 2765/2765/2765 2763/2763/2763
f 2766/2766/2766 2768/2768/2768 2767/2767/2767
f 2768/2768/2768 2769/2769/2769 2767/2767/2767
f 2770/2770/2770 2772/2772/2772 2771/2771/2771
f 2772/2772/2772 2773/2773/2773 2771/2771/2771
f 2774/2774/2774 2776/2776/2776 2775/2775/2775
f 2776/2776/2776 2777/2777/2777 2775/2775/2775
f 2778/2778/2778 2780/2780/2780 2779/2779/2779
f 2780/2780/2780 2778/2778/2778 2781/2781/2781
f 2782/2782/2782 2784/2784/2784 2783/2783/2783
f 2784/2784/2784 2782/2782/2782 2785/2785/2785
f 2786/2786/2786 2788/2788/2788 2787/2787/2787
f 2788/2788/2788 2789/2789/2789 2787/2787/2787
f 2790/2790/2790 2792/2792/2792 2791/2791/2791
f 2792/2792/2792 2790/2790/2790 2793/2793/2793
f 2794/2794/2794 2796/2796/2796 2795/2795/2795
f 2796/2796/2796 2794/2794/2794 2797/2797/2797
f 2798/2798/2798 2800/2800/2800 2799/2799/2799
f 2800/2800/2800 2798/2798/2798 2801/2801/2801
f 2802/2802/2802 2804/2804/2804 2803/2803/2803
f 2804/2804/2804 2802/2802/2802 2805/2805/2805
f 2806/2806/2806 2808/2808/2808 2807/2807/2807
f 2808/2808/2808 2806/2806/2806 2809/2809/2809
f 2810/2810/2810 2812/2812/2812 2811/2811/2811
f 2812/2812/2812 2810/2810/2810 2813/2813/2813
f 2814/2814/2814 2816/2816/2816 2815/2815/2815
f 2816/2816/2816 2817/2817/2817 2815/2815/2815
f 2818/2818/2818 2820/2820/2820 2819/2819/2819
f 2820/2820/2820 2818/2818/2818 2821/2821/2821
f 2822/2822/2822 2824/2824/2824 2823/2823/2823
f 2824/2824/2824 2822/2822/2822 2825/2825/2825
f 2822/2822/2822 2826/2826/2826 2825/2825/2825
f 2826/2826/2826 2822/2822/2822 2827/2827/2827
f 2828/2828/2828 2827/2827/2827 2822/2822/2822
f 2827/2827/2827 2828/2828/2828 2829/2829/2829
f 2830/2830/2830 2832/2832/2832 2831/2831/2831
f 2833/2833/2833 2831/2831/2831 2832/2832/2832
f 2833/2833/2833 2834/2834/2834 2831/2831/2831
f 2834/2834/2834 2833/2833/2833 2835/2835/2835
f 2836/2836/2836 2838/2838/2838 2837/2837/2837
f 2838/2838/2838 2836/2836/2836 2839/2839/2839
f 2838/2838/2838 2839/2839/2839 2840/2840/2840
f 2841/2841/2841 2840/2840/2840 2839/2839/2839
f 2842/2842/2842 2844/2844/2844 2843/2843/2843
f 2845/2845/2845 2843/2843/2843 2844/2844/2844
f 2843/2843/2843 2845/2845/2845 2846/2846/2846
f 2847/2847/2847 2846/2846/2846 2845/2845/2845
f 2848/2848/2848 2850/2850/2850 2849/2849/2849
f 2851/2851/2851 2850/2850/2850 2848/2848/2848
f 2851/2851/2851 2852/2852/2852 2850/2850/2850
f 2850/2850/2850 2852/2852/2852 2853/2853/2853
f 2852/2852/2852 2851/2851/2851 2854/2854/2854
f 2854/2854/2854 2851/2851/2851 2855/2855/2855
f 2856/2856/2856 2858/2858/2858 2857/2857/2857
f 2856/2856/2856 2859/2859/2859 2858/2858/2858
f 2856/2856/2856 2860/2860/2860 2859/2859/2859
f 2860/2860/2860 2856/2856/2856 2861/2861/2861
f 2862/2862/2862 2858/2858/2858 2859/2859/2859
f 2862/2862/2862 2859/2859/2859 2860/2860/2860
f 2858/2858/2858 2862/2862/2862 2863/2863/2863
f 2860/2860/2860 2864/2864/2864 2862/2862/2862
f 2862/2862/2862 2865/2865/2865 2863/2863/2863
f 2866/2866/2866 2862/2862/2862 2864/2864/2864
f 2862/2862/2862 2866/2866/2866 2865/2865/2865
f 2864/2864/2864 2867/2867/2867 2866/2866/2866
f 2866/2866/2866 2868/2868/2868 2865/2865/2865
f 2869/2869/2869 2866/2866/2866 2867/2867/2867
f 2866/2866/2866 2870/2870/2870 2868/2868/2868
f 2866/2866/2866 2869/2869/2869 2870/2870/2870
f 2870/2870/2870 2871/2871/2871 2868/2868/2868
f 2872/2872/2872 2870/2870/2870 2869/2869/2869
f 2870/2870/2870 2873/2873/2873 2871/2871/2871
f 2870/2870/2870 2872/2872/2872 2873/2873/2873
f 2874/2874/2874 2871/2871/2871 2873/2873/2873
f 2874/2874/2874 2873/2873/2873 2872/2872/2872
f 2871/2871/2871 2874/2874/2874 2875/2875/2875
f 2872/2872/2872 2876/2876/2876 2874/2874/2874
f 2874/2874/2874 2877/2877/2877 2875/2875/2875
f 2876/2876/2876 2878/2878/2878 2874/2874/2874
f 2874/2874/2874 2878/2878/2878 2877/2877/2877
f 2876/2876/2876 2879/2879/2879 2878/2878/2878
f 2878/2878/2878 2880/2880/2880 2877/2877/2877
f 2881/2881/2881 2878/2878/2878 2879/2879/2879
f 2878/2878/2878 2882/2882/2882 2880/2880/2880
f 2878/2878/2878 2881/2881/2881 2882/2882/2882
f 2883/2883/2883 2885/2885/2885 2884/2884/2884
f 2883/2883/2883 2884/2884/2884 2886/2886/2886
f 2886/2886/2886 2884/2884/2884 2887/2887/2887
f 2886/2886/2886 2887/2887/2887 2888/2888/2888
f 2889/2889/2889 2883/2883/2883 2886/2886/2886
f 2890/2890/2890 2886/2886/2886 2888/2888/2888
f 2886/2886/2886 2890/2890/2890 2889/2889/2889
f 2890/2890/2890 2888/2888/2888 2891/2891/2891
f 2892/2892/2892 2889/2889/2889 2890/2890/2890
f 2892/2892/2892 2890/2890/2890 2891/2891/2891
f 2892/2892/2892 2891/2891/2891 2893/2893/2893
f 2889/2889/2889 2892/2892/2892 2894/2894/2894
f 2895/2895/2895 2892/2892/2892 2893/2893/2893
f 2896/2896/2896 2894/2894/2894 2892/2892/2892
f 2892/2892/2892 2895/2895/2895 2896/2896/2896
f 2894/2894/2894 2896/2896/2896 2897/2897/2897
f 2898/2898/2898 2896/2896/2896 2895/2895/2895
f 2899/2899/2899 2897/2897/2897 2896/2896/2896
f 2896/2896/2896 2898/2898/2898 2900/2900/2900
f 2896/2896/2896 2900/2900/2900 2899/2899/2899
f 2901/2901/2901 2900/2900/2900 2898/2898/2898
f 2902/2902/2902 2899/2899/2899 2900/2900/2900
f 2900/2900/2900 2901/2901/2901 2903/2903/2903
f 2900/2900/2900 2903/2903/2903 2902/2902/2902
f 2904/2904/2904 2906/2906/2906 2905/2905/2905
f 2907/2907/2907 2906/2906/2906 2904/2904/2904
f 2907/2907/2907 2908/2908/2908 2906/2906/2906
f 2906/2906/2906 2908/2908/2908 2909/2909/2909
f 2907/2907/2907 2910/2910/2910 2908/2908/2908
f 2908/2908/2908 2910/2910/2910 2911/2911/2911
f 2910/2910/2910 2907/2907/2907 2912/2912/2912
f 2910/2910/2910 2912/2912/2912 2913/2913/2913
f 2907/2907/2907 2914/2914/2914 2912/2912/2912
f 2914/2914/2914 2907/2907/2907 2915/2915/2915
f 2907/2907/2907 2916/2916/2916 2915/2915/2915
f 2916/2916/2916 2907/2907/2907 2917/2917/2917
f 2918/2918/2918 2920/2920/2920 2919/2919/2919
f 2919/2919/2919 2921/2921/2921 2918/2918/2918
f 2922/2922/2922 2921/2921/2921 2919/2919/2919
f 2921/2921/2921 2922/2922/2922 2923/2923/2923
f 2924/2924/2924 2923/2923/2923 2922/2922/2922
f 2924/2924/2924 2925/2925/2925 2923/2923/2923
f 2926/2926/2926 2925/2925/2925 2924/2924/2924
f 2926/2926/2926 2927/2927/2927 2925/2925/2925
f 2928/2928/2928 2927/2927/2927 2926/2926/2926
f 2927/2927/2927 2928/2928/2928 2929/2929/2929
f 2930/2930/2930 2929/2929/2929 2928/2928/2928
f 2929/2929/2929 2930/2930/2930 2931/2931/2931
f 2930/2930/2930 2932/2932/2932 2931/2931/2931
f 2932/2932/2932 2930/2930/2930 2933/2933/2933
f 2933/2933/2933 2934/2934/2934 2932/2932/2932
f 2934/2934/2934 2933/2933/2933 2935/2935/2935
f 2935/2935/2935 2936/2936/2936 2934/2934/2934
f 2936/2936/2936 2935/2935/2935 2937/2937/2937
f 2937/2937/2937 2938/2938/2938 2936/2936/2936
f 2938/2938/2938 2937/2937/2937 2939/2939/2939
f 2939/2939/2939 2940/2940/2940 2938/2938/2938
f 2940/2940/2940 2939/2939/2939 2941/2941/2941
f 2941/2941/2941 2942/2942/2942 2940/2940/2940
f 2942/2942/2942 2941/2941/2941 2943/2943/2943
f 2944/2944/2944 2946/2946/2946 2945/2945/2945
f 2945/2945/2945 2947/2947/2947 2944/2944/2944
f 2948/2948/2948 2947/2947/2947 2945/2945/2945
f 2949/2949/2949 2944/2944/2944 2947/2947/2947
f 2947/2947/2947 2948/2948/2948 2950/2950/2950
f 2951/2951/2951 2950/2950/2950 2948/2948/2948
f 2950/2950/2950 2951/2951/2951 2952/2952/2952
f 2953/2953/2953 2952/2952/2952 2951/2951/2951
f 2952/2952/2952 2953/2953/2953 2954/2954/2954
f 2955/2955/2955 2954/2954/2954 2953/2953/2953
f 2954/2954/2954 2955/2955/2955 2956/2956/2956
f 2957/2957/2957 2954/2954/2954 2956/2956/2956
f 2958/2958/2958 2956/2956/2956 2955/2955/2955
f 2959/2959/2959 2952/2952/2952 2954/2954/2954
f 2954/2954/2954 2957/2957/2957 2959/2959/2959
f 2960/2960/2960 2950/2950/2950 2952/2952/2952
f 2952/2952/2952 2959/2959/2959 2960/2960/2960
f 2961/2961/2961 2947/2947/2947 2950/2950/2950
f 2950/2950/2950 2960/2960/2960 2961/2961/2961
f 2947/2947/2947 2962/2962/2962 2949/2949/2949
f 2947/2947/2947 2961/2961/2961 2962/2962/2962
f 2963/2963/2963 2949/2949/2949 2962/2962/2962
f 2961/2961/2961 2963/2963/2963 2962/2962/2962
f 2949/2949/2949 2963/2963/2963 2964/2964/2964
f 2963/2963/2963 2961/2961/2961 2965/2965/2965
f 2960/2960/2960 2965/2965/2965 2961/2961/2961
f 2965/2965/2965 2960/2960/2960 2966/2966/2966
f 2959/2959/2959 2966/2966/2966 2960/2960/2960
f 2966/2966/2966 2959/2959/2959 2967/2967/2967
f 2957/2957/2957 2967/2967/2967 2959/2959/2959
f 2967/2967/2967 2957/2957/2957 2968/2968/2968
f 2957/2957/2957 2969/2969/2969 2968/2968/2968
f 2969/2969/2969 2957/2957/2957 2970/2970/2970
f 2969/2969/2969 2970/2970/2970 2971/2971/2971
f 2971/2971/2971 2972/2972/2972 2969/2969/2969
f 2971/2971/2971 2973/2973/2973 2972/2972/2972
f 2957/2957/2957 2974/2974/2974 2970/2970/2970
f 2974/2974/2974 2971/2971/2971 2970/2970/2970
f 2974/2974/2974 2957/2957/2957 2956/2956/2956
f 2956/2956/2956 2958/2958/2958 2974/2974/2974
f 2958/2958/2958 2975/2975/2975 2974/2974/2974
f 2971/2971/2971 2974/2974/2974 2975/2975/2975
f 2975/2975/2975 2958/2958/2958 2976/2976/2976
f 2976/2976/2976 2977/2977/2977 2975/2975/2975
f 2977/2977/2977 2971/2971/2971 2975/2975/2975
f 2977/2977/2977 2976/2976/2976 2978/2978/2978
f 2973/2973/2973 2971/2971/2971 2979/2979/2979
f 2971/2971/2971 2977/2977/2977 2979/2979/2979
f 2979/2979/2979 2980/2980/2980 2973/2973/2973
f 2978/2978/2978 2981/2981/2981 2977/2977/2977
f 2981/2981/2981 2979/2979/2979 2977/2977/2977
f 2981/2981/2981 2978/2978/2978 2982/2982/2982
f 2980/2980/2980 2979/2979/2979 2983/2983/2983
f 2979/2979/2979 2981/2981/2981 2983/2983/2983
f 2983/2983/2983 2984/2984/2984 2980/2980/2980
f 2982/2982/2982 2985/2985/2985 2981/2981/2981
f 2985/2985/2985 2983/2983/2983 2981/2981/2981
f 2985/2985/2985 2982/2982/2982 2986/2986/2986
f 2984/2984/2984 2983/2983/2983 2987/2987/2987
f 2983/2983/2983 2985/2985/2985 2987/2987/2987
f 2987/2987/2987 2988/2988/2988 2984/2984/2984
f 2986/2986/2986 2989/2989/2989 2985/2985/2985
f 2989/2989/2989 2987/2987/2987 2985/2985/2985
f 2989/2989/2989 2986/2986/2986 2990/2990/2990
f 2988/2988/2988 2987/2987/2987 2991/2991/2991
f 2987/2987/2987 2989/2989/2989 2991/2991/2991
f 2988/2988/2988 2991/2991/2991 2992/2992/2992
f 2989/2989/2989 2992/2992/2992 2991/2991/2991
f 2992/2992/2992 2993/2993/2993 2988/2988/2988
f 2992/2992/2992 2989/2989/2989 2994/2994/2994
f 2990/2990/2990 2994/2994/2994 2989/2989/2989
f 2994/2994/2994 2990/2990/2990 2995/2995/2995
f 2996/2996/2996 2998/2998/2998 2997/2997/2997
f 2997/2997/2997 2999/2999/2999 2996/2996/2996
f 2999/2999/2999 2997/2997/2997 3000/3000/3000
f 3000/3000/3000 3001/3001/3001 2999/2999/2999
f 3002/3002/3002 3001/3001/3001 3000/3000/3000
f 3001/3001/3001 3002/3002/3002 3003/3003/3003
f 3004/3004/3004 3003/3003/3003 3002/3002/3002
f 3003/3003/3003 3004/3004/3004 3005/3005/3005
f 3006/3006/3006 3005/3005/3005 3004/3004/3004
f 3005/3005/3005 3006/3006/3006 3007/3007/3007
f 3008/3008/3008 3007/3007/3007 3006/3006/3006
f 3007/3007/3007 3008/3008/3008 3009/3009/3009
f 3008/3008/3008 3010/3010/3010 3009/3009/3009
f 3010/3010/3010 3008/3008/3008 3011/3011/3011
f 3011/3011/3011 3012/3012/3012 3010/3010/3010
f 3012/3012/3012 3011/3011/3011 3013/3013/3013
f 3013/3013/3013 3014/3014/3014 3012/3012/3012
f 3014/3014/3014 3013/3013/3013 3015/3015/3015
f 3015/3015/3015 3016/3016/3016 3014/3014/3014
f 3016/3016/3016 3015/3015/3015 3017/3017/3017
f 3017/3017/3017 3018/3018/3018 3016/3016/3016
f 3018/3018/3018 3017/3017/3017 3019/3019/3019
f 3019/3019/3019 3020/3020/3020 3018/3018/3018
f 3020/3020/3020 3019/3019/3019 3021/3021/3021
f 3022/3022/3022 3024/3024/3024 3023/3023/3023
f 3024/3024/3024 3022/3022/3022 3025/3025/3025
f 3024/3024/3024 3025/3025/3025 3026/3026/3026
f 3024/3024/3024 3026/3026/3026 3027/3027/3027
f 3028/3028/3028 3025/3025/3025 3022/3022/3022
f 3028/3028/3028 3022/3022/3022 3029/3029/3029
f 3030/3030/3030 3025/3025/3025 3028/3028/3028
f 3025/3025/3025 3030/3030/3030 3031/3031/3031
f 3032/3032/3032 3025/3025/3025 3031/3031/3031
f 3025/3025/3025 3032/3032/3032 3033/3033/3033
f 3034/3034/3034 3036/3036/3036 3035/3035/3035
f 3036/3036/3036 3034/3034/3034 3037/3037/3037
f 3037/3037/3037 3038/3038/3038 3036/3036/3036
f 3038/3038/3038 3037/3037/3037 3039/3039/3039
f 3039/3039/3039 3040/3040/3040 3038/3038/3038
f 3040/3040/3040 3039/3039/3039 3041/3041/3041
f 3041/3041/3041 3042/3042/3042 3040/3040/3040
f 3042/3042/3042 3041/3041/3041 3043/3043/3043
f 3043/3043/3043 3044/3044/3044 3042/3042/3042
f 3044/3044/3044 3043/3043/3043 3045/3045/3045
f 3045/3045/3045 3046/3046/3046 3044/3044/3044
f 3046/3046/3046 3045/3045/3045 3047/3047/3047
f 3046/3046/3046 3047/3047/3047 3048/3048/3048
f 3048/3048/3048 3049/3049/3049 3046/3046/3046
f 3050/3050/3050 3049/3049/3049 3048/3048/3048
f 3049/3049/3049 3050/3050/3050 3051/3051/3051
f 3051/3051/3051 3050/3050/3050 3052/3052/3052
f 3051/3051/3051 3052/3052/3052 3053/3053/3053
f 3053/3053/3053 3052/3052/3052 3054/3054/3054
f 3053/3053/3053 3054/3054/3054 3055/3055/3055
f 3056/3056/3056 3055/3055/3055 3054/3054/3054
f 3055/3055/3055 3056/3056/3056 3057/3057/3057
f 3058/3058/3058 3057/3057/3057 3056/3056/3056
f 3057/3057/3057 3058/3058/3058 3059/3059/3059
f 3060/3060/3060 3062/3062/3062 3061/3061/3061
f 3062/3062/3062 3060/3060/3060 3063/3063/3063
f 3063/3063/3063 3064/3064/3064 3062/3062/3062
f 3065/3065/3065 3063/3063/3063 3060/3060/3060
f 3064/3064/3064 3063/3063/3063 3066/3066/3066
f 3066/3066/3066 3067/3067/3067 3064/3064/3064
f 3067/3067/3067 3066/3066/3066 3068/3068/3068
f 3068/3068/3068 3069/3069/3069 3067/3067/3067
f 3069/3069/3069 3068/3068/3068 3070/3070/3070
f 3070/3070/3070 3071/3071/3071 3069/3069/3069
f 3071/3071/3071 3070/3070/3070 3072/3072/3072
f 3070/3070/3070 3073/3073/3073 3072/3072/3072
f 3072/3072/3072 3074/3074/3074 3071/3071/3071
f 3068/3068/3068 3075/3075/3075 3070/3070/3070
f 3073/3073/3073 3070/3070/3070 3075/3075/3075
f 3066/3066/3066 3076/3076/3076 3068/3068/3068
f 3075/3075/3075 3068/3068/3068 3076/3076/3076
f 3063/3063/3063 3077/3077/3077 3066/3066/3066
f 3076/3076/3076 3066/3066/3066 3077/3077/3077
f 3063/3063/3063 3065/3065/3065 3078/3078/3078
f 3077/3077/3077 3063/3063/3063 3078/3078/3078
f 3079/3079/3079 3078/3078/3078 3065/3065/3065
f 3079/3079/3079 3077/3077/3077 3078/3078/3078
f 3065/3065/3065 3080/3080/3080 3079/3079/3079
f 3077/3077/3077 3079/3079/3079 3081/3081/3081
f 3081/3081/3081 3076/3076/3076 3077/3077/3077
f 3076/3076/3076 3081/3081/3081 3082/3082/3082
f 3082/3082/3082 3075/3075/3075 3076/3076/3076
f 3075/3075/3075 3082/3082/3082 3083/3083/3083
f 3083/3083/3083 3073/3073/3073 3075/3075/3075
f 3073/3073/3073 3083/3083/3083 3084/3084/3084
f 3073/3073/3073 3084/3084/3084 3085/3085/3085
f 3085/3085/3085 3086/3086/3086 3073/3073/3073
f 3085/3085/3085 3087/3087/3087 3086/3086/3086
f 3087/3087/3087 3085/3085/3085 3088/3088/3088
f 3089/3089/3089 3087/3087/3087 3088/3088/3088
f 3090/3090/3090 3073/3073/3073 3086/3086/3086
f 3090/3090/3090 3086/3086/3086 3087/3087/3087
f 3073/3073/3073 3090/3090/3090 3072/3072/3072
f 3074/3074/3074 3072/3072/3072 3090/3090/3090
f 3074/3074/3074 3090/3090/3090 3091/3091/3091
f 3087/3087/3087 3091/3091/3091 3090/3090/3090
f 3091/3091/3091 3092/3092/3092 3074/3074/3074
f 3093/3093/3093 3092/3092/3092 3091/3091/3091
f 3087/3087/3087 3093/3093/3093 3091/3091/3091
f 3092/3092/3092 3093/3093/3093 3094/3094/3094
f 3087/3087/3087 3089/3089/3089 3095/3095/3095
f 3093/3093/3093 3087/3087/3087 3095/3095/3095
f 3096/3096/3096 3095/3095/3095 3089/3089/3089
f 3097/3097/3097 3094/3094/3094 3093/3093/3093
f 3095/3095/3095 3097/3097/3097 3093/3093/3093
f 3094/3094/3094 3097/3097/3097 3098/3098/3098
f 3095/3095/3095 3096/3096/3096 3099/3099/3099
f 3097/3097/3097 3095/3095/3095 3099/3099/3099
f 3100/3100/3100 3099/3099/3099 3096/3096/3096
f 3101/3101/3101 3098/3098/3098 3097/3097/3097
f 3099/3099/3099 3101/3101/3101 3097/3097/3097
f 3098/3098/3098 3101/3101/3101 3102/3102/3102
f 3099/3099/3099 3100/3100/3100 3103/3103/3103
f 3101/3101/3101 3099/3099/3099 3103/3103/3103
f 3104/3104/3104 3103/3103/3103 3100/3100/3100
f 3105/3105/3105 3102/3102/3102 3101/3101/3101
f 3103/3103/3103 3105/3105/3105 3101/3101/3101
f 3102/3102/3102 3105/3105/3105 3106/3106/3106
f 3103/3103/3103 3104/3104/3104 3107/3107/3107
f 3105/3105/3105 3103/3103/3103 3107/3107/3107
f 3104/3104/3104 3108/3108/3108 3107/3107/3107
f 3108/3108/3108 3105/3105/3105 3107/3107/3107
f 3108/3108/3108 3104/3104/3104 3109/3109/3109
f 3105/3105/3105 3108/3108/3108 3110/3110/3110
f 3110/3110/3110 3106/3106/3106 3105/3105/3105
f 3106/3106/3106 3110/3110/3110 3111/3111/3111
f 3112/3112/3112 3114/3114/3114 3113/3113/3113
f 3113/3113/3113 3115/3115/3115 3112/3112/3112
f 3115/3115/3115 3113/3113/3113 3116/3116/3116
f 3116/3116/3116 3117/3117/3117 3115/3115/3115
f 3117/3117/3117 3116/3116/3116 3118/3118/3118
f 3118/3118/3118 3119/3119/3119 3117/3117/3117
f 3119/3119/3119 3118/3118/3118 3120/3120/3120
f 3120/3120/3120 3121/3121/3121 3119/3119/3119
f 3121/3121/3121 3120/3120/3120 3122/3122/3122
f 3122/3122/3122 3123/3123/3123 3121/3121/3121
f 3123/3123/3123 3122/3122/3122 3124/3124/3124
f 3124/3124/3124 3125/3125/3125 3123/3123/3123
f 3124/3124/3124 3126/3126/3126 3125/3125/3125
f 3126/3126/3126 3124/3124/3124 3127/3127/3127
f 3127/3127/3127 3128/3128/3128 3126/3126/3126
f 3128/3128/3128 3127/3127/3127 3129/3129/3129
f 3129/3129/3129 3130/3130/3130 3128/3128/3128
f 3130/3130/3130 3129/3129/3129 3131/3131/3131
f 3131/3131/3131 3132/3132/3132 3130/3130/3130
f 3132/3132/3132 3131/3131/3131 3133/3133/3133
f 3133/3133/3133 3134/3134/3134 3132/3132/3132
f 3134/3134/3134 3133/3133/3133 3135/3135/3135
f 3135/3135/3135 3136/3136/3136 3134/3134/3134
f 3136/3136/3136 3135/3135/3135 3137/3137/3137
f 3138/3138/3138 3140/3140/3140 3139/3139/3139
f 3140/3140/3140 3138/3138/3138 3141/3141/3141
f 3138/3138/3138 3142/3142/3142 3141/3141/3141
f 3142/3142/3142 3138/3138/3138 3143/3143/3143
f 3138/3138/3138 3144/3144/3144 3143/3143/3143
f 3143/3143/3143 3144/3144/3144 3145/3145/3145
f 3144/3144/3144 3138/3138/3138 3146/3146/3146
f 3144/3144/3144 3146/3146/3146 3147/3147/3147
f 3138/3138/3138 3148/3148/3148 3146/3146/3146
f 3148/3148/3148 3138/3138/3138 3149/3149/3149
f 3150/3150/3150 3152/3152/3152 3151/3151/3151
f 3151/3151/3151 3152/3152/3152 3153/3153/3153
f 3154/3154/3154 3151/3151/3151 3153/3153/3153
f 3151/3151/3151 3154/3154/3154 3155/3155/3155
f 3154/3154/3154 3156/3156/3156 3155/3155/3155
f 3156/3156/3156 3154/3154/3154 3157/3157/3157
f 3157/3157/3157 3158/3158/3158 3156/3156/3156
f 3158/3158/3158 3157/3157/3157 3159/3159/3159
f 3160/3160/3160 3162/3162/3162 3161/3161/3161
f 3162/3162/3162 3160/3160/3160 3163/3163/3163
f 3160/3160/3160 3164/3164/3164 3163/3163/3163
f 3165/3165/3165 3164/3164/3164 3160/3160/3160
f 3166/3166/3166 3164/3164/3164 3165/3165/3165
f 3164/3164/3164 3166/3166/3166 3167/3167/3167
f 3168/3168/3168 3167/3167/3167 3166/3166/3166
f 3167/3167/3167 3168/3168/3168 3169/3169/3169
f 3170/3170/3170 3169/3169/3169 3168/3168/3168
f 3169/3169/3169 3170/3170/3170 3171/3171/3171
f 3172/3172/3172 3174/3174/3174 3173/3173/3173
f 3173/3173/3173 3174/3174/3174 3175/3175/3175
f 3173/3173/3173 3175/3175/3175 3176/3176/3176
f 3176/3176/3176 3175/3175/3175 3177/3177/3177
f 3176/3176/3176 3177/3177/3177 3178/3178/3178
f 3178/3178/3178 3177/3177/3177 3179/3179/3179
f 3178/3178/3178 3179/3179/3179 3180/3180/3180
f 3180/3180/3180 3179/3179/3179 3181/3181/3181
f 3182/3182/3182 3180/3180/3180 3181/3181/3181
f 3182/3182/3182 3181/3181/3181 3183/3183/3183
f 3182/3182/3182 3183/3183/3183 3184/3184/3184
f 3184/3184/3184 3183/3183/3183 3185/3185/3185
f 3184/3184/3184 3185/3185/3185 3186/3186/3186
f 3186/3186/3186 3185/3185/3185 3187/3187/3187
f 3188/3188/3188 3190/3190/3190 3189/3189/3189
f 3191/3191/3191 3190/3190/3190 3188/3188/3188
f 3190/3190/3190 3191/3191/3191 3192/3192/3192
f 3192/3192/3192 3191/3191/3191 3193/3193/3193
f 3192/3192/3192 3193/3193/3193 3194/3194/3194
f 3194/3194/3194 3193/3193/3193 3195/3195/3195
f 3194/3194/3194 3195/3195/3195 3196/3196/3196
f 3196/3196/3196 3195/3195/3195 3197/3197/3197
f 3198/3198/3198 3200/3200/3200 3199/3199/3199
f 3200/3200/3200 3198/3198/3198 3201/3201/3201
f 3202/3202/3202 3200/3200/3200 3201/3201/3201
f 3201/3201/3201 3203/3203/3203 3202/3202/3202
f 3204/3204/3204 3202/3202/3202 3203/3203/3203
f 3205/3205/3205 3202/3202/3202 3204/3204/3204
f 3206/3206/3206 3208/3208/3208 3207/3207/3207
f 3208/3208/3208 3206/3206/3206 3209/3209/3209
f 3209/3209/3209 3210/3210/3210 3208/3208/3208
f 3211/3211/3211 3208/3208/3208 3210/3210/3210
f 3210/3210/3210 3212/3212/3212 3211/3211/3211
f 3211/3211/3211 3212/3212/3212 3213/3213/3213
f 3213/3213/3213 3214/3214/3214 3211/3211/3211
f 3215/3215/3215 3213/3213/3213 3212/3212/3212
f 3216/3216/3216 3215/3215/3215 3212/3212/3212
f 3215/3215/3215 3216/3216/3216 3217/3217/3217
f 3217/3217/3217 3218/3218/3218 3215/3215/3215
f 3218/3218/3218 3217/3217/3217 3219/3219/3219
f 3220/3220/3220 3218/3218/3218 3219/3219/3219
f 3221/3221/3221 3214/3214/3214 3213/3213/3213
f 3221/3221/3221 3222/3222/3222 3214/3214/3214
f 3213/3213/3213 3223/3223/3223 3221/3221/3221
f 3224/3224/3224 3223/3223/3223 3213/3213/3213
f 3213/3213/3213 3215/3215/3215 3224/3224/3224
f 3218/3218/3218 3224/3224/3224 3215/3215/3215
f 3225/3225/3225 3222/3222/3222 3221/3221/3221
f 3221/3221/3221 3223/3223/3223 3225/3225/3225
f 3225/3225/3225 3226/3226/3226 3222/3222/3222
f 3218/3218/3218 3220/3220/3220 3227/3227/3227
f 3228/3228/3228 3227/3227/3227 3220/3220/3220
f 3229/3229/3229 3226/3226/3226 3225/3225/3225
f 3223/3223/3223 3229/3229/3229 3225/3225/3225
f 3230/3230/3230 3226/3226/3226 3229/3229/3229
f 3223/3223/3223 3230/3230/3230 3229/3229/3229
f 3226/3226/3226 3230/3230/3230 3231/3231/3231
f 3230/3230/3230 3232/3232/3232 3231/3231/3231
f 3231/3231/3231 3232/3232/3232 3233/3233/3233
f 3230/3230/3230 3234/3234/3234 3232/3232/3232
f 3234/3234/3234 3233/3233/3233 3232/3232/3232
f 3234/3234/3234 3230/3230/3230 3223/3223/3223
f 3233/3233/3233 3234/3234/3234 3235/3235/3235
f 3236/3236/3236 3235/3235/3235 3234/3234/3234
f 3223/3223/3223 3236/3236/3236 3234/3234/3234
f 3235/3235/3235 3236/3236/3236 3237/3237/3237
f 3236/3236/3236 3238/3238/3238 3237/3237/3237
f 3239/3239/3239 3228/3228/3228 3238/3238/3238
f 3238/3238/3238 3236/3236/3236 3239/3239/3239
f 3236/3236/3236 3223/3223/3223 3240/3240/3240
f 3239/3239/3239 3236/3236/3236 3240/3240/3240
f 3223/3223/3223 3224/3224/3224 3240/3240/3240
f 3228/3228/3228 3239/3239/3239 3241/3241/3241
f 3227/3227/3227 3228/3228/3228 3241/3241/3241
f 3240/3240/3240 3242/3242/3242 3239/3239/3239
f 3224/3224/3224 3242/3242/3242 3240/3240/3240
f 3241/3241/3241 3239/3239/3239 3242/3242/3242
f 3242/3242/3242 3224/3224/3224 3243/3243/3243
f 3224/3224/3224 3218/3218/3218 3243/3243/3243
f 3227/3227/3227 3243/3243/3243 3218/3218/3218
f 3241/3241/3241 3244/3244/3244 3227/3227/3227
f 3243/3243/3243 3227/3227/3227 3244/3244/3244
f 3241/3241/3241 3242/3242/3242 3245/3245/3245
f 3242/3242/3242 3243/3243/3243 3245/3245/3245
f 3244/3244/3244 3241/3241/3241 3245/3245/3245
f 3245/3245/3245 3243/3243/3243 3244/3244/3244
f 3246/3246/3246 3248/3248/3248 3247/3247/3247
f 3248/3248/3248 3246/3246/3246 3249/3249/3249
f 3249/3249/3249 3250/3250/3250 3248/3248/3248
f 3250/3250/3250 3249/3249/3249 3251/3251/3251
f 3251/3251/3251 3252/3252/3252 3250/3250/3250
f 3253/3253/3253 3252/3252/3252 3251/3251/3251
f 3254/3254/3254 3252/3252/3252 3253/3253/3253
f 3252/3252/3252 3254/3254/3254 3255/3255/3255
f 3255/3255/3255 3256/3256/3256 3252/3252/3252
f 3257/3257/3257 3253/3253/3253 3251/3251/3251
f 3256/3256/3256 3255/3255/3255 3258/3258/3258
f 3253/3253/3253 3257/3257/3257 3259/3259/3259
f 3254/3254/3254 3253/3253/3253 3259/3259/3259
f 3259/3259/3259 3257/3257/3257 3260/3260/3260
f 3254/3254/3254 3259/3259/3259 3260/3260/3260
f 3260/3260/3260 3257/3257/3257 3261/3261/3261
f 3260/3260/3260 3261/3261/3261 3262/3262/3262
f 3262/3262/3262 3254/3254/3254 3260/3260/3260
f 3262/3262/3262 3261/3261/3261 3263/3263/3263
f 3262/3262/3262 3263/3263/3263 3264/3264/3264
f 3264/3264/3264 3254/3254/3254 3262/3262/3262
f 3264/3264/3264 3263/3263/3263 3265/3265/3265
f 3266/3266/3266 3258/3258/3258 3255/3255/3255
f 3258/3258/3258 3266/3266/3266 3267/3267/3267
f 3268/3268/3268 3255/3255/3255 3254/3254/3254
f 3255/3255/3255 3268/3268/3268 3266/3266/3266
f 3265/3265/3265 3269/3269/3269 3264/3264/3264
f 3270/3270/3270 3269/3269/3269 3265/3265/3265
f 3271/3271/3271 3254/3254/3254 3264/3264/3264
f 3254/3254/3254 3271/3271/3271 3268/3268/3268
f 3271/3271/3271 3264/3264/3264 3269/3269/3269
f 3272/3272/3272 3269/3269/3269 3270/3270/3270
f 3269/3269/3269 3272/3272/3272 3271/3271/3271
f 3272/3272/3272 3270/3270/3270 3273/3273/3273
f 3274/3274/3274 3267/3267/3267 3266/3266/3266
f 3267/3267/3267 3274/3274/3274 3275/3275/3275
f 3276/3276/3276 3275/3275/3275 3274/3274/3274
f 3275/3275/3275 3276/3276/3276 3277/3277/3277
f 3278/3278/3278 3277/3277/3277 3276/3276/3276
f 3279/3279/3279 3266/3266/3266 3268/3268/3268
f 3266/3266/3266 3279/3279/3279 3274/3274/3274
f 3268/3268/3268 3271/3271/3271 3279/3279/3279
f 3276/3276/3276 3274/3274/3274 3279/3279/3279
f 3280/3280/3280 3271/3271/3271 3272/3272/3272
f 3279/3279/3279 3271/3271/3271 3280/3280/3280
f 3281/3281/3281 3272/3272/3272 3273/3273/3273
f 3280/3280/3280 3272/3272/3272 3281/3281/3281
f 3273/3273/3273 3282/3282/3282 3281/3281/3281
f 3282/3282/3282 3278/3278/3278 3283/3283/3283
f 3283/3283/3283 3281/3281/3281 3282/3282/3282
f 3276/3276/3276 3283/3283/3283 3278/3278/3278
f 3284/3284/3284 3281/3281/3281 3283/3283/3283
f 3281/3281/3281 3284/3284/3284 3280/3280/3280
f 3276/3276/3276 3284/3284/3284 3283/3283/3283
f 3279/3279/3279 3280/3280/3280 3285/3285/3285
f 3276/3276/3276 3279/3279/3279 3285/3285/3285
f 3285/3285/3285 3280/3280/3280 3284/3284/3284
f 3284/3284/3284 3276/3276/3276 3285/3285/3285
f 3286/3286/3286 3288/3288/3288 3287/3287/3287
f 3287/3287/3287 3288/3288/3288 3289/3289/3289
f 3290/3290/3290 3289/3289/3289 3288/3288/3288
f 3291/3291/3291 3289/3289/3289 3290/3290/3290
f 3288/3288/3288 3286/3286/3286 3292/3292/3292
f 3286/3286/3286 3293/3293/3293 3292/3292/3292
f 3293/3293/3293 3286/3286/3286 3294/3294/3294
f 3295/3295/3295 3293/3293/3293 3294/3294/3294
f 3293/3293/3293 3295/3295/3295 3296/3296/3296
f 3297/3297/3297 3296/3296/3296 3295/3295/3295
f 3288/3288/3288 3298/3298/3298 3290/3290/3290
f 3298/3298/3298 3288/3288/3288 3299/3299/3299
f 3292/3292/3292 3299/3299/3299 3288/3288/3288
f 3299/3299/3299 3292/3292/3292 3300/3300/3300
f 3292/3292/3292 3301/3301/3301 3300/3300/3300
f 3293/3293/3293 3301/3301/3301 3292/3292/3292
f 3301/3301/3301 3293/3293/3293 3302/3302/3302
f 3296/3296/3296 3302/3302/3302 3293/3293/3293
f 3303/3303/3303 3290/3290/3290 3298/3298/3298
f 3296/3296/3296 3304/3304/3304 3302/3302/3302
f 3290/3290/3290 3303/3303/3303 3305/3305/3305
f 3305/3305/3305 3291/3291/3291 3290/3290/3290
f 3306/3306/3306 3305/3305/3305 3303/3303/3303
f 3304/3304/3304 3296/3296/3296 3307/3307/3307
f 3307/3307/3307 3308/3308/3308 3304/3304/3304
f 3296/3296/3296 3297/3297/3297 3307/3307/3307
f 3309/3309/3309 3291/3291/3291 3305/3305/3305
f 3305/3305/3305 3306/3306/3306 3309/3309/3309
f 3291/3291/3291 3309/3309/3309 3310/3310/3310
f 3311/3311/3311 3309/3309/3309 3306/3306/3306
f 3307/3307/3307 3312/3312/3312 3308/3308/3308
f 3297/3297/3297 3312/3312/3312 3307/3307/3307
f 3313/3313/3313 3308/3308/3308 3312/3312/3312
f 3312/3312/3312 3297/3297/3297 3314/3314/3314
f 3315/3315/3315 3310/3310/3310 3309/3309/3309
f 3309/3309/3309 3311/3311/3311 3315/3315/3315
f 3310/3310/3310 3315/3315/3315 3316/3316/3316
f 3317/3317/3317 3315/3315/3315 3311/3311/3311
f 3318/3318/3318 3313/3313/3313 3312/3312/3312
f 3314/3314/3314 3318/3318/3318 3312/3312/3312
f 3313/3313/3313 3318/3318/3318 3317/3317/3317
f 3318/3318/3318 3314/3314/3314 3319/3319/3319
f 3320/3320/3320 3316/3316/3316 3315/3315/3315
f 3315/3315/3315 3317/3317/3317 3320/3320/3320
f 3317/3317/3317 3318/3318/3318 3320/3320/3320
f 3319/3319/3319 3320/3320/3320 3318/3318/3318
f 3316/3316/3316 3320/3320/3320 3321/3321/3321
f 3320/3320/3320 3319/3319/3319 3321/3321/3321
f 3322/3322/3322 3324/3324/3324 3323/3323/3323
f 3324/3324/3324 3322/3322/3322 3325/3325/3325
f 3326/3326/3326 3322/3322/3322 3323/3323/3323
f 3327/3327/3327 3325/3325/3325 3322/3322/3322
f 3325/3325/3325 3327/3327/3327 3328/3328/3328
f 3329/3329/3329 3328/3328/3328 3327/3327/3327
f 3322/3322/3322 3326/3326/3326 3330/3330/3330
f 3331/3331/3331 3330/3330/3330 3326/3326/3326
f 3327/3327/3327 3332/3332/3332 3329/3329/3329
f 3333/3333/3333 3329/3329/3329 3332/3332/3332
f 3332/3332/3332 3334/3334/3334 3333/3333/3333
f 3322/3322/3322 3335/3335/3335 3327/3327/3327
f 3332/3332/3332 3327/3327/3327 3335/3335/3335
f 3335/3335/3335 3322/3322/3322 3330/3330/3330
f 3334/3334/3334 3332/3332/3332 3336/3336/3336
f 3332/3332/3332 3335/3335/3335 3336/3336/3336
f 3336/3336/3336 3337/3337/3337 3334/3334/3334
f 3330/3330/3330 3331/3331/3331 3338/3338/3338
f 3339/3339/3339 3338/3338/3338 3331/3331/3331
f 3330/3330/3330 3340/3340/3340 3335/3335/3335
f 3336/3336/3336 3335/3335/3335 3340/3340/3340
f 3340/3340/3340 3330/3330/3330 3338/3338/3338
f 3337/3337/3337 3336/3336/3336 3341/3341/3341
f 3336/3336/3336 3340/3340/3340 3341/3341/3341
f 3341/3341/3341 3342/3342/3342 3337/3337/3337
f 3338/3338/3338 3339/3339/3339 3343/3343/3343
f 3344/3344/3344 3343/3343/3343 3339/3339/3339
f 3338/3338/3338 3345/3345/3345 3340/3340/3340
f 3341/3341/3341 3340/3340/3340 3345/3345/3345
f 3345/3345/3345 3338/3338/3338 3343/3343/3343
f 3342/3342/3342 3341/3341/3341 3346/3346/3346
f 3341/3341/3341 3345/3345/3345 3346/3346/3346
f 3346/3346/3346 3347/3347/3347 3342/3342/3342
f 3343/3343/3343 3348/3348/3348 3345/3345/3345
f 3346/3346/3346 3345/3345/3345 3348/3348/3348
f 3347/3347/3347 3346/3346/3346 3349/3349/3349
f 3346/3346/3346 3348/3348/3348 3349/3349/3349
f 3349/3349/3349 3348/3348/3348 3350/3350/3350
f 3349/3349/3349 3351/3351/3351 3347/3347/3347
f 3348/3348/3348 3343/3343/3343 3352/3352/3352
f 3343/3343/3343 3344/3344/3344 3352/3352/3352
f 3352/3352/3352 3350/3350/3350 3348/3348/3348
f 3351/3351/3351 3349/3349/3349 3353/3353/3353
f 3350/3350/3350 3353/3353/3353 3349/3349/3349
f 3353/3353/3353 3354/3354/3354 3351/3351/3351
f 3353/3353/3353 3355/3355/3355 3354/3354/3354
f 3344/3344/3344 3356/3356/3356 3352/3352/3352
f 3350/3350/3350 3352/3352/3352 3356/3356/3356
f 3356/3356/3356 3344/3344/3344 3357/3357/3357
f 3358/3358/3358 3356/3356/3356 3357/3357/3357
f 3355/3355/3355 3353/3353/3353 3359/3359/3359
f 3350/3350/3350 3359/3359/3359 3353/3353/3353
f 3359/3359/3359 3360/3360/3360 3355/3355/3355
f 3356/3356/3356 3358/3358/3358 3361/3361/3361
f 3361/3361/3361 3350/3350/3350 3356/3356/3356
f 3360/3360/3360 3359/3359/3359 3362/3362/3362
f 3362/3362/3362 3363/3363/3363 3360/3360/3360
f 3359/3359/3359 3350/3350/3350 3364/3364/3364
f 3350/3350/3350 3361/3361/3361 3364/3364/3364
f 3364/3364/3364 3362/3362/3362 3359/3359/3359
f 3358/3358/3358 3365/3365/3365 3361/3361/3361
f 3365/3365/3365 3364/3364/3364 3361/3361/3361
f 3365/3365/3365 3358/3358/3358 3366/3366/3366
f 3363/3363/3363 3362/3362/3362 3367/3367/3367
f 3367/3367/3367 3368/3368/3368 3363/3363/3363
f 3362/3362/3362 3364/3364/3364 3369/3369/3369
f 3365/3365/3365 3369/3369/3369 3364/3364/3364
f 3369/3369/3369 3367/3367/3367 3362/3362/3362
f 3366/3366/3366 3370/3370/3370 3365/3365/3365
f 3370/3370/3370 3369/3369/3369 3365/3365/3365
f 3370/3370/3370 3366/3366/3366 3371/3371/3371
f 3368/3368/3368 3367/3367/3367 3372/3372/3372
f 3372/3372/3372 3373/3373/3373 3368/3368/3368
f 3367/3367/3367 3369/3369/3369 3374/3374/3374
f 3370/3370/3370 3374/3374/3374 3369/3369/3369
f 3374/3374/3374 3372/3372/3372 3367/3367/3367
f 3371/3371/3371 3375/3375/3375 3370/3370/3370
f 3375/3375/3375 3374/3374/3374 3370/3370/3370
f 3375/3375/3375 3371/3371/3371 3376/3376/3376
f 3373/3373/3373 3372/3372/3372 3377/3377/3377
f 3377/3377/3377 3378/3378/3378 3373/3373/3373
f 3378/3378/3378 3377/3377/3377 3379/3379/3379
f 3372/3372/3372 3374/3374/3374 3380/3380/3380
f 3375/3375/3375 3380/3380/3380 3374/3374/3374
f 3380/3380/3380 3377/3377/3377 3372/3372/3372
f 3376/3376/3376 3381/3381/3381 3375/3375/3375
f 3381/3381/3381 3380/3380/3380 3375/3375/3375
f 3381/3381/3381 3376/3376/3376 3382/3382/3382
f 3381/3381/3381 3382/3382/3382 3383/3383/3383
f 3383/3383/3383 3384/3384/3384 3381/3381/3381
f 3385/3385/3385 3379/3379/3379 3377/3377/3377
f 3377/3377/3377 3380/3380/3380 3385/3385/3385
f 3381/3381/3381 3385/3385/3385 3380/3380/3380
f 3385/3385/3385 3381/3381/3381 3384/3384/3384
f 3379/3379/3379 3385/3385/3385 3386/3386/3386
f 3384/3384/3384 3386/3386/3386 3385/3385/3385
f 3387/3387/3387 3389/3389/3389 3388/3388/3388
f 3390/3390/3390 3388/3388/3388 3389/3389/3389
f 3387/3387/3387 3388/3388/3388 3391/3391/3391
f 3391/3391/3391 3392/3392/3392 3387/3387/3387
f 3388/3388/3388 3390/3390/3390 3393/3393/3393
f 3393/3393/3393 3391/3391/3391 3388/3388/3388
f 3394/3394/3394 3393/3393/3393 3390/3390/3390
f 3391/3391/3391 3393/3393/3393 3395/3395/3395
f 3392/3392/3392 3391/3391/3391 3395/3395/3395
f 3393/3393/3393 3394/3394/3394 3396/3396/3396
f 3397/3397/3397 3392/3392/3392 3395/3395/3395
f 3395/3395/3395 3398/3398/3398 3397/3397/3397
f 3393/3393/3393 3398/3398/3398 3395/3395/3395
f 3399/3399/3399 3397/3397/3397 3398/3398/3398
f 3399/3399/3399 3398/3398/3398 3400/3400/3400
f 3398/3398/3398 3393/3393/3393 3400/3400/3400
f 3401/3401/3401 3399/3399/3399 3400/3400/3400
f 3394/3394/3394 3402/3402/3402 3396/3396/3396
f 3402/3402/3402 3394/3394/3394 3403/3403/3403
f 3404/3404/3404 3396/3396/3396 3402/3402/3402
f 3403/3403/3403 3404/3404/3404 3402/3402/3402
f 3404/3404/3404 3393/3393/3393 3396/3396/3396
f 3404/3404/3404 3403/3403/3403 3405/3405/3405
f 3405/3405/3405 3406/3406/3406 3404/3404/3404
f 3405/3405/3405 3407/3407/3407 3406/3406/3406
f 3408/3408/3408 3406/3406/3406 3407/3407/3407
f 3409/3409/3409 3404/3404/3404 3406/3406/3406
f 3406/3406/3406 3408/3408/3408 3409/3409/3409
f 3409/3409/3409 3393/3393/3393 3404/3404/3404
f 3410/3410/3410 3409/3409/3409 3408/3408/3408
f 3409/3409/3409 3410/3410/3410 3411/3411/3411
f 3411/3411/3411 3393/3393/3393 3409/3409/3409
f 3412/3412/3412 3411/3411/3411 3410/3410/3410
f 3393/3393/3393 3411/3411/3411 3413/3413/3413
f 3411/3411/3411 3412/3412/3412 3413/3413/3413
f 3400/3400/3400 3393/3393/3393 3413/3413/3413
f 3401/3401/3401 3413/3413/3413 3412/3412/3412
f 3401/3401/3401 3400/3400/3400 3414/3414/3414
f 3413/3413/3413 3401/3401/3401 3414/3414/3414
f 3400/3400/3400 3413/3413/3413 3414/3414/3414
f 3415/3415/3415 3417/3417/3417 3416/3416/3416
f 3417/3417/3417 3418/3418/3418 3416/3416/3416
f 3418/3418/3418 3417/3417/3417 3419/3419/3419
f 3419/3419/3419 3420/3420/3420 3418/3418/3418
f 3420/3420/3420 3419/3419/3419 3421/3421/3421
f 3421/3421/3421 3422/3422/3422 3420/3420/3420
f 3417/3417/3417 3423/3423/3423 3419/3419/3419
f 3423/3423/3423 3421/3421/3421 3419/3419/3419
f 3422/3422/3422 3421/3421/3421 3424/3424/3424
f 3424/3424/3424 3425/3425/3425 3422/3422/3422
f 3425/3425/3425 3424/3424/3424 3426/3426/3426
f 3426/3426/3426 3427/3427/3427 3425/3425/3425
f 3428/3428/3428 3417/3417/3417 3415/3415/3415
f 3429/3429/3429 3423/3423/3423 3417/3417/3417
f 3428/3428/3428 3429/3429/3429 3417/3417/3417
f 3415/3415/3415 3430/3430/3430 3428/3428/3428
f 3430/3430/3430 3415/3415/3415 3431/3431/3431
f 3432/3432/3432 3429/3429/3429 3428/3428/3428
f 3428/3428/3428 3430/3430/3430 3432/3432/3432
f 3431/3431/3431 3433/3433/3433 3430/3430/3430
f 3433/3433/3433 3431/3431/3431 3434/3434/3434
f 3435/3435/3435 3432/3432/3432 3430/3430/3430
f 3430/3430/3430 3433/3433/3433 3435/3435/3435
f 3436/3436/3436 3429/3429/3429 3432/3432/3432
f 3432/3432/3432 3435/3435/3435 3436/3436/3436
f 3429/3429/3429 3436/3436/3436 3437/3437/3437
f 3437/3437/3437 3423/3423/3423 3429/3429/3429
f 3438/3438/3438 3436/3436/3436 3435/3435/3435
f 3423/3423/3423 3437/3437/3437 3439/3439/3439
f 3435/3435/3435 3440/3440/3440 3438/3438/3438
f 3433/3433/3433 3440/3440/3440 3435/3435/3435
f 3440/3440/3440 3441/3441/3441 3438/3438/3438
f 3440/3440/3440 3442/3442/3442 3441/3441/3441
f 3434/3434/3434 3443/3443/3443 3433/3433/3433
f 3443/3443/3443 3440/3440/3440 3433/3433/3433
f 3443/3443/3443 3434/3434/3434 3444/3444/3444
f 3444/3444/3444 3445/3445/3445 3443/3443/3443
f 3445/3445/3445 3444/3444/3444 3446/3446/3446
f 3447/3447/3447 3445/3445/3445 3446/3446/3446
f 3439/3439/3439 3448/3448/3448 3423/3423/3423
f 3448/3448/3448 3439/3439/3439 3449/3449/3449
f 3421/3421/3421 3423/3423/3423 3448/3448/3448
f 3440/3440/3440 3443/3443/3443 3450/3450/3450
f 3442/3442/3442 3440/3440/3440 3450/3450/3450
f 3445/3445/3445 3450/3450/3450 3443/3443/3443
f 3449/3449/3449 3451/3451/3451 3448/3448/3448
f 3451/3451/3451 3421/3421/3421 3448/3448/3448
f 3451/3451/3451 3449/3449/3449 3452/3452/3452
f 3421/3421/3421 3451/3451/3451 3424/3424/3424
f 3453/3453/3453 3451/3451/3451 3452/3452/3452
f 3454/3454/3454 3442/3442/3442 3450/3450/3450
f 3450/3450/3450 3445/3445/3445 3454/3454/3454
f 3442/3442/3442 3454/3454/3454 3455/3455/3455
f 3454/3454/3454 3456/3456/3456 3455/3455/3455
f 3457/3457/3457 3424/3424/3424 3451/3451/3451
f 3457/3457/3457 3451/3451/3451 3453/3453/3453
f 3453/3453/3453 3458/3458/3458 3457/3457/3457
f 3457/3457/3457 3426/3426/3426 3424/3424/3424
f 3426/3426/3426 3457/3457/3457 3458/3458/3458
f 3458/3458/3458 3453/3453/3453 3459/3459/3459
f 3459/3459/3459 3460/3460/3460 3458/3458/3458
f 3456/3456/3456 3454/3454/3454 3461/3461/3461
f 3445/3445/3445 3461/3461/3461 3454/3454/3454
f 3461/3461/3461 3462/3462/3462 3456/3456/3456
f 3461/3461/3461 3445/3445/3445 3463/3463/3463
f 3445/3445/3445 3447/3447/3447 3463/3463/3463
f 3464/3464/3464 3463/3463/3463 3447/3447/3447
f 3462/3462/3462 3461/3461/3461 3465/3465/3465
f 3463/3463/3463 3465/3465/3465 3461/3461/3461
f 3465/3465/3465 3466/3466/3466 3462/3462/3462
f 3467/3467/3467 3463/3463/3463 3464/3464/3464
f 3465/3465/3465 3463/3463/3463 3467/3467/3467
f 3466/3466/3466 3465/3465/3465 3468/3468/3468
f 3467/3467/3467 3468/3468/3468 3465/3465/3465
f 3464/3464/3464 3469/3469/3469 3467/3467/3467
f 3468/3468/3468 3467/3467/3467 3469/3469/3469
f 3469/3469/3469 3464/3464/3464 3470/3470/3470
f 3470/3470/3470 3471/3471/3471 3469/3469/3469
f 3468/3468/3468 3472/3472/3472 3466/3466/3466
f 3469/3469/3469 3472/3472/3472 3468/3468/3468
f 3473/3473/3473 3466/3466/3466 3472/3472/3472
f 3471/3471/3471 3474/3474/3474 3469/3469/3469
f 3472/3472/3472 3469/3469/3469 3474/3474/3474
f 3471/3471/3471 3475/3475/3475 3474/3474/3474
f 3472/3472/3472 3476/3476/3476 3473/3473/3473
f 3474/3474/3474 3476/3476/3476 3472/3472/3472
f 3473/3473/3473 3476/3476/3476 3477/3477/3477
f 3476/3476/3476 3478/3478/3478 3477/3477/3477
f 3474/3474/3474 3475/3475/3475 3479/3479/3479
f 3476/3476/3476 3474/3474/3474 3479/3479/3479
f 3480/3480/3480 3479/3479/3479 3475/3475/3475
f 3478/3478/3478 3476/3476/3476 3481/3481/3481
f 3479/3479/3479 3481/3481/3481 3476/3476/3476
f 3479/3479/3479 3480/3480/3480 3482/3482/3482
f 3481/3481/3481 3479/3479/3479 3482/3482/3482
f 3480/3480/3480 3483/3483/3483 3482/3482/3482
f 3483/3483/3483 3481/3481/3481 3482/3482/3482
f 3483/3483/3483 3480/3480/3480 3484/3484/3484
f 3485/3485/3485 3483/3483/3483 3484/3484/3484
f 3486/3486/3486 3478/3478/3478 3481/3481/3481
f 3481/3481/3481 3483/3483/3483 3486/3486/3486
f 3478/3478/3478 3486/3486/3486 3487/3487/3487
f 3488/3488/3488 3483/3483/3483 3485/3485/3485
f 3488/3488/3488 3486/3486/3486 3483/3483/3483
f 3489/3489/3489 3488/3488/3488 3485/3485/3485
f 3490/3490/3490 3487/3487/3487 3486/3486/3486
f 3490/3490/3490 3486/3486/3486 3488/3488/3488
f 3491/3491/3491 3487/3487/3487 3490/3490/3490
f 3492/3492/3492 3491/3491/3491 3490/3490/3490
f 3488/3488/3488 3492/3492/3492 3490/3490/3490
f 3460/3460/3460 3491/3491/3491 3492/3492/3492
f 3458/3458/3458 3460/3460/3460 3492/3492/3492
f 3493/3493/3493 3488/3488/3488 3489/3489/3489
f 3492/3492/3492 3488/3488/3488 3493/3493/3493
f 3493/3493/3493 3458/3458/3458 3492/3492/3492
f 3427/3427/3427 3493/3493/3493 3489/3489/3489
f 3458/3458/3458 3493/3493/3493 3494/3494/3494
f 3494/3494/3494 3493/3493/3493 3427/3427/3427
f 3494/3494/3494 3426/3426/3426 3458/3458/3458
f 3427/3427/3427 3426/3426/3426 3494/3494/3494
f 3495/3495/3495 3497/3497/3497 3496/3496/3496
f 3495/3495/3495 3498/3498/3498 3497/3497/3497
f 3495/3495/3495 3496/3496/3496 3499/3499/3499
f 3498/3498/3498 3495/3495/3495 3500/3500/3500
f 3499/3499/3499 3496/3496/3496 3501/3501/3501
f 3499/3499/3499 3501/3501/3501 3502/3502/3502
f 3501/3501/3501 3503/3503/3503 3502/3502/3502
f 3503/3503/3503 3501/3501/3501 3504/3504/3504
f 3504/3504/3504 3505/3505/3505 3503/3503/3503
f 3505/3505/3505 3504/3504/3504 3506/3506/3506
f 3500/3500/3500 3507/3507/3507 3498/3498/3498
f 3507/3507/3507 3500/3500/3500 3508/3508/3508
f 3509/3509/3509 3507/3507/3507 3508/3508/3508
f 3509/3509/3509 3510/3510/3510 3507/3507/3507
f 3511/3511/3511 3510/3510/3510 3509/3509/3509
f 3511/3511/3511 3512/3512/3512 3510/3510/3510
f 3506/3506/3506 3513/3513/3513 3505/3505/3505
f 3513/3513/3513 3506/3506/3506 3514/3514/3514
f 3513/3513/3513 3514/3514/3514 3515/3515/3515
f 3513/3513/3513 3515/3515/3515 3516/3516/3516
f 3516/3516/3516 3515/3515/3515 3517/3517/3517
f 3516/3516/3516 3517/3517/3517 3518/3518/3518
f 3519/3519/3519 3512/3512/3512 3511/3511/3511
f 3519/3519/3519 3520/3520/3520 3512/3512/3512
f 3519/3519/3519 3521/3521/3521 3520/3520/3520
f 3521/3521/3521 3519/3519/3519 3522/3522/3522
f 3518/3518/3518 3517/3517/3517 3523/3523/3523
f 3518/3518/3518 3523/3523/3523 3524/3524/3524
f 3523/3523/3523 3525/3525/3525 3524/3524/3524
f 3525/3525/3525 3523/3523/3523 3526/3526/3526
f 3522/3522/3522 3527/3527/3527 3521/3521/3521
f 3527/3527/3527 3522/3522/3522 3528/3528/3528
f 3528/3528/3528 3529/3529/3529 3527/3527/3527
f 3527/3527/3527 3529/3529/3529 3530/3530/3530
f 3529/3529/3529 3531/3531/3531 3530/3530/3530
f 3530/3530/3530 3531/3531/3531 3532/3532/3532
f 3526/3526/3526 3533/3533/3533 3525/3525/3525
f 3531/3531/3531 3533/3533/3533 3532/3532/3532
f 3533/3533/3533 3526/3526/3526 3534/3534/3534
f 3532/3532/3532 3533/3533/3533 3534/3534/3534
f 3535/3535/3535 3537/3537/3537 3536/3536/3536
f 3536/3536/3536 3538/3538/3538 3535/3535/3535
f 3537/3537/3537 3539/3539/3539 3536/3536/3536
f 3538/3538/3538 3536/3536/3536 3540/3540/3540
f 3537/3537/3537 3541/3541/3541 3539/3539/3539
f 3541/3541/3541 3537/3537/3537 3542/3542/3542
f 3542/3542/3542 3543/3543/3543 3541/3541/3541
f 3544/3544/3544 3541/3541/3541 3543/3543/3543
f 3545/3545/3545 3544/3544/3544 3543/3543/3543
f 3544/3544/3544 3545/3545/3545 3546/3546/3546
f 3540/3540/3540 3547/3547/3547 3538/3538/3538
f 3547/3547/3547 3540/3540/3540 3548/3548/3548
f 3549/3549/3549 3547/3547/3547 3548/3548/3548
f 3547/3547/3547 3549/3549/3549 3550/3550/3550
f 3551/3551/3551 3550/3550/3550 3549/3549/3549
f 3550/3550/3550 3551/3551/3551 3552/3552/3552
f 3553/3553/3553 3546/3546/3546 3545/3545/3545
f 3546/3546/3546 3553/3553/3553 3554/3554/3554
f 3553/3553/3553 3555/3555/3555 3554/3554/3554
f 3555/3555/3555 3553/3553/3553 3556/3556/3556
f 3551/3551/3551 3557/3557/3557 3552/3552/3552
f 3558/3558/3558 3552/3552/3552 3557/3557/3557
f 3557/3557/3557 3559/3559/3559 3558/3558/3558
f 3559/3559/3559 3557/3557/3557 3560/3560/3560
f 3556/3556/3556 3561/3561/3561 3555/3555/3555
f 3561/3561/3561 3556/3556/3556 3562/3562/3562
f 3560/3560/3560 3563/3563/3563 3559/3559/3559
f 3563/3563/3563 3560/3560/3560 3564/3564/3564
f 3562/3562/3562 3565/3565/3565 3561/3561/3561
f 3565/3565/3565 3566/3566/3566 3561/3561/3561
f 3565/3565/3565 3567/3567/3567 3566/3566/3566
f 3567/3567/3567 3565/3565/3565 3568/3568/3568
f 3568/3568/3568 3569/3569/3569 3567/3567/3567
f 3569/3569/3569 3568/3568/3568 3570/3570/3570
f 3570/3570/3570 3571/3571/3571 3569/3569/3569
f 3571/3571/3571 3570/3570/3570 3572/3572/3572
f 3573/3573/3573 3563/3563/3563 3564/3564/3564
f 3572/3572/3572 3573/3573/3573 3571/3571/3571
f 3563/3563/3563 3573/3573/3573 3574/3574/3574
f 3573/3573/3573 3572/3572/3572 3574/3574/3574
f 3575/3575/3575 3577/3577/3577 3576/3576/3576
f 3576/3576/3576 3578/3578/3578 3575/3575/3575
f 3578/3578/3578 3576/3576/3576 3579/3579/3579
f 3579/3579/3579 3580/3580/3580 3578/3578/3578
f 3580/3580/3580 3579/3579/3579 3581/3581/3581
f 3581/3581/3581 3582/3582/3582 3580/3580/3580
f 3582/3582/3582 3581/3581/3581 3583/3583/3583
f 3583/3583/3583 3584/3584/3584 3582/3582/3582
f 3584/3584/3584 3583/3583/3583 3585/3585/3585
f 3585/3585/3585 3586/3586/3586 3584/3584/3584
f 3586/3586/3586 3585/3585/3585 3587/3587/3587
f 3587/3587/3587 3588/3588/3588 3586/3586/3586
f 3588/3588/3588 3587/3587/3587 3589/3589/3589
f 3589/3589/3589 3590/3590/3590 3588/3588/3588
f 3590/3590/3590 3589/3589/3589 3591/3591/3591
f 3591/3591/3591 3592/3592/3592 3590/3590/3590
f 3581/3581/3581 3579/3579/3579 3593/3593/3593
f 3594/3594/3594 3581/3581/3581 3593/3593/3593
f 3581/3581/3581 3594/3594/3594 3583/3583/3583
f 3579/3579/3579 3595/3595/3595 3593/3593/3593
f 3596/3596/3596 3583/3583/3583 3594/3594/3594
f 3583/3583/3583 3596/3596/3596 3585/3585/3585
f 3597/3597/3597 3585/3585/3585 3596/3596/3596
f 3585/3585/3585 3597/3597/3597 3587/3587/3587
f 3598/3598/3598 3587/3587/3587 3597/3597/3597
f 3587/3587/3587 3598/3598/3598 3589/3589/3589
f 3598/3598/3598 3599/3599/3599 3589/3589/3589
f 3591/3591/3591 3589/3589/3589 3599/3599/3599
f 3579/3579/3579 3576/3576/3576 3595/3595/3595
f 3591/3591/3591 3599/3599/3599 3600/3600/3600
f 3576/3576/3576 3601/3601/3601 3595/3595/3595
f 3602/3602/3602 3591/3591/3591 3600/3600/3600
f 3592/3592/3592 3591/3591/3591 3602/3602/3602
f 3603/3603/3603 3602/3602/3602 3600/3600/3600
f 3576/3576/3576 3604/3604/3604 3601/3601/3601
f 3605/3605/3605 3601/3601/3601 3604/3604/3604
f 3604/3604/3604 3576/3576/3576 3577/3577/3577
f 3604/3604/3604 3606/3606/3606 3605/3605/3605
f 3607/3607/3607 3592/3592/3592 3602/3602/3602
f 3603/3603/3603 3607/3607/3607 3602/3602/3602
f 3608/3608/3608 3592/3592/3592 3607/3607/3607
f 3577/3577/3577 3609/3609/3609 3604/3604/3604
f 3606/3606/3606 3604/3604/3604 3609/3609/3609
f 3609/3609/3609 3577/3577/3577 3610/3610/3610
f 3609/3609/3609 3611/3611/3611 3606/3606/3606
f 3612/3612/3612 3609/3609/3609 3610/3610/3610
f 3603/3603/3603 3613/3613/3613 3607/3607/3607
f 3613/3613/3613 3608/3608/3608 3607/3607/3607
f 3608/3608/3608 3613/3613/3613 3614/3614/3614
f 3613/3613/3613 3603/3603/3603 3615/3615/3615
f 3613/3613/3613 3616/3616/3616 3614/3614/3614
f 3615/3615/3615 3617/3617/3617 3613/3613/3613
f 3616/3616/3616 3613/3613/3613 3617/3617/3617
f 3617/3617/3617 3615/3615/3615 3618/3618/3618
f 3617/3617/3617 3619/3619/3619 3616/3616/3616
f 3620/3620/3620 3617/3617/3617 3618/3618/3618
f 3611/3611/3611 3609/3609/3609 3621/3621/3621
f 3609/3609/3609 3612/3612/3612 3621/3621/3621
f 3622/3622/3622 3611/3611/3611 3621/3621/3621
f 3612/3612/3612 3622/3622/3622 3621/3621/3621
f 3611/3611/3611 3622/3622/3622 3623/3623/3623
f 3622/3622/3622 3612/3612/3612 3624/3624/3624
f 3623/3623/3623 3622/3622/3622 3625/3625/3625
f 3624/3624/3624 3625/3625/3625 3622/3622/3622
f 3623/3623/3623 3625/3625/3625 3626/3626/3626
f 3625/3625/3625 3624/3624/3624 3627/3627/3627
f 3625/3625/3625 3628/3628/3628 3626/3626/3626
f 3627/3627/3627 3629/3629/3629 3625/3625/3625
f 3628/3628/3628 3625/3625/3625 3629/3629/3629
f 3629/3629/3629 3627/3627/3627 3630/3630/3630
f 3629/3629/3629 3631/3631/3631 3628/3628/3628
f 3630/3630/3630 3632/3632/3632 3629/3629/3629
f 3631/3631/3631 3629/3629/3629 3633/3633/3633
f 3633/3633/3633 3629/3629/3629 3632/3632/3632
f 3633/3633/3633 3620/3620/3620 3631/3631/3631
f 3619/3619/3619 3633/3633/3633 3632/3632/3632
f 3620/3620/3620 3633/3633/3633 3634/3634/3634
f 3633/3633/3633 3619/3619/3619 3634/3634/3634
f 3617/3617/3617 3620/3620/3620 3634/3634/3634
f 3619/3619/3619 3617/3617/3617 3634/3634/3634
f 3635/3635/3635 3637/3637/3637 3636/3636/3636
f 3638/3638/3638 3637/3637/3637 3635/3635/3635
f 3637/3637/3637 3639/3639/3639 3636/3636/3636
f 3640/3640/3640 3637/3637/3637 3638/3638/3638
f 3639/3639/3639 3637/3637/3637 3641/3641/3641
f 3641/3641/3641 3642/3642/3642 3639/3639/3639
f 3637/3637/3637 3640/3640/3640 3643/3643/3643
f 3643/3643/3643 3641/3641/3641 3637/3637/3637
f 3644/3644/3644 3643/3643/3643 3640/3640/3640
f 3642/3642/3642 3641/3641/3641 3645/3645/3645
f 3645/3645/3645 3646/3646/3646 3642/3642/3642
f 3646/3646/3646 3645/3645/3645 3647/3647/3647
f 3647/3647/3647 3648/3648/3648 3646/3646/3646
f 3645/3645/3645 3641/3641/3641 3649/3649/3649
f 3641/3641/3641 3643/3643/3643 3650/3650/3650
f 3650/3650/3650 3649/3649/3649 3641/3641/3641
f 3647/3647/3647 3645/3645/3645 3651/3651/3651
f 3649/3649/3649 3651/3651/3651 3645/3645/3645
f 3643/3643/3643 3644/3644/3644 3652/3652/3652
f 3650/3650/3650 3643/3643/3643 3653/3653/3653
f 3653/3653/3653 3643/3643/3643 3652/3652/3652
f 3649/3649/3649 3650/3650/3650 3654/3654/3654
f 3654/3654/3654 3650/3650/3650 3653/3653/3653
f 3652/3652/3652 3644/3644/3644 3655/3655/3655
f 3655/3655/3655 3644/3644/3644 3656/3656/3656
f 3657/3657/3657 3655/3655/3655 3656/3656/3656
f 3655/3655/3655 3657/3657/3657 3658/3658/3658
f 3653/3653/3653 3652/3652/3652 3659/3659/3659
f 3659/3659/3659 3652/3652/3652 3655/3655/3655
f 3658/3658/3658 3659/3659/3659 3655/3655/3655
f 3659/3659/3659 3654/3654/3654 3653/3653/3653
f 3659/3659/3659 3658/3658/3658 3660/3660/3660
f 3660/3660/3660 3661/3661/3661 3659/3659/3659
f 3654/3654/3654 3659/3659/3659 3661/3661/3661
f 3661/3661/3661 3660/3660/3660 3662/3662/3662
f 3663/3663/3663 3661/3661/3661 3662/3662/3662
f 3664/3664/3664 3649/3649/3649 3654/3654/3654
f 3661/3661/3661 3664/3664/3664 3654/3654/3654
f 3651/3651/3651 3649/3649/3649 3664/3664/3664
f 3661/3661/3661 3663/3663/3663 3665/3665/3665
f 3664/3664/3664 3661/3661/3661 3665/3665/3665
f 3666/3666/3666 3665/3665/3665 3663/3663/3663
f 3667/3667/3667 3651/3651/3651 3664/3664/3664
f 3665/3665/3665 3667/3667/3667 3664/3664/3664
f 3668/3668/3668 3665/3665/3665 3666/3666/3666
f 3667/3667/3667 3665/3665/3665 3668/3668/3668
f 3666/3666/3666 3669/3669/3669 3668/3668/3668
f 3669/3669/3669 3667/3667/3667 3668/3668/3668
f 3669/3669/3669 3666/3666/3666 3670/3670/3670
f 3670/3670/3670 3671/3671/3671 3669/3669/3669
f 3672/3672/3672 3651/3651/3651 3667/3667/3667
f 3672/3672/3672 3647/3647/3647 3651/3651/3651
f 3673/3673/3673 3669/3669/3669 3671/3671/3671
f 3671/3671/3671 3674/3674/3674 3673/3673/3673
f 3675/3675/3675 3667/3667/3667 3669/3669/3669
f 3675/3675/3675 3672/3672/3672 3667/3667/3667
f 3673/3673/3673 3675/3675/3675 3669/3669/3669
f 3676/3676/3676 3673/3673/3673 3674/3674/3674
f 3674/3674/3674 3677/3677/3677 3676/3676/3676
f 3678/3678/3678 3675/3675/3675 3673/3673/3673
f 3676/3676/3676 3678/3678/3678 3673/3673/3673
f 3679/3679/3679 3647/3647/3647 3672/3672/3672
f 3648/3648/3648 3647/3647/3647 3679/3679/3679
f 3679/3679/3679 3680/3680/3680 3648/3648/3648
f 3672/3672/3672 3680/3680/3680 3679/3679/3679
f 3681/3681/3681 3648/3648/3648 3680/3680/3680
f 3680/3680/3680 3682/3682/3682 3681/3681/3681
f 3683/3683/3683 3672/3672/3672 3675/3675/3675
f 3680/3680/3680 3672/3672/3672 3683/3683/3683
f 3678/3678/3678 3683/3683/3683 3675/3675/3675
f 3682/3682/3682 3680/3680/3680 3684/3684/3684
f 3683/3683/3683 3684/3684/3684 3680/3680/3680
f 3684/3684/3684 3685/3685/3685 3682/3682/3682
f 3686/3686/3686 3683/3683/3683 3678/3678/3678
f 3684/3684/3684 3683/3683/3683 3686/3686/3686
f 3685/3685/3685 3684/3684/3684 3687/3687/3687
f 3686/3686/3686 3687/3687/3687 3684/3684/3684
f 3687/3687/3687 3688/3688/3688 3685/3685/3685
f 3689/3689/3689 3686/3686/3686 3678/3678/3678
f 3689/3689/3689 3678/3678/3678 3676/3676/3676
f 3690/3690/3690 3686/3686/3686 3689/3689/3689
f 3687/3687/3687 3686/3686/3686 3690/3690/3690
f 3688/3688/3688 3687/3687/3687 3691/3691/3691
f 3691/3691/3691 3692/3692/3692 3688/3688/3688
f 3692/3692/3692 3691/3691/3691 3693/3693/3693
f 3691/3691/3691 3694/3694/3694 3693/3693/3693
f 3691/3691/3691 3687/3687/3687 3695/3695/3695
f 3694/3694/3694 3691/3691/3691 3695/3695/3695
f 3690/3690/3690 3695/3695/3695 3687/3687/3687
f 3694/3694/3694 3695/3695/3695 3696/3696/3696
f 3697/3697/3697 3690/3690/3690 3689/3689/3689
f 3695/3695/3695 3690/3690/3690 3697/3697/3697
f 3676/3676/3676 3697/3697/3697 3689/3689/3689
f 3696/3696/3696 3695/3695/3695 3697/3697/3697
f 3697/3697/3697 3676/3676/3676 3698/3698/3698
f 3698/3698/3698 3696/3696/3696 3697/3697/3697
f 3676/3676/3676 3677/3677/3677 3698/3698/3698
f 3696/3696/3696 3698/3698/3698 3699/3699/3699
f 3677/3677/3677 3700/3700/3700 3698/3698/3698
f 3698/3698/3698 3700/3700/3700 3699/3699/3699
f 3701/3701/3701 3703/3703/3703 3702/3702/3702
f 3703/3703/3703 3704/3704/3704 3702/3702/3702
f 3705/3705/3705 3703/3703/3703 3701/3701/3701
f 3706/3706/3706 3705/3705/3705 3701/3701/3701
f 3704/3704/3704 3703/3703/3703 3707/3707/3707
f 3707/3707/3707 3708/3708/3708 3704/3704/3704
f 3706/3706/3706 3709/3709/3709 3705/3705/3705
f 3709/3709/3709 3706/3706/3706 3710/3710/3710
f 3711/3711/3711 3707/3707/3707 3703/3703/3703
f 3711/3711/3711 3703/3703/3703 3705/3705/3705
f 3712/3712/3712 3711/3711/3711 3705/3705/3705
f 3705/3705/3705 3713/3713/3713 3712/3712/3712
f 3713/3713/3713 3705/3705/3705 3709/3709/3709
f 3707/3707/3707 3711/3711/3711 3714/3714/3714
f 3715/3715/3715 3707/3707/3707 3714/3714/3714
f 3709/3709/3709 3716/3716/3716 3713/3713/3713
f 3708/3708/3708 3707/3707/3707 3717/3717/3717
f 3715/3715/3715 3717/3717/3717 3707/3707/3707
f 3717/3717/3717 3718/3718/3718 3708/3708/3708
f 3715/3715/3715 3719/3719/3719 3717/3717/3717
f 3710/3710/3710 3720/3720/3720 3709/3709/3709
f 3716/3716/3716 3709/3709/3709 3720/3720/3720
f 3721/3721/3721 3720/3720/3720 3710/3710/3710
f 3718/3718/3718 3717/3717/3717 3722/3722/3722
f 3722/3722/3722 3717/3717/3717 3719/3719/3719
f 3722/3722/3722 3723/3723/3723 3718/3718/3718
f 3724/3724/3724 3716/3716/3716 3720/3720/3720
f 3720/3720/3720 3721/3721/3721 3724/3724/3724
f 3724/3724/3724 3725/3725/3725 3716/3716/3716
f 3726/3726/3726 3724/3724/3724 3721/3721/3721
f 3719/3719/3719 3727/3727/3727 3722/3722/3722
f 3723/3723/3723 3722/3722/3722 3727/3727/3727
f 3727/3727/3727 3719/3719/3719 3728/3728/3728
f 3727/3727/3727 3729/3729/3729 3723/3723/3723
f 3725/3725/3725 3724/3724/3724 3730/3730/3730
f 3730/3730/3730 3724/3724/3724 3726/3726/3726
f 3730/3730/3730 3731/3731/3731 3725/3725/3725
f 3732/3732/3732 3730/3730/3730 3726/3726/3726
f 3728/3728/3728 3733/3733/3733 3727/3727/3727
f 3729/3729/3729 3727/3727/3727 3733/3733/3733
f 3733/3733/3733 3732/3732/3732 3729/3729/3729
f 3733/3733/3733 3728/3728/3728 3734/3734/3734
f 3735/3735/3735 3731/3731/3731 3730/3730/3730
f 3732/3732/3732 3735/3735/3735 3730/3730/3730
f 3732/3732/3732 3733/3733/3733 3735/3735/3735
f 3734/3734/3734 3735/3735/3735 3733/3733/3733
f 3731/3731/3731 3735/3735/3735 3736/3736/3736
f 3735/3735/3735 3734/3734/3734 3736/3736/3736
f 3737/3737/3737 3739/3739/3739 3738/3738/3738
f 3738/3738/3738 3740/3740/3740 3737/3737/3737
f 3739/3739/3739 3737/3737/3737 3741/3741/3741
f 3741/3741/3741 3742/3742/3742 3739/3739/3739
f 3743/3743/3743 3737/3737/3737 3740/3740/3740
f 3743/3743/3743 3740/3740/3740 3744/3744/3744
f 3745/3745/3745 3743/3743/3743 3744/3744/3744
f 3745/3745/3745 3744/3744/3744 3746/3746/3746
f 3747/3747/3747 3745/3745/3745 3746/3746/3746
f 3748/3748/3748 3747/3747/3747 3746/3746/3746
f 3747/3747/3747 3748/3748/3748 3749/3749/3749
f 3750/3750/3750 3749/3749/3749 3748/3748/3748
f 3749/3749/3749 3750/3750/3750 3751/3751/3751
f 3752/3752/3752 3751/3751/3751 3750/3750/3750
f 3751/3751/3751 3752/3752/3752 3753/3753/3753
f 3754/3754/3754 3753/3753/3753 3752/3752/3752
f 3753/3753/3753 3754/3754/3754 3755/3755/3755
f 3754/3754/3754 3756/3756/3756 3755/3755/3755
f 3757/3757/3757 3755/3755/3755 3756/3756/3756
f 3757/3757/3757 3756/3756/3756 3758/3758/3758
f 3759/3759/3759 3757/3757/3757 3758/3758/3758
f 3760/3760/3760 3759/3759/3759 3758/3758/3758
f 3761/3761/3761 3745/3745/3745 3747/3747/3747
f 3745/3745/3745 3761/3761/3761 3762/3762/3762
f 3747/3747/3747 3763/3763/3763 3761/3761/3761
f 3763/3763/3763 3747/3747/3747 3749/3749/3749
f 3749/3749/3749 3764/3764/3764 3763/3763/3763
f 3764/3764/3764 3749/3749/3749 3751/3751/3751
f 3751/3751/3751 3765/3765/3765 3764/3764/3764
f 3765/3765/3765 3751/3751/3751 3753/3753/3753
f 3753/3753/3753 3766/3766/3766 3765/3765/3765
f 3766/3766/3766 3753/3753/3753 3755/3755/3755
f 3755/3755/3755 3767/3767/3767 3766/3766/3766
f 3767/3767/3767 3755/3755/3755 3757/3757/3757
f 3757/3757/3757 3768/3768/3768 3767/3767/3767
f 3768/3768/3768 3757/3757/3757 3759/3759/3759
f 3762/3762/3762 3743/3743/3743 3745/3745/3745
f 3743/3743/3743 3762/3762/3762 3769/3769/3769
f 3769/3769/3769 3770/3770/3770 3743/3743/3743
f 3737/3737/3737 3743/3743/3743 3770/3770/3770
f 3771/3771/3771 3737/3737/3737 3770/3770/3770
f 3737/3737/3737 3771/3771/3771 3741/3741/3741
f 3759/3759/3759 3772/3772/3772 3768/3768/3768
f 3773/3773/3773 3741/3741/3741 3771/3771/3771
f 3772/3772/3772 3759/3759/3759 3774/3774/3774
f 3760/3760/3760 3774/3774/3774 3759/3759/3759
f 3775/3775/3775 3772/3772/3772 3774/3774/3774
f 3760/3760/3760 3775/3775/3775 3774/3774/3774
f 3775/3775/3775 3760/3760/3760 3776/3776/3776
f 3772/3772/3772 3775/3775/3775 3777/3777/3777
f 3778/3778/3778 3775/3775/3775 3776/3776/3776
f 3779/3779/3779 3777/3777/3777 3775/3775/3775
f 3775/3775/3775 3778/3778/3778 3779/3779/3779
f 3777/3777/3777 3779/3779/3779 3780/3780/3780
f 3781/3781/3781 3779/3779/3779 3778/3778/3778
f 3779/3779/3779 3782/3782/3782 3780/3780/3780
f 3779/3779/3779 3781/3781/3781 3783/3783/3783
f 3782/3782/3782 3779/3779/3779 3783/3783/3783
f 3784/3784/3784 3783/3783/3783 3781/3781/3781
f 3785/3785/3785 3782/3782/3782 3783/3783/3783
f 3783/3783/3783 3784/3784/3784 3785/3785/3785
f 3782/3782/3782 3785/3785/3785 3786/3786/3786
f 3784/3784/3784 3787/3787/3787 3785/3785/3785
f 3785/3785/3785 3787/3787/3787 3786/3786/3786
f 3788/3788/3788 3786/3786/3786 3787/3787/3787
f 3787/3787/3787 3784/3784/3784 3789/3789/3789
f 3787/3787/3787 3790/3790/3790 3788/3788/3788
f 3789/3789/3789 3791/3791/3791 3787/3787/3787
f 3790/3790/3790 3787/3787/3787 3791/3791/3791
f 3791/3791/3791 3789/3789/3789 3792/3792/3792
f 3791/3791/3791 3793/3793/3793 3790/3790/3790
f 3794/3794/3794 3791/3791/3791 3792/3792/3792
f 3793/3793/3793 3791/3791/3791 3795/3795/3795
f 3794/3794/3794 3795/3795/3795 3791/3791/3791
f 3795/3795/3795 3773/3773/3773 3793/3793/3793
f 3742/3742/3742 3795/3795/3795 3794/3794/3794
f 3773/3773/3773 3795/3795/3795 3796/3796/3796
f 3795/3795/3795 3742/3742/3742 3796/3796/3796
f 3741/3741/3741 3773/3773/3773 3796/3796/3796
f 3742/3742/3742 3741/3741/3741 3796/3796/3796
f 3797/3797/3797 3799/3799/3799 3798/3798/3798
f 3799/3799/3799 3800/3800/3800 3798/3798/3798
f 3799/3799/3799 3797/3797/3797 3801/3801/3801
f 3800/3800/3800 3799/3799/3799 3802/3802/3802
f 3803/3803/3803 3801/3801/3801 3797/3797/3797
f 3804/3804/3804 3800/3800/3800 3802/3802/3802
f 3801/3801/3801 3803/3803/3803 3805/3805/3805
f 3802/3802/3802 3806/3806/3806 3804/3804/3804
f 3807/3807/3807 3805/3805/3805 3803/3803/3803
f 3805/3805/3805 3807/3807/3807 3808/3808/3808
f 3807/3807/3807 3809/3809/3809 3808/3808/3808
f 3809/3809/3809 3807/3807/3807 3810/3810/3810
f 3810/3810/3810 3811/3811/3811 3809/3809/3809
f 3810/3810/3810 3812/3812/3812 3811/3811/3811
f 3813/3813/3813 3804/3804/3804 3806/3806/3806
f 3813/3813/3813 3806/3806/3806 3814/3814/3814
f 3815/3815/3815 3813/3813/3813 3814/3814/3814
f 3813/3813/3813 3815/3815/3815 3816/3816/3816
f 3817/3817/3817 3816/3816/3816 3815/3815/3815
f 3816/3816/3816 3817/3817/3817 3818/3818/3818
f 3812/3812/3812 3819/3819/3819 3811/3811/3811
f 3819/3819/3819 3818/3818/3818 3817/3817/3817
f 3812/3812/3812 3820/3820/3820 3819/3819/3819
f 3818/3818/3818 3819/3819/3819 3820/3820/3820
f 3821/3821/3821 3823/3823/3823 3822/3822/3822
f 3821/3821/3821 3822/3822/3822 3824/3824/3824
f 3825/3825/3825 3821/3821/3821 3824/3824/3824
f 3824/3824/3824 3826/3826/3826 3825/3825/3825
f 3823/3823/3823 3821/3821/3821 3827/3827/3827
f 3828/3828/3828 3823/3823/3823 3827/3827/3827
f 3827/3827/3827 3829/3829/3829 3828/3828/3828
f 3823/3823/3823 3828/3828/3828 3830/3830/3830
f 3828/3828/3828 3831/3831/3831 3830/3830/3830
f 3831/3831/3831 3828/3828/3828 3832/3832/3832
f 3829/3829/3829 3832/3832/3832 3828/3828/3828
f 3832/3832/3832 3833/3833/3833 3831/3831/3831
f 3821/3821/3821 3834/3834/3834 3827/3827/3827
f 3829/3829/3829 3827/3827/3827 3834/3834/3834
f 3833/3833/3833 3832/3832/3832 3835/3835/3835
f 3835/3835/3835 3836/3836/3836 3833/3833/3833
f 3837/3837/3837 3821/3821/3821 3825/3825/3825
f 3834/3834/3834 3821/3821/3821 3837/3837/3837
f 3832/3832/3832 3829/3829/3829 3838/3838/3838
f 3838/3838/3838 3835/3835/3835 3832/3832/3832
f 3839/3839/3839 3825/3825/3825 3826/3826/3826
f 3840/3840/3840 3837/3837/3837 3825/3825/3825
f 3825/3825/3825 3839/3839/3839 3840/3840/3840
f 3826/3826/3826 3841/3841/3841 3839/3839/3839
f 3841/3841/3841 3826/3826/3826 3842/3842/3842
f 3843/3843/3843 3840/3840/3840 3839/3839/3839
f 3839/3839/3839 3841/3841/3841 3843/3843/3843
f 3842/3842/3842 3844/3844/3844 3841/3841/3841
f 3844/3844/3844 3842/3842/3842 3845/3845/3845
f 3843/3843/3843 3841/3841/3841 3846/3846/3846
f 3841/3841/3841 3844/3844/3844 3846/3846/3846
f 3847/3847/3847 3840/3840/3840 3843/3843/3843
f 3843/3843/3843 3846/3846/3846 3847/3847/3847
f 3848/3848/3848 3837/3837/3837 3840/3840/3840
f 3840/3840/3840 3847/3847/3847 3848/3848/3848
f 3845/3845/3845 3849/3849/3849 3844/3844/3844
f 3849/3849/3849 3845/3845/3845 3850/3850/3850
f 3846/3846/3846 3844/3844/3844 3851/3851/3851
f 3849/3849/3849 3851/3851/3851 3844/3844/3844
f 3850/3850/3850 3852/3852/3852 3849/3849/3849
f 3852/3852/3852 3850/3850/3850 3853/3853/3853
f 3854/3854/3854 3852/3852/3852 3853/3853/3853
f 3837/3837/3837 3848/3848/3848 3855/3855/3855
f 3855/3855/3855 3834/3834/3834 3837/3837/3837
f 3851/3851/3851 3849/3849/3849 3856/3856/3856
f 3852/3852/3852 3856/3856/3856 3849/3849/3849
f 3834/3834/3834 3855/3855/3855 3857/3857/3857
f 3857/3857/3857 3829/3829/3829 3834/3834/3834
f 3858/3858/3858 3846/3846/3846 3851/3851/3851
f 3859/3859/3859 3851/3851/3851 3856/3856/3856
f 3851/3851/3851 3859/3859/3859 3858/3858/3858
f 3846/3846/3846 3858/3858/3858 3860/3860/3860
f 3847/3847/3847 3846/3846/3846 3860/3860/3860
f 3861/3861/3861 3848/3848/3848 3847/3847/3847
f 3860/3860/3860 3861/3861/3861 3847/3847/3847
f 3848/3848/3848 3861/3861/3861 3862/3862/3862
f 3862/3862/3862 3855/3855/3855 3848/3848/3848
f 3860/3860/3860 3863/3863/3863 3861/3861/3861
f 3858/3858/3858 3863/3863/3863 3860/3860/3860
f 3855/3855/3855 3862/3862/3862 3864/3864/3864
f 3858/3858/3858 3865/3865/3865 3863/3863/3863
f 3859/3859/3859 3865/3865/3865 3858/3858/3858
f 3855/3855/3855 3864/3864/3864 3866/3866/3866
f 3859/3859/3859 3867/3867/3867 3865/3865/3865
f 3855/3855/3855 3866/3866/3866 3857/3857/3857
f 3859/3859/3859 3868/3868/3868 3867/3867/3867
f 3857/3857/3857 3866/3866/3866 3869/3869/3869
f 3868/3868/3868 3859/3859/3859 3870/3870/3870
f 3856/3856/3856 3870/3870/3870 3859/3859/3859
f 3870/3870/3870 3871/3871/3871 3868/3868/3868
f 3857/3857/3857 3869/3869/3869 3872/3872/3872
f 3829/3829/3829 3857/3857/3857 3872/3872/3872
f 3869/3869/3869 3873/3873/3873 3872/3872/3872
f 3873/3873/3873 3829/3829/3829 3872/3872/3872
f 3873/3873/3873 3869/3869/3869 3874/3874/3874
f 3829/3829/3829 3873/3873/3873 3838/3838/3838
f 3874/3874/3874 3875/3875/3875 3873/3873/3873
f 3875/3875/3875 3838/3838/3838 3873/3873/3873
f 3875/3875/3875 3874/3874/3874 3876/3876/3876
f 3870/3870/3870 3856/3856/3856 3877/3877/3877
f 3856/3856/3856 3852/3852/3852 3877/3877/3877
f 3871/3871/3871 3870/3870/3870 3878/3878/3878
f 3877/3877/3877 3878/3878/3878 3870/3870/3870
f 3879/3879/3879 3838/3838/3838 3875/3875/3875
f 3835/3835/3835 3838/3838/3838 3879/3879/3879
f 3876/3876/3876 3880/3880/3880 3875/3875/3875
f 3880/3880/3880 3879/3879/3879 3875/3875/3875
f 3880/3880/3880 3876/3876/3876 3881/3881/3881
f 3880/3880/3880 3881/3881/3881 3882/3882/3882
f 3883/3883/3883 3877/3877/3877 3852/3852/3852
f 3883/3883/3883 3852/3852/3852 3854/3854/3854
f 3854/3854/3854 3884/3884/3884 3883/3883/3883
f 3884/3884/3884 3854/3854/3854 3885/3885/3885
f 3885/3885/3885 3886/3886/3886 3884/3884/3884
f 3883/3883/3883 3887/3887/3887 3877/3877/3877
f 3887/3887/3887 3883/3883/3883 3884/3884/3884
f 3878/3878/3878 3877/3877/3877 3887/3887/3887
f 3880/3880/3880 3882/3882/3882 3888/3888/3888
f 3888/3888/3888 3882/3882/3882 3889/3889/3889
f 3890/3890/3890 3879/3879/3879 3880/3880/3880
f 3880/3880/3880 3888/3888/3888 3890/3890/3890
f 3887/3887/3887 3891/3891/3891 3878/3878/3878
f 3878/3878/3878 3891/3891/3891 3871/3871/3871
f 3871/3871/3871 3891/3891/3891 3892/3892/3892
f 3888/3888/3888 3889/3889/3889 3893/3893/3893
f 3893/3893/3893 3889/3889/3889 3894/3894/3894
f 3895/3895/3895 3887/3887/3887 3884/3884/3884
f 3891/3891/3891 3887/3887/3887 3895/3895/3895
f 3891/3891/3891 3896/3896/3896 3892/3892/3892
f 3892/3892/3892 3896/3896/3896 3897/3897/3897
f 3895/3895/3895 3898/3898/3898 3891/3891/3891
f 3884/3884/3884 3898/3898/3898 3895/3895/3895
f 3891/3891/3891 3898/3898/3898 3896/3896/3896
f 3896/3896/3896 3899/3899/3899 3897/3897/3897
f 3898/3898/3898 3899/3899/3899 3896/3896/3896
f 3897/3897/3897 3899/3899/3899 3900/3900/3900
f 3899/3899/3899 3901/3901/3901 3900/3900/3900
f 3902/3902/3902 3894/3894/3894 3901/3901/3901
f 3901/3901/3901 3899/3899/3899 3902/3902/3902
f 3898/3898/3898 3884/3884/3884 3903/3903/3903
f 3884/3884/3884 3886/3886/3886 3903/3903/3903
f 3886/3886/3886 3904/3904/3904 3903/3903/3903
f 3899/3899/3899 3898/3898/3898 3905/3905/3905
f 3903/3903/3903 3905/3905/3905 3898/3898/3898
f 3905/3905/3905 3902/3902/3902 3899/3899/3899
f 3903/3903/3903 3904/3904/3904 3906/3906/3906
f 3905/3905/3905 3903/3903/3903 3906/3906/3906
f 3904/3904/3904 3907/3907/3907 3906/3906/3906
f 3906/3906/3906 3907/3907/3907 3908/3908/3908
f 3906/3906/3906 3908/3908/3908 3905/3905/3905
f 3909/3909/3909 3908/3908/3908 3907/3907/3907
f 3894/3894/3894 3902/3902/3902 3910/3910/3910
f 3893/3893/3893 3894/3894/3894 3910/3910/3910
f 3902/3902/3902 3905/3905/3905 3911/3911/3911
f 3905/3905/3905 3908/3908/3908 3911/3911/3911
f 3911/3911/3911 3910/3910/3910 3902/3902/3902
f 3908/3908/3908 3909/3909/3909 3912/3912/3912
f 3912/3912/3912 3911/3911/3911 3908/3908/3908
f 3910/3910/3910 3911/3911/3911 3913/3913/3913
f 3911/3911/3911 3912/3912/3912 3913/3913/3913
f 3914/3914/3914 3910/3910/3910 3913/3913/3913
f 3910/3910/3910 3914/3914/3914 3893/3893/3893
f 3912/3912/3912 3914/3914/3914 3913/3913/3913
f 3909/3909/3909 3915/3915/3915 3912/3912/3912
f 3914/3914/3914 3912/3912/3912 3915/3915/3915
f 3915/3915/3915 3909/3909/3909 3916/3916/3916
f 3917/3917/3917 3915/3915/3915 3916/3916/3916
f 3918/3918/3918 3893/3893/3893 3914/3914/3914
f 3915/3915/3915 3918/3918/3918 3914/3914/3914
f 3888/3888/3888 3893/3893/3893 3918/3918/3918
f 3888/3888/3888 3918/3918/3918 3890/3890/3890
f 3919/3919/3919 3915/3915/3915 3917/3917/3917
f 3918/3918/3918 3915/3915/3915 3919/3919/3919
f 3919/3919/3919 3890/3890/3890 3918/3918/3918
f 3917/3917/3917 3836/3836/3836 3919/3919/3919
f 3890/3890/3890 3919/3919/3919 3920/3920/3920
f 3920/3920/3920 3919/3919/3919 3836/3836/3836
f 3920/3920/3920 3879/3879/3879 3890/3890/3890
f 3836/3836/3836 3835/3835/3835 3920/3920/3920
f 3879/3879/3879 3920/3920/3920 3835/3835/3835
f 3921/3921/3921 3923/3923/3923 3922/3922/3922
f 3922/3922/3922 3924/3924/3924 3921/3921/3921
f 3923/3923/3923 3925/3925/3925 3922/3922/3922
f 3924/3924/3924 3922/3922/3922 3926/3926/3926
f 3923/3923/3923 3927/3927/3927 3925/3925/3925
f 3927/3927/3927 3923/3923/3923 3928/3928/3928
f 3928/3928/3928 3929/3929/3929 3927/3927/3927
f 3930/3930/3930 3927/3927/3927 3929/3929/3929
f 3931/3931/3931 3930/3930/3930 3929/3929/3929
f 3930/3930/3930 3931/3931/3931 3932/3932/3932
f 3926/3926/3926 3933/3933/3933 3924/3924/3924
f 3933/3933/3933 3926/3926/3926 3934/3934/3934
f 3935/3935/3935 3933/3933/3933 3934/3934/3934
f 3933/3933/3933 3935/3935/3935 3936/3936/3936
f 3937/3937/3937 3936/3936/3936 3935/3935/3935
f 3936/3936/3936 3937/3937/3937 3938/3938/3938
f 3939/3939/3939 3932/3932/3932 3931/3931/3931
f 3932/3932/3932 3939/3939/3939 3940/3940/3940
f 3939/3939/3939 3941/3941/3941 3940/3940/3940
f 3941/3941/3941 3939/3939/3939 3942/3942/3942
f 3937/3937/3937 3943/3943/3943 3938/3938/3938
f 3944/3944/3944 3938/3938/3938 3943/3943/3943
f 3943/3943/3943 3945/3945/3945 3944/3944/3944
f 3945/3945/3945 3943/3943/3943 3946/3946/3946
f 3942/3942/3942 3947/3947/3947 3941/3941/3941
f 3947/3947/3947 3942/3942/3942 3948/3948/3948
f 3946/3946/3946 3949/3949/3949 3945/3945/3945
f 3949/3949/3949 3946/3946/3946 3950/3950/3950
f 3948/3948/3948 3951/3951/3951 3947/3947/3947
f 3951/3951/3951 3952/3952/3952 3947/3947/3947
f 3951/3951/3951 3953/3953/3953 3952/3952/3952
f 3953/3953/3953 3951/3951/3951 3954/3954/3954
f 3954/3954/3954 3955/3955/3955 3953/3953/3953
f 3955/3955/3955 3954/3954/3954 3956/3956/3956
f 3956/3956/3956 3957/3957/3957 3955/3955/3955
f 3957/3957/3957 3956/3956/3956 3958/3958/3958
f 3959/3959/3959 3949/3949/3949 3950/3950/3950
f 3958/3958/3958 3959/3959/3959 3957/3957/3957
f 3949/3949/3949 3959/3959/3959 3960/3960/3960
f 3959/3959/3959 3958/3958/3958 3960/3960/3960
f 3961/3961/3961 3963/3963/3963 3962/3962/3962
f 3963/3963/3963 3964/3964/3964 3962/3962/3962
f 3963/3963/3963 3961/3961/3961 3965/3965/3965
f 3964/3964/3964 3963/3963/3963 3966/3966/3966
f 3967/3967/3967 3965/3965/3965 3961/3961/3961
f 3968/3968/3968 3964/3964/3964 3966/3966/3966
f 3965/3965/3965 3967/3967/3967 3969/3969/3969
f 3966/3966/3966 3970/3970/3970 3968/3968/3968
f 3971/3971/3971 3969/3969/3969 3967/3967/3967
f 3969/3969/3969 3971/3971/3971 3972/3972/3972
f 3971/3971/3971 3973/3973/3973 3972/3972/3972
f 3973/3973/3973 3971/3971/3971 3974/3974/3974
f 3974/3974/3974 3975/3975/3975 3973/3973/3973
f 3974/3974/3974 3976/3976/3976 3975/3975/3975
f 3977/3977/3977 3968/3968/3968 3970/3970/3970
f 3977/3977/3977 3970/3970/3970 3978/3978/3978
f 3979/3979/3979 3977/3977/3977 3978/3978/3978
f 3977/3977/3977 3979/3979/3979 3980/3980/3980
f 3981/3981/3981 3980/3980/3980 3979/3979/3979
f 3980/3980/3980 3981/3981/3981 3982/3982/3982
f 3976/3976/3976 3983/3983/3983 3975/3975/3975
f 3983/3983/3983 3982/3982/3982 3981/3981/3981
f 3976/3976/3976 3984/3984/3984 3983/3983/3983
f 3982/3982/3982 3983/3983/3983 3984/3984/3984
f 3985/3985/3985 3987/3987/3987 3986/3986/3986
f 3987/3987/3987 3988/3988/3988 3986/3986/3986
f 3989/3989/3989 3987/3987/3987 3985/3985/3985
f 3989/3989/3989 3985/3985/3985 3990/3990/3990
f 3988/3988/3988 3987/3987/3987 3991/3991/3991
f 3989/3989/3989 3991/3991/3991 3987/3987/3987
f 3991/3991/3991 3992/3992/3992 3988/3988/3988
f 3992/3992/3992 3991/3991/3991 3993/3993/3993
f 3993/3993/3993 3994/3994/3994 3992/3992/3992
f 3995/3995/3995 3993/3993/3993 3991/3991/3991
f 3995/3995/3995 3991/3991/3991 3989/3989/3989
f 3994/3994/3994 3993/3993/3993 3996/3996/3996
f 3993/3993/3993 3995/3995/3995 3996/3996/3996
f 3995/3995/3995 3989/3989/3989 3997/3997/3997
f 3998/3998/3998 3995/3995/3995 3997/3997/3997
f 3996/3996/3996 3999/3999/3999 3994/3994/3994
f 4000/4000/4000 3989/3989/3989 3990/3990/3990
f 3997/3997/3997 3989/3989/3989 4000/4000/4000
f 3997/3997/3997 4000/4000/4000 3998/3998/3998
f 3990/3990/3990 3998/3998/3998 4000/4000/4000
f 3995/3995/3995 3998/3998/3998 4001/4001/4001
f 4001/4001/4001 4002/4002/4002 3995/3995/3995
f 4002/4002/4002 4001/4001/4001 4003/4003/4003
f 4004/4004/4004 4002/4002/4002 4003/4003/4003
f 4005/4005/4005 4002/4002/4002 4004/4004/4004
f 4005/4005/4005 3995/3995/3995 4002/4002/4002
f 4004/4004/4004 4006/4006/4006 4005/4005/4005
f 4007/4007/4007 4005/4005/4005 4006/4006/4006
f 3995/3995/3995 4005/4005/4005 4007/4007/4007
f 4006/4006/4006 4008/4008/4008 4007/4007/4007
f 4007/4007/4007 4008/4008/4008 4009/4009/4009
f 4009/4009/4009 3995/3995/3995 4007/4007/4007
f 4008/4008/4008 4010/4010/4010 4009/4009/4009
f 3995/3995/3995 4009/4009/4009 4011/4011/4011
f 4009/4009/4009 4010/4010/4010 4011/4011/4011
f 3996/3996/3996 3995/3995/3995 4011/4011/4011
f 3999/3999/3999 4011/4011/4011 4010/4010/4010
f 3996/3996/3996 4011/4011/4011 4012/4012/4012
f 4011/4011/4011 3999/3999/3999 4012/4012/4012
f 3999/3999/3999 3996/3996/3996 4012/4012/4012
